{"type":"Topology","objects":{"foo":{"type":"GeometryCollection","geometries":[{"type":"MultiPolygon","arcs":[[[0,1,2]],[[3,4]],[[5]],[[6,7]],[[8,9,10,11]]],"properties":{"name":"Esteban Echeverria","gaul_code":4418,"targetarea":168.7525404,"totpop":606634.612863,"country_id":"ARG","targetpop":508716.384888,"new_mean":0,"totalarea":388.7832308}},{"type":"MultiPolygon","arcs":[[[12]],[[13]],[[14]]],"properties":{"name":"General Manuel Belgrano","gaul_code":4726,"targetarea":19.9595503,"totpop":83011.963944,"country_id":"ARG","targetpop":39431.1384888,"new_mean":0.0296818,"totalarea":3466.3271236}},{"type":"Polygon","arcs":[[15]],"properties":{"name":"Ayacucho","gaul_code":4387,"targetarea":4.318493,"totpop":20951.9606708,"country_id":"ARG","targetpop":6155.2391357,"new_mean":0,"totalarea":6751.2940173}},{"type":"Polygon","arcs":[[16]],"properties":{"name":"Yavi","gaul_code":4660,"targetarea":4.7510524,"totpop":20933.1893051,"country_id":"ARG","targetpop":10548.2841797,"new_mean":0.0000075215864,"totalarea":3076.1933481}},{"type":"MultiPolygon","arcs":[[[17]],[[18]]],"properties":{"name":"Las Colonias","gaul_code":4835,"targetarea":11.7324576,"totpop":114047.463762,"country_id":"ARG","targetpop":18677.9210205,"new_mean":0.0002644,"totalarea":6315.9280652}},{"type":"MultiPolygon","arcs":[[[19]],[[20]]],"properties":{"name":"Union","gaul_code":4593,"targetarea":12.8456604,"totpop":109935.07574,"country_id":"ARG","targetpop":19690.8737183,"new_mean":0.0023685,"totalarea":10693.5575251}},{"type":"MultiPolygon","arcs":[[[21]],[[22]]],"properties":{"name":"San Javier","gaul_code":4838,"targetarea":5.0884653,"totpop":32327.4227423,"country_id":"ARG","targetpop":8099.9321899,"new_mean":0.0015765,"totalarea":6813.9790336}},{"type":"Polygon","arcs":[[23]],"properties":{"name":"Concepcion","gaul_code":4597,"targetarea":3.8403279,"totpop":24541.1317054,"country_id":"ARG","targetpop":5509.8175049,"new_mean":0.0351475,"totalarea":5135.9810187}},{"type":"Polygon","arcs":[[24]],"properties":{"name":"Leales","gaul_code":4882,"targetarea":4.7187358,"totpop":57953.3624772,"country_id":"ARG","targetpop":7124.9281616,"new_mean":0.01458,"totalarea":1910.9555909}},{"type":"Polygon","arcs":[[25]],"properties":{"name":"Huiliches","gaul_code":4742,"targetarea":3.6632172,"totpop":17391.0617375,"country_id":"ARG","targetpop":7126.1847534,"new_mean":0.000012,"totalarea":3896.4864437}},{"type":"MultiPolygon","arcs":[[[26]],[[27]],[[28]],[[29]],[[30]],[[31]],[[32]],[[33]],[[34]],[[35]],[[36,37,38,39]]],"properties":{"name":"Rosario","gaul_code":4836,"targetarea":329.317228,"totpop":1266410.76391,"country_id":"ARG","targetpop":1044837.35661,"new_mean":0,"totalarea":1978.2817524}},{"type":"MultiPolygon","arcs":[[[40]],[[41]],[[42]],[[43,44,45,46,47]]],"properties":{"name":"Lujan","gaul_code":4709,"targetarea":34.0753022,"totpop":149030.671182,"country_id":"ARG","targetpop":46798.7845459,"new_mean":0.0000117,"totalarea":4850.9875399}},{"type":"MultiPolygon","arcs":[[[48]],[[49]],[[50]]],"properties":{"name":"Cainguas","gaul_code":4721,"targetarea":8.0767581,"totpop":61330.9562738,"country_id":"ARG","targetpop":14200.7813721,"new_mean":0.0323949,"totalarea":1552.6196975}},{"type":"MultiPolygon","arcs":[[[51]],[[52]],[[53]],[[54]],[[55,56]],[[57]],[[58]]],"properties":{"name":"General Roca","gaul_code":4759,"targetarea":92.3125718,"totpop":370265.760302,"country_id":"ARG","targetpop":185637.750641,"new_mean":0,"totalarea":14544.0096439}},{"type":"MultiPolygon","arcs":[[[59]],[[60]],[[61]],[[62]],[[63]],[[64]]],"properties":{"name":"Rio Cuarto","gaul_code":4581,"targetarea":61.6569913,"totpop":265034.353675,"country_id":"ARG","targetpop":110576.273071,"new_mean":0.0010775,"totalarea":18426.8204157}},{"type":"Polygon","arcs":[[65,66]],"properties":{"name":"Patagones","gaul_code":4468,"targetarea":6.0539966,"totpop":33799.8635093,"country_id":"ARG","targetpop":10956.4954224,"new_mean":0,"totalarea":13635.0558949}},{"type":"Polygon","arcs":[[67]],"properties":{"name":"Quitilipi","gaul_code":4545,"targetarea":8.4946646,"totpop":35593.9997138,"country_id":"ARG","targetpop":19114.5913086,"new_mean":0.0245549,"totalarea":1550.7174091}},{"type":"Polygon","arcs":[[68,69,70,71,72,73,74,75,76,77,78]],"properties":{"name":"General Sarmiento","gaul_code":4435,"targetarea":193.1410825,"totpop":981079.436462,"country_id":"ARG","targetpop":975440.038513,"new_mean":0,"totalarea":204.360304}},{"type":"Polygon","arcs":[[79,80,81]],"properties":{"name":"Capital","gaul_code":4850,"targetarea":57.2845222,"totpop":230464.28174,"country_id":"ARG","targetpop":180206.37915,"new_mean":0.0083282,"totalarea":2136.3309217}},{"type":"Polygon","arcs":[[82]],"properties":{"name":"Hipolito Yrigoyen","gaul_code":4439,"targetarea":1.8591037,"totpop":10501.6204963,"country_id":"ARG","targetpop":2842.0297852,"new_mean":0,"totalarea":1623.5598081}},{"type":"MultiPolygon","arcs":[[[83,84]],[[85,86,87,88,89]]],"properties":{"name":"Berazategui","gaul_code":4394,"targetarea":96.637994,"totpop":399627.96373,"country_id":"ARG","targetpop":361395.234833,"new_mean":1.4905693e-7,"totalarea":215.5508405}},{"type":"MultiPolygon","arcs":[[[90]],[[91]],[[92]]],"properties":{"name":"Constitucion","gaul_code":4829,"targetarea":13.5067226,"totpop":87635.5742173,"country_id":"ARG","targetpop":21521.7172852,"new_mean":0.0007776,"totalarea":3173.5867113}},{"type":"Polygon","arcs":[[93]],"properties":{"name":"Candelaria","gaul_code":4722,"targetarea":3.979916,"totpop":32832.7327973,"country_id":"ARG","targetpop":5801.9180908,"new_mean":0.024369,"totalarea":904.5734674}},{"type":"Polygon","arcs":[[94]],"properties":{"name":"Juan F. Ibarra","gaul_code":4857,"targetarea":1.7948844,"totpop":19727.5948292,"country_id":"ARG","targetpop":3479.2839966,"new_mean":0.0181222,"totalarea":9278.9641338}},{"type":"MultiPolygon","arcs":[[[95]],[[96,97]]],"properties":{"name":"Capital","gaul_code":4516,"targetarea":53.9962932,"totpop":184089.828807,"country_id":"ARG","targetpop":152822.697693,"new_mean":0.0034052,"totalarea":439.6501676}},{"type":"Polygon","arcs":[[98]],"properties":{"name":"Goya","gaul_code":4603,"targetarea":21.6232235,"totpop":92413.288249,"country_id":"ARG","targetpop":59538.8197937,"new_mean":0.0061831,"totalarea":4841.8299247}},{"type":"Polygon","arcs":[[99]],"properties":{"name":"Pinamar","gaul_code":4475,"targetarea":13.3677214,"totpop":31189.750421,"country_id":"ARG","targetpop":16227.946106,"new_mean":0,"totalarea":87.261189}},{"type":"Polygon","arcs":[[100]],"properties":{"name":"San Alberto","gaul_code":4585,"targetarea":7.5700412,"totpop":43574.0206421,"country_id":"ARG","targetpop":9409.3795776,"new_mean":0.000622,"totalarea":3280.9596761}},{"type":"MultiPolygon","arcs":[[[101]],[[102]],[[103]],[[104]]],"properties":{"name":"La Costa","gaul_code":4442,"targetarea":30.6557502,"totpop":78810.6601008,"country_id":"ARG","targetpop":39137.4240417,"new_mean":0,"totalarea":310.7677544}},{"type":"MultiPolygon","arcs":[[[105,106]],[[107,108,109]]],"properties":{"name":"San Martin","gaul_code":4714,"targetarea":23.4353941,"totpop":112891.139352,"country_id":"ARG","targetpop":42667.6714478,"new_mean":0,"totalarea":1490.903364}},{"type":"MultiPolygon","arcs":[[[110,111]],[[112]]],"properties":{"name":"Pirane","gaul_code":4643,"targetarea":12.8810019,"totpop":63199.3732299,"country_id":"ARG","targetpop":28445.7954102,"new_mean":0.0190424,"totalarea":8598.9776968}},{"type":"MultiPolygon","arcs":[[[113]],[[114]]],"properties":{"name":"Biedma","gaul_code":4550,"targetarea":24.0017558,"totpop":115334.157646,"country_id":"ARG","targetpop":76422.3547363,"new_mean":0,"totalarea":12901.8109107}},{"type":"MultiPolygon","arcs":[[[115,116]],[[117]],[[118]],[[119]],[[120]]],"properties":{"name":"Punilla","gaul_code":4580,"targetarea":34.7085014,"totpop":178829.01441,"country_id":"ARG","targetpop":56014.7293091,"new_mean":0.0006921,"totalarea":2614.7276171}},{"type":"MultiPolygon","arcs":[[[121]],[[122]],[[123,124,-82]]],"properties":{"name":"Robles","gaul_code":4866,"targetarea":7.3667298,"totpop":56475.5101879,"country_id":"ARG","targetpop":10451.8203125,"new_mean":0.0103285,"totalarea":1340.9154508}},{"type":"MultiPolygon","arcs":[[[125,126,-46]],[[127,128,129]],[[130]]],"properties":{"name":"Las Heras","gaul_code":4707,"targetarea":56.1377797,"totpop":227595.04502,"country_id":"ARG","targetpop":136744.551208,"new_mean":0.000021,"totalarea":8874.362641}},{"type":"Polygon","arcs":[[131]],"properties":{"name":"Pilcomayo","gaul_code":4642,"targetarea":14.868207,"totpop":90616.2200716,"country_id":"ARG","targetpop":26232.8280029,"new_mean":0.0223298,"totalarea":5383.7625424}},{"type":"Polygon","arcs":[[132]],"properties":{"name":"Chacabuco","gaul_code":4532,"targetarea":9.6938543,"totpop":33397.7734873,"country_id":"ARG","targetpop":16448.2072754,"new_mean":0.0191048,"totalarea":1359.6926461}},{"type":"MultiPolygon","arcs":[[[133]],[[134]]],"properties":{"name":"Guarani","gaul_code":4727,"targetarea":13.2829297,"totpop":80778.493672,"country_id":"ARG","targetpop":34738.8873901,"new_mean":0.0328691,"totalarea":3286.6362121}},{"type":"MultiPolygon","arcs":[[[135]],[[136]]],"properties":{"name":"Chicligasta","gaul_code":4877,"targetarea":18.1293379,"totpop":85167.1748366,"country_id":"ARG","targetpop":40677.6619263,"new_mean":0.0088655,"totalarea":1290.6109124}},{"type":"Polygon","arcs":[[137]],"properties":{"name":"Villarino","gaul_code":4507,"targetarea":3.3901125,"totpop":35595.0983089,"country_id":"ARG","targetpop":5885.3857422,"new_mean":0,"totalarea":10139.2915342}},{"type":"Polygon","arcs":[[138,139,140]],"properties":{"name":"Berisso","gaul_code":4395,"targetarea":32.1103499,"totpop":106245.5711,"country_id":"ARG","targetpop":85115.229248,"new_mean":0.0000073240816,"totalarea":151.7087826}},{"type":"MultiPolygon","arcs":[[[141]],[[142]],[[143]],[[144]]],"properties":{"name":"Oran","gaul_code":4781,"targetarea":30.4870509,"totpop":156257.91243,"country_id":"ARG","targetpop":64071.7734985,"new_mean":0.0210754,"totalarea":11883.6326343}},{"type":"Polygon","arcs":[[145]],"properties":{"name":"Corpen Aike","gaul_code":4815,"targetarea":2.0439899,"totpop":14984.6541444,"country_id":"ARG","targetpop":3204.8040161,"new_mean":0,"totalarea":26440.573876}},{"type":"Polygon","arcs":[[146]],"properties":{"name":"Maraco","gaul_code":4675,"targetarea":17.7650214,"totpop":63747.4890654,"country_id":"ARG","targetpop":35071.6425781,"new_mean":0.0000015486529,"totalarea":2492.6723653}},{"type":"MultiPolygon","arcs":[[[147,148]],[[149,150,151]],[[152,153]],[[154]],[[155,156]],[[157]],[[158]],[[159]],[[160,161,162]]],"properties":{"name":"Colon","gaul_code":4570,"targetarea":76.571389,"totpop":316718.165224,"country_id":"ARG","targetpop":134333.356323,"new_mean":0.0012726,"totalarea":2346.5815355}},{"type":"Polygon","arcs":[[163,164,165,166,167]],"properties":{"name":"San Isidro","gaul_code":4491,"targetarea":51.9906481,"totpop":297292.921753,"country_id":"ARG","targetpop":297292.921753,"new_mean":0,"totalarea":51.9906481}},{"type":"Polygon","arcs":[[168]],"properties":{"name":"Bolivar","gaul_code":4396,"targetarea":7.2751365,"totpop":36210.3625054,"country_id":"ARG","targetpop":13037.7438354,"new_mean":0,"totalarea":4913.820022}},{"type":"MultiPolygon","arcs":[[[169]],[[170]],[[171]]],"properties":{"name":"Ger Aike","gaul_code":4818,"targetarea":33.5061413,"totpop":139046.008829,"country_id":"ARG","targetpop":74847.2589264,"new_mean":0,"totalarea":33707.405496}},{"type":"Polygon","arcs":[[172,173]],"properties":{"name":"Caldera","gaul_code":4768,"targetarea":5.4209368,"totpop":29859.2270842,"country_id":"ARG","targetpop":17086.1065063,"new_mean":0.0163838,"totalarea":1104.2143629}},{"type":"MultiPolygon","arcs":[[[174]],[[175,176]],[[177,178]]],"properties":{"name":"Cerrillos","gaul_code":4771,"targetarea":11.2255794,"totpop":56160.5389523,"country_id":"ARG","targetpop":14480.8134766,"new_mean":0.0071853,"totalarea":502.4591673}},{"type":"Polygon","arcs":[[179,180,181,182]],"properties":{"name":"Chimbas","gaul_code":4794,"targetarea":19.9170841,"totpop":54865.4170914,"country_id":"ARG","targetpop":44067.7324829,"new_mean":0,"totalarea":56.025034}},{"type":"Polygon","arcs":[[183]],"properties":{"name":"Saladas","gaul_code":4611,"targetarea":2.2662988,"totpop":22957.5729663,"country_id":"ARG","targetpop":4733.0263061,"new_mean":0.0267005,"totalarea":1890.297026}},{"type":"Polygon","arcs":[[184,185,186,187,-11,188,-1,189]],"properties":{"name":"Almirante Brown","gaul_code":4384,"targetarea":105.296725,"totpop":563177.247604,"country_id":"ARG","targetpop":551071.084991,"new_mean":0,"totalarea":127.8339191}},{"type":"Polygon","arcs":[[190]],"properties":{"name":"San Antonio","gaul_code":4763,"targetarea":4.8342772,"totpop":26633.829993,"country_id":"ARG","targetpop":6134.2974243,"new_mean":0,"totalarea":14177.1365431}},{"type":"Polygon","arcs":[[191]],"properties":{"name":"San Javier","gaul_code":4734,"targetarea":2.7857898,"totpop":22909.2767205,"country_id":"ARG","targetpop":5205.6568603,"new_mean":0.0225284,"totalarea":678.0280742}},{"type":"Polygon","arcs":[[192]],"properties":{"name":"Taplquen","gaul_code":4497,"targetarea":1.6025842,"totpop":10208.2944636,"country_id":"ARG","targetpop":2465.8623047,"new_mean":0,"totalarea":4106.4761192}},{"type":"Polygon","arcs":[[193]],"properties":{"name":"9 De Julio","gaul_code":4380,"targetarea":8.3941797,"totpop":49597.5439198,"country_id":"ARG","targetpop":15961.111084,"new_mean":0,"totalarea":4284.5071753}},{"type":"Polygon","arcs":[[194]],"properties":{"name":"San Roque","gaul_code":4616,"targetarea":2.0224096,"totpop":18117.3250145,"country_id":"ARG","targetpop":2603.9987183,"new_mean":0.0174088,"totalarea":2476.621239}},{"type":"Polygon","arcs":[[195]],"properties":{"name":"25 De Mayo","gaul_code":4528,"targetarea":7.4912668,"totpop":31272.1765583,"country_id":"ARG","targetpop":15381.5492554,"new_mean":0.0231851,"totalarea":2229.615279}},{"type":"MultiPolygon","arcs":[[[196]],[[197]],[[198]]],"properties":{"name":"Belgrano","gaul_code":4826,"targetarea":5.6602495,"totpop":44706.6070862,"country_id":"ARG","targetpop":9353.0476685,"new_mean":0.0066388,"totalarea":2300.941645}},{"type":"MultiPolygon","arcs":[[[199]],[[200]],[[201]],[[202]],[[203]],[[204]],[[205]],[[206]]],"properties":{"name":"La Capital","gaul_code":4834,"targetarea":150.3408717,"totpop":570612.131368,"country_id":"ARG","targetpop":369057.769501,"new_mean":1.23476e-7,"totalarea":3053.7645491}},{"type":"Polygon","arcs":[[207]],"properties":{"name":"Federal","gaul_code":4623,"targetarea":3.6053257,"totpop":26732.379051,"country_id":"ARG","targetpop":6926.3968506,"new_mean":0,"totalarea":5288.7719295}},{"type":"MultiPolygon","arcs":[[[208]],[[209]],[[210,-116]],[[-151,211,212]]],"properties":{"name":"Santa Maria","gaul_code":4588,"targetarea":25.626301,"totpop":149751.040183,"country_id":"ARG","targetpop":39867.3097534,"new_mean":0.0007569,"totalarea":3263.9631963}},{"type":"Polygon","arcs":[[213,-165,214]],"properties":{"name":"San Fernando","gaul_code":4490,"targetarea":23.5426635,"totpop":186514.059541,"country_id":"ARG","targetpop":171020.552246,"new_mean":0,"totalarea":920.7564018}},{"type":"MultiPolygon","arcs":[[[215]],[[216]]],"properties":{"name":"Mayor Luis J. Fonta","gaul_code":4542,"targetarea":14.4236543,"totpop":57195.594541,"country_id":"ARG","targetpop":25387.8433228,"new_mean":0.0274411,"totalarea":3781.7216044}},{"type":"Polygon","arcs":[[217]],"properties":{"name":"San Lorenzo","gaul_code":4547,"targetarea":2.4371087,"totpop":15382.4975378,"country_id":"ARG","targetpop":4170.4460449,"new_mean":0.0258668,"totalarea":2162.4105473}},{"type":"Polygon","arcs":[[218]],"properties":{"name":"Colon","gaul_code":4409,"targetarea":6.0778128,"totpop":27039.0937693,"country_id":"ARG","targetpop":10913.2983398,"new_mean":0.0003511,"totalarea":1012.4174145}},{"type":"Polygon","arcs":[[219]],"properties":{"name":"Olavarria","gaul_code":4467,"targetarea":28.7146921,"totpop":120910.00875,"country_id":"ARG","targetpop":52711.1350708,"new_mean":0,"totalarea":7754.6949425}},{"type":"Polygon","arcs":[[220]],"properties":{"name":"Capital","gaul_code":4596,"targetarea":88.505654,"totpop":392925.379927,"country_id":"ARG","targetpop":329041.647858,"new_mean":0.0247599,"totalarea":535.7201088}},{"type":"MultiPolygon","arcs":[[[221]],[[222]],[[223]],[[224]]],"properties":{"name":"Iguazu","gaul_code":4728,"targetarea":22.3914903,"totpop":103225.997053,"country_id":"ARG","targetpop":46746.6419678,"new_mean":0.0279861,"totalarea":2671.8328901}},{"type":"MultiPolygon","arcs":[[[225,226,227]],[[228,229,230]],[[231,232,233,234,235]]],"properties":{"name":"General Rodriguez","gaul_code":4433,"targetarea":34.1630621,"totpop":97020.1754847,"country_id":"ARG","targetpop":51576.5419922,"new_mean":0,"totalarea":361.8046175}},{"type":"MultiPolygon","arcs":[[[236,-80,-125]],[[237]]],"properties":{"name":"Banda","gaul_code":4848,"targetarea":57.2522442,"totpop":216975.930605,"country_id":"ARG","targetpop":144410.036255,"new_mean":0.0103439,"totalarea":3543.778755}},{"type":"MultiPolygon","arcs":[[[238]],[[239]]],"properties":{"name":"Ischilin","gaul_code":4574,"targetarea":5.8190162,"totpop":32375.8094277,"country_id":"ARG","targetpop":8904.7645874,"new_mean":0.0072668,"totalarea":5037.9770542}},{"type":"Polygon","arcs":[[240]],"properties":{"name":"Daireaux","gaul_code":4414,"targetarea":2.0787641,"totpop":18223.8157513,"country_id":"ARG","targetpop":3464.1486816,"new_mean":0,"totalarea":3849.5786323}},{"type":"Polygon","arcs":[[241]],"properties":{"name":"Saladillo","gaul_code":4484,"targetarea":8.2471959,"totpop":35035.8211959,"country_id":"ARG","targetpop":14268.3646851,"new_mean":0,"totalarea":2698.5799587}},{"type":"MultiPolygon","arcs":[[[242]],[[243,244,-78,245,-76,246,-166,-214,247]]],"properties":{"name":"Tigre","gaul_code":4498,"targetarea":157.1300893,"totpop":530825.378871,"country_id":"ARG","targetpop":498958.944275,"new_mean":0,"totalarea":362.839817}},{"type":"MultiPolygon","arcs":[[[248]],[[249]]],"properties":{"name":"Anta","gaul_code":4765,"targetarea":4.7535804,"totpop":62593.2305005,"country_id":"ARG","targetpop":9352.0767212,"new_mean":0.0187957,"totalarea":22154.742824}},{"type":"Polygon","arcs":[[250]],"properties":{"name":"Rio Chico","gaul_code":4885,"targetarea":11.660294,"totpop":63294.2301384,"country_id":"ARG","targetpop":27790.6386719,"new_mean":0.017898,"totalarea":606.6151304}},{"type":"Polygon","arcs":[[251]],"properties":{"name":"Campana","gaul_code":4399,"targetarea":23.5782608,"totpop":111905.388272,"country_id":"ARG","targetpop":37007.4432678,"new_mean":0,"totalarea":996.4380048}},{"type":"Polygon","arcs":[[252,-168,253,254]],"properties":{"name":"Vicente Lopez","gaul_code":4505,"targetarea":33.4580166,"totpop":274712.667969,"country_id":"ARG","targetpop":274712.667969,"new_mean":0,"totalarea":33.4580166}},{"type":"MultiPolygon","arcs":[[[255,256,-229]],[[257,-71,258,-69,259,260,261,262]]],"properties":{"name":"Pilar","gaul_code":4474,"targetarea":153.7795652,"totpop":383732.482645,"country_id":"ARG","targetpop":287840.104919,"new_mean":0,"totalarea":378.2012749}},{"type":"Polygon","arcs":[[263]],"properties":{"name":"Rio Hondo","gaul_code":4864,"targetarea":12.4941235,"totpop":60136.4227524,"country_id":"ARG","targetpop":29471.8302002,"new_mean":0.0117699,"totalarea":2157.2025377}},{"type":"Polygon","arcs":[[264]],"properties":{"name":"Tandil","gaul_code":4496,"targetarea":39.3598422,"totpop":144069.556856,"country_id":"ARG","targetpop":84605.1853027,"new_mean":0,"totalarea":4850.813233}},{"type":"Polygon","arcs":[[265]],"properties":{"name":"Benito Juarez","gaul_code":4393,"targetarea":2.5544967,"totpop":21105.92922,"country_id":"ARG","targetpop":2750.6072388,"new_mean":0,"totalarea":5307.4456974}},{"type":"Polygon","arcs":[[266]],"properties":{"name":"Salto","gaul_code":4486,"targetarea":9.7219922,"totpop":37044.43999,"country_id":"ARG","targetpop":15724.8044434,"new_mean":0.0000503,"totalarea":1614.1794545}},{"type":"Polygon","arcs":[[-167,-247,-75,267,268,-254]],"properties":{"name":"General San Martin","gaul_code":4434,"targetarea":56.2267577,"totpop":444700.160767,"country_id":"ARG","targetpop":444700.160767,"new_mean":0,"totalarea":56.2267576}},{"type":"Polygon","arcs":[[269]],"properties":{"name":"Mercedes","gaul_code":4458,"targetarea":14.9554232,"totpop":66863.5828954,"country_id":"ARG","targetpop":29883.1848145,"new_mean":0,"totalarea":1050.98519}},{"type":"Polygon","arcs":[[270]],"properties":{"name":"Tunuyan","gaul_code":4717,"targetarea":9.3151251,"totpop":62010.5296556,"country_id":"ARG","targetpop":19740.9840698,"new_mean":0.0000537,"totalarea":3269.6832438}},{"type":"MultiPolygon","arcs":[[[271]],[[272]],[[273]],[[274]],[[275]]],"properties":{"name":"Tercero Arriba","gaul_code":4590,"targetarea":16.8620973,"totpop":111499.285652,"country_id":"ARG","targetpop":27688.2362671,"new_mean":0.0014746,"totalarea":5036.4218459}},{"type":"Polygon","arcs":[[276]],"properties":{"name":"Bragado","gaul_code":4397,"targetarea":10.1311144,"totpop":42138.7903451,"country_id":"ARG","targetpop":16089.1923828,"new_mean":0,"totalarea":2194.2964368}},{"type":"MultiPolygon","arcs":[[[277]],[[-112,278]],[[279]]],"properties":{"name":"Libertador General San Ma","gaul_code":4540,"targetarea":12.6198071,"totpop":66457.4745925,"country_id":"ARG","targetpop":24715.6505127,"new_mean":0.0223131,"totalarea":7387.8520258}},{"type":"Polygon","arcs":[[-262,280,-260,-79,-245,281]],"properties":{"name":"Escobar","gaul_code":4417,"targetarea":101.8731688,"totpop":280769.539213,"country_id":"ARG","targetpop":217021.134705,"new_mean":0,"totalarea":294.2518475}},{"type":"Polygon","arcs":[[282,-73,283,284,285]],"properties":{"name":"Moron","gaul_code":4463,"targetarea":127.6715183,"totpop":758288.982544,"country_id":"ARG","targetpop":758288.982544,"new_mean":0,"totalarea":127.6715188}},{"type":"MultiPolygon","arcs":[[[286]],[[287,288]]],"properties":{"name":"Pocito","gaul_code":4797,"targetarea":19.5928196,"totpop":88333.4362437,"country_id":"ARG","targetpop":37864.9413452,"new_mean":0,"totalarea":555.6720672}},{"type":"Polygon","arcs":[[289]],"properties":{"name":"Leandro N. Alem","gaul_code":4729,"targetarea":10.9126701,"totpop":49393.9508964,"country_id":"ARG","targetpop":21409.5100098,"new_mean":0.0260001,"totalarea":1068.1185078}},{"type":"Polygon","arcs":[[290]],"properties":{"name":"San Javier","gaul_code":4586,"targetarea":7.683467,"totpop":58710.2083211,"country_id":"ARG","targetpop":14145.4255066,"new_mean":0.0006888,"totalarea":1582.3054804}},{"type":"Polygon","arcs":[[291]],"properties":{"name":"Loreto","gaul_code":4858,"targetarea":5.7125922,"totpop":22507.995777,"country_id":"ARG","targetpop":10483.9545898,"new_mean":0.0034174,"totalarea":3311.8038777}},{"type":"Polygon","arcs":[[292]],"properties":{"name":"San Pedro","gaul_code":4735,"targetarea":6.5363273,"totpop":42003.2798619,"country_id":"ARG","targetpop":13111.3757324,"new_mean":0.0332473,"totalarea":3614.3882832}},{"type":"Polygon","arcs":[[293]],"properties":{"name":"Las Flores","gaul_code":4447,"targetarea":5.1198797,"totpop":24232.2090175,"country_id":"ARG","targetpop":8948.6165772,"new_mean":0.0000015259277,"totalarea":3366.9019035}},{"type":"Polygon","arcs":[[294]],"properties":{"name":"Chilecito","gaul_code":4686,"targetarea":6.8105925,"totpop":58817.1710584,"country_id":"ARG","targetpop":13226.0081177,"new_mean":0.0001847,"totalarea":5238.7790502}},{"type":"MultiPolygon","arcs":[[[295,-39]],[[296]],[[-37,297]]],"properties":{"name":"San Lorenzo","gaul_code":4841,"targetarea":49.2633684,"totpop":190088.353843,"country_id":"ARG","targetpop":76219.1438599,"new_mean":0.0008448,"totalarea":2076.1941955}},{"type":"Polygon","arcs":[[298]],"properties":{"name":"Magdalena","gaul_code":4454,"targetarea":2.7518502,"totpop":32782.9539094,"country_id":"ARG","targetpop":4157.6506348,"new_mean":0,"totalarea":3549.5423884}},{"type":"Polygon","arcs":[[299]],"properties":{"name":"Chos Malal","gaul_code":4739,"targetarea":1.8335983,"totpop":16462.177099,"country_id":"ARG","targetpop":2959.9713135,"new_mean":0.0000162,"totalarea":4408.5912051}},{"type":"Polygon","arcs":[[300,301,-288,302,303,304]],"properties":{"name":"Rawson","gaul_code":4798,"targetarea":42.3494974,"totpop":146663.256283,"country_id":"ARG","targetpop":115643.193115,"new_mean":0,"totalarea":298.5338642}},{"type":"MultiPolygon","arcs":[[[305]],[[306,307]],[[308,-89]],[[309,-141,310,311,312,313,-85,314]]],"properties":{"name":"La Plata","gaul_code":4444,"targetarea":216.7065162,"totpop":745300.362741,"country_id":"ARG","targetpop":598235.26355,"new_mean":0,"totalarea":867.6374705}},{"type":"Polygon","arcs":[[315]],"properties":{"name":"Carlos Casares","gaul_code":4402,"targetarea":4.6523436,"totpop":23507.2573348,"country_id":"ARG","targetpop":7837.3520508,"new_mean":0,"totalarea":2517.7963752}},{"type":"Polygon","arcs":[[316]],"properties":{"name":"12 De Octubre","gaul_code":4526,"targetarea":2.7071953,"totpop":31563.8267381,"country_id":"ARG","targetpop":3979.0454102,"new_mean":0.0207102,"totalarea":3630.3365764}},{"type":"Polygon","arcs":[[317]],"properties":{"name":"Sarmiento","gaul_code":4802,"targetarea":2.7341119,"totpop":25906.5482672,"country_id":"ARG","targetpop":3483.5926514,"new_mean":1.23416e-7,"totalarea":2798.2032671}},{"type":"Polygon","arcs":[[318]],"properties":{"name":"Lujan","gaul_code":4453,"targetarea":25.2920008,"totpop":119769.666488,"country_id":"ARG","targetpop":42143.0942078,"new_mean":0,"totalarea":769.4599443}},{"type":"Polygon","arcs":[[319,-98]],"properties":{"name":"Valle Viejo","gaul_code":4525,"targetarea":10.5564997,"totpop":36244.8113112,"country_id":"ARG","targetpop":16576.6278381,"new_mean":0.005273,"totalarea":612.4309044}},{"type":"Polygon","arcs":[[320]],"properties":{"name":"Alberdi","gaul_code":4874,"targetarea":6.7853437,"totpop":31795.1162418,"country_id":"ARG","targetpop":16247.6063843,"new_mean":0.0157338,"totalarea":766.9647259}},{"type":"Polygon","arcs":[[321]],"properties":{"name":"Independencia","gaul_code":4538,"targetarea":2.5786969,"totpop":24133.0432914,"country_id":"ARG","targetpop":4381.1178589,"new_mean":0.0262082,"totalarea":1873.9963363}},{"type":"MultiPolygon","arcs":[[[322]],[[323,-130,324,325,326,327]],[[328]]],"properties":{"name":"Guaymallen","gaul_code":4704,"targetarea":75.155299,"totpop":232939.456263,"country_id":"ARG","targetpop":183069.485382,"new_mean":0,"totalarea":175.1256432}},{"type":"Polygon","arcs":[[329]],"properties":{"name":"San Fernando","gaul_code":4546,"targetarea":114.2629557,"totpop":421484.812193,"country_id":"ARG","targetpop":354072.69458,"new_mean":0.0255102,"totalarea":3558.3156738}},{"type":"MultiPolygon","arcs":[[[330]],[[331]],[[332]],[[333]]],"properties":{"name":"General Pueyrredon","gaul_code":4432,"targetarea":154.1870895,"totpop":650059.593319,"country_id":"ARG","targetpop":510835.122341,"new_mean":0,"totalarea":1453.2522589}},{"type":"MultiPolygon","arcs":[[[334]],[[335]]],"properties":{"name":"Monte Caseros","gaul_code":4609,"targetarea":7.5099212,"totpop":37875.1369321,"country_id":"ARG","targetpop":12422.7667236,"new_mean":0.0028194,"totalarea":2601.6156597}},{"type":"MultiPolygon","arcs":[[[336]],[[337,338]]],"properties":{"name":"San Nicolas","gaul_code":4492,"targetarea":43.463112,"totpop":152095.991954,"country_id":"ARG","targetpop":104409.63913,"new_mean":0.0000135,"totalarea":666.0722089}},{"type":"MultiPolygon","arcs":[[[339]],[[340]],[[341]]],"properties":{"name":"La Capital","gaul_code":4813,"targetarea":67.7294084,"totpop":251912.157299,"country_id":"ARG","targetpop":150480.574615,"new_mean":6.0431707e-7,"totalarea":13280.8150715}},{"type":"MultiPolygon","arcs":[[[342,343]],[[344,345,346,-286,347,348,-5,349,-7,350,-9]]],"properties":{"name":"La Matanza","gaul_code":4443,"targetarea":249.4490496,"totpop":2415358.38888,"country_id":"ARG","targetpop":2378600.80981,"new_mean":0,"totalarea":324.3564837}},{"type":"MultiPolygon","arcs":[[[351]],[[352,353]],[[354]],[[355]],[[356]],[[357]]],"properties":{"name":"San Justo","gaul_code":4587,"targetarea":39.2107941,"totpop":222609.866259,"country_id":"ARG","targetpop":67906.5349731,"new_mean":0.0001617,"totalarea":16161.8878546}},{"type":"Polygon","arcs":[[358]],"properties":{"name":"Esquina","gaul_code":4600,"targetarea":4.8116023,"totpop":31257.116369,"country_id":"ARG","targetpop":9424.7775269,"new_mean":0.0029157,"totalarea":3846.9248172}},{"type":"MultiPolygon","arcs":[[[359]],[[360]],[[361]]],"properties":{"name":"Rio Grande","gaul_code":4871,"targetarea":23.3462981,"totpop":85927.4033285,"country_id":"ARG","targetpop":46075.1349487,"new_mean":0,"totalarea":11987.0646802}},{"type":"MultiPolygon","arcs":[[[362]],[[363]]],"properties":{"name":"Juarez Celman","gaul_code":4575,"targetarea":7.4504606,"totpop":68830.9152817,"country_id":"ARG","targetpop":12944.6765137,"new_mean":0.0025731,"totalarea":7773.033802}},{"type":"Polygon","arcs":[[364]],"properties":{"name":"Mburucuy","gaul_code":4607,"targetarea":1.7931193,"totpop":9530.5304503,"country_id":"ARG","targetpop":2847.2053833,"new_mean":0.023634,"totalarea":995.0258766}},{"type":"MultiPolygon","arcs":[[[365]],[[366]]],"properties":{"name":"San Rafael","gaul_code":4715,"targetarea":40.7097135,"totpop":208572.339894,"country_id":"ARG","targetpop":92393.7561035,"new_mean":0.0000206,"totalarea":31794.2467123}},{"type":"Polygon","arcs":[[367]],"properties":{"name":"Balcarce","gaul_code":4390,"targetarea":8.5227309,"totpop":45891.8044365,"country_id":"ARG","targetpop":12756.3626099,"new_mean":0,"totalarea":4099.4121623}},{"type":"MultiPolygon","arcs":[[[368]],[[369]]],"properties":{"name":"Bahia Blanca","gaul_code":4389,"targetarea":102.875301,"totpop":319895.756466,"country_id":"ARG","targetpop":238386.16452,"new_mean":0,"totalarea":2284.9632285}},{"type":"MultiPolygon","arcs":[[[370]],[[371]]],"properties":{"name":"Cruz Del Eje","gaul_code":4571,"targetarea":10.508788,"totpop":65662.7744703,"country_id":"ARG","targetpop":24245.3289185,"new_mean":0.0038476,"totalarea":6537.1509498}},{"type":"Polygon","arcs":[[-301,372,-181,373]],"properties":{"name":"Rivadavia","gaul_code":4799,"targetarea":36.020009,"totpop":105536.479908,"country_id":"ARG","targetpop":86077.2926636,"new_mean":0,"totalarea":117.0566665}},{"type":"Polygon","arcs":[[374]],"properties":{"name":"General Belgrano","gaul_code":4535,"targetarea":2.579317,"totpop":13940.4412572,"country_id":"ARG","targetpop":5657.9951782,"new_mean":0.0247155,"totalarea":1284.8913775}},{"type":"Polygon","arcs":[[375]],"properties":{"name":"Tres Lomas","gaul_code":4504,"targetarea":1.8553885,"totpop":10185.2997225,"country_id":"ARG","targetpop":2673.3758545,"new_mean":0,"totalarea":1239.998669}},{"type":"MultiPolygon","arcs":[[[376]],[[377]]],"properties":{"name":"Federacion","gaul_code":4622,"targetarea":14.4676742,"totpop":81002.1701827,"country_id":"ARG","targetpop":29141.9244385,"new_mean":0.0000422,"totalarea":3666.2158435}},{"type":"MultiPolygon","arcs":[[[378]],[[379]]],"properties":{"name":"Santo Tome","gaul_code":4617,"targetarea":13.5034043,"totpop":71093.5689021,"country_id":"ARG","targetpop":28585.3516846,"new_mean":0.0249345,"totalarea":7369.4211281}},{"type":"Polygon","arcs":[[380]],"properties":{"name":"Necochea","gaul_code":4466,"targetarea":29.2276028,"totpop":94273.9686647,"country_id":"ARG","targetpop":53624.6079712,"new_mean":0,"totalarea":4512.9794762}},{"type":"Polygon","arcs":[[-72,-258,381,-256,-231,382,-227,383,-235,384,385,-284],[386]],"properties":{"name":"Moreno","gaul_code":4462,"targetarea":157.7995993,"totpop":538365.11079,"country_id":"ARG","targetpop":520452.580933,"new_mean":0,"totalarea":183.9819355}},{"type":"Polygon","arcs":[[387]],"properties":{"name":"Metan","gaul_code":4779,"targetarea":6.5301978,"totpop":46426.678376,"country_id":"ARG","targetpop":12292.7581177,"new_mean":0.0167628,"totalarea":5472.3684889}},{"type":"Polygon","arcs":[[388]],"properties":{"name":"Chivilcoy","gaul_code":4408,"targetarea":21.4687997,"totpop":68312.7362572,"country_id":"ARG","targetpop":37091.2050171,"new_mean":0,"totalarea":2078.0106215}},{"type":"Polygon","arcs":[[389]],"properties":{"name":"San Antonio De Areco","gaul_code":4488,"targetarea":4.8513733,"totpop":25170.5840803,"country_id":"ARG","targetpop":7534.0643921,"new_mean":0,"totalarea":869.6179623}},{"type":"Polygon","arcs":[[390]],"properties":{"name":"Maipu","gaul_code":4541,"targetarea":7.1278609,"totpop":25671.9517963,"country_id":"ARG","targetpop":11254.2734375,"new_mean":0.0235819,"totalarea":2813.9856052}},{"type":"Polygon","arcs":[[391]],"properties":{"name":"San Justo","gaul_code":4840,"targetarea":6.5660656,"totpop":41567.0388601,"country_id":"ARG","targetpop":9566.0021973,"new_mean":0.0015314,"totalarea":5583.2850224}},{"type":"MultiPolygon","arcs":[[[392]],[[393]]],"properties":{"name":"Obera","gaul_code":4732,"targetarea":29.5869618,"totpop":122500.297692,"country_id":"ARG","targetpop":63599.041748,"new_mean":0.0276624,"totalarea":1578.7738556}},{"type":"Polygon","arcs":[[394]],"properties":{"name":"Gualeguay","gaul_code":4625,"targetarea":9.0405254,"totpop":53789.0292524,"country_id":"ARG","targetpop":18757.0192871,"new_mean":0,"totalarea":6686.1364268}},{"type":"Polygon","arcs":[[-162,395]],"properties":{"name":"Totoral","gaul_code":4591,"targetarea":1.758454,"totpop":26025.5969402,"country_id":"ARG","targetpop":4587.2134399,"new_mean":0.0012718,"totalarea":3186.6334732}},{"type":"Polygon","arcs":[[396]],"properties":{"name":"Brandsen","gaul_code":4398,"targetarea":3.1170432,"totpop":33678.7623474,"country_id":"ARG","targetpop":3767.5162353,"new_mean":0,"totalarea":1137.5890847}},{"type":"Polygon","arcs":[[397]],"properties":{"name":"Monte","gaul_code":4460,"targetarea":5.2127745,"totpop":25833.6522706,"country_id":"ARG","targetpop":6808.0986328,"new_mean":0,"totalarea":1880.8567408}},{"type":"MultiPolygon","arcs":[[[398]],[[399]],[[400]],[[401]]],"properties":{"name":"Marcos Juarez","gaul_code":4576,"targetarea":14.5723406,"totpop":111501.4849,"country_id":"ARG","targetpop":23372.663269,"new_mean":0.0047978,"totalarea":9493.4252631}},{"type":"MultiPolygon","arcs":[[[402]],[[403]]],"properties":{"name":"Villa Gesell","gaul_code":4506,"targetarea":17.4296943,"totpop":40189.8876669,"country_id":"ARG","targetpop":27067.8272476,"new_mean":0,"totalarea":181.9568966}},{"type":"Polygon","arcs":[[404]],"properties":{"name":"Presidente De La Plaza","gaul_code":4544,"targetarea":2.051386,"totpop":13176.4553673,"country_id":"ARG","targetpop":3776.8632202,"new_mean":0.0254319,"totalarea":2337.3877138}},{"type":"Polygon","arcs":[[405]],"properties":{"name":"Lavalle","gaul_code":4606,"targetarea":4.5838493,"totpop":32382.4485907,"country_id":"ARG","targetpop":6940.6593628,"new_mean":0.0097589,"totalarea":1517.6935054}},{"type":"Polygon","arcs":[[406]],"properties":{"name":"San Martin","gaul_code":4842,"targetarea":6.6837621,"totpop":66899.9467914,"country_id":"ARG","targetpop":10696.1062622,"new_mean":0.0048711,"totalarea":4829.0132325}},{"type":"Polygon","arcs":[[407,408,-126,-45,409,-326]],"properties":{"name":"Godoy Cruz","gaul_code":4703,"targetarea":39.6172919,"totpop":195776.362385,"country_id":"ARG","targetpop":187118.115112,"new_mean":0,"totalarea":75.1152424}},{"type":"MultiPolygon","arcs":[[[410]],[[411]]],"properties":{"name":"Futaleufu","gaul_code":4557,"targetarea":10.3367366,"totpop":49906.9306288,"country_id":"ARG","targetpop":16556.0249939,"new_mean":0,"totalarea":9120.0279475}},{"type":"MultiPolygon","arcs":[[[412]],[[413,414]]],"properties":{"name":"Marcos Paz","gaul_code":4457,"targetarea":12.2118657,"totpop":66367.3795438,"country_id":"ARG","targetpop":18567.3269653,"new_mean":0,"totalarea":430.1985841}},{"type":"MultiPolygon","arcs":[[[415]],[[416,-190,-3]]],"properties":{"name":"San Vicente","gaul_code":4494,"targetarea":41.6100028,"totpop":168838.006096,"country_id":"ARG","targetpop":96190.3731689,"new_mean":4.8212766e-7,"totalarea":740.2343019}},{"type":"MultiPolygon","arcs":[[[417]],[[418]]],"properties":{"name":"Rosario De Lerma","gaul_code":4785,"targetarea":3.5075711,"totpop":51223.1778738,"country_id":"ARG","targetpop":4919.543335,"new_mean":0.0076761,"totalarea":5286.4571164}},{"type":"Polygon","arcs":[[419]],"properties":{"name":"Capital","gaul_code":4723,"targetarea":105.9471171,"totpop":377140.260648,"country_id":"ARG","targetpop":321901.783936,"new_mean":0.0232943,"totalarea":977.8144651}},{"type":"MultiPolygon","arcs":[[[420]],[[421]]],"properties":{"name":"Caseros","gaul_code":4827,"targetarea":13.1280822,"totpop":81610.6680308,"country_id":"ARG","targetpop":21467.3944702,"new_mean":0.0045133,"totalarea":3252.2940793}},{"type":"Polygon","arcs":[[422]],"properties":{"name":"Feliciano","gaul_code":4624,"targetarea":1.9874488,"totpop":15261.4964443,"country_id":"ARG","targetpop":3412.3410034,"new_mean":3.0059295e-7,"totalarea":2929.711065}},{"type":"Polygon","arcs":[[423,424,-345,-12,-188,425]],"properties":{"name":"Lomas De Zamora","gaul_code":4452,"targetarea":87.9187621,"totpop":630498.979553,"country_id":"ARG","targetpop":630498.979553,"new_mean":0,"totalarea":87.918762}},{"type":"MultiPolygon","arcs":[[[426]],[[427]]],"properties":{"name":"El Carmen","gaul_code":4647,"targetarea":13.935037,"totpop":110730.260455,"country_id":"ARG","targetpop":26052.6315308,"new_mean":0.0167905,"totalarea":934.3207813}},{"type":"Polygon","arcs":[[428]],"properties":{"name":"Moreno","gaul_code":4860,"targetarea":2.4293647,"totpop":37596.0861035,"country_id":"ARG","targetpop":3745.5866699,"new_mean":0.0219274,"totalarea":16652.7668137}},{"type":"Polygon","arcs":[[-285,-386,429,-414,430,-344,431,-348],[432]],"properties":{"name":"Merlo","gaul_code":4459,"targetarea":127.1422457,"totpop":561850.527546,"country_id":"ARG","targetpop":536398.831573,"new_mean":0,"totalarea":172.103974}},{"type":"Polygon","arcs":[[433]],"properties":{"name":"Rosario Vera Penaloza","gaul_code":4698,"targetarea":1.9680704,"totpop":15582.7607719,"country_id":"ARG","targetpop":3345.1165772,"new_mean":0.0001672,"totalarea":5031.2234694}},{"type":"Polygon","arcs":[[434]],"properties":{"name":"Tres Arroyos","gaul_code":4502,"targetarea":13.1542188,"totpop":56856.400406,"country_id":"ARG","targetpop":20469.4162598,"new_mean":0,"totalarea":5983.3968977}},{"type":"Polygon","arcs":[[435]],"properties":{"name":"Canuelas","gaul_code":4400,"targetarea":5.8690552,"totpop":61091.870169,"country_id":"ARG","targetpop":9721.5339356,"new_mean":0,"totalarea":1194.7356816}},{"type":"Polygon","arcs":[[436]],"properties":{"name":"Escalante","gaul_code":4553,"targetarea":79.9555729,"totpop":248203.640041,"country_id":"ARG","targetpop":176158.600502,"new_mean":0,"totalarea":14353.41}},{"type":"Polygon","arcs":[[437]],"properties":{"name":"Rivadavia","gaul_code":4480,"targetarea":1.8778473,"totpop":19393.8607618,"country_id":"ARG","targetpop":2496.5854492,"new_mean":0.0002402,"totalarea":3984.0419161}},{"type":"Polygon","arcs":[[438,439,440,441,442]],"properties":{"name":"Capital","gaul_code":4876,"targetarea":79.7678824,"totpop":504663.963593,"country_id":"ARG","targetpop":499940.937775,"new_mean":0.0126679,"totalarea":84.3772734}},{"type":"MultiPolygon","arcs":[[[-109,443,444]],[[445]],[[-327,-410,-44,446]]],"properties":{"name":"Maipu","gaul_code":4710,"targetarea":54.9447924,"totpop":203032.645805,"country_id":"ARG","targetpop":94708.8401489,"new_mean":0,"totalarea":658.6164918}},{"type":"Polygon","arcs":[[447]],"properties":{"name":"Rivadavia","gaul_code":4712,"targetarea":10.4900905,"totpop":62013.2509202,"country_id":"ARG","targetpop":16019.1633301,"new_mean":0,"totalarea":2111.7118858}},{"type":"Polygon","arcs":[[448]],"properties":{"name":"Simoca","gaul_code":4886,"targetarea":3.7465059,"totpop":33035.3111982,"country_id":"ARG","targetpop":5885.5813599,"new_mean":0.0162294,"totalarea":1279.9280158}},{"type":"MultiPolygon","arcs":[[[449,450,451,-440]],[[452,453]]],"properties":{"name":"Yerba Buena","gaul_code":4890,"targetarea":30.7019275,"totpop":85432.6581354,"country_id":"ARG","targetpop":65122.8243408,"new_mean":0.0158645,"totalarea":148.6907133}},{"type":"Polygon","arcs":[[454]],"properties":{"name":"Bella Vista","gaul_code":4594,"targetarea":8.4424776,"totpop":40035.437855,"country_id":"ARG","targetpop":19074.1498413,"new_mean":0.0125835,"totalarea":1896.036333}},{"type":"MultiPolygon","arcs":[[[455]],[[456]],[[457]],[[458]],[[459]]],"properties":{"name":"General Lopez","gaul_code":4831,"targetarea":36.6250278,"totpop":206586.075926,"country_id":"ARG","targetpop":62834.8582764,"new_mean":0.0011646,"totalarea":11438.4819087}},{"type":"Polygon","arcs":[[460]],"properties":{"name":"Capitan Sarmiento","gaul_code":4401,"targetarea":3.948208,"totpop":16557.4970373,"country_id":"ARG","targetpop":5384.4840088,"new_mean":0,"totalarea":553.7406876}},{"type":"MultiPolygon","arcs":[[[461,462]],[[463,464,465]],[[466,467,468]]],"properties":{"name":"Palpala","gaul_code":4650,"targetarea":13.3986072,"totpop":52626.4674811,"country_id":"ARG","targetpop":29879.7499695,"new_mean":0.0091128,"totalarea":459.7300171}},{"type":"Polygon","arcs":[[469]],"properties":{"name":"Junin","gaul_code":4441,"targetarea":25.616281,"totpop":92355.4288858,"country_id":"ARG","targetpop":50852.1612854,"new_mean":0.0000272,"totalarea":2265.1151035}},{"type":"Polygon","arcs":[[470,-67]],"properties":{"name":"Adolfo Alsina","gaul_code":4754,"targetarea":16.0926035,"totpop":65717.8128143,"country_id":"ARG","targetpop":35467.1878052,"new_mean":0,"totalarea":9047.6657265}},{"type":"Polygon","arcs":[[471]],"properties":{"name":"General Alvear","gaul_code":4702,"targetarea":9.9122574,"totpop":45930.7908856,"country_id":"ARG","targetpop":18336.2662354,"new_mean":0,"totalarea":14374.2601067}},{"type":"Polygon","arcs":[[472]],"properties":{"name":"San Pedro","gaul_code":4493,"targetarea":11.8336723,"totpop":63497.5947141,"country_id":"ARG","targetpop":24311.003479,"new_mean":0.0000123,"totalarea":1367.0053404}},{"type":"Polygon","arcs":[[473]],"properties":{"name":"Formosa","gaul_code":4637,"targetarea":65.875383,"totpop":264082.179603,"country_id":"ARG","targetpop":191106.322723,"new_mean":0.0104856,"totalarea":6517.4660806}},{"type":"Polygon","arcs":[[474]],"properties":{"name":"Nogoya","gaul_code":4630,"targetarea":5.6959567,"totpop":36731.2182955,"country_id":"ARG","targetpop":10482.7938232,"new_mean":0,"totalarea":4209.4182961}},{"type":"Polygon","arcs":[[475]],"properties":{"name":"La Cocha","gaul_code":4881,"targetarea":2.037515,"totpop":22119.4233266,"country_id":"ARG","targetpop":3540.9434204,"new_mean":0.0164414,"totalarea":957.6933988}},{"type":"Polygon","arcs":[[476]],"properties":{"name":"Saavedra","gaul_code":4483,"targetarea":3.3463434,"totpop":21418.1476931,"country_id":"ARG","targetpop":4330.4328613,"new_mean":0,"totalarea":3489.4609007}},{"type":"MultiPolygon","arcs":[[[477]],[[478]],[[479]],[[480]],[[481]],[[482]],[[483]],[[484]],[[485]]],"properties":{"name":"Parana","gaul_code":4631,"targetarea":96.7890271,"totpop":365785.119235,"country_id":"ARG","targetpop":217342.057556,"new_mean":1.4424662e-7,"totalarea":5193.5150694}},{"type":"MultiPolygon","arcs":[[[486]],[[-107,487]],[[-110,-445,488]]],"properties":{"name":"Junin","gaul_code":4705,"targetarea":9.0196587,"totpop":53077.1377254,"country_id":"ARG","targetpop":16185.8582764,"new_mean":0,"totalarea":257.6629864}},{"type":"Polygon","arcs":[[489]],"properties":{"name":"25 De Mayo","gaul_code":4719,"targetarea":2.2837653,"totpop":28602.958347,"country_id":"ARG","targetpop":3998.6305542,"new_mean":0.0292874,"totalarea":1678.6021716}},{"type":"MultiPolygon","arcs":[[[490]],[[491]],[[492]],[[493,-57]],[[494]]],"properties":{"name":"Confluencia","gaul_code":4741,"targetarea":117.8790867,"totpop":422680.961301,"country_id":"ARG","targetpop":277466.486053,"new_mean":0,"totalarea":7520.5160467}},{"type":"Polygon","arcs":[[495]],"properties":{"name":"Dolores","gaul_code":4415,"targetarea":6.2886872,"totpop":29240.0124407,"country_id":"ARG","targetpop":10577.0723877,"new_mean":0,"totalarea":1971.1025681}},{"type":"Polygon","arcs":[[496,-255,-269,497,-346,-425,498,499]],"properties":{"name":"Capital Federal","gaul_code":4378,"targetarea":184.6582539,"totpop":2843055.00757,"country_id":"ARG","targetpop":2843055.00757,"new_mean":0,"totalarea":184.6582541}},{"type":"Polygon","arcs":[[500]],"properties":{"name":"San Pedro","gaul_code":4653,"targetarea":17.3599064,"totpop":78898.2676046,"country_id":"ARG","targetpop":38060.4847412,"new_mean":0.0206007,"totalarea":2013.435483}},{"type":"Polygon","arcs":[[501]],"properties":{"name":"Cafayate","gaul_code":4767,"targetarea":4.0446901,"totpop":17331.2522184,"country_id":"ARG","targetpop":6925.2820435,"new_mean":0.0028405,"totalarea":1376.3952399}},{"type":"MultiPolygon","arcs":[[[502]],[[503]]],"properties":{"name":"Montecarlo","gaul_code":4731,"targetarea":9.9202893,"totpop":39407.6675261,"country_id":"ARG","targetpop":11612.4121094,"new_mean":0.0247001,"totalarea":1737.7966825}},{"type":"MultiPolygon","arcs":[[[504]],[[505]],[[506,-354]],[[507]],[[508]]],"properties":{"name":"Castellanos","gaul_code":4828,"targetarea":41.3917336,"totpop":201737.479703,"country_id":"ARG","targetpop":71379.439209,"new_mean":0.000192,"totalarea":6706.1990494}},{"type":"Polygon","arcs":[[509]],"properties":{"name":"General Belgrano","gaul_code":4424,"targetarea":3.7044313,"totpop":19598.1091043,"country_id":"ARG","targetpop":7047.9107056,"new_mean":0,"totalarea":1832.302848}},{"type":"Polygon","arcs":[[510]],"properties":{"name":"Victoria","gaul_code":4634,"targetarea":6.5865365,"totpop":40738.4891539,"country_id":"ARG","targetpop":8502.2611084,"new_mean":2.1451367e-7,"totalarea":6656.6678503}},{"type":"Polygon","arcs":[[511]],"properties":{"name":"Diamante","gaul_code":4621,"targetarea":3.5787835,"totpop":48128.0447049,"country_id":"ARG","targetpop":6407.0905762,"new_mean":0.0000020498223,"totalarea":2524.2117505}},{"type":"MultiPolygon","arcs":[[[512]],[[513]],[[-441,-452,514]]],"properties":{"name":"Lules","gaul_code":4883,"targetarea":12.9446223,"totpop":66761.093236,"country_id":"ARG","targetpop":19798.1810913,"new_mean":0.0152686,"totalarea":520.5356176}},{"type":"Polygon","arcs":[[515]],"properties":{"name":"General Alvarado","gaul_code":4421,"targetarea":9.2431896,"totpop":44031.3627409,"country_id":"ARG","targetpop":16840.1033936,"new_mean":0,"totalarea":1639.7241933}},{"type":"MultiPolygon","arcs":[[[516]],[[517]]],"properties":{"name":"General Pedernera","gaul_code":4810,"targetarea":36.8316851,"totpop":144736.789356,"country_id":"ARG","targetpop":62510.3578491,"new_mean":0.0000362,"totalarea":13873.9438854}},{"type":"Polygon","arcs":[[518]],"properties":{"name":"General Guemes","gaul_code":4537,"targetarea":10.9815368,"totpop":72869.0634823,"country_id":"ARG","targetpop":22393.831665,"new_mean":0.0267579,"totalarea":26447.5067482}},{"type":"MultiPolygon","arcs":[[[519]],[[-174,520,521,-176,522,-178,523]]],"properties":{"name":"Capital","gaul_code":4770,"targetarea":161.9962686,"totpop":583270.732624,"country_id":"ARG","targetpop":500321.272583,"new_mean":0.010602,"totalarea":1566.4324645}},{"type":"MultiPolygon","arcs":[[[524]],[[525]],[[526]],[[527]]],"properties":{"name":"General Obligado","gaul_code":4832,"targetarea":41.2736092,"totpop":188583.977439,"country_id":"ARG","targetpop":80707.2141724,"new_mean":0.0075188,"totalarea":11110.1694022}},{"type":"Polygon","arcs":[[528]],"properties":{"name":"Malarge","gaul_code":4711,"targetarea":1.8782297,"totpop":33113.1008434,"country_id":"ARG","targetpop":2500.4646606,"new_mean":0.0001723,"totalarea":40617.1385036}},{"type":"Polygon","arcs":[[529]],"properties":{"name":"Avellaneda","gaul_code":4755,"targetarea":4.7481549,"totpop":39027.8543399,"country_id":"ARG","targetpop":7094.9398193,"new_mean":0,"totalarea":20033.2750014}},{"type":"MultiPolygon","arcs":[[[530,-313]],[[-140,531,-311]]],"properties":{"name":"Ensenada","gaul_code":4416,"targetarea":19.9215794,"totpop":53782.7930775,"country_id":"ARG","targetpop":29226.831543,"new_mean":0,"totalarea":101.9443581}},{"type":"MultiPolygon","arcs":[[[532,-465,533]],[[534]],[[535,-468,536,-463,537]]],"properties":{"name":"Capital","gaul_code":4645,"targetarea":80.669441,"totpop":302200.006475,"country_id":"ARG","targetpop":244352.1297,"new_mean":0.0209254,"totalarea":2038.1986795}},{"type":"Polygon","arcs":[[538]],"properties":{"name":"Libertador General San Ma","gaul_code":4730,"targetarea":7.6048409,"totpop":52493.4648,"country_id":"ARG","targetpop":13807.2713623,"new_mean":0.0268344,"totalarea":1425.7633384}},{"type":"MultiPolygon","arcs":[[[539]],[[540]]],"properties":{"name":"Uruguay","gaul_code":4633,"targetarea":18.9503468,"totpop":108969.0813,"country_id":"ARG","targetpop":37795.6375122,"new_mean":0,"totalarea":5149.0833932}},{"type":"Polygon","arcs":[[541]],"properties":{"name":"Caucete","gaul_code":4793,"targetarea":6.3454607,"totpop":44287.6372169,"country_id":"ARG","targetpop":13970.7282104,"new_mean":0,"totalarea":7798.9358463}},{"type":"MultiPolygon","arcs":[[[542]],[[543]],[[544]]],"properties":{"name":"Rawson","gaul_code":4563,"targetarea":45.1864788,"totpop":150083.266537,"country_id":"ARG","targetpop":101137.451538,"new_mean":0,"totalarea":4129.320267}},{"type":"Polygon","arcs":[[-74,-283,-347,-498,-268]],"properties":{"name":"Tres De Febrero","gaul_code":4503,"targetarea":45.5498455,"totpop":364329.069702,"country_id":"ARG","targetpop":364329.069702,"new_mean":0,"totalarea":45.5498455}},{"type":"Polygon","arcs":[[545]],"properties":{"name":"San Martin","gaul_code":4614,"targetarea":2.0110892,"totpop":14306.6648468,"country_id":"ARG","targetpop":2578.0619507,"new_mean":0.0248328,"totalarea":6693.9409402}},{"type":"Polygon","arcs":[[546]],"properties":{"name":"Comandante Fernandez","gaul_code":4533,"targetarea":30.2344779,"totpop":107772.276345,"country_id":"ARG","targetpop":76429.7034302,"new_mean":0.0275176,"totalarea":1474.9039501}},{"type":"Polygon","arcs":[[547]],"properties":{"name":"Chascomus","gaul_code":4407,"targetarea":9.0479718,"totpop":46742.3366502,"country_id":"ARG","targetpop":13658.953186,"new_mean":0,"totalarea":4204.8846762}},{"type":"Polygon","arcs":[[548]],"properties":{"name":"General Alvear","gaul_code":4422,"targetarea":1.6093003,"totpop":11398.4147325,"country_id":"ARG","targetpop":2752.109314,"new_mean":0,"totalarea":3365.1895795}},{"type":"MultiPolygon","arcs":[[[549]],[[550]],[[551]],[[552]]],"properties":{"name":"Rio Segundo","gaul_code":4584,"targetarea":17.0393578,"totpop":112095.586191,"country_id":"ARG","targetpop":28987.7147827,"new_mean":0.0001413,"totalarea":4892.3659788}},{"type":"Polygon","arcs":[[-499,-424,553,554]],"properties":{"name":"Lanus","gaul_code":4445,"targetarea":49.461158,"totpop":462044.441406,"country_id":"ARG","targetpop":462044.441406,"new_mean":0,"totalarea":49.4611578}},{"type":"Polygon","arcs":[[555,-183,556,-304]],"properties":{"name":"Santa Lucia","gaul_code":4801,"targetarea":14.5609131,"totpop":44665.2440872,"country_id":"ARG","targetpop":27228.3338013,"new_mean":0,"totalarea":55.0461084}},{"type":"Polygon","arcs":[[557]],"properties":{"name":"Eldorado","gaul_code":4725,"targetarea":25.38318,"totpop":92066.3563999,"country_id":"ARG","targetpop":43539.833252,"new_mean":0.0265976,"totalarea":1874.8382116}},{"type":"Polygon","arcs":[[558]],"properties":{"name":"Paso De Los Libres","gaul_code":4610,"targetarea":14.0882188,"totpop":51353.219316,"country_id":"ARG","targetpop":22883.9344482,"new_mean":0.0112553,"totalarea":5005.2199259}},{"type":"Polygon","arcs":[[559]],"properties":{"name":"Coronel Suarez","gaul_code":4413,"targetarea":7.203048,"totpop":39611.0692696,"country_id":"ARG","targetpop":10223.8513184,"new_mean":0,"totalarea":5971.1320814}},{"type":"Polygon","arcs":[[560]],"properties":{"name":"General Villegas","gaul_code":4437,"targetarea":4.2181074,"totpop":33608.689473,"country_id":"ARG","targetpop":5499.8471069,"new_mean":0.0000388,"totalarea":7366.9335357}},{"type":"Polygon","arcs":[[561]],"properties":{"name":"General Viamonte","gaul_code":4436,"targetarea":4.2197962,"totpop":18376.9984339,"country_id":"ARG","targetpop":6258.5690918,"new_mean":0,"totalarea":2157.7359914}},{"type":"Polygon","arcs":[[562,563,-554,-426,-187,564,-86]],"properties":{"name":"Quilmes","gaul_code":4477,"targetarea":88.7300115,"totpop":683134.417725,"country_id":"ARG","targetpop":683134.417725,"new_mean":0,"totalarea":88.7300114}},{"type":"MultiPolygon","arcs":[[[565]],[[566]]],"properties":{"name":"Junin","gaul_code":4812,"targetarea":7.2677051,"totpop":42317.2109623,"country_id":"ARG","targetpop":11401.0407715,"new_mean":0.0013288,"totalarea":2194.8389681}},{"type":"Polygon","arcs":[[567]],"properties":{"name":"Trenque Lauquen","gaul_code":4501,"targetarea":10.7789404,"totpop":46840.6848161,"country_id":"ARG","targetpop":17667.6043091,"new_mean":0,"totalarea":5460.2264829}},{"type":"MultiPolygon","arcs":[[[568]],[[569]]],"properties":{"name":"Concordia","gaul_code":4620,"targetarea":44.2592329,"totpop":189623.560238,"country_id":"ARG","targetpop":98193.1026306,"new_mean":6.7087062e-7,"totalarea":3579.9952049}},{"type":"MultiPolygon","arcs":[[[570]],[[571]],[[572]]],"properties":{"name":"Ledesma","gaul_code":4649,"targetarea":15.4655237,"totpop":88512.8941824,"country_id":"ARG","targetpop":36393.5090942,"new_mean":0.0208831,"totalarea":2794.8872925}},{"type":"Polygon","arcs":[[573]],"properties":{"name":"San Luis Del Palmar","gaul_code":4613,"targetarea":3.3473232,"totpop":19228.1367253,"country_id":"ARG","targetpop":6353.7131958,"new_mean":0.0209363,"totalarea":2612.155637}},{"type":"Polygon","arcs":[[574]],"properties":{"name":"Vera","gaul_code":4843,"targetarea":4.9210844,"totpop":51688.6688164,"country_id":"ARG","targetpop":10039.3464966,"new_mean":0.0128927,"totalarea":20782.1371737}},{"type":"Polygon","arcs":[[575]],"properties":{"name":"Coronel De Mariana Leonar","gaul_code":4410,"targetarea":16.7254309,"totpop":63019.7760432,"country_id":"ARG","targetpop":35744.7229309,"new_mean":0,"totalarea":1354.4157368}},{"type":"Polygon","arcs":[[576]],"properties":{"name":"Mercedes","gaul_code":4608,"targetarea":8.5529464,"totpop":42643.3315027,"country_id":"ARG","targetpop":17534.2148438,"new_mean":0.0165503,"totalarea":9977.8350872}},{"type":"MultiPolygon","arcs":[[[577]],[[578]],[[579]],[[580]]],"properties":{"name":"Gualeguaychu","gaul_code":4626,"targetarea":24.5555857,"totpop":118768.401284,"country_id":"ARG","targetpop":46812.9303589,"new_mean":8.6390847e-7,"totalarea":7226.0297948}},{"type":"Polygon","arcs":[[581]],"properties":{"name":"Belen","gaul_code":4514,"targetarea":4.5560089,"totpop":30755.1096033,"country_id":"ARG","targetpop":5134.8145752,"new_mean":0.0044499,"totalarea":12987.6173608}},{"type":"MultiPolygon","arcs":[[[582]],[[583]],[[584]]],"properties":{"name":"Barioche","gaul_code":4756,"targetarea":36.3485851,"totpop":163802.306145,"country_id":"ARG","targetpop":79417.0498352,"new_mean":1.9101467e-7,"totalarea":5457.8483561}},{"type":"Polygon","arcs":[[585]],"properties":{"name":"San Cosme","gaul_code":4612,"targetarea":2.4368821,"totpop":15962.8156178,"country_id":"ARG","targetpop":3602.0527344,"new_mean":0.0219013,"totalarea":609.0658379}},{"type":"Polygon","arcs":[[586]],"properties":{"name":"Chacabuco","gaul_code":4406,"targetarea":9.8222333,"totpop":52464.0824627,"country_id":"ARG","targetpop":18449.9758911,"new_mean":0.000048,"totalarea":2280.5654586}},{"type":"Polygon","arcs":[[587]],"properties":{"name":"Salliquello","gaul_code":4485,"targetarea":1.848507,"totpop":8606.9141747,"country_id":"ARG","targetpop":2582.3383789,"new_mean":0,"totalarea":805.8859193}},{"type":"Polygon","arcs":[[588]],"properties":{"name":"San Andres De Giles","gaul_code":4487,"targetarea":3.9508504,"totpop":25768.3472511,"country_id":"ARG","targetpop":6066.222229,"new_mean":0,"totalarea":1123.8705224}},{"type":"Polygon","arcs":[[589]],"properties":{"name":"Pichi Mahuida","gaul_code":4761,"targetarea":3.425578,"totpop":14090.7761655,"country_id":"ARG","targetpop":5480.8150024,"new_mean":0,"totalarea":15757.1735405}},{"type":"Polygon","arcs":[[590]],"properties":{"name":"Baradero","gaul_code":4391,"targetarea":8.3363598,"totpop":36751.2938999,"country_id":"ARG","targetpop":13258.260498,"new_mean":0,"totalarea":1533.4405925}},{"type":"Polygon","arcs":[[591]],"properties":{"name":"9 De Julio","gaul_code":4529,"targetarea":5.9959304,"totpop":30572.6332869,"country_id":"ARG","targetpop":13052.3673706,"new_mean":0.0232696,"totalarea":2307.2197259}},{"type":"Polygon","arcs":[[592]],"properties":{"name":"Apostoles","gaul_code":4720,"targetarea":8.7479272,"totpop":47909.2034153,"country_id":"ARG","targetpop":14676.6030273,"new_mean":0.0237822,"totalarea":1042.8001367}},{"type":"Polygon","arcs":[[593]],"properties":{"name":"Bermejo","gaul_code":4531,"targetarea":3.1479887,"totpop":26304.1976716,"country_id":"ARG","targetpop":4789.4362793,"new_mean":0.0221281,"totalarea":2599.9975668}},{"type":"Polygon","arcs":[[-233,594]],"properties":{"name":"Name Unknown","gaul_code":4464,"targetarea":8.2441487,"totpop":16375.4147339,"country_id":"ARG","targetpop":15234.2440186,"new_mean":0,"totalarea":10.1744794}},{"type":"MultiPolygon","arcs":[[[595]],[[596]],[[597]],[[598]]],"properties":{"name":"Deseado","gaul_code":4816,"targetarea":42.2847078,"totpop":165434.85574,"country_id":"ARG","targetpop":78632.9872112,"new_mean":0,"totalarea":63133.4948098}},{"type":"Polygon","arcs":[[599]],"properties":{"name":"Lobos","gaul_code":4451,"targetarea":5.6308975,"totpop":39688.9897798,"country_id":"ARG","targetpop":8430.3399658,"new_mean":0,"totalarea":1743.8679578}},{"type":"MultiPolygon","arcs":[[[600]],[[601]],[[602]]],"properties":{"name":"San Ignacio","gaul_code":4733,"targetarea":11.060356,"totpop":60792.4661741,"country_id":"ARG","targetpop":18709.4025879,"new_mean":0.0261116,"totalarea":1647.0797064}},{"type":"Polygon","arcs":[[603,-453,604,-450,-439,605]],"properties":{"name":"Tafi Viejo","gaul_code":4888,"targetarea":57.0327934,"totpop":212149.710105,"country_id":"ARG","targetpop":170858.787537,"new_mean":0.0136696,"totalarea":1156.4798469}},{"type":"Polygon","arcs":[[606]],"properties":{"name":"Coronel Pringles","gaul_code":4412,"targetarea":4.0630074,"totpop":21891.3860247,"country_id":"ARG","targetpop":5876.7427978,"new_mean":0,"totalarea":5240.2531075}},{"type":"MultiPolygon","arcs":[[[607]],[[608]]],"properties":{"name":"La Paz","gaul_code":4629,"targetarea":7.4273789,"totpop":64240.3030819,"country_id":"ARG","targetpop":11735.8721313,"new_mean":0.0001578,"totalarea":6531.573642}},{"type":"Polygon","arcs":[[609]],"properties":{"name":"9 De Julio","gaul_code":4825,"targetarea":4.176311,"totpop":31813.4325077,"country_id":"ARG","targetpop":6163.4066162,"new_mean":0.0086875,"totalarea":17359.9280899}},{"type":"Polygon","arcs":[[610]],"properties":{"name":"Tupungato","gaul_code":4718,"targetarea":2.1998283,"totpop":37614.6512032,"country_id":"ARG","targetpop":4161.1992798,"new_mean":1.7590602e-8,"totalarea":2497.17215}},{"type":"MultiPolygon","arcs":[[[611]],[[612]],[[613]]],"properties":{"name":"Zarate","gaul_code":4509,"targetarea":34.3123976,"totpop":131434.526708,"country_id":"ARG","targetpop":55893.2440186,"new_mean":0,"totalarea":1225.6119191}},{"type":"MultiPolygon","arcs":[[[614]],[[-87,-565,-186,615]]],"properties":{"name":"Florencio Varela","gaul_code":4420,"targetarea":97.079019,"totpop":482510.103298,"country_id":"ARG","targetpop":436347.508545,"new_mean":0,"totalarea":203.8303964}},{"type":"Polygon","arcs":[[616]],"properties":{"name":"Ushuaia","gaul_code":4872,"targetarea":19.2352603,"totpop":59867.040334,"country_id":"ARG","targetpop":35339.3470154,"new_mean":0.0000011278629,"totalarea":8850.7108515}},{"type":"Polygon","arcs":[[617]],"properties":{"name":"Iriondo","gaul_code":4833,"targetarea":7.3559308,"totpop":73613.4506517,"country_id":"ARG","targetpop":10142.1652222,"new_mean":0.0052598,"totalarea":3356.2505528}},{"type":"Polygon","arcs":[[618]],"properties":{"name":"Curuzu Cuatia","gaul_code":4598,"targetarea":7.8819272,"totpop":46783.2463499,"country_id":"ARG","targetpop":16706.2524414,"new_mean":0.0136204,"totalarea":8217.2852101}},{"type":"Polygon","arcs":[[619]],"properties":{"name":"Gobernador Gordillo","gaul_code":4696,"targetarea":2.6208899,"totpop":15040.9727459,"country_id":"ARG","targetpop":3630.4643555,"new_mean":0.0056038,"totalarea":5554.7474169}},{"type":"Polygon","arcs":[[620]],"properties":{"name":"Azul","gaul_code":4388,"targetarea":18.0333,"totpop":68154.7488516,"country_id":"ARG","targetpop":30269.996582,"new_mean":0,"totalarea":6563.0282558}},{"type":"Polygon","arcs":[[621]],"properties":{"name":"Rojas","gaul_code":4481,"targetarea":4.6788296,"totpop":23920.2147488,"country_id":"ARG","targetpop":6606.4901733,"new_mean":0.0006271,"totalarea":2022.9059393}},{"type":"Polygon","arcs":[[622]],"properties":{"name":"General San Martin","gaul_code":4573,"targetarea":29.8097714,"totpop":141027.998583,"country_id":"ARG","targetpop":54006.7977295,"new_mean":0.0006098,"totalarea":4896.8608506}},{"type":"MultiPolygon","arcs":[[[623]],[[624]]],"properties":{"name":"San Cristobal","gaul_code":4837,"targetarea":6.2334563,"totpop":73223.8480318,"country_id":"ARG","targetpop":9929.3236694,"new_mean":0.0002511,"totalarea":14387.8423721}},{"type":"Polygon","arcs":[[625]],"properties":{"name":"Gral. Martin M. Guemes","gaul_code":4774,"targetarea":7.1302981,"totpop":55746.9545261,"country_id":"ARG","targetpop":13748.4439087,"new_mean":0.0185951,"totalarea":2314.7994227}},{"type":"Polygon","arcs":[[-339,626]],"properties":{"name":"Ramallo","gaul_code":4478,"targetarea":5.2015241,"totpop":40102.0994893,"country_id":"ARG","targetpop":7289.2751465,"new_mean":0,"totalarea":1086.0891222}},{"type":"Polygon","arcs":[[627]],"properties":{"name":"Rauch","gaul_code":4479,"targetarea":4.1278777,"totpop":16008.9683383,"country_id":"ARG","targetpop":6497.2193603,"new_mean":0,"totalarea":4269.9974062}},{"type":"Polygon","arcs":[[628]],"properties":{"name":"Monte Hermoso","gaul_code":4461,"targetarea":1.8878405,"totpop":7580.9875269,"country_id":"ARG","targetpop":2513.1013794,"new_mean":0,"totalarea":203.8657511}},{"type":"Polygon","arcs":[[629]],"properties":{"name":"Choya","gaul_code":4851,"targetarea":7.6134833,"totpop":35807.6984551,"country_id":"ARG","targetpop":12460.3945313,"new_mean":0.0055649,"totalarea":6095.0103671}},{"type":"Polygon","arcs":[[630]],"properties":{"name":"Presidente Roque S Enz Pe","gaul_code":4579,"targetarea":5.6559046,"totpop":39035.9572705,"country_id":"ARG","targetpop":8541.6721191,"new_mean":0.0004636,"totalarea":8496.5686146}},{"type":"Polygon","arcs":[[631]],"properties":{"name":"Chicoana","gaul_code":4772,"targetarea":2.0845985,"totpop":23200.4887908,"country_id":"ARG","targetpop":3101.7284546,"new_mean":0.011356,"totalarea":978.3485823}},{"type":"Polygon","arcs":[[632]],"properties":{"name":"Fray Justo Santa Maria De","gaul_code":4534,"targetarea":2.0362915,"totpop":14661.5062583,"country_id":"ARG","targetpop":2598.314148,"new_mean":0.0204513,"totalarea":2952.2869773}},{"type":"Polygon","arcs":[[633]],"properties":{"name":"General Taboada","gaul_code":4854,"targetarea":7.421216,"totpop":40120.5124395,"country_id":"ARG","targetpop":13468.2854614,"new_mean":0.0134461,"totalarea":6058.3511533}},{"type":"Polygon","arcs":[[634]],"properties":{"name":"Navarro","gaul_code":4465,"targetarea":2.5000893,"totpop":18614.7159979,"country_id":"ARG","targetpop":3744.8655395,"new_mean":0,"totalarea":1608.667395}},{"type":"Polygon","arcs":[[635,-500,-555,-564]],"properties":{"name":"Avellaneda","gaul_code":4386,"targetarea":51.9432526,"totpop":364433.492493,"country_id":"ARG","targetpop":364433.492493,"new_mean":0,"totalarea":51.9432529}},{"type":"MultiPolygon","arcs":[[[636]],[[637]],[[638]],[[639]]],"properties":{"name":"Colon","gaul_code":4619,"targetarea":15.5112215,"totpop":87774.0573661,"country_id":"ARG","targetpop":26121.0871582,"new_mean":6.0179831e-7,"totalarea":3357.3591921}},{"type":"Polygon","arcs":[[640]],"properties":{"name":"Lincoln","gaul_code":4449,"targetarea":7.5409944,"totpop":42732.6814442,"country_id":"ARG","targetpop":10917.46521,"new_mean":0,"totalarea":5756.848345}},{"type":"Polygon","arcs":[[641]],"properties":{"name":"Lacar","gaul_code":4743,"targetarea":5.9863786,"totpop":36871.4868165,"country_id":"ARG","targetpop":10415.6558228,"new_mean":0,"totalarea":5027.552721}},{"type":"Polygon","arcs":[[-129,642,-408,-325]],"properties":{"name":"Capital","gaul_code":4701,"targetarea":44.5458783,"totpop":208298.10228,"country_id":"ARG","targetpop":197870.24408,"new_mean":0,"totalarea":72.7925822}},{"type":"Polygon","arcs":[[643]],"properties":{"name":"General Juan Madariaga","gaul_code":4426,"targetarea":2.4479575,"totpop":25627.2369828,"country_id":"ARG","targetpop":2671.1573486,"new_mean":0,"totalarea":3002.1437283}},{"type":"Polygon","arcs":[[644]],"properties":{"name":"Bartolome Mitre","gaul_code":4392,"targetarea":6.9105405,"totpop":31071.6038595,"country_id":"ARG","targetpop":13036.0704346,"new_mean":0.0000172,"totalarea":1232.7703701}},{"type":"Polygon","arcs":[[-557,-182,-373,-305]],"properties":{"name":"Capital","gaul_code":4792,"targetarea":28.1515738,"totpop":122128.454796,"country_id":"ARG","targetpop":109404.766968,"new_mean":0,"totalarea":184.3155209}},{"type":"Polygon","arcs":[[645]],"properties":{"name":"San Jeronimo","gaul_code":4839,"targetarea":6.7405148,"totpop":86044.0483138,"country_id":"ARG","targetpop":11027.5584717,"new_mean":0.0005291,"totalarea":4415.5577279}},{"type":"MultiPolygon","arcs":[[[646,-149]],[[-154,647,-157,648,-152,-213,649]]],"properties":{"name":"Capital","gaul_code":4569,"targetarea":362.495818,"totpop":1361138.80637,"country_id":"ARG","targetpop":1286578.32822,"new_mean":5.1326317e-7,"totalarea":576.7120166}},{"type":"Polygon","arcs":[[650]],"properties":{"name":"Pergamino","gaul_code":4472,"targetarea":26.7869507,"totpop":111264.080372,"country_id":"ARG","targetpop":51985.6446533,"new_mean":0.0007326,"totalarea":3046.3807652}},{"type":"Polygon","arcs":[[651]],"properties":{"name":"Zapala","gaul_code":4751,"targetarea":9.7352207,"totpop":37373.180989,"country_id":"ARG","targetpop":16504.1713867,"new_mean":0,"totalarea":5234.1944701}},{"type":"Polygon","arcs":[[652]],"properties":{"name":"San Carlos","gaul_code":4713,"targetarea":2.17948,"totpop":35272.1939972,"country_id":"ARG","targetpop":3586.6995239,"new_mean":0.000024,"totalarea":11606.0719126}},{"type":"Polygon","arcs":[[653]],"properties":{"name":"Famailla","gaul_code":4879,"targetarea":8.5684925,"totpop":38320.2125604,"country_id":"ARG","targetpop":15622.2966003,"new_mean":0.0165522,"totalarea":414.0836809}},{"type":"Polygon","arcs":[[654]],"properties":{"name":"Rosario De La Frontera","gaul_code":4784,"targetarea":6.1524222,"totpop":30149.9601732,"country_id":"ARG","targetpop":7992.1641846,"new_mean":0.0141837,"totalarea":5346.6686867}},{"type":"Polygon","arcs":[[655]],"properties":{"name":"Capital","gaul_code":4684,"targetarea":70.4488977,"totpop":227190.656975,"country_id":"ARG","targetpop":167508.336914,"new_mean":0.0084644,"totalarea":13494.7202215}},{"type":"Polygon","arcs":[[656]],"properties":{"name":"Capital","gaul_code":4663,"targetarea":35.6401127,"totpop":115158.44341,"country_id":"ARG","targetpop":78060.972229,"new_mean":0,"totalarea":2519.2992636}},{"type":"Polygon","arcs":[[657]],"properties":{"name":"Roque Perez","gaul_code":4482,"targetarea":1.6217448,"totpop":14600.4887686,"country_id":"ARG","targetpop":2469.5490723,"new_mean":0,"totalarea":1559.9254374}},{"type":"Polygon","arcs":[[658]],"properties":{"name":"Villaguay","gaul_code":4635,"targetarea":8.4254163,"totpop":51591.9317299,"country_id":"ARG","targetpop":15519.3054199,"new_mean":0,"totalarea":7238.4258948}},{"type":"Polygon","arcs":[[659]],"properties":{"name":"Pehuenches","gaul_code":4748,"targetarea":1.8331977,"totpop":45843.8933357,"country_id":"ARG","targetpop":2289.908081,"new_mean":0,"totalarea":9179.3294572}},{"type":"MultiPolygon","arcs":[[[660]],[[661,-606,-443]]],"properties":{"name":"Cruz Alta","gaul_code":4878,"targetarea":48.273135,"totpop":216579.894056,"country_id":"ARG","targetpop":111894.029175,"new_mean":0.0154001,"totalarea":1166.3440917}},{"type":"MultiPolygon","arcs":[[[662]],[[663]],[[664]],[[665]],[[666]]],"properties":{"name":"General Jose De San Marti","gaul_code":4773,"targetarea":36.2590312,"totpop":180118.239067,"country_id":"ARG","targetpop":72965.7246399,"new_mean":0.0240141,"totalarea":15922.5984382}},{"type":"Polygon","arcs":[[667]],"properties":{"name":"La Paz","gaul_code":4519,"targetarea":2.5224427,"totpop":23260.3482878,"country_id":"ARG","targetpop":4044.0457153,"new_mean":0.0028347,"totalarea":7889.7663699}},{"type":"Polygon","arcs":[[668]],"properties":{"name":"25 De Mayo","gaul_code":4379,"targetarea":4.8356985,"totpop":36889.4794706,"country_id":"ARG","targetpop":8003.369751,"new_mean":0,"totalarea":4749.3971284}},{"type":"Polygon","arcs":[[669]],"properties":{"name":"Copo","gaul_code":4852,"targetarea":3.3964773,"totpop":36296.4812274,"country_id":"ARG","targetpop":5300.6745606,"new_mean":0.0289722,"totalarea":13518.9655563}},{"type":"MultiPolygon","arcs":[[[670]],[[671]]],"properties":{"name":"Monteros","gaul_code":4884,"targetarea":11.9002898,"totpop":68610.457036,"country_id":"ARG","targetpop":22201.8656006,"new_mean":0.0147647,"totalarea":1192.6200933}},{"type":"Polygon","arcs":[[672]],"properties":{"name":"Pehuajo","gaul_code":4470,"targetarea":7.3117607,"totpop":41346.1826727,"country_id":"ARG","targetpop":10737.5761108,"new_mean":0,"totalarea":4516.5184914}}]}},"arcs":[[[-58.3974075,-34.9120941],[-58.4167252,-34.8858261],[-58.4095192,-34.8822403],[-58.4208133,-34.8668542]],[[-58.4208133,-34.8668542],[-58.4220057,-34.8785901],[-58.4113286,-34.8972425],[-58.4136689,-34.9202503]],[[-58.4136689,-34.9202503],[-58.3974075,-34.9120941]],[[-58.6455933,-34.8783264],[-58.6260015,-34.851108],[-58.6111521,-34.8168693]],[[-58.6111521,-34.8168693],[-58.6311035,-34.855423],[-58.6455933,-34.8783264]],[[-58.5807052,-34.8138034],[-58.59537,-34.8279228],[-58.5750005,-34.8337496],[-58.5807052,-34.8138034]],[[-58.5426381,-34.7616879],[-58.5530128,-34.7545395],[-58.5669212,-34.7607574],[-58.5755927,-34.7763715]],[[-58.5755927,-34.7763715],[-58.5426381,-34.7616879]],[[-58.5019951,-34.7263374],[-58.5135231,-34.7436829],[-58.5392036,-34.7504349],[-58.5368247,-34.7583589]],[[-58.5368247,-34.7583589],[-58.5251714,-34.7516858],[-58.4995122,-34.7729993],[-58.5267583,-34.7702243],[-58.5537847,-34.8174004],[-58.5416183,-34.8242119],[-58.512883,-34.8077568],[-58.5204513,-34.8299655],[-58.5530604,-34.8395358],[-58.5529464,-34.8707044],[-58.5889165,-34.8698336],[-58.5862798,-34.8957044],[-58.6284429,-34.8933525],[-58.6296229,-34.9048515],[-58.6127365,-34.9386569],[-58.5838953,-34.9221367],[-58.5481857,-34.9116631],[-58.5201258,-34.8778821],[-58.4982671,-34.9042005],[-58.487118,-34.8966321],[-58.4622726,-34.8616631],[-58.437826,-34.8641533],[-58.4298457,-34.8545493]],[[-58.4298457,-34.8545493],[-58.4485283,-34.8290977],[-58.4312325,-34.8204422]],[[-58.4312325,-34.8204422],[-58.5019951,-34.7263374]],[[-53.6168625,-26.2560397],[-53.6419276,-26.2387301],[-53.6608973,-26.2662041],[-53.6250005,-26.2754163],[-53.6168625,-26.2560397]],[[-53.7164442,-26.0828422],[-53.7182198,-26.0732117],[-53.7401291,-26.0470147],[-53.7328293,-26.0795993],[-53.7164442,-26.0828422]],[[-54.0265142,-25.668849],[-54.0609543,-25.6556491],[-54.0528407,-25.67929],[-54.0333338,-25.6837497],[-54.0265142,-25.668849]],[[-58.4652104,-37.1385918],[-58.5037033,-37.1507662],[-58.4833338,-37.167083],[-58.4652104,-37.1385918]],[[-65.607471,-22.0964975],[-65.6118901,-22.111598],[-65.5916671,-22.117083],[-65.5831792,-22.0959649],[-65.607471,-22.0964975]],[[-61.0847498,-31.7222425],[-61.0944748,-31.7136813],[-61.1034022,-31.7423109],[-61.0916671,-31.7504163],[-61.0847498,-31.7222425]],[[-60.9100509,-31.4454359],[-60.9329106,-31.4338636],[-60.9444666,-31.4552422],[-60.9166671,-31.4587497],[-60.9100509,-31.4454359]],[[-62.6673263,-32.872568],[-62.6869634,-32.8828463],[-62.6750005,-32.892083],[-62.6673263,-32.872568]],[[-62.6724777,-32.6197929],[-62.6958745,-32.6058769],[-62.7028732,-32.6380058],[-62.6833338,-32.642083],[-62.6724777,-32.6197929]],[[-59.9235763,-30.5724622],[-59.9369796,-30.5642835],[-59.9444666,-30.5864515],[-59.9333338,-30.592083],[-59.9235763,-30.5724622]],[[-59.7456711,-29.4901543],[-59.7612879,-29.4979993],[-59.7416671,-29.5087497],[-59.7456711,-29.4901543]],[[-58.1099696,-28.2619479],[-58.1273768,-28.2559502],[-58.1361333,-28.2714857],[-58.1166672,-28.2754163],[-58.1099696,-28.2619479]],[[-65.3004562,-27.0136325],[-65.3122645,-27.0357191],[-65.2916671,-27.042083],[-65.3004562,-27.0136325]],[[-71.0602869,-39.9459078],[-71.0726811,-39.9309501],[-71.0861332,-39.954819],[-71.0666671,-39.9587496],[-71.0602869,-39.9459078]],[[-60.5973719,-33.30547],[-60.6120366,-33.3195895],[-60.5916671,-33.3254163],[-60.5973719,-33.30547]],[[-60.822201,-33.2448825],[-60.8084315,-33.2379163],[-60.8327153,-33.2256279],[-60.8444666,-33.2464857],[-60.8250005,-33.2504163],[-60.822201,-33.2448825]],[[-60.4644943,-33.1804782],[-60.4872645,-33.1914808],[-60.4583338,-33.2004163],[-60.4644943,-33.1804782]],[[-60.4944666,-33.1532158],[-60.5055343,-33.1392835],[-60.5111333,-33.1198825],[-60.5346033,-33.1142835],[-60.5230636,-33.1379163],[-60.5357589,-33.1639092],[-60.4916671,-33.167083],[-60.4944666,-33.1532158]],[[-60.5416671,-33.117083],[-60.5416671,-33.1004163],[-60.5750005,-33.1004163],[-60.5750005,-33.117083],[-60.5416671,-33.117083]],[[-60.7953211,-33.0920748],[-60.8034022,-33.1136813],[-60.8175705,-33.1354342],[-60.7916671,-33.142083],[-60.7953211,-33.0920748]],[[-60.6942957,-33.0740735],[-60.7101567,-33.0893893],[-60.6916671,-33.092083],[-60.6942957,-33.0740735]],[[-60.6100509,-33.0871025],[-60.6373865,-33.0732679],[-60.6444666,-33.0969088],[-60.6166671,-33.1004163],[-60.6100509,-33.0871025]],[[-60.8646326,-33.0048597],[-60.8955978,-33.0153414],[-60.8750005,-33.0337497],[-60.8646326,-33.0048597]],[[-60.7651372,-32.8572197],[-60.7919845,-32.8386894],[-60.8034022,-32.8555189],[-60.7583338,-32.867083],[-60.7651372,-32.8572197]],[[-60.697605,-32.8358144],[-60.7285423,-32.8370725]],[[-60.7285423,-32.8370725],[-60.7435633,-32.8919691],[-60.7756678,-32.906292],[-60.8106613,-32.893442],[-60.8221847,-32.9068209],[-60.8489571,-32.9046664]],[[-60.8489571,-32.9046664],[-60.8626323,-32.9292359]],[[-60.8626323,-32.9292359],[-60.8430425,-32.9308118],[-60.8277674,-32.9485446],[-60.776213,-32.9344332],[-60.7452641,-32.951694],[-60.7473719,-32.9779391],[-60.7794764,-32.9876071],[-60.7955246,-32.9982435],[-60.774382,-33.0164645],[-60.7628097,-33.0298922],[-60.7503585,-33.0376071],[-60.7372075,-32.9939303],[-60.7026209,-32.9967054],[-60.6878097,-33.0298922],[-60.654395,-33.0465996],[-60.629452,-33.0445976],[-60.6206466,-33.0643486],[-60.5871912,-33.0792737],[-60.5794764,-33.0882256],[-60.5461431,-33.0901543],[-60.5711431,-33.0548922],[-60.6111658,-32.9954603],[-60.6215011,-32.9499687],[-60.663177,-32.9140671],[-60.6744347,-32.9043692],[-60.6760306,-32.9023622],[-60.6794275,-32.8910783],[-60.6955246,-32.8376071],[-60.697605,-32.8358144]],[[-68.9744959,-33.0472995],[-68.9927739,-33.0709811],[-68.9666671,-33.0754163],[-68.9744959,-33.0472995]],[[-68.8567048,-33.0321698],[-68.8560124,-33.0279564],[-68.8514816,-33.0003838],[-68.8869633,-33.0217868],[-68.9048507,-33.029111],[-68.903573,-33.0377617],[-68.8583338,-33.042083],[-68.8567048,-33.0321698]],[[-68.8750004,-32.9754163],[-68.8943445,-32.9887708],[-68.8680262,-33.003818],[-68.8750004,-32.9754163]],[[-68.8194497,-32.9774116],[-68.8088379,-32.9603996],[-68.8224258,-32.9574432]],[[-68.8224258,-32.9574432],[-68.8780899,-32.9561996]],[[-68.8780899,-32.9561996],[-68.8783668,-32.9666661]],[[-68.8783668,-32.9666661],[-68.8750004,-32.9754163]],[[-68.8750004,-32.9754163],[-68.8666671,-32.9754163],[-68.8602869,-32.9866061],[-68.8260014,-32.9736748],[-68.8194497,-32.9774116]],[[-54.977092,-27.1980645],[-54.9862879,-27.2128594],[-54.9666672,-27.217083],[-54.977092,-27.1980645]],[[-54.8919357,-27.0799411],[-54.9040044,-27.1032077],[-54.8750005,-27.1087497],[-54.8919357,-27.0799411]],[[-54.6756597,-27.0142347],[-54.6952967,-27.024513],[-54.6833338,-27.0337497],[-54.6756597,-27.0142347]],[[-67.0720464,-39.1117037],[-67.055632,-39.1027031],[-67.0900721,-39.0838229],[-67.1079676,-39.0911959],[-67.0986007,-39.1139254],[-67.0750005,-39.117083],[-67.0720464,-39.1117037]],[[-67.536589,-39.0203382],[-67.5634119,-39.0138278],[-67.5906743,-38.9920748],[-67.611589,-39.0209973],[-67.5938888,-39.0468437],[-67.5333338,-39.0504163],[-67.536589,-39.0203382]],[[-67.8333338,-38.992083],[-67.800326,-38.9821464],[-67.8203618,-38.9632255],[-67.8538579,-38.9732434],[-67.8333338,-38.992083]],[[-67.9083338,-38.9587496],[-67.9083338,-38.942083],[-67.9416671,-38.942083],[-67.9416671,-38.9587496],[-67.9083338,-38.9587496]],[[-68.0149854,-38.9590283],[-68.0121505,-38.9524915],[-67.972559,-38.9565279],[-67.9545496,-38.9250989],[-67.9786788,-38.9060234],[-68.0128829,-38.9208671],[-68.0237309,-38.9458671],[-68.0523854,-38.9225454]],[[-68.0523854,-38.9225454],[-68.0396652,-38.9391136],[-68.0149854,-38.9590283]],[[-68.0527999,-38.8198824],[-68.0705408,-38.8142835],[-68.0777999,-38.8387708],[-68.0416671,-38.842083],[-68.0527999,-38.8198824]],[[-67.7723963,-37.8681816],[-67.8002039,-37.855649],[-67.8114344,-37.8881035],[-67.7833338,-37.892083],[-67.7723963,-37.8681816]],[[-64.3819096,-33.9141289],[-64.395313,-33.9059502],[-64.4027999,-33.9281181],[-64.3916671,-33.9337496],[-64.3819096,-33.9141289]],[[-64.0161789,-33.6409931],[-64.0087163,-33.624334],[-64.0365076,-33.6298597],[-64.0183426,-33.6410508],[-64.0161789,-33.6409931]],[[-64.7236495,-33.3722343],[-64.7369634,-33.3872164],[-64.7083338,-33.392083],[-64.7236495,-33.3722343]],[[-64.4256596,-33.197568],[-64.4452967,-33.2078463],[-64.4333338,-33.217083],[-64.4256596,-33.197568]],[[-64.350619,-33.1581312],[-64.3044927,-33.1442396],[-64.3213139,-33.1297457],[-64.3093673,-33.0972018],[-64.3340011,-33.0862073],[-64.3928553,-33.1078219],[-64.3769943,-33.1510023],[-64.3583338,-33.167083],[-64.350619,-33.1581312]],[[-64.3337895,-32.7386325],[-64.3455978,-32.7607191],[-64.3250005,-32.767083],[-64.3337895,-32.7386325]],[[-62.9712645,-40.8121986],[-62.9681401,-40.7870618],[-62.9954595,-40.7864108],[-63.0024912,-40.7951987]],[[-63.0024912,-40.7951987],[-62.9712645,-40.8121986]],[[-60.20363,-26.8623792],[-60.2226405,-26.8477064],[-60.2369634,-26.8774671],[-60.2000005,-26.8837497],[-60.20363,-26.8623792]],[[-58.7367325,-34.4616508],[-58.7455635,-34.469902],[-58.7705231,-34.4824448],[-58.8183212,-34.4219933],[-58.8227921,-34.4289207],[-58.8211481,-34.461727]],[[-58.8211481,-34.461727],[-58.8194859,-34.4632302],[-58.8145901,-34.4722382],[-58.812869,-34.4825853]],[[-58.812869,-34.4825853],[-58.8117943,-34.4917603],[-58.8234787,-34.5133934]],[[-58.8234787,-34.5133934],[-58.7774315,-34.5630951],[-58.7143631,-34.6104889]],[[-58.7143631,-34.6104889],[-58.6975136,-34.6007576],[-58.6589127,-34.5712776],[-58.6467018,-34.5679512]],[[-58.6467018,-34.5679512],[-58.6395836,-34.5607147],[-58.6353111,-34.5589447],[-58.6336441,-34.5590973],[-58.6310387,-34.5570068],[-58.6268272,-34.5518341],[-58.6193237,-34.551899]],[[-58.6193237,-34.551899],[-58.6080322,-34.5402374]],[[-58.6080322,-34.5402374],[-58.6235408,-34.5270311]],[[-58.6235408,-34.5270311],[-58.6333338,-34.5587496],[-58.6377365,-34.554819],[-58.6455978,-34.5460136],[-58.6705978,-34.534539],[-58.6423857,-34.5109838]],[[-58.6423857,-34.5109838],[-58.6787224,-34.4800415],[-58.7064323,-34.4454117]],[[-58.7064323,-34.4454117],[-58.7367325,-34.4616508]],[[-64.2267075,-27.8152657],[-64.2383194,-27.81003],[-64.2818832,-27.7671757],[-64.3053332,-27.7519875]],[[-64.3053332,-27.7519875],[-64.3020187,-27.7879163],[-64.3075119,-27.8198337],[-64.2904464,-27.832529],[-64.2737391,-27.8549818],[-64.2333338,-27.8587497],[-64.2174228,-27.8302849]],[[-64.2174228,-27.8302849],[-64.2183075,-27.817215],[-64.2267075,-27.8152657]],[[-61.7140386,-36.2888033],[-61.7287033,-36.3029228],[-61.7083338,-36.3087496],[-61.7140386,-36.2888033]],[[-58.086081,-34.8393774],[-58.1044764,-34.8459404],[-58.1149164,-34.8626059]],[[-58.1149164,-34.8626059],[-58.086081,-34.8393774]],[[-58.1992371,-34.7412296],[-58.2684479,-34.7772675]],[[-58.2684479,-34.7772675],[-58.2537346,-34.7939644],[-58.2264748,-34.8098564],[-58.2031822,-34.816082],[-58.1962471,-34.8245316],[-58.1811523,-34.8690186],[-58.1990984,-34.884504]],[[-58.1990984,-34.884504],[-58.1799667,-34.9187885]],[[-58.1799667,-34.9187885],[-58.1628668,-34.9040099]],[[-58.1628668,-34.9040099],[-58.1598882,-34.8747571],[-58.1768071,-34.8452161],[-58.1547124,-34.8474703],[-58.1550705,-34.8248873],[-58.1333338,-34.8004163],[-58.1376632,-34.7860446],[-58.1694748,-34.7586438],[-58.1729865,-34.7507728],[-58.1992371,-34.7412296]],[[-61.1221847,-33.5303561],[-61.1367355,-33.5431246],[-61.1083338,-33.5504163],[-61.1221847,-33.5303561]],[[-60.3083338,-33.2504163],[-60.3083338,-33.2587496],[-60.2916671,-33.2587496],[-60.2916671,-33.2504163],[-60.3083338,-33.2504163]],[[-60.3083338,-33.2504163],[-60.3271815,-33.2143161],[-60.3531011,-33.2220309],[-60.3354334,-33.2465752],[-60.3083338,-33.2504163]],[[-55.7319097,-27.4557956],[-55.7453939,-27.4478564],[-55.7528,-27.4697848],[-55.7416672,-27.4754163],[-55.7319097,-27.4557956]],[[-63.4270919,-27.9230644],[-63.4362879,-27.9378594],[-63.4166671,-27.942083],[-63.4270919,-27.9230644]],[[-65.7942957,-28.5240736],[-65.8101567,-28.5393893],[-65.7916671,-28.542083],[-65.7942957,-28.5240736]],[[-65.7323894,-28.4429621],[-65.7469568,-28.4469495],[-65.7755783,-28.4137383],[-65.8215092,-28.4670423],[-65.8218592,-28.5048353],[-65.7761635,-28.5086525],[-65.772778,-28.5013697],[-65.7529952,-28.4703382],[-65.7439214,-28.4710669]],[[-65.7439214,-28.4710669],[-65.7355652,-28.4577599],[-65.7323894,-28.4429621]],[[-59.230925,-29.1268812],[-59.2622157,-29.1134534],[-59.2869634,-29.1708997],[-59.2500005,-29.1754163],[-59.230925,-29.1268812]],[[-56.8715988,-37.1371513],[-56.8549484,-37.1256604],[-56.8465988,-37.105942],[-56.8752284,-37.0970146],[-56.8977137,-37.1295748],[-56.8750005,-37.1504163],[-56.8715988,-37.1371513]],[[-64.9937667,-31.7156914],[-65.0228764,-31.69686],[-65.01731,-31.7292086],[-65.0000005,-31.742083],[-64.9937667,-31.7156914]],[[-56.6707687,-36.7204475],[-56.6778145,-36.6730766],[-56.6882817,-36.6823418],[-56.6858892,-36.7121106],[-56.7018885,-36.7258883],[-56.6748349,-36.7447283],[-56.6707687,-36.7204475]],[[-56.6861333,-36.5282158],[-56.704395,-36.5226168],[-56.7194666,-36.5447848],[-56.7028,-36.5532158],[-56.6965093,-36.5937513],[-56.6833338,-36.6004163],[-56.6861333,-36.5282158]],[[-56.6947433,-36.4760348],[-56.7111333,-36.4905693],[-56.6916672,-36.5004163],[-56.6947433,-36.4760348]],[[-56.7191734,-36.3565483],[-56.7247319,-36.3716647],[-56.7106574,-36.3748847],[-56.7191734,-36.3565483]],[[-68.4519857,-33.0908118],[-68.4414067,-33.074806],[-68.4578943,-33.055348],[-68.4958338,-33.0638522],[-68.5047775,-33.0618421],[-68.5117355,-33.0756442],[-68.4984402,-33.084825]],[[-68.4984402,-33.084825],[-68.4944687,-33.0799179],[-68.4519857,-33.0908118]],[[-68.5750698,-33.0614056],[-68.5416671,-33.067083],[-68.5360682,-33.0528414],[-68.5628412,-33.0321714]],[[-68.5628412,-33.0321714],[-68.5670166,-33.0374298]],[[-68.5670166,-33.0374298],[-68.5650101,-33.0444565],[-68.5750698,-33.0614056]],[[-59.3655943,-26.3239971],[-59.3583338,-26.3254163],[-59.3614588,-26.299863],[-59.3852148,-26.3039258]],[[-59.3852148,-26.3039258],[-59.3655943,-26.3239971]],[[-59.0917404,-25.7337985],[-59.0998866,-25.7171237],[-59.1266444,-25.7301934],[-59.1185959,-25.7466647],[-59.1000005,-25.7504163],[-59.0917404,-25.7337985]],[[-65.0307052,-42.80547],[-65.0453699,-42.8195895],[-65.0250005,-42.8254163],[-65.0307052,-42.80547]],[[-65.0178452,-42.7871246],[-65.0327911,-42.7751923],[-65.0380859,-42.7636642],[-65.0345203,-42.7324481],[-65.0404301,-42.7051282],[-65.0573898,-42.7263115],[-65.0703699,-42.7717135],[-65.0801518,-42.7883557],[-65.0178452,-42.7871246]],[[-64.51896,-31.4645799],[-64.510994,-31.4407063],[-64.4940796,-31.4111843],[-64.4651092,-31.3922535]],[[-64.4651092,-31.3922535],[-64.4956548,-31.4059339],[-64.5041671,-31.403289],[-64.5316085,-31.411834],[-64.5158208,-31.4343193],[-64.5248133,-31.4632012],[-64.51896,-31.4645799]],[[-64.4520268,-31.3127291],[-64.4619796,-31.2976168],[-64.4694666,-31.3197848],[-64.4583338,-31.3254163],[-64.4520268,-31.3127291]],[[-64.4531173,-31.2375176],[-64.4653325,-31.2220146],[-64.4784022,-31.2535983],[-64.4583338,-31.2587497],[-64.4531173,-31.2375176]],[[-64.4701583,-31.0959404],[-64.4845789,-31.0720309],[-64.5000656,-31.0634534],[-64.4929529,-31.1115573],[-64.4750005,-31.1254163],[-64.4701583,-31.0959404]],[[-64.5223719,-30.8471367],[-64.5370366,-30.8612562],[-64.5166671,-30.867083],[-64.5223719,-30.8471367]],[[-63.8833338,-27.9337497],[-63.8833338,-27.9087497],[-63.9000005,-27.9087497],[-63.9000005,-27.9337497],[-63.8833338,-27.9337497]],[[-63.9673263,-27.8642347],[-63.9869634,-27.874513],[-63.9750005,-27.8837497],[-63.9673263,-27.8642347]],[[-64.2174228,-27.8302849],[-64.2131108,-27.8175957],[-64.2200288,-27.8124477]],[[-64.2200288,-27.8124477],[-64.2267075,-27.8152657]],[[-68.8780899,-32.9561996],[-68.8816946,-32.9561552]],[[-68.8816946,-32.9561552],[-68.8783668,-32.9666661]],[[-68.7621872,-32.8478943],[-68.7589523,-32.8218681],[-68.7877771,-32.8388115],[-68.7964279,-32.8182793],[-68.828337,-32.7927259],[-68.8479334,-32.8319105],[-68.8727218,-32.8288261],[-68.8870366,-32.8467135],[-68.9134186,-32.8596956]],[[-68.9134186,-32.8596956],[-68.82621,-32.8609619],[-68.8170395,-32.8728676]],[[-68.8170395,-32.8728676],[-68.8000641,-32.8630371],[-68.7621872,-32.8478943]],[[-69.3390385,-32.58047],[-69.3537032,-32.5945895],[-69.3333338,-32.6004163],[-69.3390385,-32.58047]],[[-57.7133387,-25.3037448],[-57.6974207,-25.2931572],[-57.717896,-25.2720879],[-57.7616623,-25.2863376],[-57.7366623,-25.2954115],[-57.7300054,-25.3054212],[-57.7133387,-25.3037448]],[[-61.1679529,-27.2169691],[-61.1964604,-27.1970146],[-61.2117355,-27.2243258],[-61.1750005,-27.2337497],[-61.1679529,-27.2169691]],[[-54.1922879,-27.30383],[-54.1947433,-27.2843682],[-54.2111333,-27.2989027],[-54.1922879,-27.30383]],[[-54.4666672,-27.0087497],[-54.4689946,-26.9653333],[-54.5102788,-27.0064141],[-54.4666672,-27.0087497]],[[-65.5223556,-27.4197279],[-65.5091313,-27.4135755],[-65.5225753,-27.3977715],[-65.5359786,-27.4202975],[-65.5223556,-27.4197279]],[[-65.571379,-27.338665],[-65.6159835,-27.3301934],[-65.6103357,-27.363014],[-65.5666671,-27.367083],[-65.571379,-27.338665]],[[-62.6937586,-38.8147311],[-62.7029546,-38.829526],[-62.6833338,-38.8337496],[-62.6937586,-38.8147311]],[[-57.8687152,-34.9382597],[-57.9038579,-34.9065768],[-57.8961431,-34.8959404],[-57.8294764,-34.8857841],[-57.8394455,-34.8773694],[-57.8711431,-34.8632256],[-57.8937739,-34.8505993]],[[-57.8937739,-34.8505993],[-57.9070663,-34.8747025],[-57.9359894,-34.9004402]],[[-57.9359894,-34.9004402],[-57.8997498,-34.928791],[-57.8687152,-34.9382597]],[[-64.4166671,-23.4087497],[-64.4166671,-23.3837497],[-64.4333338,-23.3837497],[-64.4333338,-23.4087497],[-64.4166671,-23.4087497]],[[-64.2009526,-23.3099704],[-64.2236658,-23.2970147],[-64.2367355,-23.3285983],[-64.2166671,-23.3337497],[-64.2009526,-23.3099704]],[[-64.2819829,-23.2305677],[-64.2952967,-23.2455498],[-64.2666671,-23.2504164],[-64.2819829,-23.2305677]],[[-64.30009,-23.1251966],[-64.3285568,-23.1136813],[-64.3367355,-23.1542738],[-64.3083338,-23.1587497],[-64.30009,-23.1251966]],[[-68.9109624,-49.9740735],[-68.9268234,-49.9893892],[-68.9083338,-49.9920829],[-68.9109624,-49.9740735]],[[-63.7299321,-35.6673108],[-63.7388595,-35.6386813],[-63.7783777,-35.6469007],[-63.7867111,-35.6840752],[-63.7622645,-35.6785983],[-63.7500005,-35.6837496],[-63.7299321,-35.6673108]],[[-64.0599496,-31.4162656],[-64.0555343,-31.3948825],[-64.0407964,-31.3763278],[-64.0524012,-31.3559502],[-64.060944,-31.3601229]],[[-64.060944,-31.3601229],[-64.0599496,-31.4162656]],[[-64.3175141,-31.3333048],[-64.3311772,-31.3132256],[-64.3532394,-31.3388929],[-64.3547941,-31.3582505]],[[-64.3547941,-31.3582505],[-64.3352814,-31.3554783],[-64.3174362,-31.347517]],[[-64.3174362,-31.347517],[-64.3175141,-31.3333048]],[[-64.1648307,-31.3148436],[-64.1728439,-31.2882256],[-64.1883712,-31.3062838],[-64.1876923,-31.3147327]],[[-64.1876923,-31.3147327],[-64.1648307,-31.3148436]],[[-64.1640385,-31.2638034],[-64.1787033,-31.2779228],[-64.1583338,-31.2837497],[-64.1640385,-31.2638034]],[[-64.2020813,-31.3146628],[-64.2049728,-31.311305],[-64.2379155,-31.313958],[-64.2371424,-31.30429],[-64.2779139,-31.2920097],[-64.3068527,-31.222039],[-64.3288579,-31.2202731],[-64.321143,-31.2382256],[-64.3096359,-31.2481377],[-64.3128341,-31.2879163],[-64.3131543,-31.3141238]],[[-64.3131543,-31.3141238],[-64.2020813,-31.3146628]],[[-64.3170089,-31.1553887],[-64.3289311,-31.1767916],[-64.2916671,-31.1837497],[-64.3170089,-31.1553887]],[[-64.2961675,-31.1164971],[-64.3027999,-31.1381523],[-64.2833338,-31.142083],[-64.2961675,-31.1164971]],[[-64.0750005,-31.0087497],[-64.0611496,-31.0288099],[-64.0465988,-31.0160413],[-64.0750005,-31.0087497]],[[-64.0750005,-31.0087497],[-64.0800379,-30.9964938],[-64.0738716,-30.9652913]],[[-64.0738716,-30.9652913],[-64.0973587,-30.9737759],[-64.1096911,-30.9715299]],[[-64.1096911,-30.9715299],[-64.1284835,-30.9752861],[-64.1118169,-30.9872327],[-64.1013758,-31.0017917],[-64.0750005,-31.0087497]],[[-58.478896,-34.4944072],[-58.4791107,-34.4860916],[-58.4930267,-34.4723587],[-58.519753,-34.4537738]],[[-58.519753,-34.4537738],[-58.5998688,-34.4923248]],[[-58.5998688,-34.4923248],[-58.6007156,-34.4946594]],[[-58.6007156,-34.4946594],[-58.5543098,-34.5352211]],[[-58.5543098,-34.5352211],[-58.5319405,-34.5182381],[-58.478896,-34.4944072]],[[-61.1028,-36.2198824],[-61.123145,-36.2142835],[-61.1361333,-36.2387708],[-61.1000005,-36.242083],[-61.1028,-36.2198824]],[[-69.1877364,-51.6460136],[-69.1787277,-51.6379732],[-69.1978149,-51.6283035],[-69.1912339,-51.6200689],[-69.1977137,-51.6107922],[-69.267017,-51.5964856],[-69.2789311,-51.6441093],[-69.1916671,-51.6504162],[-69.1877364,-51.6460136]],[[-72.2016362,-51.5786145],[-72.2190434,-51.5726168],[-72.2277999,-51.5881522],[-72.2083338,-51.5920829],[-72.2016362,-51.5786145]],[[-72.3390222,-51.5447278],[-72.325798,-51.5385754],[-72.339242,-51.5227714],[-72.3526453,-51.5452974],[-72.3390222,-51.5447278]],[[-65.3877371,-24.7167767],[-65.389185,-24.7057142],[-65.4371912,-24.7160658],[-65.4348981,-24.7201761]],[[-65.4348981,-24.7201761],[-65.4137573,-24.7197876],[-65.3957901,-24.7231827],[-65.3877371,-24.7167767]],[[-65.4756596,-24.8892347],[-65.4952967,-24.899513],[-65.4833338,-24.9087497],[-65.4756596,-24.8892347]],[[-65.4917672,-24.8560836],[-65.5159096,-24.8557793]],[[-65.5159096,-24.8557793],[-65.5123956,-24.8613144],[-65.5115633,-24.8626252],[-65.504631,-24.8735446],[-65.4917672,-24.8560836]],[[-65.4282399,-24.8634473],[-65.4511948,-24.8565025],[-65.4785341,-24.8555513]],[[-65.4785341,-24.8555513],[-65.4822433,-24.8743259],[-65.4282399,-24.8634473]],[[-68.4995773,-31.4903653],[-68.5130213,-31.4841972],[-68.5140385,-31.454819],[-68.5319585,-31.4748711],[-68.6213743,-31.5024831]],[[-68.6213743,-31.5024831],[-68.5556488,-31.501606]],[[-68.5556488,-31.501606],[-68.5393906,-31.49827],[-68.5109406,-31.4968853]],[[-68.5109406,-31.4968853],[-68.4995773,-31.4903653]],[[-58.6206711,-28.2484876],[-58.6362879,-28.2563327],[-58.6166672,-28.267083],[-58.6206711,-28.2484876]],[[-58.3469334,-34.8881199],[-58.3368169,-34.8797213],[-58.3537847,-34.8500989],[-58.3419683,-34.8304619],[-58.3183471,-34.8280571]],[[-58.3183471,-34.8280571],[-58.3336716,-34.8091583],[-58.3107986,-34.7968712]],[[-58.3107986,-34.7968712],[-58.3372574,-34.7585869]],[[-58.3372574,-34.7585869],[-58.3628044,-34.7711029],[-58.359581,-34.7749901],[-58.411377,-34.8018265],[-58.4059982,-34.8080406],[-58.4312325,-34.8204422]],[[-58.4298457,-34.8545493],[-58.4208133,-34.8668542]],[[-58.3974075,-34.9120941],[-58.3469334,-34.8881199]],[[-65.0763801,-40.8056171],[-65.0660893,-40.7886487],[-65.1040857,-40.8103528],[-65.0893517,-40.8151313],[-65.0763801,-40.8056171]],[[-55.1270269,-27.8710625],[-55.1369797,-27.8559502],[-55.1444666,-27.8781182],[-55.1333338,-27.8837497],[-55.1270269,-27.8710625]],[[-60.0206711,-36.3484876],[-60.0362879,-36.3563326],[-60.0166671,-36.367083],[-60.0206711,-36.3484876]],[[-60.8666671,-35.4587496],[-60.8666671,-35.4337496],[-60.9000005,-35.4337496],[-60.9000005,-35.4587496],[-60.8666671,-35.4587496]],[[-58.72037,-28.5779228],[-58.7000005,-28.5837497],[-58.7057052,-28.5638034],[-58.7199194,-28.5774891],[-58.72037,-28.5779228]],[[-60.0361333,-26.9198825],[-60.0540451,-26.9108249],[-60.0666265,-26.9169691],[-60.0557378,-26.9392591],[-60.0333338,-26.942083],[-60.0361333,-26.9198825]],[[-61.5973719,-32.7721367],[-61.6120366,-32.7862562],[-61.5916671,-32.792083],[-61.5973719,-32.7721367]],[[-61.5173384,-32.6760483],[-61.5365076,-32.6798597],[-61.5207201,-32.689586],[-61.5173384,-32.6760483]],[[-61.5723719,-32.4638034],[-61.5870366,-32.4779228],[-61.5666671,-32.4837497],[-61.5723719,-32.4638034]],[[-60.8218999,-31.756528],[-60.8534022,-31.7785983],[-60.8333338,-31.7837497],[-60.8218999,-31.756528]],[[-60.7866297,-31.7131605],[-60.7884445,-31.7039645],[-60.7473719,-31.6931247],[-60.7563725,-31.6476087],[-60.8184005,-31.6598646],[-60.7989181,-31.6738375],[-60.8082443,-31.7210462],[-60.7916671,-31.7254163],[-60.7866297,-31.7131605]],[[-60.6069259,-31.6395114],[-60.5681483,-31.6113701],[-60.5733403,-31.5964857],[-60.6455978,-31.6414808],[-60.6166671,-31.6504163],[-60.6069259,-31.6395114]],[[-60.7133387,-31.5554212],[-60.7199956,-31.5287448],[-60.7281173,-31.5379163],[-60.7328781,-31.5567965],[-60.7606206,-31.549806],[-60.7527511,-31.5810234],[-60.7247156,-31.6166761],[-60.7432215,-31.644386],[-60.7366541,-31.6704277],[-60.7166671,-31.6754163],[-60.6949956,-31.6637545],[-60.6883387,-31.6537448],[-60.6638514,-31.6448581],[-60.65363,-31.6474378],[-60.646672,-31.6394951],[-60.6770513,-31.6284681],[-60.6611007,-31.604583],[-60.671672,-31.5887545],[-60.6792811,-31.5677829],[-60.7133387,-31.5554212]],[[-60.6723719,-31.50547],[-60.6870366,-31.5195895],[-60.6666671,-31.5254163],[-60.6723719,-31.50547]],[[-60.7151209,-31.4799004],[-60.7624191,-31.4966077],[-60.7250005,-31.5087497],[-60.7151209,-31.4799004]],[[-60.6548263,-31.288665],[-60.67863,-31.3091077],[-60.6500005,-31.317083],[-60.6548263,-31.288665]],[[-60.7557052,-31.25547],[-60.7703699,-31.2695895],[-60.7500005,-31.2754163],[-60.7557052,-31.25547]],[[-58.7819829,-30.938901],[-58.7952967,-30.9538831],[-58.7666672,-30.9587497],[-58.7819829,-30.938901]],[[-64.2873377,-31.8068209],[-64.3029546,-31.814666],[-64.2833338,-31.8254163],[-64.2873377,-31.8068209]],[[-64.4120366,-31.6541191],[-64.4310307,-31.6389173],[-64.4537033,-31.6614108],[-64.4083338,-31.667083],[-64.4120366,-31.6541191]],[[-64.51896,-31.4645799],[-64.5083338,-31.467083],[-64.4836593,-31.4192152],[-64.4615076,-31.4055758],[-64.4651092,-31.3922535]],[[-64.3547941,-31.3582505],[-64.3375005,-31.3639173],[-64.3173565,-31.3622995]],[[-64.3173565,-31.3622995],[-64.3174362,-31.347517]],[[-58.5225364,-34.4518383],[-58.5416718,-34.4387894],[-58.5620995,-34.4364738],[-58.5810204,-34.4505768],[-58.5960426,-34.4541283],[-58.5992851,-34.4771614],[-58.6072655,-34.4861679],[-58.5998688,-34.4923248]],[[-58.519753,-34.4537738],[-58.5225364,-34.4518383]],[[-60.8920496,-27.674334],[-60.919841,-27.6798597],[-60.9000005,-27.692083],[-60.8920496,-27.674334]],[[-60.6916753,-27.5688734],[-60.7194992,-27.554819],[-60.7455978,-27.5780042],[-60.7000005,-27.592083],[-60.6916753,-27.5688734]],[[-60.41141,-27.2760348],[-60.4278,-27.2905693],[-60.4083338,-27.3004163],[-60.41141,-27.2760348]],[[-61.0836024,-33.8921969],[-61.1058273,-33.8808769],[-61.1195399,-33.9051282],[-61.0916671,-33.9087496],[-61.0836024,-33.8921969]],[[-60.2850591,-36.8819267],[-60.3270024,-36.8676364],[-60.3531743,-36.8893974],[-60.3270187,-36.9216891],[-60.2916671,-36.9254163],[-60.2971847,-36.9130953],[-60.293547,-36.901401],[-60.2651779,-36.9102389],[-60.2850591,-36.8819267]],[[-58.7456385,-27.4369398],[-58.7638188,-27.4479017],[-58.7861821,-27.4445977],[-58.8054855,-27.456235],[-58.8244959,-27.4534274],[-58.8619634,-27.4687594],[-58.8540369,-27.4902601],[-58.8295903,-27.5219251],[-58.8095138,-27.5189629],[-58.7880376,-27.5467868],[-58.7793299,-27.5360446],[-58.7464849,-27.540903],[-58.7702967,-27.5014173],[-58.7395838,-27.4940931],[-58.7047043,-27.4992526],[-58.7119634,-27.4873792],[-58.7702967,-27.4774671],[-58.7547043,-27.4623792],[-58.7328944,-27.4534518],[-58.7456385,-27.4369398]],[[-54.6016362,-26.0202813],[-54.6190435,-26.0142835],[-54.6278,-26.029819],[-54.6083338,-26.0337497],[-54.6016362,-26.0202813]],[[-54.5537928,-25.9566257],[-54.5855799,-25.972153],[-54.5500005,-25.9754163],[-54.5537928,-25.9566257]],[[-54.5776291,-25.9074069],[-54.5934901,-25.9227227],[-54.5750005,-25.9254163],[-54.5776291,-25.9074069]],[[-54.5533778,-25.6287285],[-54.5543788,-25.6034681],[-54.5652569,-25.5933914],[-54.5875921,-25.5943524],[-54.589006,-25.6301364],[-54.5533778,-25.6287285]],[[-58.8916672,-34.592083],[-58.883319,-34.5944309]],[[-58.883319,-34.5944309],[-58.889983,-34.5855154]],[[-58.889983,-34.5855154],[-58.8916672,-34.592083]],[[-58.8871002,-34.5826683],[-58.8886762,-34.5804198]],[[-58.8886762,-34.5804198],[-58.8895601,-34.5838663]],[[-58.8895601,-34.5838663],[-58.8871002,-34.5826683]],[[-58.8916672,-34.592083],[-58.9212977,-34.5883802],[-58.947437,-34.5783297],[-58.978866,-34.596803],[-59.0037033,-34.5937187],[-58.9711756,-34.6218112],[-58.9549948,-34.6201966]],[[-58.9549948,-34.6201966],[-58.9696655,-34.609745],[-58.9573784,-34.5993423],[-58.9360962,-34.6060791],[-58.913456,-34.6235657],[-58.9192186,-34.6264245]],[[-58.9192186,-34.6264245],[-58.8920985,-34.6311455],[-58.8821122,-34.6436153]],[[-58.8821122,-34.6436153],[-58.8814011,-34.6331711],[-58.8647118,-34.6216011],[-58.8823281,-34.5957566]],[[-58.8823281,-34.5957566],[-58.8916672,-34.592083]],[[-64.2200288,-27.8124477],[-64.2297775,-27.8051934],[-64.2403813,-27.7785251],[-64.2200363,-27.7633883],[-64.2216313,-27.754111],[-64.2117029,-27.7467217],[-64.2139328,-27.7337497],[-64.2108078,-27.7155612],[-64.2672612,-27.7051934],[-64.2786137,-27.7470635],[-64.3070236,-27.7421725],[-64.3053332,-27.7519875]],[[-64.1307052,-27.5638034],[-64.1453699,-27.5779228],[-64.1250005,-27.5837497],[-64.1307052,-27.5638034]],[[-64.3411951,-30.4055107],[-64.3619634,-30.4288831],[-64.3333338,-30.4337497],[-64.3411951,-30.4055107]],[[-64.495671,-30.206821],[-64.5112879,-30.214666],[-64.4916671,-30.2254163],[-64.495671,-30.206821]],[[-61.7460698,-36.604347],[-61.7307703,-36.5906832],[-61.7622645,-36.5977877],[-61.7460698,-36.604347]],[[-59.7605555,-35.6333834],[-59.7691411,-35.6131523],[-59.8039311,-35.6434583],[-59.7666671,-35.6504163],[-59.7605555,-35.6333834]],[[-58.7083338,-34.367083],[-58.7099813,-34.3632308],[-58.715201,-34.3658728],[-58.7083338,-34.367083]],[[-58.7083338,-34.367083],[-58.7128882,-34.3757274]],[[-58.7128882,-34.3757274],[-58.705883,-34.3793983],[-58.7163162,-34.3986473],[-58.7351151,-34.4086761],[-58.7064323,-34.4454117]],[[-58.6423857,-34.5109838],[-58.6350021,-34.504819],[-58.603272,-34.5128512],[-58.621786,-34.5213473],[-58.6235408,-34.5270311]],[[-58.6080322,-34.5402374],[-58.6019402,-34.5258217],[-58.6007156,-34.4946594]],[[-58.5225364,-34.4518383],[-58.5413933,-34.4370766],[-58.5489807,-34.4357834],[-58.5538579,-34.4209404],[-58.5869145,-34.4002373],[-58.6544764,-34.3798922],[-58.6900046,-34.3520641],[-58.6960391,-34.3561738],[-58.7083338,-34.367083]],[[-64.1399406,-25.1221205],[-64.1166671,-25.1254163],[-64.121143,-25.1058525],[-64.1418936,-25.1195409],[-64.1399406,-25.1221205]],[[-64.1937586,-24.7147311],[-64.2029546,-24.7295261],[-64.1833338,-24.7337497],[-64.1937586,-24.7147311]],[[-65.607664,-27.409913],[-65.6361333,-27.432236],[-65.6179529,-27.4551283],[-65.6000005,-27.4587497],[-65.6062098,-27.4462578],[-65.5980636,-27.429583],[-65.606466,-27.4123675],[-65.607664,-27.409913]],[[-58.9394536,-34.1719821],[-58.9366704,-34.1531425],[-58.994369,-34.144622],[-58.97863,-34.1707125],[-58.9676193,-34.197625],[-58.9538416,-34.1955823],[-58.9250005,-34.2087496],[-58.9394536,-34.1719821]],[[-58.4675521,-34.5398101],[-58.4721146,-34.5295868],[-58.478896,-34.4944072]],[[-58.5543098,-34.5352211],[-58.5381699,-34.5492668],[-58.5242157,-34.5566025],[-58.5102959,-34.574501]],[[-58.5102959,-34.574501],[-58.500515,-34.5540886],[-58.4675521,-34.5398101]],[[-58.8871002,-34.5826683],[-58.8687592,-34.5725861],[-58.8466422,-34.5516904]],[[-58.8466422,-34.5516904],[-58.8886762,-34.5804198]],[[-58.8281072,-34.5218067],[-58.8234787,-34.5133934]],[[-58.812869,-34.4825853],[-58.8367355,-34.476458],[-58.8211481,-34.461727]],[[-58.7367325,-34.4616508],[-58.7744179,-34.4106674],[-58.7904358,-34.4046516],[-58.7979889,-34.4170189],[-58.8160019,-34.4232597],[-58.8225772,-34.4143241]],[[-58.8225772,-34.4143241],[-58.82607,-34.4095774]],[[-58.82607,-34.4095774],[-58.8372765,-34.3943481],[-58.8483966,-34.3886717]],[[-58.8483966,-34.3886717],[-58.8666672,-34.392083],[-58.8799321,-34.403818],[-58.8980067,-34.429998],[-58.9671066,-34.4454847],[-58.9720057,-34.4289726],[-58.9465988,-34.4194674],[-58.9830164,-34.380348],[-58.9884689,-34.3960869],[-58.9838872,-34.4165296],[-59.0075851,-34.4112155],[-59.0000005,-34.442083],[-58.9633468,-34.4514905],[-58.9536056,-34.4655937],[-58.9289393,-34.4600599],[-58.9215174,-34.4890068],[-58.9030929,-34.4848727],[-58.8323166,-34.5030368],[-58.8281072,-34.5218067]],[[-64.8450688,-27.4871514],[-64.8774093,-27.480348],[-64.8867355,-27.5055189],[-64.8416671,-27.517083],[-64.8450688,-27.4871514]],[[-59.1906743,-37.2830335],[-59.1799647,-37.3144625],[-59.1597173,-37.3081556],[-59.1651616,-37.325636],[-59.1384933,-37.3472425],[-59.1218267,-37.3452568],[-59.0884933,-37.3339043],[-59.0959722,-37.3080335],[-59.1134933,-37.2972425],[-59.1201665,-37.2864108],[-59.1375005,-37.2918063],[-59.1541672,-37.2866224],[-59.1666672,-37.2905123],[-59.1906743,-37.2830335]],[[-59.7978276,-37.6638115],[-59.8205978,-37.6748141],[-59.7916671,-37.6837496],[-59.7978276,-37.6638115]],[[-60.2284754,-34.2958346],[-60.2418787,-34.285483],[-60.2642176,-34.2887871],[-60.2611007,-34.3098727],[-60.2333338,-34.3254163],[-60.2284754,-34.2958346]],[[-58.6193237,-34.551899],[-58.5621376,-34.5962677],[-58.5229874,-34.6018677]],[[-58.5229874,-34.6018677],[-58.5102959,-34.574501]],[[-59.4038579,-34.6459404],[-59.4298345,-34.6298922],[-59.4621912,-34.661191],[-59.3916671,-34.667083],[-59.4038579,-34.6459404]],[[-69.0143803,-33.5552015],[-69.0455978,-33.5889092],[-69.0083338,-33.6004163],[-69.0143803,-33.5552015]],[[-63.7040044,-32.6901543],[-63.7196212,-32.6979993],[-63.7000005,-32.7087497],[-63.7040044,-32.6901543]],[[-63.9770919,-32.2313978],[-63.9862879,-32.2461927],[-63.9666671,-32.2504163],[-63.9770919,-32.2313978]],[[-64.1333338,-32.167083],[-64.1202723,-32.1867363],[-64.0883387,-32.1748385],[-64.1130783,-32.1583916],[-64.1333338,-32.167083]],[[-64.1333338,-32.167083],[-64.1425704,-32.1551201],[-64.1528488,-32.1747571],[-64.1333338,-32.167083]],[[-63.5640386,-32.03047],[-63.5787033,-32.0445895],[-63.5583338,-32.0504163],[-63.5640386,-32.03047]],[[-60.4583338,-35.1337496],[-60.4703699,-35.1124524],[-60.5008631,-35.1050468],[-60.5120366,-35.1270358],[-60.4583338,-35.1337496]],[[-59.3250005,-26.5504163],[-59.3250005,-26.5254163],[-59.3583338,-26.5254163],[-59.3583338,-26.5504163],[-59.3250005,-26.5504163]],[[-59.3852148,-26.3039258],[-59.3766525,-26.3218356],[-59.3655943,-26.3239971]],[[-59.5950037,-26.1314792],[-59.6024989,-26.1457777],[-59.5916671,-26.1504163],[-59.5950037,-26.1314792]],[[-58.82607,-34.4095774],[-58.8202967,-34.4051201],[-58.7953781,-34.3634534],[-58.7738449,-34.3820407],[-58.8000005,-34.417083],[-58.8225772,-34.4143241]],[[-58.7128882,-34.3757274],[-58.7186284,-34.3866224],[-58.7360926,-34.3658379],[-58.7267827,-34.3451022],[-58.7500005,-34.342083],[-58.7539311,-34.3615491],[-58.7778,-34.354233],[-58.7658208,-34.3342216],[-58.7500005,-34.342083],[-58.7566167,-34.3206474],[-58.8281743,-34.3249118],[-58.8690841,-34.3102389],[-58.8789311,-34.3223808],[-58.8211838,-34.3488864],[-58.8421717,-34.3875094],[-58.8483966,-34.3886717]],[[-58.5567627,-34.6388245],[-58.5729256,-34.6329498],[-58.5930099,-34.6123734],[-58.6467018,-34.5679512]],[[-58.7143631,-34.6104889],[-58.7296944,-34.6393547]],[[-58.7296944,-34.6393547],[-58.6577263,-34.6980896],[-58.6415176,-34.7084198]],[[-58.6415176,-34.7084198],[-58.5837364,-34.6546478],[-58.5827065,-34.6470985],[-58.5567627,-34.6388245]],[[-68.5563807,-31.646388],[-68.5788172,-31.6392835],[-68.5861333,-31.6631523],[-68.5666671,-31.667083],[-68.5563807,-31.646388]],[[-68.5262247,-31.6116794],[-68.5226059,-31.5863781],[-68.589889,-31.5667905]],[[-68.589889,-31.5667905],[-68.5802332,-31.5878349],[-68.5372644,-31.604347],[-68.5262247,-31.6116794]],[[-55.3333338,-27.6254163],[-55.3333338,-27.617083],[-55.3083338,-27.617083],[-55.3083338,-27.592083],[-55.3416672,-27.592083],[-55.3416672,-27.6254163],[-55.3333338,-27.6254163]],[[-65.1963589,-31.9378137],[-65.2121912,-31.9532565],[-65.1583338,-31.9587497],[-65.1621912,-31.9459404],[-65.1815826,-31.9372866],[-65.1963589,-31.9378137]],[[-64.1800053,-28.3120781],[-64.1641037,-28.3015068],[-64.1764246,-28.2887546],[-64.2033289,-28.3037855],[-64.1833338,-28.317083],[-64.1800053,-28.3120781]],[[-54.0919357,-26.6171969],[-54.1141607,-26.605877],[-54.1278732,-26.6301283],[-54.1000005,-26.6337497],[-54.0919357,-26.6171969]],[[-59.0824142,-36.0161634],[-59.1014165,-36.0009371],[-59.1203699,-36.0197441],[-59.0750005,-36.0254163],[-59.0824142,-36.0161634]],[[-67.4866622,-29.1513197],[-67.5114344,-29.1542493],[-67.5028406,-29.17929],[-67.4833338,-29.1837497],[-67.4866622,-29.1513197]],[[-60.8489571,-32.9046664],[-60.8694097,-32.9030205],[-60.8771733,-32.9459404],[-60.8626323,-32.9292359]],[[-60.8880213,-32.8988213],[-60.9094569,-32.8886813],[-60.9200688,-32.9076592],[-60.8833338,-32.917083],[-60.8880213,-32.8988213]],[[-60.697605,-32.8358144],[-60.7213058,-32.7896579],[-60.7205002,-32.779583],[-60.7277674,-32.6891289],[-60.7343673,-32.6798922],[-60.7455246,-32.7048922],[-60.7583338,-32.7087497],[-60.7454839,-32.7544121],[-60.7461837,-32.7631279],[-60.7232264,-32.8176445],[-60.7285423,-32.8370725]],[[-57.500383,-35.074334],[-57.5281743,-35.0798597],[-57.5083338,-35.092083],[-57.500383,-35.074334]],[[-70.2640385,-37.3638033],[-70.2787032,-37.3779228],[-70.2583338,-37.3837496],[-70.2640385,-37.3638033]],[[-68.546257,-31.5442429],[-68.5533066,-31.5542984],[-68.5680847,-31.5510273],[-68.603096,-31.5360661],[-68.6069822,-31.5461704]],[[-68.6069822,-31.5461704],[-68.5995529,-31.5457288],[-68.589889,-31.5667905]],[[-68.5262247,-31.6116794],[-68.508171,-31.6018649],[-68.4956059,-31.5611911],[-68.4619322,-31.5599299]],[[-68.4619322,-31.5599299],[-68.4710388,-31.5464325],[-68.4833603,-31.5414696],[-68.5049896,-31.5407944]],[[-68.5049896,-31.5407944],[-68.5102615,-31.5472717],[-68.5289764,-31.5493183],[-68.546257,-31.5442429]],[[-57.8666672,-34.9837496],[-57.8562424,-35.0027682],[-57.8470464,-34.9879733],[-57.8666672,-34.9837496]],[[-57.8666672,-34.9837496],[-57.8666672,-34.967083],[-57.8750005,-34.967083]],[[-57.8750005,-34.967083],[-57.8750005,-34.9837496],[-57.8666672,-34.9837496]],[[-58.1799667,-34.9187885],[-58.177271,-34.9234957],[-58.1804041,-34.9542005],[-58.1669357,-34.943971],[-58.1628668,-34.9040099]],[[-57.8750005,-34.967083],[-57.8687152,-34.9382597]],[[-57.9359894,-34.9004402],[-57.9736501,-34.8756602]],[[-57.9736501,-34.8756602],[-57.9808046,-34.8743549]],[[-57.9808046,-34.8743549],[-57.9990425,-34.8721962],[-58.0424416,-34.855402]],[[-58.0424416,-34.855402],[-58.086081,-34.8393774]],[[-58.1149164,-34.8626059],[-58.1220952,-34.8740654],[-58.1455246,-34.8942558],[-58.1340337,-34.8976901],[-58.0863205,-34.8872815],[-58.0711431,-34.9048922],[-58.03523,-34.920916],[-58.0788579,-34.9715589],[-58.1038579,-34.9827161],[-58.0871017,-34.9946871],[-58.0362961,-34.9548922],[-58.0371912,-34.9715589],[-58.0746506,-35.0072929],[-58.1020513,-35.0459404],[-58.0705246,-35.0298922],[-58.0563481,-35.0134453],[-58.0314295,-35.0023206],[-58.0208338,-34.978582],[-57.9747238,-34.9822848],[-57.9189295,-34.9617933],[-57.8750005,-34.967083]],[[-61.3531906,-35.6211438],[-61.3582768,-35.6053479],[-61.3784022,-35.6282239],[-61.3583338,-35.642083],[-61.3531906,-35.6211438]],[[-61.2819829,-27.313901],[-61.2952967,-27.3288831],[-61.2666671,-27.3337497],[-61.2819829,-27.313901]],[[-68.4228276,-31.9721448],[-68.4455978,-31.9831474],[-68.4166671,-31.992083],[-68.4228276,-31.9721448]],[[-59.0959966,-34.5877536],[-59.0712407,-34.5648206],[-59.1185308,-34.5342786],[-59.1456711,-34.5639824],[-59.1233078,-34.5847018],[-59.1000005,-34.592083],[-59.0959966,-34.5877536]],[[-65.7439214,-28.4710669],[-65.7226974,-28.4727715],[-65.7032394,-28.4619154],[-65.7053634,-28.4355644],[-65.7323894,-28.4429621]],[[-65.6111333,-27.5782158],[-65.6288742,-27.5726169],[-65.6361333,-27.5971042],[-65.6000005,-27.6004163],[-65.6111333,-27.5782158]],[[-60.8390386,-26.7888034],[-60.8537033,-26.8029229],[-60.8333338,-26.8087497],[-60.8390386,-26.7888034]],[[-68.6833338,-32.8837497],[-68.6694666,-32.8809502],[-68.6598475,-32.8619316],[-68.6798263,-32.8559502],[-68.6833338,-32.8837497]],[[-68.6833338,-32.8837497],[-68.704631,-32.8957858],[-68.7121261,-32.9051445],[-68.7222986,-32.9038831],[-68.7202804,-32.8876559],[-68.7473312,-32.9041191],[-68.7419519,-32.8608818],[-68.7641443,-32.8636406],[-68.7621872,-32.8478943]],[[-68.8170395,-32.8728676],[-68.8263931,-32.9076157]],[[-68.8263931,-32.9076157],[-68.7952042,-32.9157066]],[[-68.7952042,-32.9157066],[-68.7229156,-32.9351387],[-68.7100734,-32.9567871]],[[-68.7100734,-32.9567871],[-68.7034917,-32.9458265],[-68.7202967,-32.9328463],[-68.7130376,-32.9207125],[-68.6833338,-32.9087497],[-68.6833338,-32.8837497]],[[-68.7128097,-32.8391858],[-68.7364344,-32.8547702],[-68.7083338,-32.8587497],[-68.7128097,-32.8391858]],[[-59.0166672,-27.4087497],[-59.0440272,-27.4026624],[-59.062118,-27.4153496],[-59.0357996,-27.4372083],[-59.0462163,-27.4458672],[-59.0537847,-27.4600192],[-59.0287847,-27.4708672],[-59.0045496,-27.4882988],[-58.987118,-27.4958672],[-58.9627935,-27.5133721],[-58.9538986,-27.5124606],[-58.9372645,-27.5219902],[-58.9295496,-27.5042005],[-58.9052414,-27.4617526],[-58.9291672,-27.464194],[-58.9494145,-27.462127],[-58.962118,-27.4444268],[-58.9281743,-27.4297051],[-58.955339,-27.4071383],[-58.9841639,-27.3946383],[-59.0128667,-27.3957858],[-59.0166672,-27.4087497]],[[-57.6468592,-37.9885266],[-57.7368901,-38.0040459],[-57.7077153,-38.0156832],[-57.6755864,-38.0101494],[-57.6583338,-38.017083],[-57.6468592,-37.9885266]],[[-57.5756378,-38.1181564],[-57.5500246,-38.1039586],[-57.5387459,-38.0852203],[-57.5401878,-38.057354],[-57.5252953,-38.0273094],[-57.547554,-38.0002556],[-57.5532265,-37.9792519],[-57.5422554,-37.9468002],[-57.5287385,-37.9278767],[-57.5968429,-37.9333427],[-57.6205246,-37.9465589],[-57.656104,-37.9546399],[-57.6278244,-37.9790052],[-57.6378097,-37.9876071],[-57.6455246,-38.0227308],[-57.6121912,-38.0376071],[-57.6036382,-38.056764],[-57.5658371,-38.0916435],[-57.6128097,-38.1126071],[-57.6205246,-38.1186292],[-57.5868561,-38.1247735],[-57.5756378,-38.1181564]],[[-57.6000005,-37.9004163],[-57.5942957,-37.9203626],[-57.579631,-37.9062431],[-57.6000005,-37.9004163]],[[-57.6000005,-37.9004163],[-57.5923263,-37.8809013],[-57.6119634,-37.8911796],[-57.6000005,-37.9004163]],[[-57.9795677,-30.6218069],[-57.9583338,-30.6254163],[-57.9736496,-30.6055677],[-57.9847905,-30.6181046],[-57.9795677,-30.6218069]],[[-57.6441167,-30.231056],[-57.6617355,-30.2545749],[-57.6250005,-30.2587497],[-57.6441167,-30.231056]],[[-60.3191655,-33.354111],[-60.3137966,-33.3438687],[-60.3147931,-33.3457697],[-60.3191169,-33.3540183],[-60.3191655,-33.354111]],[[-60.1700277,-33.3524449],[-60.2028162,-33.3315931],[-60.2184575,-33.3140882],[-60.2593267,-33.2994235],[-60.2455002,-33.3379651],[-60.2622645,-33.3688245],[-60.2541102,-33.3715833],[-60.2232589,-33.354819],[-60.2088221,-33.3651461],[-60.2251144,-33.3951347],[-60.1901453,-33.3761325],[-60.1761496,-33.3910571]],[[-60.1761496,-33.3910571],[-60.1700277,-33.3524449]],[[-66.2333338,-33.2754163],[-66.2216313,-33.2663831],[-66.241309,-33.2551201],[-66.2333338,-33.2754163]],[[-66.2333338,-33.2754163],[-66.2544031,-33.279347],[-66.2832036,-33.2896823],[-66.2955978,-33.2626803],[-66.3424565,-33.254819],[-66.3602706,-33.2936292],[-66.3869227,-33.3317802],[-66.337712,-33.3288506],[-66.3289555,-33.3386487],[-66.3073979,-33.3373629],[-66.2929855,-33.3059746],[-66.2622645,-33.2964857],[-66.2426193,-33.2858086],[-66.2333338,-33.2754163]],[[-66.3003341,-33.1738457],[-66.3324223,-33.1638278],[-66.3256678,-33.1878838],[-66.3083338,-33.192083],[-66.3003341,-33.1738457]],[[-58.7367717,-34.7689138],[-58.7454513,-34.784067],[-58.7100444,-34.7774694]],[[-58.7100444,-34.7774694],[-58.7291222,-34.7625809],[-58.7367717,-34.7689138]],[[-58.5019951,-34.7263374],[-58.4848022,-34.7310295],[-58.4616623,-34.7090492]],[[-58.4616623,-34.7090492],[-58.5289307,-34.6595345]],[[-58.5289307,-34.6595345],[-58.5567627,-34.6388245]],[[-58.6415176,-34.7084198],[-58.6366348,-34.7188492],[-58.6554756,-34.7260857],[-58.6756172,-34.7431221],[-58.6589546,-34.756279],[-58.6741104,-34.7695465],[-58.6839672,-34.7639258]],[[-58.6839672,-34.7639258],[-58.662883,-34.8007337],[-58.6754888,-34.8355644],[-58.6879562,-34.8459241],[-58.6870448,-34.8548841],[-58.7187785,-34.8949745],[-58.7080424,-34.9032405],[-58.689299,-34.9125338],[-58.651799,-34.8869479],[-58.6455933,-34.8783264]],[[-58.6111521,-34.8168693],[-58.5863684,-34.7840035],[-58.5840723,-34.7812388],[-58.5755927,-34.7763715]],[[-58.5426381,-34.7616879],[-58.5368247,-34.7583589]],[[-62.700269,-31.8671969],[-62.722494,-31.8558769],[-62.7362065,-31.8801282],[-62.7083338,-31.8837497],[-62.700269,-31.8671969]],[[-62.0660579,-31.4181312],[-62.089535,-31.405348],[-62.1200688,-31.4347913],[-62.0755806,-31.4466704]],[[-62.0755806,-31.4466704],[-62.0660579,-31.4181312]],[[-63.0382654,-31.428818],[-63.0277186,-31.4215426],[-63.0420903,-31.3994723],[-63.0700688,-31.426458],[-63.0416671,-31.4337497],[-63.0382654,-31.428818]],[[-62.0973719,-31.15547],[-62.1120366,-31.1695895],[-62.0916671,-31.1754163],[-62.0973719,-31.15547]],[[-62.6640386,-30.9971367],[-62.6787033,-31.0112562],[-62.6583338,-31.017083],[-62.6640386,-30.9971367]],[[-61.9896326,-30.6965264],[-62.0205978,-30.7070081],[-62.0000005,-30.7254163],[-61.9896326,-30.6965264]],[[-59.5135747,-30.0082451],[-59.5284022,-29.9972425],[-59.5365076,-30.0266614],[-59.5250005,-30.0337497],[-59.5135747,-30.0082451]],[[-67.1937586,-54.4980643],[-67.2029546,-54.5128593],[-67.1833338,-54.5170829],[-67.1937586,-54.4980643]],[[-67.6785075,-53.7899979],[-67.6778488,-53.8145683],[-67.6575769,-53.8115735],[-67.6508251,-53.8005313],[-67.6785075,-53.7899979]],[[-67.7666671,-53.7920829],[-67.7613448,-53.8111828],[-67.6987879,-53.801938],[-67.6922607,-53.7887993],[-67.6975632,-53.7752953],[-67.7205658,-53.7580757],[-67.740422,-53.7556327],[-67.7368169,-53.780063],[-67.7666671,-53.7920829]],[[-63.8584884,-32.7971855],[-63.8868169,-32.8117689],[-63.8666671,-32.817083],[-63.8584884,-32.7971855]],[[-63.7802251,-32.7384372],[-63.8038579,-32.7618177],[-63.7750005,-32.767083],[-63.7802251,-32.7384372]],[[-58.227092,-28.0313978],[-58.2362879,-28.0461927],[-58.2166672,-28.0504163],[-58.227092,-28.0313978]],[[-68.2990564,-34.62033],[-68.3212081,-34.5926689],[-68.3581385,-34.5972588],[-68.392074,-34.6455335],[-68.3712976,-34.6457858],[-68.2824142,-34.6346692],[-68.268311,-34.6170586],[-68.2736902,-34.6050468],[-68.2871261,-34.6218112],[-68.2990564,-34.62033]],[[-67.8723719,-34.58047],[-67.8870366,-34.5945895],[-67.8666671,-34.6004163],[-67.8723719,-34.58047]],[[-58.2384201,-37.838901],[-58.2731694,-37.8302666],[-58.2700119,-37.8462496],[-58.273381,-37.8633069],[-58.2500005,-37.867083],[-58.2384201,-37.838901]],[[-62.3937586,-38.7063977],[-62.4029546,-38.7211927],[-62.3833338,-38.7254163],[-62.3937586,-38.7063977]],[[-62.2000005,-38.7087496],[-62.2061203,-38.6736015],[-62.2392746,-38.6694755],[-62.2360356,-38.6955253],[-62.2948166,-38.6729261],[-62.3187667,-38.6920992],[-62.3213953,-38.7132418],[-62.3036056,-38.7375908],[-62.3031336,-38.7587496],[-62.3064602,-38.7855027],[-62.2604366,-38.7967784],[-62.2361902,-38.7710299],[-62.2703699,-38.7612561],[-62.2286056,-38.7520602],[-62.2040288,-38.7551201],[-62.1833338,-38.7504163],[-62.1861333,-38.7448824],[-62.2057622,-38.7392184],[-62.2165532,-38.7171237],[-62.2000005,-38.7087496]],[[-64.9814946,-30.847804],[-65.0114344,-30.8550143],[-64.9750005,-30.8587497],[-64.9814946,-30.847804]],[[-64.7867355,-30.728818],[-64.8085617,-30.705348],[-64.8249598,-30.7290866],[-64.8034022,-30.7371514],[-64.7833338,-30.7504163],[-64.7867355,-30.728818]],[[-68.546257,-31.5442429],[-68.5639648,-31.5366154],[-68.5668716,-31.5207443],[-68.5556488,-31.501606]],[[-68.6213743,-31.5024831],[-68.6416671,-31.5087497],[-68.63724,-31.5210788],[-68.6366541,-31.5479342],[-68.6069822,-31.5461704]],[[-60.9656173,-26.9386895],[-60.9784022,-26.953224],[-60.9583338,-26.967083],[-60.9656173,-26.9386895]],[[-62.8557052,-36.4471367],[-62.8703699,-36.4612561],[-62.8500005,-36.467083],[-62.8557052,-36.4471367]],[[-57.9088058,-30.984596],[-57.9288172,-30.9726168],[-57.9361333,-30.9964857],[-57.9166672,-31.0004163],[-57.9088058,-30.984596]],[[-57.9632736,-30.7358737],[-57.9902023,-30.7386162],[-58.0137131,-30.7632174],[-57.9750005,-30.767083],[-57.9632736,-30.7358737]],[[-56.0224842,-28.5452553],[-56.0611333,-28.5444837],[-56.0519292,-28.5633314],[-56.0333338,-28.567083],[-56.0224842,-28.5452553]],[[-56.0032232,-28.0462822],[-56.0066899,-28.03082],[-56.0367355,-28.0597913],[-56.0083338,-28.067083],[-56.0032232,-28.0462822]],[[-58.7083338,-38.5337496],[-58.7228683,-38.5394625],[-58.7500005,-38.5354505],[-58.7768315,-38.5394218],[-58.7398209,-38.5893375],[-58.7167816,-38.5745926],[-58.6937656,-38.5758054],[-58.6880376,-38.5596529],[-58.7047043,-38.5467867],[-58.7083338,-38.5337496]],[[-58.8281072,-34.5218067],[-58.8227788,-34.5455661],[-58.8466422,-34.5516904]],[[-58.8895601,-34.5838663],[-58.889983,-34.5855154]],[[-58.883319,-34.5944309],[-58.8823281,-34.5957566]],[[-58.8821122,-34.6436153],[-58.8482915,-34.6556735],[-58.8464475,-34.688701]],[[-58.8464475,-34.688701],[-58.8184357,-34.6893158],[-58.8103142,-34.681572],[-58.780262,-34.6697273],[-58.7541046,-34.6620636],[-58.7322807,-34.6469345],[-58.7296944,-34.6393547]],[[-58.7833338,-34.592083],[-58.8298589,-34.5884371],[-58.8321538,-34.555234],[-58.8044927,-34.571917],[-58.7871912,-34.5693535],[-58.7833338,-34.592083]],[[-64.9618576,-25.4907321],[-64.9790369,-25.4810234],[-64.98606,-25.5053561],[-64.9583338,-25.5087497],[-64.9618576,-25.4907321]],[[-59.9967127,-34.8809909],[-60.0359624,-34.8715589],[-60.0455246,-34.9115003],[-59.9833338,-34.9254163],[-59.9967127,-34.8809909]],[[-59.4543462,-34.2514661],[-59.4715744,-34.2384534],[-59.4869634,-34.2521985],[-59.4500005,-34.267083],[-59.4543462,-34.2514661]],[[-60.4085617,-26.3326917],[-60.4364181,-26.3223158],[-60.4447677,-26.3464369],[-60.4166671,-26.3504163],[-60.4085617,-26.3326917]],[[-60.5784754,-30.7880465],[-60.5823491,-30.7717868],[-60.6119634,-30.7924411],[-60.5833338,-30.8004163],[-60.5784754,-30.7880465]],[[-55.0968267,-27.4952568],[-55.0806646,-27.4722506],[-55.1243169,-27.4573743],[-55.1531743,-27.4798597],[-55.1355148,-27.5050062],[-55.1000005,-27.5087497],[-55.0968267,-27.4952568]],[[-55.0437261,-27.3294609],[-55.0527023,-27.3142835],[-55.0652105,-27.339015],[-55.0500005,-27.342083],[-55.0437261,-27.3294609]],[[-59.3075078,-33.1580619],[-59.3007918,-33.1501182],[-59.3028,-33.1282158],[-59.319369,-33.1226168],[-59.3359787,-33.1554538],[-59.3075078,-33.1580619]],[[-64.0738716,-30.9652913],[-64.1096911,-30.9715299]],[[-58.2352544,-35.1553479],[-58.2540044,-35.1682874],[-58.2166672,-35.1754163],[-58.2352544,-35.1553479]],[[-58.7988367,-35.431764],[-58.8139572,-35.4220146],[-58.8284022,-35.4506442],[-58.8166672,-35.4587496],[-58.7988367,-35.431764]],[[-62.1807052,-33.2721367],[-62.1953699,-33.2862562],[-62.1750005,-33.292083],[-62.1807052,-33.2721367]],[[-62.4557052,-32.90547],[-62.4703699,-32.9195895],[-62.4500005,-32.9254163],[-62.4557052,-32.90547]],[[-62.0842941,-32.6922864],[-62.1119389,-32.6722425],[-62.119841,-32.7046481],[-62.0916671,-32.7087497],[-62.0842941,-32.6922864]],[[-62.295671,-32.6484876],[-62.3112879,-32.6563327],[-62.2916671,-32.667083],[-62.295671,-32.6484876]],[[-57.0171669,-37.3386591],[-57.0192957,-37.3240735],[-57.0351567,-37.3393893],[-57.0171669,-37.3386591]],[[-57.013441,-37.2804069],[-57.0088872,-37.2965914],[-56.9909664,-37.2992738],[-56.983345,-37.2878113],[-56.9552739,-37.2559257],[-56.9789149,-37.2388278],[-56.9981694,-37.268914],[-57.0116382,-37.2775321],[-57.013441,-37.2804069]],[[-59.8390386,-26.9888034],[-59.8537033,-27.0029229],[-59.8333338,-27.0087497],[-59.8390386,-26.9888034]],[[-59.0878504,-28.9665459],[-59.1189783,-28.9834648],[-59.1000005,-29.0004163],[-59.0878504,-28.9665459]],[[-61.8433029,-31.8952812],[-61.8607101,-31.8892835],[-61.8694666,-31.904819],[-61.8500005,-31.9087497],[-61.8433029,-31.8952812]],[[-68.8263931,-32.9076157],[-68.8613892,-32.9079895],[-68.876915,-32.9050903],[-68.8968934,-32.9095807]],[[-68.8968934,-32.9095807],[-68.8963953,-32.9299573],[-68.8870366,-32.9374524],[-68.8816946,-32.9561552]],[[-68.8224258,-32.9574432],[-68.8224487,-32.9477081],[-68.8107147,-32.9371414],[-68.7952042,-32.9157066]],[[-71.4621668,-43.0723482],[-71.4781743,-43.0965263],[-71.4583338,-43.1087496],[-71.4621668,-43.0723482]],[[-71.3042485,-42.9211682],[-71.2931075,-42.9104667],[-71.3030522,-42.8879977],[-71.3374191,-42.9197359],[-71.3083338,-42.9254163],[-71.3042485,-42.9211682]],[[-58.8146652,-34.7721611],[-58.8420415,-34.7636813],[-58.8617355,-34.7931246],[-58.8333338,-34.8004163],[-58.8146652,-34.7721611]],[[-58.7946438,-34.7498979],[-58.8121826,-34.7389495]],[[-58.8121826,-34.7389495],[-58.8141606,-34.7583672],[-58.7946438,-34.7498979]],[[-58.4139735,-35.0080009],[-58.4454513,-35.0339856],[-58.4000005,-35.042083],[-58.4139735,-35.0080009]],[[-58.4136689,-34.9202503],[-58.388355,-34.9420097],[-58.3862228,-34.9629163],[-58.3904302,-35.0042005],[-58.3553879,-34.9909355],[-58.3748947,-34.956886],[-58.3603683,-34.9233818],[-58.3367599,-34.9131523],[-58.3469334,-34.8881199]],[[-65.5673263,-24.972568],[-65.5869633,-24.9828464],[-65.5750005,-24.992083],[-65.5673263,-24.972568]],[[-65.6373377,-24.8984876],[-65.6529546,-24.9063327],[-65.6333338,-24.917083],[-65.6373377,-24.8984876]],[[-55.8812098,-27.4091728],[-55.8776047,-27.3642754],[-55.9093511,-27.3465589],[-55.9532232,-27.3584486],[-55.9621913,-27.3882256],[-55.973381,-27.3978691],[-55.9557134,-27.4374606],[-55.9250005,-27.4399264],[-55.8955653,-27.4375583],[-55.8788579,-27.4542738],[-55.866952,-27.4809421],[-55.845606,-27.4792331],[-55.8166672,-27.492083],[-55.8277674,-27.4552096],[-55.8812098,-27.4091728]],[[-61.6920496,-33.1076673],[-61.719841,-33.113193],[-61.7000005,-33.1254163],[-61.6920496,-33.1076673]],[[-61.1478276,-33.0376152],[-61.1788579,-33.0309502],[-61.1861333,-33.0552422],[-61.1583338,-33.0587496],[-61.1478276,-33.0376152]],[[-58.7473719,-30.3721367],[-58.7620366,-30.3862562],[-58.7416672,-30.392083],[-58.7473719,-30.3721367]],[[-58.3477325,-34.743103],[-58.3677406,-34.7493286],[-58.381916,-34.7419968],[-58.4143295,-34.7364845],[-58.4472427,-34.693222]],[[-58.4472427,-34.693222],[-58.4616623,-34.7090492]],[[-58.3372574,-34.7585869],[-58.3477325,-34.743103]],[[-65.1561609,-24.4304782],[-65.1789311,-24.4414808],[-65.1500005,-24.4504164],[-65.1561609,-24.4304782]],[[-65.1051111,-24.3796156],[-65.1030848,-24.3706068],[-65.1214604,-24.3636813],[-65.1367355,-24.3909925],[-65.1000005,-24.4004164],[-65.1051111,-24.3796156]],[[-62.41141,-27.6343682],[-62.4277999,-27.6489027],[-62.4083338,-27.6587497],[-62.41141,-27.6343682]],[[-58.8464475,-34.688701],[-58.8472987,-34.6955416],[-58.8083338,-34.7004163],[-58.8142827,-34.7162529],[-58.8121826,-34.7389495]],[[-58.7946438,-34.7498979],[-58.787118,-34.7466321],[-58.7765386,-34.7222588],[-58.7488693,-34.7194349],[-58.7214686,-34.7421969],[-58.7367717,-34.7689138]],[[-58.7100444,-34.7774694],[-58.6985356,-34.7636162],[-58.6839672,-34.7639258]],[[-58.6723719,-34.7138034],[-58.6666672,-34.7337496],[-58.6870366,-34.7279228],[-58.6723719,-34.7138034]],[[-66.5890385,-31.33047],[-66.6037033,-31.3445895],[-66.5833338,-31.3504163],[-66.5890385,-31.33047]],[[-60.2552251,-38.3743177],[-60.277686,-38.3554944],[-60.3032557,-38.3709974],[-60.2863774,-38.3956393],[-60.2666671,-38.4004163],[-60.2552251,-38.3743177]],[[-58.7416672,-35.042083],[-58.7734787,-35.0449964],[-58.7618901,-35.0687269],[-58.7454188,-35.0606784],[-58.7416672,-35.042083]],[[-67.5666671,-45.8754163],[-67.5700607,-45.8974947],[-67.5791671,-45.8951998],[-67.6030115,-45.9012057],[-67.5866622,-45.912078],[-67.5694015,-45.9428072],[-67.5465937,-45.9370593],[-67.5433118,-45.9270872],[-67.5475835,-45.9101249],[-67.5121618,-45.8972691],[-67.4889679,-45.8742027],[-67.4698486,-45.862175],[-67.4574467,-45.8303723],[-67.4449956,-45.8220878],[-67.4375005,-45.8014335],[-67.4203231,-45.8057593],[-67.4111448,-45.8003459],[-67.4119227,-45.7804211],[-67.4500004,-45.7900159],[-67.4666671,-45.7858167],[-67.4923019,-45.7856539],[-67.5199956,-45.7946708],[-67.4803634,-45.8090507],[-67.471672,-45.8219576],[-67.5137293,-45.8372164],[-67.5112553,-45.847039],[-67.5633387,-45.8537447],[-67.5666671,-45.8670829],[-67.5666671,-45.8754163]],[[-62.9723719,-35.48047],[-62.9870366,-35.4945895],[-62.9666671,-35.5004163],[-62.9723719,-35.48047]],[[-65.1656647,-26.8079319],[-65.1748734,-26.8018131],[-65.1989365,-26.808115],[-65.2277832,-26.7980518],[-65.2569199,-26.7928829]],[[-65.2569199,-26.7928829],[-65.2753612,-26.8408005],[-65.2756338,-26.8419049],[-65.2769089,-26.8470707]],[[-65.2769089,-26.8470707],[-65.2759588,-26.8556566]],[[-65.2759588,-26.8556566],[-65.2409432,-26.8767642],[-65.2331131,-26.8840192],[-65.2166671,-26.9004163],[-65.212032,-26.8953932]],[[-65.212032,-26.8953932],[-65.2089233,-26.8873444],[-65.1841278,-26.8539028],[-65.1658554,-26.8263893],[-65.1656647,-26.8079319]],[[-68.5628412,-33.0321714],[-68.5674881,-33.0376493]],[[-68.5674881,-33.0376493],[-68.5670166,-33.0374298]],[[-68.6860275,-32.9818128],[-68.7112309,-32.9723157],[-68.6941573,-32.9960381],[-68.6750004,-33.0004163],[-68.6860275,-32.9818128]],[[-68.8194497,-32.9774116],[-68.7977218,-32.9898043],[-68.7916671,-33.0004163],[-68.7619633,-32.9884534],[-68.7583338,-32.9837497],[-68.7748865,-32.9753756],[-68.7687993,-32.9629163],[-68.7777999,-32.9444837],[-68.7611333,-32.9448825],[-68.7583338,-32.9837497],[-68.744906,-32.9733818],[-68.7481857,-32.9511569],[-68.7100734,-32.9567871]],[[-68.4432815,-33.1599895],[-68.4711105,-33.1781181],[-68.4840011,-33.1967868],[-68.4666671,-33.2087496],[-68.4534021,-33.1970146],[-68.4403424,-33.1620944],[-68.4432815,-33.1599895]],[[-65.3437911,-27.2629245],[-65.3506515,-27.2488864],[-65.3694666,-27.2655693],[-65.3500005,-27.2754163],[-65.3437911,-27.2629245]],[[-65.2569199,-26.7928829],[-65.2651902,-26.7874776]],[[-65.2651902,-26.7874776],[-65.3129643,-26.7957858],[-65.3287033,-26.823862],[-65.3010799,-26.8405135]],[[-65.3010799,-26.8405135],[-65.2769089,-26.8470707]],[[-65.2732675,-26.7785792],[-65.2671432,-26.7566929],[-65.2785298,-26.7544206]],[[-65.2785298,-26.7544206],[-65.2824874,-26.7682549],[-65.2732675,-26.7785792]],[[-59.025326,-28.5090264],[-59.0373459,-28.4886813],[-59.0617355,-28.5285983],[-59.0416672,-28.5337497],[-59.025326,-28.5090264]],[[-62.6919357,-34.2588636],[-62.7141606,-34.2475436],[-62.7278732,-34.2717949],[-62.7000005,-34.2754163],[-62.6919357,-34.2588636]],[[-61.6047368,-33.989194],[-61.6202967,-34.0014173],[-61.6000005,-34.017083],[-61.6047368,-33.989194]],[[-61.9453699,-33.7374524],[-61.9910731,-33.7217135],[-61.986117,-33.7615247],[-61.9416671,-33.767083],[-61.9453699,-33.7374524]],[[-61.6140386,-33.6888034],[-61.6287033,-33.7029228],[-61.6083338,-33.7087496],[-61.6140386,-33.6888034]],[[-61.4718429,-33.4497734],[-61.4871017,-33.4389092],[-61.5031743,-33.463193],[-61.4833338,-33.4754163],[-61.4718429,-33.4497734]],[[-59.7769536,-34.1709078],[-59.7893478,-34.1559502],[-59.8028,-34.179819],[-59.7833338,-34.1837496],[-59.7769536,-34.1709078]],[[-65.2239124,-24.2724292],[-65.1782475,-24.2701755],[-65.1799647,-24.2487806],[-65.2283188,-24.2399574]],[[-65.2283188,-24.2399574],[-65.2077255,-24.2560062],[-65.2239124,-24.2724292]],[[-65.2416671,-24.2254164],[-65.2416671,-24.2290314]],[[-65.2416671,-24.2290314],[-65.2377637,-24.2322264]],[[-65.2377637,-24.2322264],[-65.2416671,-24.2254164]],[[-65.2416671,-24.2254164],[-65.2499509,-24.2067938]],[[-65.2499509,-24.2067938],[-65.2613449,-24.2154808],[-65.2446578,-24.2265834]],[[-65.2446578,-24.2265834],[-65.2416671,-24.2254164]],[[-60.9427414,-34.6076754],[-60.92863,-34.5967868],[-60.9179448,-34.582944],[-60.9334233,-34.5572929],[-60.9885015,-34.5789401],[-60.9763921,-34.6097343],[-60.9500005,-34.617083],[-60.9427414,-34.6076754]],[[-63.0024912,-40.7951987],[-63.0278976,-40.8069023],[-63.0309412,-40.831357],[-63.0083257,-40.8285413],[-62.9666671,-40.8337496],[-62.9712645,-40.8121986]],[[-67.7043671,-34.9833392],[-67.7016606,-34.9888766],[-67.6666671,-34.992083],[-67.6694666,-34.9782158],[-67.6844324,-34.9593844],[-67.7099777,-34.97186],[-67.7078532,-34.9762066],[-67.7043671,-34.9833392]],[[-59.6450037,-33.6844007],[-59.66766,-33.6642103],[-59.6914718,-33.6749036],[-59.6813319,-33.6974785],[-59.6416671,-33.7004163],[-59.6450037,-33.6844007]],[[-58.1460698,-26.1960137],[-58.1574516,-26.1856079],[-58.1442957,-26.1511895],[-58.1462,-26.119264],[-58.19655,-26.1300225],[-58.1955246,-26.1472995],[-58.2215337,-26.1705498],[-58.2538823,-26.2029961],[-58.2000005,-26.217083],[-58.1770675,-26.2039645],[-58.1543787,-26.2053154],[-58.1460698,-26.1960137]],[[-59.7866053,-32.37304],[-59.8082931,-32.3836357],[-59.7974126,-32.4059095],[-59.7833338,-32.4087497],[-59.7866053,-32.37304]],[[-65.5807052,-27.75547],[-65.5953699,-27.7695895],[-65.5750005,-27.7754163],[-65.5807052,-27.75547]],[[-62.3937912,-37.6045911],[-62.4006515,-37.590553],[-62.4194666,-37.607236],[-62.4000005,-37.617083],[-62.3937912,-37.6045911]],[[-60.290894,-32.0272637],[-60.3001714,-32.0134534],[-60.32863,-32.0343844],[-60.3000005,-32.0504163],[-60.290894,-32.0272637]],[[-60.1223719,-31.9471367],[-60.1370366,-31.9612562],[-60.1166671,-31.967083],[-60.1223719,-31.9471367]],[[-60.0069829,-31.8555677],[-60.0202967,-31.8705498],[-59.9916671,-31.8754163],[-60.0069829,-31.8555677]],[[-60.5122482,-31.8061129],[-60.5281011,-31.8292331],[-60.5083338,-31.8337497],[-60.5122482,-31.8061129]],[[-60.4333338,-31.7754163],[-60.394369,-31.7705416],[-60.3965337,-31.7531181],[-60.4175705,-31.7557304],[-60.4333338,-31.7754163]],[[-60.4333338,-31.7754163],[-60.4534836,-31.7538994],[-60.4715174,-31.7469332],[-60.4863205,-31.7085625],[-60.5208338,-31.7153903],[-60.5645431,-31.7067477],[-60.5568934,-31.7454765],[-60.5451502,-31.7538994],[-60.5381841,-31.7719332],[-60.5236252,-31.7823743],[-60.5083338,-31.8037122],[-60.4965174,-31.7872327],[-60.4732996,-31.7782728],[-60.4400884,-31.784832],[-60.4333338,-31.7754163]],[[-59.8978276,-31.6554782],[-59.9205978,-31.6664808],[-59.8916671,-31.6754163],[-59.8978276,-31.6554782]],[[-60.0723719,-31.5721367],[-60.0870366,-31.5862562],[-60.0666671,-31.592083],[-60.0723719,-31.5721367]],[[-59.8307052,-31.4971367],[-59.8453699,-31.5112562],[-59.8250005,-31.517083],[-59.8307052,-31.4971367]],[[-68.4758891,-33.1492528],[-68.488241,-33.1353854],[-68.4944666,-33.1469088],[-68.4804488,-33.1486775],[-68.4758891,-33.1492528]],[[-68.4984402,-33.084825],[-68.481047,-33.0968356],[-68.4583338,-33.1004163],[-68.4519857,-33.0908118]],[[-68.5674881,-33.0376493],[-68.5750698,-33.0614056]],[[-54.7456711,-27.3651543],[-54.7612879,-27.3729993],[-54.7416672,-27.3837497],[-54.7456711,-27.3651543]],[[-68.4183029,-39.0119479],[-68.4357101,-39.0059501],[-68.4444666,-39.0214856],[-68.4250004,-39.0254163],[-68.4183029,-39.0119479]],[[-68.2263514,-38.9316012],[-68.245256,-38.9393974],[-68.2529545,-38.9635592],[-68.2166671,-38.967083],[-68.213713,-38.9617037],[-68.1891118,-38.9540947],[-68.1827316,-38.9391289],[-68.2045252,-38.9481132],[-68.2263514,-38.9316012]],[[-69.1785893,-38.9137545],[-69.2208338,-38.924399],[-69.2375004,-38.9201998],[-69.2583256,-38.9254488],[-69.2443201,-38.9464287],[-69.2083338,-38.9504163],[-69.2050053,-38.9454114],[-69.177743,-38.9355156],[-69.1785893,-38.9137545]],[[-68.0523854,-38.9225454],[-68.062826,-38.9217054],[-68.0905766,-38.8882988],[-68.1074386,-38.9108981],[-68.0919519,-38.9237724],[-68.1392501,-38.9189466],[-68.1634933,-38.9294609],[-68.1435063,-38.9460625],[-68.1725346,-38.954583],[-68.1192794,-38.9723645],[-68.0968266,-38.9700778],[-68.0795496,-38.9799654],[-68.0565543,-38.9829103],[-68.0490146,-38.9825644],[-68.0204513,-38.9716321],[-68.0149854,-38.9590283]],[[-68.1102218,-38.8241712],[-68.160531,-38.8053479],[-68.1524907,-38.8412203],[-68.1166671,-38.8504163],[-68.1102218,-38.8241712]],[[-57.6623703,-36.3128756],[-57.67863,-36.2972588],[-57.7040858,-36.3201917],[-57.6666672,-36.3254163],[-57.6623703,-36.3128756]],[[-58.3578326,-34.6457227],[-58.3553352,-34.637619],[-58.3634377,-34.6063423],[-58.3824501,-34.5795937],[-58.4174461,-34.5802345],[-58.4359093,-34.5705948],[-58.4378357,-34.5563927],[-58.4569893,-34.5509529],[-58.4675521,-34.5398101]],[[-58.5229874,-34.6018677],[-58.5312691,-34.6194725],[-58.5289307,-34.6595345]],[[-58.4472427,-34.693222],[-58.4269447,-34.6691933],[-58.403801,-34.6646538]],[[-58.403801,-34.6646538],[-58.3948402,-34.6676331],[-58.3749733,-34.6624107],[-58.3578326,-34.6457227]],[[-64.8606694,-24.2055759],[-64.895671,-24.2473158],[-64.8793299,-24.2544203],[-64.8431564,-24.2362562],[-64.8293299,-24.2207614],[-64.8459803,-24.2214206],[-64.8606694,-24.2055759]],[[-65.9695979,-26.0580873],[-65.9952234,-26.0687106],[-65.9750005,-26.0837497],[-65.9643668,-26.0573072],[-65.9695979,-26.0580873]],[[-54.7283941,-26.5697604],[-54.774089,-26.5554945],[-54.769841,-26.5706068],[-54.736589,-26.5786716],[-54.7283941,-26.5697604]],[[-54.6987749,-26.455302],[-54.729029,-26.4770379],[-54.7083338,-26.4837497],[-54.6986006,-26.4553025],[-54.6987749,-26.455302]],[[-61.5623377,-31.6901543],[-61.5779546,-31.6979993],[-61.5583338,-31.7087497],[-61.5623377,-31.6901543]],[[-61.7540044,-31.6651543],[-61.7696212,-31.6729993],[-61.7500005,-31.6837497],[-61.7540044,-31.6651543]],[[-62.0755806,-31.4466704],[-62.0666671,-31.4504163],[-62.055518,-31.4238701],[-62.0660579,-31.4181312]],[[-61.5049321,-31.278818],[-61.4497238,-31.2594658],[-61.4696294,-31.2288994],[-61.5079676,-31.2220146],[-61.5200688,-31.2756442],[-61.5049321,-31.278818]],[[-61.5416671,-30.9504163],[-61.5416671,-30.9337497],[-61.5750005,-30.9337497],[-61.5750005,-30.9504163],[-61.5416671,-30.9504163]],[[-58.4803634,-35.7556409],[-58.5118901,-35.7687106],[-58.4916672,-35.7837496],[-58.4803634,-35.7556409]],[[-60.1416671,-32.6337497],[-60.1416671,-32.6087497],[-60.1666671,-32.6087497],[-60.1666671,-32.6337497],[-60.1416671,-32.6337497]],[[-60.6403162,-32.0555677],[-60.65363,-32.0705498],[-60.6250005,-32.0754163],[-60.6403162,-32.0555677]],[[-65.3196456,-26.9293389],[-65.3393966,-26.905348],[-65.3534022,-26.9347913],[-65.3250005,-26.942083],[-65.3196456,-26.9293389]],[[-65.2914067,-26.8558363],[-65.3207524,-26.8718193],[-65.3083338,-26.8837497],[-65.2914067,-26.8558363]],[[-65.3010799,-26.8405135],[-65.2759588,-26.8556566]],[[-57.8195405,-38.2698638],[-57.8167974,-38.2587008],[-57.8445887,-38.2470146],[-57.8617355,-38.2721204],[-57.8397687,-38.2840576],[-57.8350067,-38.2703438],[-57.8195405,-38.2698638]],[[-65.1819829,-33.8472343],[-65.1952967,-33.8622164],[-65.1666671,-33.867083],[-65.1819829,-33.8472343]],[[-65.4833338,-33.692083],[-65.4282475,-33.7078219],[-65.4351567,-33.6522881],[-65.4570236,-33.6383802],[-65.4703699,-33.6550468],[-65.4962977,-33.6707858],[-65.5120366,-33.6919935],[-65.4929773,-33.7041191],[-65.4833338,-33.692083]],[[-60.5994064,-25.94096],[-60.6337733,-25.930348],[-60.6450688,-25.9474704],[-60.6166671,-25.967083],[-60.5994064,-25.94096]],[[-65.4750005,-24.7504164],[-65.4750005,-24.7254164],[-65.4916671,-24.7254164],[-65.4916671,-24.7504164],[-65.4750005,-24.7504164]],[[-65.4348981,-24.7201761],[-65.4205245,-24.7459404],[-65.4191167,-24.7626071],[-65.4750005,-24.7504164]],[[-65.4750005,-24.7504164],[-65.4699061,-24.7715589],[-65.4798507,-24.7872328],[-65.4868169,-24.8135999],[-65.5034835,-24.8302666],[-65.5231531,-24.8443698],[-65.5159096,-24.8557793]],[[-65.4917672,-24.8560836],[-65.4785341,-24.8555513]],[[-65.4282399,-24.8634473],[-65.4128585,-24.8536878],[-65.4000005,-24.8562269],[-65.3710942,-24.850514],[-65.3614507,-24.8139662],[-65.3416671,-24.7837497],[-65.3794764,-24.7798923],[-65.3877371,-24.7167767]],[[-59.958993,-29.3392347],[-59.97863,-29.349513],[-59.9666671,-29.3587497],[-59.958993,-29.3392347]],[[-59.6379643,-29.1791191],[-59.6331629,-29.1405612],[-59.6468673,-29.129583],[-59.634408,-29.1195976],[-59.6506271,-29.0967135],[-59.6870366,-29.1185885],[-59.6615239,-29.1293389],[-59.6799321,-29.1545342],[-59.6670171,-29.1764987],[-59.6416671,-29.1837497],[-59.6379643,-29.1791191]],[[-59.3437912,-28.4879245],[-59.3506515,-28.4738864],[-59.3694666,-28.4905693],[-59.3500005,-28.5004163],[-59.3437912,-28.4879245]],[[-59.2500005,-28.367083],[-59.2500005,-28.342083],[-59.2666671,-28.342083],[-59.2666671,-28.367083],[-59.2500005,-28.367083]],[[-69.5807052,-35.4638034],[-69.5953699,-35.4779228],[-69.5750004,-35.4837496],[-69.5807052,-35.4638034]],[[-65.6561609,-39.2804781],[-65.6789311,-39.2914807],[-65.6500005,-39.3004163],[-65.6561609,-39.2804781]],[[-57.9808046,-34.8743549],[-58.0007248,-34.8707207],[-58.0424416,-34.855402]],[[-57.8937739,-34.8505993],[-57.9287521,-34.8452812],[-57.9282964,-34.8695732],[-57.9389897,-34.8819837],[-57.9736501,-34.8756602]],[[-65.2416671,-24.2337497],[-65.2377637,-24.2322264]],[[-65.2416671,-24.2290314],[-65.2416671,-24.2337497]],[[-65.3809087,-24.1695081],[-65.364421,-24.1627455],[-65.3834396,-24.1563246],[-65.4024256,-24.1721693],[-65.3833338,-24.1754164],[-65.3809087,-24.1695081]],[[-65.2416671,-24.2337497],[-65.2446578,-24.2265834]],[[-65.2499509,-24.2067938],[-65.2681076,-24.1659762],[-65.3308842,-24.1548923],[-65.3538579,-24.179054],[-65.2942062,-24.2218845],[-65.2790613,-24.2558281],[-65.2239124,-24.2724292]],[[-65.2283188,-24.2399574],[-65.2416671,-24.2337497]],[[-55.0114507,-26.8041842],[-55.0260579,-26.7944618],[-55.0367355,-26.820265],[-55.0166672,-26.8254163],[-55.0114507,-26.8041842]],[[-58.2138026,-32.4737562],[-58.2585942,-32.463722],[-58.2700688,-32.480348],[-58.2866216,-32.4917737],[-58.2541672,-32.4990491],[-58.2372645,-32.495265],[-58.2250005,-32.5004163],[-58.2138026,-32.4737562]],[[-58.8723719,-32.3638034],[-58.8870366,-32.3779228],[-58.8666672,-32.3837497],[-58.8723719,-32.3638034]],[[-68.2694666,-31.6448825],[-68.2885909,-31.6352064],[-68.2944666,-31.6635755],[-68.2666671,-31.667083],[-68.2694666,-31.6448825]],[[-65.0544586,-43.3377495],[-65.0337446,-43.3064054],[-65.0518722,-43.2964124],[-65.0623377,-43.330649],[-65.0544586,-43.3377495]],[[-65.0788335,-43.280649],[-65.1041671,-43.2893486],[-65.1241297,-43.2824964],[-65.1153813,-43.3079684],[-65.0968999,-43.3118502],[-65.0759607,-43.304941],[-65.0788335,-43.280649]],[[-65.2717778,-43.2629488],[-65.2687016,-43.2492525],[-65.2962732,-43.2278902],[-65.3784022,-43.2561617],[-65.3632654,-43.2636812],[-65.3284022,-43.2704846],[-65.2986007,-43.283009],[-65.2789311,-43.2785982],[-65.2717778,-43.2629488]],[[-56.6390386,-29.1638034],[-56.6537033,-29.1779228],[-56.6333338,-29.1837497],[-56.6390386,-29.1638034]],[[-60.411939,-26.7665785],[-60.4525884,-26.7554212],[-60.4651291,-26.7899834],[-60.4592127,-26.8134535],[-60.4083338,-26.817083],[-60.411939,-26.7665785]],[[-57.9965988,-35.578818],[-57.9763677,-35.5712496],[-57.9965988,-35.5636813],[-58.0162358,-35.5508883],[-58.0284022,-35.576458],[-58.0000005,-35.5837496],[-57.9965988,-35.578818]],[[-60.0123377,-36.0151543],[-60.0279546,-36.0229993],[-60.0083338,-36.0337496],[-60.0123377,-36.0151543]],[[-63.6694666,-31.9115491],[-63.6884852,-31.90193],[-63.6944666,-31.9219088],[-63.6666671,-31.9254163],[-63.6694666,-31.9115491]],[[-63.8819829,-31.663901],[-63.8952967,-31.6788831],[-63.8666671,-31.6837497],[-63.8819829,-31.663901]],[[-63.8944666,-31.6448825],[-63.9163335,-31.6338229],[-63.9277999,-31.6554375],[-63.8916671,-31.6587497],[-63.8944666,-31.6448825]],[[-63.5307052,-31.5471367],[-63.5453699,-31.5612562],[-63.5250005,-31.567083],[-63.5307052,-31.5471367]],[[-58.3477325,-34.743103],[-58.3341141,-34.7305527]],[[-58.3341141,-34.7305527],[-58.3789062,-34.6925468],[-58.3979645,-34.6789436],[-58.403801,-34.6646538]],[[-68.4619322,-31.5599299],[-68.4621912,-31.5368665],[-68.4878097,-31.5139661],[-68.4867517,-31.4962497],[-68.4995773,-31.4903653]],[[-68.5109406,-31.4968853],[-68.5044327,-31.5082092],[-68.5011444,-31.5286922],[-68.5049896,-31.5407944]],[[-54.5715988,-26.4126071],[-54.5792079,-26.4027764],[-54.6308029,-26.3912122],[-54.6867355,-26.4055677],[-54.6628911,-26.4222751],[-54.6215988,-26.4204847],[-54.5715988,-26.4126071]],[[-57.080217,-29.7016614],[-57.1041672,-29.7052015],[-57.1204758,-29.7027845],[-57.1369634,-29.7260511],[-57.0916672,-29.7337497],[-57.0784998,-29.71325],[-57.080217,-29.7016614]],[[-61.9087407,-37.4565361],[-61.9484624,-37.4470146],[-61.9436528,-37.4684908],[-61.9166671,-37.4754163],[-61.9087407,-37.4565361]],[[-63.0000005,-35.042083],[-63.0000005,-35.0254163],[-63.0250005,-35.0254163],[-63.0250005,-35.042083],[-63.0000005,-35.042083]],[[-61.0250005,-35.0087496],[-61.0250005,-34.992083],[-61.0500005,-34.992083],[-61.0500005,-35.0087496],[-61.0250005,-35.0087496]],[[-58.1992371,-34.7412296],[-58.2098351,-34.7264976],[-58.2371635,-34.7073517],[-58.2830363,-34.6852731]],[[-58.2830363,-34.6852731],[-58.3341141,-34.7305527]],[[-58.3107986,-34.7968712],[-58.2993698,-34.7871132],[-58.2729568,-34.7720413],[-58.2684479,-34.7772675]],[[-64.9952967,-32.3457125],[-65.0099533,-32.3344007],[-65.02863,-32.3524671],[-64.9916671,-32.3587497],[-64.9952967,-32.3457125]],[[-65.2005538,-32.3328463],[-65.2194666,-32.3469088],[-65.1916671,-32.3504163],[-65.2005538,-32.3328463]],[[-62.7075281,-35.9656425],[-62.744548,-35.9553479],[-62.7534022,-35.9847913],[-62.7250005,-35.992083],[-62.7075281,-35.9656425]],[[-58.0650314,-31.3970309],[-58.0810145,-31.3892835],[-58.0944666,-31.4131523],[-58.0750005,-31.417083],[-58.0650314,-31.3970309]],[[-58.0034022,-31.405348],[-57.9842741,-31.3884163],[-57.9965988,-31.3636813],[-58.0124761,-31.3183769],[-58.0217697,-31.3432305],[-58.0617355,-31.3660413],[-58.0465988,-31.3886813],[-58.0367355,-31.3954847],[-58.0252284,-31.4121513],[-58.0034022,-31.405348]],[[-64.7973719,-23.9304701],[-64.8120366,-23.9445895],[-64.7916671,-23.9504164],[-64.7973719,-23.9304701]],[[-64.7743738,-23.7972751],[-64.7937586,-23.7886813],[-64.8117355,-23.826458],[-64.7833338,-23.8337497],[-64.7743738,-23.7972751]],[[-64.4700037,-23.6314792],[-64.4774988,-23.6457777],[-64.4666671,-23.6504164],[-64.4700037,-23.6314792]],[[-58.5433029,-27.5036146],[-58.5607101,-27.4976169],[-58.5694666,-27.5131523],[-58.5500005,-27.517083],[-58.5433029,-27.5036146]],[[-60.207048,-29.4479505],[-60.2284022,-29.4681247],[-60.2000005,-29.4754163],[-60.207048,-29.4479505]],[[-62.0465988,-38.8724703],[-62.0934494,-38.8405367],[-62.0864832,-38.871624],[-62.1011398,-38.8941256],[-62.0791346,-38.8953056],[-62.0583338,-38.9004163],[-62.0465988,-38.8724703]],[[-58.0628748,-29.1727959],[-58.0872889,-29.1639092],[-58.1031743,-29.1883802],[-58.0583338,-29.192083],[-58.0628748,-29.1727959]],[[-59.002092,-33.0230644],[-59.0112879,-33.0378594],[-58.9916672,-33.042083],[-59.002092,-33.0230644]],[[-58.6006597,-33.022568],[-58.6202967,-33.0328463],[-58.6083338,-33.042083],[-58.6006597,-33.022568]],[[-58.53016,-33.0285901],[-58.5062749,-33.0204521],[-58.4968267,-33.0004651],[-58.5294438,-32.9889092],[-58.5604253,-33.0106621],[-58.53016,-33.0285901]],[[-58.8793869,-32.6812187],[-58.9026209,-32.6723157],[-58.8945073,-32.6959567],[-58.8750005,-32.7004163],[-58.8793869,-32.6812187]],[[-67.0166671,-27.667083],[-67.0166671,-27.642083],[-67.0333338,-27.642083],[-67.0333338,-27.667083],[-67.0166671,-27.667083]],[[-71.5223312,-41.9685397],[-71.5320968,-41.9426445],[-71.5494389,-41.9491793],[-71.5474044,-41.9712496],[-71.5412521,-41.9875663],[-71.5333338,-41.9920829],[-71.5223312,-41.9685397]],[[-71.3001632,-41.1669202],[-71.2624191,-41.1546643],[-71.2498377,-41.1287285],[-71.31342,-41.1300305],[-71.353866,-41.1704684],[-71.3083338,-41.1754163],[-71.3001632,-41.1669202]],[[-71.4000004,-41.1254163],[-71.4000004,-41.117083],[-71.4166671,-41.117083],[-71.4166671,-41.1254163],[-71.4000004,-41.1254163]],[[-58.5584884,-27.3055189],[-58.5868169,-27.3201022],[-58.5666672,-27.3254163],[-58.5584884,-27.3055189]],[[-60.4833338,-34.6254163],[-60.4898605,-34.6420097],[-60.4611333,-34.6623792],[-60.4463709,-34.6316989],[-60.4833338,-34.6254163]],[[-62.9557052,-36.7388033],[-62.9703699,-36.7529228],[-62.9500005,-36.7587496],[-62.9557052,-36.7388033]],[[-59.4381597,-34.4303317],[-59.4619634,-34.4507744],[-59.4333338,-34.4587496],[-59.4381597,-34.4303317]],[[-64.0865727,-38.9853447],[-64.1112879,-38.9748141],[-64.1024256,-38.9963066],[-64.0833338,-39.0004163],[-64.0865727,-38.9853447]],[[-59.5053797,-33.8200371],[-59.4807052,-33.8124118],[-59.5105067,-33.7891289],[-59.5279546,-33.8211927],[-59.5083338,-33.8254163],[-59.5053797,-33.8200371]],[[-61.0694666,-27.0865492],[-61.0913335,-27.0754896],[-61.1028,-27.0971042],[-61.0666671,-27.1004163],[-61.0694666,-27.0865492]],[[-55.7550054,-27.9287448],[-55.7304448,-27.9124118],[-55.7561691,-27.8970879],[-55.7699956,-27.9259941],[-55.7550054,-27.9287448]],[[-58.6920496,-27.0326673],[-58.719841,-27.038193],[-58.7000005,-27.0504163],[-58.6920496,-27.0326673]],[[-58.9549948,-34.6201966],[-58.9513352,-34.6208337],[-58.9495125,-34.6211509],[-58.9192186,-34.6264245]],[[-67.9280441,-46.7872001],[-67.9836674,-46.7803479],[-67.9781906,-46.804762],[-67.9333338,-46.8087496],[-67.9280441,-46.7872001]],[[-67.607048,-46.5396171],[-67.6284021,-46.5597913],[-67.6000004,-46.5670829],[-67.607048,-46.5396171]],[[-68.9086756,-46.5397148],[-68.9503341,-46.5303479],[-68.944963,-46.55429],[-68.9166671,-46.5587496],[-68.9086756,-46.5397148]],[[-67.4959721,-46.4500745],[-67.5175996,-46.4190636],[-67.5695398,-46.4417655],[-67.5356206,-46.4679537],[-67.4916671,-46.4754163],[-67.4959721,-46.4500745]],[[-59.0751144,-35.1808525],[-59.0893966,-35.1720146],[-59.1117355,-35.1931246],[-59.0833338,-35.2004163],[-59.0751144,-35.1808525]],[[-55.5307053,-27.2471367],[-55.54537,-27.2612562],[-55.5250005,-27.267083],[-55.5307053,-27.2471367]],[[-55.458993,-27.1809014],[-55.4786301,-27.1911797],[-55.4666672,-27.2004163],[-55.458993,-27.1809014]],[[-55.2143641,-27.0373548],[-55.2360357,-27.0226169],[-55.248381,-27.0470228],[-55.2250005,-27.0587497],[-55.2143641,-27.0373548]],[[-65.1685306,-26.7822596],[-65.1787521,-26.7623467],[-65.1878748,-26.7634779],[-65.1955897,-26.7538506],[-65.2206954,-26.7635023],[-65.2370366,-26.7600599],[-65.2203699,-26.7467135],[-65.2129643,-26.7364189],[-65.2371261,-26.7394219],[-65.2506678,-26.7225111],[-65.2667892,-26.7133802],[-65.2785298,-26.7544206]],[[-65.2732675,-26.7785792],[-65.2629643,-26.7541191],[-65.2505945,-26.7467135],[-65.2554529,-26.7857842],[-65.2651902,-26.7874776]],[[-65.1656647,-26.8079319],[-65.1685306,-26.7822596]],[[-61.3416671,-37.992083],[-61.3416671,-37.9754163],[-61.3666671,-37.9754163],[-61.3666671,-37.992083],[-61.3416671,-37.992083]],[[-59.7790044,-30.9401543],[-59.7946212,-30.9479993],[-59.7750005,-30.9587497],[-59.7790044,-30.9401543]],[[-59.6360682,-30.747682],[-59.6160975,-30.7375827],[-59.6377283,-30.7309502],[-59.6528,-30.7531181],[-59.6416671,-30.7587497],[-59.6360682,-30.747682]],[[-61.7631597,-29.213665],[-61.7869634,-29.2341077],[-61.7583338,-29.242083],[-61.7631597,-29.213665]],[[-69.130575,-33.3478203],[-69.1535568,-33.3665703],[-69.1416671,-33.3754163],[-69.130575,-33.3478203]],[[-59.0361333,-34.1365491],[-59.0611333,-34.1364759],[-59.0333338,-34.1504163],[-59.0361333,-34.1365491]],[[-59.0583338,-34.1087496],[-59.0204513,-34.1292005],[-59.0073523,-34.150429],[-59.0019198,-34.147447],[-59.0046023,-34.1044696],[-59.0074743,-34.0983054],[-59.0295496,-34.0799655],[-59.0371505,-34.0624524],[-59.0635503,-34.0651461],[-59.0629399,-34.0880628],[-59.0583338,-34.1087496]],[[-59.1894943,-34.0304782],[-59.2122645,-34.0414808],[-59.1833338,-34.0504163],[-59.1894943,-34.0304782]],[[-58.2421055,-34.9216143],[-58.249146,-34.9046644],[-58.2790858,-34.9388115],[-58.2583338,-34.9587496],[-58.2542485,-34.9461683],[-58.2399515,-34.9324251],[-58.2421055,-34.9216143]],[[-58.3183471,-34.8280571],[-58.3072759,-34.82693],[-58.2946202,-34.8561028],[-58.2937892,-34.8580184],[-58.2848719,-34.8785739],[-58.2646245,-34.8806409],[-58.2537114,-34.8715752],[-58.255689,-34.8521904],[-58.2204513,-34.8625338],[-58.1990984,-34.884504]],[[-68.2287032,-54.7967134],[-68.2212976,-54.7802014],[-68.3220463,-54.7927339],[-68.3787032,-54.8270357],[-68.3449305,-54.840757],[-68.3144493,-54.8214143],[-68.3339615,-54.80653],[-68.3152695,-54.8007431],[-68.2892685,-54.8039207],[-68.2610844,-54.8023442],[-68.2287032,-54.7967134]],[[-61.3833338,-32.8254163],[-61.3833338,-32.8087497],[-61.4083338,-32.8087497],[-61.4083338,-32.8254163],[-61.3833338,-32.8254163]],[[-58.0452967,-29.7873792],[-58.0758468,-29.7717868],[-58.0869634,-29.7927178],[-58.0416672,-29.8004163],[-58.0452967,-29.7873792]],[[-66.3130701,-30.3475273],[-66.32863,-30.3597506],[-66.3083338,-30.3754163],[-66.3130701,-30.3475273]],[[-59.8367436,-36.7881604],[-59.8389328,-36.7754163],[-59.8354578,-36.7551933],[-59.8810959,-36.7642102],[-59.878394,-36.7799248],[-59.8910975,-36.800457],[-59.8624028,-36.7955172],[-59.8416671,-36.8004163],[-59.8367436,-36.7881604]],[[-60.7150314,-34.1886976],[-60.7310145,-34.1809502],[-60.7444666,-34.204819],[-60.7250005,-34.2087496],[-60.7150314,-34.1886976]],[[-63.2062993,-32.4075778],[-63.2415451,-32.383237],[-63.2746912,-32.4089287],[-63.2553471,-32.4386325],[-63.2250005,-32.442083],[-63.2316655,-32.426222],[-63.2125005,-32.4305189],[-63.2017013,-32.4280937],[-63.2062993,-32.4075778]],[[-61.9109624,-30.3490736],[-61.9268234,-30.3643893],[-61.9083338,-30.367083],[-61.9109624,-30.3490736]],[[-61.2307052,-30.2971367],[-61.2453699,-30.3112562],[-61.2250005,-30.317083],[-61.2307052,-30.2971367]],[[-65.0310307,-24.6554456],[-65.0704513,-24.667319],[-65.0416671,-24.6837497],[-65.0310307,-24.6554456]],[[-60.1761496,-33.3910571],[-60.1627202,-33.3709892],[-60.1386154,-33.3724215],[-60.1700277,-33.3524449]],[[-59.0750005,-36.7837496],[-59.0750005,-36.767083],[-59.1000005,-36.767083],[-59.1000005,-36.7837496],[-59.0750005,-36.7837496]],[[-61.2863774,-38.9770032],[-61.3103032,-38.9886813],[-61.2833338,-38.992083],[-61.2863774,-38.9770032]],[[-65.1106124,-28.6359958],[-65.1362147,-28.6136813],[-65.1450688,-28.6431247],[-65.1166671,-28.6504163],[-65.1106124,-28.6359958]],[[-63.3757003,-34.1267265],[-63.3946619,-34.1142835],[-63.4027999,-34.132236],[-63.3833338,-34.142083],[-63.3757003,-34.1267265]],[[-65.4890385,-25.0638034],[-65.5037033,-25.0779229],[-65.4833338,-25.0837497],[-65.4890385,-25.0638034]],[[-61.1307052,-27.8221367],[-61.1453699,-27.8362562],[-61.1250005,-27.842083],[-61.1307052,-27.8221367]],[[-62.8139979,-28.4532809],[-62.8527999,-28.4528171],[-62.8435958,-28.4716647],[-62.8250005,-28.4754163],[-62.8139979,-28.4532809]],[[-59.2736496,-34.988901],[-59.2869634,-35.0038831],[-59.2583338,-35.0087496],[-59.2736496,-34.988901]],[[-58.2830363,-34.6852731],[-58.3078041,-34.6732178],[-58.3367882,-34.6518898],[-58.3356476,-34.6371422],[-58.3578326,-34.6457227]],[[-58.1410647,-32.2059793],[-58.1619634,-32.2288831],[-58.1333338,-32.2337497],[-58.1410647,-32.2059793]],[[-58.2161626,-32.1889661],[-58.2344406,-32.2126478],[-58.2083338,-32.217083],[-58.2161626,-32.1889661]],[[-58.4055181,-32.1470228],[-58.4200688,-32.1597913],[-58.3916672,-32.167083],[-58.4055181,-32.1470228]],[[-58.4916672,-31.6337497],[-58.4916672,-31.617083],[-58.5166672,-31.617083],[-58.5166672,-31.6337497],[-58.4916672,-31.6337497]],[[-61.5110438,-34.8626315],[-61.5309901,-34.8488619],[-61.5534022,-34.864137],[-61.5250005,-34.8837496],[-61.5110438,-34.8626315]],[[-71.347201,-40.1615491],[-71.3334314,-40.154583],[-71.3544682,-40.1439384],[-71.3694666,-40.1572359],[-71.347201,-40.1615491]],[[-68.9134186,-32.8596956],[-68.91495,-32.8951185],[-68.8968934,-32.9095807]],[[-57.1297368,-36.989194],[-57.1452967,-37.0014173],[-57.1250005,-37.017083],[-57.1297368,-36.989194]],[[-60.0866297,-34.0484632],[-60.1193934,-34.0540703],[-60.1097987,-34.0721774],[-60.0833338,-34.0754163],[-60.0866297,-34.0484632]],[[-61.2171229,-32.0136325],[-61.2289311,-32.0357191],[-61.2083338,-32.042083],[-61.2171229,-32.0136325]],[[-64.060944,-31.3601229],[-64.0749598,-31.3669691],[-64.0647303,-31.3879163],[-64.0748865,-31.408709],[-64.0599496,-31.4162656]],[[-64.1876923,-31.3147327],[-64.2020813,-31.3146628]],[[-64.3131543,-31.3141238],[-64.3175141,-31.3333048]],[[-64.3173565,-31.3622995],[-64.271143,-31.4014336],[-64.2788579,-31.4215589],[-64.3052007,-31.4380628],[-64.2640792,-31.4474053],[-64.2614995,-31.479583],[-64.2629155,-31.4972913],[-64.2280197,-31.4944837],[-64.2295822,-31.513958],[-64.187769,-31.513901],[-64.1794357,-31.5042249],[-64.1620854,-31.5056247],[-64.1629643,-31.4946302],[-64.1165451,-31.477581],[-64.071965,-31.4811699],[-64.0698247,-31.4544853],[-64.1038579,-31.4442396],[-64.0916671,-31.4254163],[-64.0963139,-31.4127536],[-64.0796798,-31.3984225],[-64.078451,-31.3831719],[-64.1044764,-31.3715589],[-64.1121912,-31.3626071],[-64.1378097,-31.3465589],[-64.145549,-31.3292249],[-64.1601486,-31.3303968],[-64.1648307,-31.3148436]],[[-60.5547043,-33.9123792],[-60.5386724,-33.9000013],[-60.5367843,-33.8872246],[-60.5709803,-33.8618746],[-60.5822596,-33.8764905],[-60.60363,-33.8929863],[-60.5930913,-33.9226901],[-60.5790451,-33.9206149],[-60.5583338,-33.9254163],[-60.5547043,-33.9123792]],[[-70.0459965,-38.9044202],[-70.0297368,-38.8893649],[-70.0752853,-38.8797457],[-70.0873377,-38.9036471],[-70.0500004,-38.9087496],[-70.0459965,-38.9044202]],[[-69.1187586,-33.7230644],[-69.1279545,-33.7378593],[-69.1083338,-33.742083],[-69.1187586,-33.7230644]],[[-65.3844406,-27.0460055],[-65.4170008,-27.0386813],[-65.4098068,-27.0707614],[-65.3916671,-27.0754163],[-65.3844406,-27.0460055]],[[-64.9508387,-25.7721367],[-64.9874191,-25.8030693],[-64.9583338,-25.8087497],[-64.9508387,-25.7721367]],[[-66.8586512,-29.4667656],[-66.8169845,-29.4250989],[-66.783643,-29.394207],[-66.8354904,-29.3777926],[-66.870671,-29.3964124],[-66.9289637,-29.4056898],[-66.9123377,-29.4210869],[-66.903809,-29.4391614],[-66.8666671,-29.4754163],[-66.8586512,-29.4667656]],[[-64.3291192,-36.6477999],[-64.3094324,-36.6403821],[-64.2886398,-36.6557223],[-64.2719731,-36.6534436],[-64.2512049,-36.6416028],[-64.2557378,-36.629583],[-64.2520431,-36.6197848],[-64.2613611,-36.6034436],[-64.2719731,-36.597389],[-64.2814783,-36.5807223],[-64.3040776,-36.589552],[-64.3113611,-36.622389],[-64.3363611,-36.6366468],[-64.3311417,-36.6459074],[-64.3291192,-36.6477999]],[[-59.3290044,-35.3901543],[-59.3446213,-35.3979993],[-59.3250005,-35.4087496],[-59.3290044,-35.3901543]],[[-59.0105067,-31.8603122],[-59.0261479,-31.8381523],[-59.0455978,-31.8653415],[-59.0250005,-31.8837497],[-59.0105067,-31.8603122]],[[-68.9223719,-37.38047],[-68.9370366,-37.3945895],[-68.9166671,-37.4004163],[-68.9223719,-37.38047]],[[-65.0354578,-26.9545911],[-65.0423182,-26.9405531],[-65.0611333,-26.957236],[-65.0416671,-26.967083],[-65.0354578,-26.9545911]],[[-65.212032,-26.8953932],[-65.1952641,-26.8883314],[-65.1951339,-26.8697848],[-65.1759445,-26.8721693],[-65.1624679,-26.8889906],[-65.1378911,-26.8540133],[-65.1212977,-26.8517266],[-65.1383305,-26.8380791],[-65.1287033,-26.8217135],[-65.1212977,-26.7937188],[-65.1537928,-26.7977552],[-65.1685306,-26.7822596]],[[-64.0834884,-23.1971856],[-64.1118169,-23.2117689],[-64.0916671,-23.217083],[-64.0834884,-23.1971856]],[[-63.8052251,-22.5801039],[-63.8288579,-22.6034844],[-63.8000005,-22.6087497],[-63.8052251,-22.5801039]],[[-63.7865076,-22.5389092],[-63.78016,-22.5039238],[-63.819841,-22.5018405],[-63.8057459,-22.5471042],[-63.7916671,-22.5504164],[-63.7865076,-22.5389092]],[[-63.7294764,-22.2308526],[-63.7531011,-22.2464369],[-63.7250005,-22.2504164],[-63.7294764,-22.2308526]],[[-63.6799321,-22.0621514],[-63.6663335,-22.0068047],[-63.6797802,-22.0030701],[-63.6867355,-22.0386813],[-63.6965988,-22.0454847],[-63.7034022,-22.0619317],[-63.6833338,-22.067083],[-63.6799321,-22.0621514]],[[-65.0557052,-29.2638034],[-65.0703699,-29.2779228],[-65.0500005,-29.2837497],[-65.0557052,-29.2638034]],[[-60.1602869,-35.4292412],[-60.1726811,-35.4142835],[-60.1861333,-35.4381523],[-60.1666671,-35.442083],[-60.1602869,-35.4292412]],[[-62.8183029,-25.8036146],[-62.8357101,-25.7976169],[-62.8444666,-25.8131523],[-62.8250005,-25.817083],[-62.8183029,-25.8036146]],[[-65.5604253,-27.2563978],[-65.5696212,-27.2711927],[-65.5500005,-27.2754163],[-65.5604253,-27.2563978]],[[-65.4861333,-27.1615492],[-65.5064783,-27.1559502],[-65.5194666,-27.1804375],[-65.4833338,-27.1837497],[-65.4861333,-27.1615492]],[[-61.8861333,-35.8032158],[-61.9064783,-35.7976168],[-61.9194666,-35.8221041],[-61.8833338,-35.8254163],[-61.8861333,-35.8032158]]],"bbox":[-72.3526453,-54.840757,-53.6168625,-22.0030701]}