{"type":"Topology","objects":{"foo":{"type":"GeometryCollection","geometries":[{"type":"Polygon","arcs":[[0]],"properties":{"name":"Santuario","gaul_code":13444,"targetarea":7.672367,"totpop":36719.7569389,"country_id":"COL","targetpop":16295.4888916,"new_mean":0.0908161,"totalarea":64.5617207}},{"type":"Polygon","arcs":[[1]],"properties":{"name":"Venadillo","gaul_code":14361,"targetarea":1.8669961,"totpop":21203.0870295,"country_id":"COL","targetpop":3408.3026123,"new_mean":0.1324391,"totalarea":266.5299739}},{"type":"Polygon","arcs":[[2]],"properties":{"name":"San Jose Del Guaviare","gaul_code":13972,"targetarea":8.4274342,"totpop":141236.004774,"country_id":"COL","targetpop":21326.4090576,"new_mean":0.0255866,"totalarea":24205.3527086}},{"type":"Polygon","arcs":[[3]],"properties":{"name":"Saravena","gaul_code":13472,"targetarea":8.6201158,"totpop":77313.4757214,"country_id":"COL","targetpop":24500.3029785,"new_mean":0.1047419,"totalarea":898.6631341}},{"type":"Polygon","arcs":[[4,5,6,7,8]],"properties":{"name":"La Virginia","gaul_code":14195,"targetarea":8.7810085,"totpop":38058.641201,"country_id":"COL","targetpop":29513.0349121,"new_mean":0.117297,"totalarea":30.595745}},{"type":"Polygon","arcs":[[9]],"properties":{"name":"Jardin","gaul_code":13400,"targetarea":2.0159944,"totpop":23586.9776525,"country_id":"COL","targetpop":5053.1156006,"new_mean":0.1041252,"totalarea":237.6236025}},{"type":"Polygon","arcs":[[10]],"properties":{"name":"Sandona","gaul_code":14115,"targetarea":2.2954181,"totpop":28557.4249992,"country_id":"COL","targetpop":7413.6704102,"new_mean":0.0887135,"totalarea":118.1345858}},{"type":"Polygon","arcs":[[11]],"properties":{"name":"Enciso","gaul_code":14236,"targetarea":2.2229136,"totpop":17834.9811058,"country_id":"COL","targetpop":5056.4738769,"new_mean":0.103703,"totalarea":103.1436066}},{"type":"MultiPolygon","arcs":[[[12,13]],[[14]]],"properties":{"name":"Florida","gaul_code":14383,"targetarea":9.3252981,"totpop":103702.93301,"country_id":"COL","targetpop":23751.3262939,"new_mean":0.1145299,"totalarea":434.9820635}},{"type":"MultiPolygon","arcs":[[[15]],[[16,17]]],"properties":{"name":"Moniquira","gaul_code":13590,"targetarea":7.9826521,"totpop":40400.4512811,"country_id":"COL","targetpop":22490.0509644,"new_mean":0.1045568,"totalarea":212.7959389}},{"type":"MultiPolygon","arcs":[[[18,19]],[[20]]],"properties":{"name":"Orito","gaul_code":14167,"targetarea":10.7278748,"totpop":124756.588636,"country_id":"COL","targetpop":30226.6447754,"new_mean":0.0372911,"totalarea":1796.0438097}},{"type":"Polygon","arcs":[[21]],"properties":{"name":"Samaniego","gaul_code":14110,"targetarea":1.8725711,"totpop":37391.2510819,"country_id":"COL","targetpop":4730.2727051,"new_mean":0.0868986,"totalarea":426.9222261}},{"type":"Polygon","arcs":[[22]],"properties":{"name":"Sibate","gaul_code":13917,"targetarea":3.0180298,"totpop":27430.4337788,"country_id":"COL","targetpop":6100.1574707,"new_mean":0.0931357,"totalarea":105.4053718}},{"type":"MultiPolygon","arcs":[[[23]],[[24]]],"properties":{"name":"Trinidad","gaul_code":13716,"targetarea":4.8908243,"totpop":60054.1684553,"country_id":"COL","targetpop":14883.2947998,"new_mean":0.0998867,"totalarea":3037.5026911}},{"type":"MultiPolygon","arcs":[[[25,26,27]],[[28,29,30]]],"properties":{"name":"La Tebaida","gaul_code":14184,"targetarea":8.2866225,"totpop":50862.5046692,"country_id":"COL","targetpop":31701.9320068,"new_mean":0.1104888,"totalarea":84.8492628}},{"type":"MultiPolygon","arcs":[[[31,32]],[[33]],[[34,35,36]]],"properties":{"name":"Marinilla","gaul_code":13407,"targetarea":18.7354396,"totpop":79874.3155518,"country_id":"COL","targetpop":43661.7159424,"new_mean":0.0893795,"totalarea":113.7498182}},{"type":"MultiPolygon","arcs":[[[37]],[[38,39]]],"properties":{"name":"Cartago","gaul_code":14377,"targetarea":22.2199506,"totpop":138766.01586,"country_id":"COL","targetpop":82461.8644409,"new_mean":0.1194785,"totalarea":354.9871583}},{"type":"Polygon","arcs":[[40]],"properties":{"name":"Tumaco (is.)","gaul_code":14122,"targetarea":3.7520644,"totpop":2365.5893936,"country_id":"COL","targetpop":2069.4847774,"new_mean":0,"totalarea":9.1231613}},{"type":"MultiPolygon","arcs":[[[41]],[[42]]],"properties":{"name":"Supia","gaul_code":13681,"targetarea":12.2043501,"totpop":64290.379158,"country_id":"COL","targetpop":38333.8789673,"new_mean":0.1324949,"totalarea":111.6002405}},{"type":"MultiPolygon","arcs":[[[43]],[[44]]],"properties":{"name":"Arauca","gaul_code":13467,"targetarea":16.3427617,"totpop":156001.235059,"country_id":"COL","targetpop":54494.2672119,"new_mean":0.0927328,"totalarea":5698.3868448}},{"type":"Polygon","arcs":[[45,46,47,48]],"properties":{"name":"Dos Quebradas","gaul_code":14192,"targetarea":41.7036529,"totpop":282142.89975,"country_id":"COL","targetpop":264986.758118,"new_mean":0.1076585,"totalarea":70.8813802}},{"type":"Polygon","arcs":[[49,50]],"properties":{"name":"Tulua","gaul_code":14401,"targetarea":36.434306,"totpop":204348.03663,"country_id":"COL","targetpop":134666.912476,"new_mean":0.1256329,"totalarea":608.8801829}},{"type":"Polygon","arcs":[[51]],"properties":{"name":"Guadalupe","gaul_code":13984,"targetarea":2.5888671,"totpop":44508.9476223,"country_id":"COL","targetpop":8171.9479981,"new_mean":0.11859,"totalarea":446.8838873}},{"type":"MultiPolygon","arcs":[[[52]],[[53]]],"properties":{"name":"Apartado","gaul_code":13352,"targetarea":27.5519723,"totpop":189064.545113,"country_id":"COL","targetpop":82115.630188,"new_mean":0.0957545,"totalarea":573.7306994}},{"type":"Polygon","arcs":[[54]],"properties":{"name":"Nilo","gaul_code":13895,"targetarea":2.6594948,"totpop":47826.0157976,"country_id":"COL","targetpop":4801.3903809,"new_mean":0.1396414,"totalarea":205.92134}},{"type":"Polygon","arcs":[[55,56,57]],"properties":{"name":"Filandia","gaul_code":14182,"targetarea":4.7962359,"totpop":37531.8124313,"country_id":"COL","targetpop":10913.4766846,"new_mean":0.1029154,"totalarea":143.2759983}},{"type":"Polygon","arcs":[[58]],"properties":{"name":"Espinal","gaul_code":14332,"targetarea":13.9758306,"totpop":79533.5483208,"country_id":"COL","targetpop":36240.8203125,"new_mean":0.1522282,"totalarea":225.5503811}},{"type":"Polygon","arcs":[[59]],"properties":{"name":"Agrado","gaul_code":13974,"targetarea":1.1662861,"totpop":17403.9209275,"country_id":"COL","targetpop":2883.2681885,"new_mean":0.1280442,"totalarea":250.1538052}},{"type":"Polygon","arcs":[[60]],"properties":{"name":"Ospina","gaul_code":14101,"targetarea":3.8519634,"totpop":32913.513237,"country_id":"COL","targetpop":11718.8546143,"new_mean":0.0838646,"totalarea":78.5738209}},{"type":"Polygon","arcs":[[61]],"properties":{"name":"Belen De Umbria","gaul_code":14191,"targetarea":2.2874315,"totpop":22027.8323841,"country_id":"COL","targetpop":5448.9874268,"new_mean":0.1100416,"totalarea":175.2919795}},{"type":"MultiPolygon","arcs":[[[62]],[[63]],[[64,65,66,67]]],"properties":{"name":"Candelaria","gaul_code":14376,"targetarea":54.1712105,"totpop":375457.800266,"country_id":"COL","targetpop":305023.451233,"new_mean":0.1344484,"totalarea":260.725197}},{"type":"Polygon","arcs":[[68]],"properties":{"name":"Isnos","gaul_code":13987,"targetarea":3.166731,"totpop":40056.7627563,"country_id":"COL","targetpop":6599.0684815,"new_mean":0.1093876,"totalarea":461.8158347}},{"type":"Polygon","arcs":[[69]],"properties":{"name":"Susa","gaul_code":13925,"targetarea":4.1843391,"totpop":18901.8492393,"country_id":"COL","targetpop":8833.3206787,"new_mean":0.088504,"totalarea":115.0703857}},{"type":"Polygon","arcs":[[70]],"properties":{"name":"Villa De Leyva","gaul_code":13656,"targetarea":2.2858351,"totpop":22430.0547304,"country_id":"COL","targetpop":5571.7214356,"new_mean":0.0897051,"totalarea":112.8994026}},{"type":"Polygon","arcs":[[71]],"properties":{"name":"Socorro","gaul_code":14283,"targetarea":5.9149064,"totpop":39389.512373,"country_id":"COL","targetpop":16260.9632568,"new_mean":0.1121964,"totalarea":118.9690666}},{"type":"Polygon","arcs":[[72]],"properties":{"name":"La Union","gaul_code":14092,"targetarea":1.1667273,"totpop":21237.3085289,"country_id":"COL","targetpop":2275.0632324,"new_mean":0.0969041,"totalarea":126.0579728}},{"type":"Polygon","arcs":[[73]],"properties":{"name":"Pamplona","gaul_code":14150,"targetarea":8.2866353,"totpop":58626.3250966,"country_id":"COL","targetpop":37081.1226807,"new_mean":0.1260922,"totalarea":284.9517836}},{"type":"Polygon","arcs":[[74]],"properties":{"name":"Natagaima","gaul_code":14346,"targetarea":2.0214585,"totpop":28070.3205376,"country_id":"COL","targetpop":3885.7756348,"new_mean":0.1509541,"totalarea":951.8106908}},{"type":"Polygon","arcs":[[75]],"properties":{"name":"Popayan","gaul_code":13745,"targetarea":69.4687112,"totpop":377355.926515,"country_id":"COL","targetpop":276309.877136,"new_mean":0.0729294,"totalarea":484.5211879}},{"type":"Polygon","arcs":[[76]],"properties":{"name":"Carepa","gaul_code":13371,"targetarea":6.7822305,"totpop":45158.1621513,"country_id":"COL","targetpop":17220.4899902,"new_mean":0.0965343,"totalarea":246.3212862}},{"type":"Polygon","arcs":[[77,78,79]],"properties":{"name":"Suesca","gaul_code":13923,"targetarea":12.1797185,"totpop":57331.8577366,"country_id":"COL","targetpop":31583.0285645,"new_mean":0.0849103,"totalarea":187.3329744}},{"type":"Polygon","arcs":[[80,81]],"properties":{"name":"Villa Del Rosario","gaul_code":14164,"targetarea":54.4628988,"totpop":229642.095641,"country_id":"COL","targetpop":194785.657532,"new_mean":0.23804,"totalarea":213.2003658}},{"type":"Polygon","arcs":[[82]],"properties":{"name":"Garzon","gaul_code":13982,"targetarea":11.9361833,"totpop":117857.009157,"country_id":"COL","targetpop":58633.5004883,"new_mean":0.1400106,"totalarea":540.9617436}},{"type":"Polygon","arcs":[[83,84,85]],"properties":{"name":"Corrales","gaul_code":13561,"targetarea":10.430285,"totpop":41476.2057924,"country_id":"COL","targetpop":29483.7827148,"new_mean":0.0879155,"totalarea":63.5890695}},{"type":"MultiPolygon","arcs":[[[86]],[[87,88,89,90,91,-66,92,93,94]]],"properties":{"name":"Cali","gaul_code":14374,"targetarea":235.7503973,"totpop":2049084.9635,"country_id":"COL","targetpop":1944521.71692,"new_mean":0.1438808,"totalarea":503.288547}},{"type":"Polygon","arcs":[[95]],"properties":{"name":"Viterbo","gaul_code":13684,"targetarea":2.2728588,"totpop":18901.7066116,"country_id":"COL","targetpop":5940.6246338,"new_mean":0.1151546,"totalarea":105.7549067}},{"type":"Polygon","arcs":[[96]],"properties":{"name":"Florencia","gaul_code":13691,"targetarea":30.0738792,"totpop":204933.406988,"country_id":"COL","targetpop":115988.826508,"new_mean":0.0927751,"totalarea":2023.9012441}},{"type":"MultiPolygon","arcs":[[[97,98,99]],[[100,101,102,103,104,105,106]]],"properties":{"name":"Chia","gaul_code":13852,"targetarea":61.9940385,"totpop":307354.0047,"country_id":"COL","targetpop":298613.651123,"new_mean":0.0885201,"totalarea":81.0906695}},{"type":"MultiPolygon","arcs":[[[107,108]],[[109,110,111,112]]],"properties":{"name":"Girardota","gaul_code":13390,"targetarea":21.1935262,"totpop":71276.6274376,"country_id":"COL","targetpop":46238.3026733,"new_mean":0.0918795,"totalarea":82.6646399}},{"type":"MultiPolygon","arcs":[[[113,114,115]],[[116,117,118,119]]],"properties":{"name":"La Estrella","gaul_code":13403,"targetarea":6.0076821,"totpop":22332.4320831,"country_id":"COL","targetpop":8662.2928467,"new_mean":0.0975604,"totalarea":37.0186702}},{"type":"Polygon","arcs":[[120]],"properties":{"name":"Pensilvania","gaul_code":13676,"targetarea":2.2867717,"totpop":29697.7586718,"country_id":"COL","targetpop":4391.291626,"new_mean":0.1055835,"totalarea":572.2006405}},{"type":"MultiPolygon","arcs":[[[121]],[[-39,122]],[[-48,123]],[[-6,124]],[[125,-8,126]]],"properties":{"name":"Pereira","gaul_code":14198,"targetarea":88.6993549,"totpop":513153.151156,"country_id":"COL","targetpop":355984.608093,"new_mean":0.112114,"totalarea":651.8373477}},{"type":"Polygon","arcs":[[127,-9,-126]],"properties":{"name":"Marsella","gaul_code":14196,"targetarea":0.5479375,"totpop":22823.7475815,"country_id":"COL","targetpop":1112.5427246,"new_mean":0.1163317,"totalarea":164.2113756}},{"type":"Polygon","arcs":[[128,-89,129]],"properties":{"name":"Jamundi","gaul_code":14386,"targetarea":35.8547608,"totpop":209356.63708,"country_id":"COL","targetpop":109673.383301,"new_mean":0.1125394,"totalarea":683.3565627}},{"type":"MultiPolygon","arcs":[[[130]],[[131]],[[132,133]]],"properties":{"name":"Fusagasuga","gaul_code":13866,"targetarea":27.5605352,"totpop":172379.242691,"country_id":"COL","targetpop":93839.0447998,"new_mean":0.1037637,"totalarea":307.4382518}},{"type":"Polygon","arcs":[[134]],"properties":{"name":"Taraza","gaul_code":13449,"targetarea":2.2770768,"totpop":41455.7140568,"country_id":"COL","targetpop":4385.3499756,"new_mean":0.1059137,"totalarea":1748.7598672}},{"type":"MultiPolygon","arcs":[[[135]],[[136]]],"properties":{"name":"Coello","gaul_code":14328,"targetarea":4.6657869,"totpop":38574.824316,"country_id":"COL","targetpop":10652.3439941,"new_mean":0.1482009,"totalarea":443.2528961}},{"type":"Polygon","arcs":[[137]],"properties":{"name":"Pradera","gaul_code":14393,"targetarea":6.9037907,"totpop":80576.4892712,"country_id":"COL","targetpop":19073.7390137,"new_mean":0.1116664,"totalarea":427.6931765}},{"type":"Polygon","arcs":[[138]],"properties":{"name":"Cuaspud","gaul_code":14072,"targetarea":1.1670318,"totpop":18831.3421936,"country_id":"COL","targetpop":2488.4547119,"new_mean":0.0809586,"totalarea":87.8470026}},{"type":"Polygon","arcs":[[139]],"properties":{"name":"Gigante","gaul_code":13983,"targetarea":2.7327207,"totpop":49804.7833786,"country_id":"COL","targetpop":7953.4395752,"new_mean":0.1260992,"totalarea":699.7157548}},{"type":"Polygon","arcs":[[140]],"properties":{"name":"Campo Alegre","gaul_code":13979,"targetarea":5.1232913,"totpop":38965.3794027,"country_id":"COL","targetpop":10657.9941406,"new_mean":0.1431839,"totalarea":385.5782191}},{"type":"Polygon","arcs":[[-57,141,142]],"properties":{"name":"Quimbaya","gaul_code":14187,"targetarea":0.418648,"totpop":8850.940321,"country_id":"COL","targetpop":0,"new_mean":0.1129761,"totalarea":83.3517264}},{"type":"Polygon","arcs":[[143]],"properties":{"name":"Paz De Ariporo","gaul_code":13708,"targetarea":2.3751563,"totpop":40500.5043261,"country_id":"COL","targetpop":5391.4433594,"new_mean":0.0901618,"totalarea":12435.9448275}},{"type":"Polygon","arcs":[[144]],"properties":{"name":"Sonson","gaul_code":13446,"targetarea":3.869369,"totpop":50868.0050712,"country_id":"COL","targetpop":7248.4013672,"new_mean":0.1003655,"totalarea":1302.7397148}},{"type":"Polygon","arcs":[[145,146,147,148,149,150,151,152]],"properties":{"name":"Funza","gaul_code":13864,"targetarea":44.9626164,"totpop":193340.699127,"country_id":"COL","targetpop":176431.90863,"new_mean":0.0853083,"totalarea":69.9350286}},{"type":"MultiPolygon","arcs":[[[153]],[[-20,154]]],"properties":{"name":"Valle Del Guamuez (la Hor","gaul_code":14175,"targetarea":4.6452682,"totpop":99859.4989653,"country_id":"COL","targetpop":10338.763916,"new_mean":0.0377118,"totalarea":1088.5209119}},{"type":"Polygon","arcs":[[155,156]],"properties":{"name":"Ipiales","gaul_code":14087,"targetarea":23.1978724,"totpop":168167.560895,"country_id":"COL","targetpop":84516.2094727,"new_mean":0.0802834,"totalarea":1717.6719399}},{"type":"Polygon","arcs":[[157]],"properties":{"name":"Paipa","gaul_code":13599,"targetarea":3.0120836,"totpop":30583.899946,"country_id":"COL","targetpop":4464.258667,"new_mean":0.0812232,"totalarea":416.2508738}},{"type":"Polygon","arcs":[[158,159,160]],"properties":{"name":"Combita","gaul_code":13559,"targetarea":6.0327932,"totpop":57358.1557288,"country_id":"COL","targetpop":39516.6203613,"new_mean":0.0621303,"totalarea":187.0965869}},{"type":"Polygon","arcs":[[161]],"properties":{"name":"La Ceja","gaul_code":13402,"targetarea":17.0848425,"totpop":61243.3232136,"country_id":"COL","targetpop":34940.2828369,"new_mean":0.0942992,"totalarea":134.6244549}},{"type":"MultiPolygon","arcs":[[[162]],[[163]],[[164]]],"properties":{"name":"Aguazul","gaul_code":13700,"targetarea":14.7222901,"totpop":99803.1125741,"country_id":"COL","targetpop":28574.3120728,"new_mean":0.1219575,"totalarea":1433.4264014}},{"type":"Polygon","arcs":[[-14,165]],"properties":{"name":"Miranda","gaul_code":13739,"targetarea":1.5473415,"totpop":40666.4555836,"country_id":"COL","targetpop":4010.0289307,"new_mean":0.1110071,"totalarea":150.9259985}},{"type":"Polygon","arcs":[[166,167,168]],"properties":{"name":"Girardot","gaul_code":13871,"targetarea":21.1045344,"totpop":87909.3954258,"country_id":"COL","targetpop":62199.8585205,"new_mean":0.1452603,"totalarea":106.2344258}},{"type":"MultiPolygon","arcs":[[[169,170,-94]],[[171,172]]],"properties":{"name":"Yumbo","gaul_code":14406,"targetarea":23.3876745,"totpop":175182.453701,"country_id":"COL","targetpop":137788.736938,"new_mean":0.148399,"totalarea":158.8849905}},{"type":"Polygon","arcs":[[173]],"properties":{"name":"Pijao","gaul_code":14186,"targetarea":1.3147159,"totpop":12937.5691686,"country_id":"COL","targetpop":3556.0498047,"new_mean":0.1091516,"totalarea":188.8381769}},{"type":"MultiPolygon","arcs":[[[174]],[[175,176,177,178]]],"properties":{"name":"Calarca","gaul_code":14179,"targetarea":19.7114908,"totpop":102840.342754,"country_id":"COL","targetpop":62504.3071289,"new_mean":0.0903269,"totalarea":207.6225884}},{"type":"Polygon","arcs":[[179]],"properties":{"name":"El Tablon","gaul_code":14078,"targetarea":1.1667983,"totpop":49416.2021062,"country_id":"COL","targetpop":4108.7269287,"new_mean":0.0869594,"totalarea":701.7278107}},{"type":"Polygon","arcs":[[180,181]],"properties":{"name":"Amaga","gaul_code":13344,"targetarea":4.7386639,"totpop":34951.3887825,"country_id":"COL","targetpop":11691.5264893,"new_mean":0.1050186,"totalarea":102.1745271}},{"type":"Polygon","arcs":[[182]],"properties":{"name":"Buenaventura","gaul_code":14369,"targetarea":51.6361376,"totpop":485300.501317,"country_id":"COL","targetpop":262678.175049,"new_mean":0.086436,"totalarea":6497.7170748}},{"type":"Polygon","arcs":[[183]],"properties":{"name":"San Vicente Del Caguan","gaul_code":13697,"targetarea":3.2512603,"totpop":139001.240983,"country_id":"COL","targetpop":7052.8460693,"new_mean":0.0924985,"totalarea":18040.1179272}},{"type":"MultiPolygon","arcs":[[[184]],[[-90,-129,185]],[[186,-67,-92]]],"properties":{"name":"Puerto Tejada","gaul_code":13746,"targetarea":15.7934426,"totpop":78711.0404587,"country_id":"COL","targetpop":41908.1123657,"new_mean":0.1129149,"totalarea":100.1777413}},{"type":"Polygon","arcs":[[187,188,189]],"properties":{"name":"Piendamo","gaul_code":13744,"targetarea":3.7065603,"totpop":33614.4153633,"country_id":"COL","targetpop":11732.9371338,"new_mean":0.0880427,"totalarea":143.78505}},{"type":"MultiPolygon","arcs":[[[190,191]],[[192]]],"properties":{"name":"Gachancipa","gaul_code":13868,"targetarea":5.6993955,"totpop":32422.3825226,"country_id":"COL","targetpop":13406.4447021,"new_mean":0.090716,"totalarea":43.5885956}},{"type":"Polygon","arcs":[[193]],"properties":{"name":"San Gil","gaul_code":14275,"targetarea":12.0917138,"totpop":59498.7399588,"country_id":"COL","targetpop":38604.4812012,"new_mean":0.1198892,"totalarea":151.7943302}},{"type":"Polygon","arcs":[[194,195,196]],"properties":{"name":"Facatativa","gaul_code":13861,"targetarea":36.1263373,"totpop":177732.104944,"country_id":"COL","targetpop":140904.944397,"new_mean":0.0874613,"totalarea":155.7059737}},{"type":"MultiPolygon","arcs":[[[197,-142,-56]],[[198,199]]],"properties":{"name":"Alcala","gaul_code":14364,"targetarea":3.6474412,"totpop":32841.7098579,"country_id":"COL","targetpop":12445.4544678,"new_mean":0.1103264,"totalarea":90.4792238}},{"type":"Polygon","arcs":[[200,201]],"properties":{"name":"Tabio","gaul_code":13927,"targetarea":11.8881338,"totpop":43914.2278404,"country_id":"COL","targetpop":21598.763855,"new_mean":0.0899546,"totalarea":73.4597222}},{"type":"Polygon","arcs":[[202]],"properties":{"name":"Barrancabermeja","gaul_code":14211,"targetarea":41.6299216,"totpop":246947.971994,"country_id":"COL","targetpop":109823.726746,"new_mean":0.1114416,"totalarea":1256.5424796}},{"type":"Polygon","arcs":[[203,204,205]],"properties":{"name":"Choachi","gaul_code":13854,"targetarea":7.0147406,"totpop":31820.3682613,"country_id":"COL","targetpop":12467.5088501,"new_mean":0.0887311,"totalarea":215.3576268}},{"type":"Polygon","arcs":[[206]],"properties":{"name":"Rovira","gaul_code":14354,"targetarea":1.1641473,"totpop":23556.3474517,"country_id":"COL","targetpop":2906.6636963,"new_mean":0.1160089,"totalarea":903.0179938}},{"type":"MultiPolygon","arcs":[[[207]],[[208]]],"properties":{"name":"El Cerrito","gaul_code":14381,"targetarea":6.6300736,"totpop":78630.4320374,"country_id":"COL","targetpop":14091.3664856,"new_mean":0.1154888,"totalarea":506.6789324}},{"type":"Polygon","arcs":[[209]],"properties":{"name":"Sevilla","gaul_code":14398,"targetarea":5.9775672,"totpop":54969.8235743,"country_id":"COL","targetpop":15030.5665283,"new_mean":0.1099088,"totalarea":920.3569994}},{"type":"Polygon","arcs":[[210]],"properties":{"name":"Bolivar","gaul_code":13361,"targetarea":4.6788384,"totpop":47716.4379978,"country_id":"COL","targetpop":7529.3365478,"new_mean":0.1026405,"totalarea":409.7971398}},{"type":"MultiPolygon","arcs":[[[211,-104,212]],[[213,-106,214,215]],[[216,217,218,-216]]],"properties":{"name":"Sopo","gaul_code":13921,"targetarea":23.4034301,"totpop":88773.034462,"country_id":"COL","targetpop":52945.0737305,"new_mean":0.0905581,"totalarea":119.7672118}},{"type":"Polygon","arcs":[[219]],"properties":{"name":"Mocoa","gaul_code":14166,"targetarea":5.2781336,"totpop":65898.7053494,"country_id":"COL","targetpop":13624.3323975,"new_mean":0.0359433,"totalarea":1062.1743076}},{"type":"Polygon","arcs":[[220]],"properties":{"name":"Ortega","gaul_code":14347,"targetarea":1.1645829,"totpop":35293.4369802,"country_id":"COL","targetpop":3842.8717041,"new_mean":0.1375828,"totalarea":910.4398546}},{"type":"Polygon","arcs":[[221]],"properties":{"name":"Penol","gaul_code":13417,"targetarea":1.9691642,"totpop":25951.7815347,"country_id":"COL","targetpop":4817.3845215,"new_mean":0.0933756,"totalarea":148.4262655}},{"type":"Polygon","arcs":[[222,223,-152]],"properties":{"name":"Tenjo","gaul_code":13930,"targetarea":4.9694877,"totpop":34371.2649117,"country_id":"COL","targetpop":8351.2231445,"new_mean":0.0883286,"totalarea":100.6159794}},{"type":"Polygon","arcs":[[224]],"properties":{"name":"San Martin","gaul_code":14057,"targetarea":2.2479644,"totpop":41222.7792535,"country_id":"COL","targetpop":5470.6680908,"new_mean":0.1153357,"totalarea":6510.9920665}},{"type":"MultiPolygon","arcs":[[[225,226,-223,-151]],[[227,228,-100]]],"properties":{"name":"Cota","gaul_code":13857,"targetarea":13.1959448,"totpop":53450.0005951,"country_id":"COL","targetpop":29602.2703857,"new_mean":0.0919184,"totalarea":53.1606452}},{"type":"Polygon","arcs":[[229]],"properties":{"name":"Caucasia","gaul_code":13374,"targetarea":12.9182128,"totpop":114147.719734,"country_id":"COL","targetpop":40637.9989014,"new_mean":0.1262166,"totalarea":1320.4792225}},{"type":"Polygon","arcs":[[230,-117,231,232]],"properties":{"name":"Itagui","gaul_code":13398,"targetarea":23.4967069,"totpop":301212.202148,"country_id":"COL","targetpop":301212.202148,"new_mean":0.0992144,"totalarea":23.4967069}},{"type":"Polygon","arcs":[[233]],"properties":{"name":"Rivera","gaul_code":13998,"targetarea":3.0833913,"totpop":40964.4073191,"country_id":"COL","targetpop":7453.1868897,"new_mean":0.1467266,"totalarea":518.548407}},{"type":"MultiPolygon","arcs":[[[-36,234]],[[235,236,237]]],"properties":{"name":"Rionegro","gaul_code":13425,"targetarea":41.1121392,"totpop":145188.55969,"country_id":"COL","targetpop":67352.8459167,"new_mean":0.0854864,"totalarea":215.6182779}},{"type":"Polygon","arcs":[[238]],"properties":{"name":"Yopal","gaul_code":13718,"targetarea":41.9259502,"totpop":308270.297494,"country_id":"COL","targetpop":157836.205017,"new_mean":0.1317602,"totalarea":2520.2298215}},{"type":"Polygon","arcs":[[239]],"properties":{"name":"Andes","gaul_code":13346,"targetarea":4.8137202,"totpop":54076.4704227,"country_id":"COL","targetpop":11225.7060547,"new_mean":0.1034453,"totalarea":540.0786906}},{"type":"MultiPolygon","arcs":[[[240]],[[241]]],"properties":{"name":"Ibague","gaul_code":14339,"targetarea":128.8380924,"totpop":713461.553039,"country_id":"COL","targetpop":522513.771362,"new_mean":0.1548263,"totalarea":1172.5023756}},{"type":"Polygon","arcs":[[242]],"properties":{"name":"Quibdo","gaul_code":13802,"targetarea":12.8458075,"totpop":224477.295662,"country_id":"COL","targetpop":29842.821167,"new_mean":0.0189334,"totalarea":6807.5474582}},{"type":"MultiPolygon","arcs":[[[243]],[[244]],[[245]]],"properties":{"name":"Zarzal","gaul_code":14407,"targetarea":10.9157625,"totpop":69497.8272743,"country_id":"COL","targetpop":23334.50354,"new_mean":0.1234029,"totalarea":354.4306334}},{"type":"MultiPolygon","arcs":[[[246,-188,247]],[[248]]],"properties":{"name":"Silvia","gaul_code":13752,"targetarea":7.6175424,"totpop":63747.2045174,"country_id":"COL","targetpop":19192.1799316,"new_mean":0.0847862,"totalarea":643.5447994}},{"type":"Polygon","arcs":[[249,250]],"properties":{"name":"Chiquinquira","gaul_code":13551,"targetarea":12.7768984,"totpop":56814.2444248,"country_id":"COL","targetpop":36082.0930176,"new_mean":0.0679581,"totalarea":129.8664804}},{"type":"MultiPolygon","arcs":[[[251,252,253]],[[-149,254,255]],[[256,257,-147]]],"properties":{"name":"Mosquera","gaul_code":13892,"targetarea":33.7688575,"totpop":141678.616638,"country_id":"COL","targetpop":91455.0083008,"new_mean":0.0878296,"totalarea":94.9019218}},{"type":"Polygon","arcs":[[258,-86,259]],"properties":{"name":"Topaga","gaul_code":13647,"targetarea":0.0722526,"totpop":6124.8355427,"country_id":"COL","targetpop":0,"new_mean":0.0920351,"totalarea":34.0296362}},{"type":"MultiPolygon","arcs":[[[260]],[[261]],[[262,263]]],"properties":{"name":"Villavicencio","gaul_code":14058,"targetarea":96.0175518,"totpop":524234.683883,"country_id":"COL","targetpop":349161.729858,"new_mean":0.1497175,"totalarea":1369.7473944}},{"type":"Polygon","arcs":[[264]],"properties":{"name":"Santander De Quilichao","gaul_code":13751,"targetarea":14.6759103,"totpop":131776.817393,"country_id":"COL","targetpop":42937.612793,"new_mean":0.1066818,"totalarea":518.9740179}},{"type":"Polygon","arcs":[[265,-263]],"properties":{"name":"Restrepo","gaul_code":14053,"targetarea":20.9642043,"totpop":115860.600917,"country_id":"COL","targetpop":81147.7000732,"new_mean":0.1112072,"totalarea":566.6066269}},{"type":"Polygon","arcs":[[266,-250]],"properties":{"name":"Saboya","gaul_code":13612,"targetarea":1.8142486,"totpop":34818.2190895,"country_id":"COL","targetpop":9152.8452148,"new_mean":0.0894511,"totalarea":283.8372544}},{"type":"Polygon","arcs":[[267]],"properties":{"name":"Villanueva","gaul_code":13717,"targetarea":5.5689171,"totpop":32648.5883958,"country_id":"COL","targetpop":13760.4033203,"new_mean":0.112654,"totalarea":755.0388415}},{"type":"Polygon","arcs":[[-218,268,-201,269,-101,270]],"properties":{"name":"Cajica","gaul_code":13847,"targetarea":31.7521385,"totpop":92212.3708954,"country_id":"COL","targetpop":80426.4202881,"new_mean":0.089682,"totalarea":49.1268001}},{"type":"MultiPolygon","arcs":[[[271,-110]],[[272]]],"properties":{"name":"Barbosa","gaul_code":13356,"targetarea":16.2868202,"totpop":72258.0573902,"country_id":"COL","targetpop":31485.800293,"new_mean":0.0942079,"totalarea":221.3842916}},{"type":"MultiPolygon","arcs":[[[273]],[[274]]],"properties":{"name":"Guacari","gaul_code":14385,"targetarea":4.5568371,"totpop":43007.3959694,"country_id":"COL","targetpop":9711.6513672,"new_mean":0.1189539,"totalarea":188.1751137}},{"type":"Polygon","arcs":[[275,-51]],"properties":{"name":"Andalucia","gaul_code":14365,"targetarea":6.0873469,"totpop":49302.7242851,"country_id":"COL","targetpop":19765.7125244,"new_mean":0.1199782,"totalarea":217.1100542}},{"type":"Polygon","arcs":[[276]],"properties":{"name":"Lebrija","gaul_code":14253,"targetarea":1.6955624,"totpop":33757.2104087,"country_id":"COL","targetpop":3569.9011231,"new_mean":0.1206421,"totalarea":533.0521772}},{"type":"MultiPolygon","arcs":[[[277,278]],[[279,280,281]]],"properties":{"name":"Zipaquira","gaul_code":13950,"targetarea":24.107085,"totpop":113765.162455,"country_id":"COL","targetpop":62860.3866577,"new_mean":0.0860652,"totalarea":188.5995942}},{"type":"Polygon","arcs":[[282]],"properties":{"name":"Monterrey","gaul_code":13705,"targetarea":1.8665747,"totpop":25071.4838831,"country_id":"COL","targetpop":3862.6920166,"new_mean":0.1146662,"totalarea":720.9100463}},{"type":"Polygon","arcs":[[283]],"properties":{"name":"Buga","gaul_code":14371,"targetarea":20.0736843,"totpop":136232.703727,"country_id":"COL","targetpop":61301.0648193,"new_mean":0.120684,"totalarea":975.6133063}},{"type":"Polygon","arcs":[[284]],"properties":{"name":"Guaduas","gaul_code":13873,"targetarea":6.3477416,"totpop":65175.9730291,"country_id":"COL","targetpop":13794.9060059,"new_mean":0.1277457,"totalarea":785.9132626}},{"type":"Polygon","arcs":[[285,-168,286]],"properties":{"name":"Ricaurte","gaul_code":13908,"targetarea":12.7351713,"totpop":62172.5663691,"country_id":"COL","targetpop":33787.3158569,"new_mean":0.1434521,"totalarea":147.2960573}},{"type":"Polygon","arcs":[[287]],"properties":{"name":"Neira","gaul_code":13673,"targetarea":2.0173933,"totpop":43133.7475586,"country_id":"COL","targetpop":4134.5042725,"new_mean":0.1199098,"totalarea":407.5756671}},{"type":"Polygon","arcs":[[-237,288,289,290]],"properties":{"name":"Retiro","gaul_code":13424,"targetarea":16.1952082,"totpop":100108.338046,"country_id":"COL","targetpop":69329.9381714,"new_mean":0.0917415,"totalarea":267.5095771}},{"type":"Polygon","arcs":[[291]],"properties":{"name":"San Pedro","gaul_code":13436,"targetarea":1.9682662,"totpop":29685.8614101,"country_id":"COL","targetpop":4980.7160644,"new_mean":0.0931171,"totalarea":215.7718319}},{"type":"Polygon","arcs":[[292]],"properties":{"name":"Yarumal","gaul_code":13463,"targetarea":5.6477607,"totpop":56176.2183199,"country_id":"COL","targetpop":15396.6506348,"new_mean":0.100548,"totalarea":734.3011078}},{"type":"Polygon","arcs":[[293]],"properties":{"name":"La Union","gaul_code":14388,"targetarea":7.8541813,"totpop":36564.0492363,"country_id":"COL","targetpop":19431.4286499,"new_mean":0.1215897,"totalarea":123.9205148}},{"type":"Polygon","arcs":[[294]],"properties":{"name":"Fresno","gaul_code":14335,"targetarea":1.8658097,"totpop":33809.2328072,"country_id":"COL","targetpop":4827.911499,"new_mean":0.1119321,"totalarea":229.0215943}},{"type":"Polygon","arcs":[[295]],"properties":{"name":"Tame","gaul_code":13473,"targetarea":3.2039797,"totpop":84465.2650553,"country_id":"COL","targetpop":7172.5187988,"new_mean":0.1040676,"totalarea":5381.3222296}},{"type":"Polygon","arcs":[[296,297]],"properties":{"name":"Piedecuesta","gaul_code":14266,"targetarea":35.9753935,"totpop":207256.972457,"country_id":"COL","targetpop":113265.972473,"new_mean":0.1232463,"totalarea":448.2979032}},{"type":"Polygon","arcs":[[298]],"properties":{"name":"Chigorodo","gaul_code":13375,"targetarea":6.7122064,"totpop":83427.0474567,"country_id":"COL","targetpop":17080.3474121,"new_mean":0.0958915,"totalarea":673.7254146}},{"type":"Polygon","arcs":[[299,-46]],"properties":{"name":"Santa Rosa De Cabal","gaul_code":14201,"targetarea":24.3071757,"totpop":142261.650296,"country_id":"COL","targetpop":80665.0001831,"new_mean":0.1061008,"totalarea":510.1630215}},{"type":"Polygon","arcs":[[-112,300,301,302,303,304,-109,305]],"properties":{"name":"Copacabana","gaul_code":13380,"targetarea":33.7320408,"totpop":188883.289253,"country_id":"COL","targetpop":174834.057434,"new_mean":0.0883399,"totalarea":66.26827}},{"type":"Polygon","arcs":[[306]],"properties":{"name":"Acacias","gaul_code":14031,"targetarea":9.4748132,"totpop":91634.310586,"country_id":"COL","targetpop":18033.2275391,"new_mean":0.1299865,"totalarea":975.3869769}},{"type":"Polygon","arcs":[[307,308]],"properties":{"name":"Puerto Triunfo","gaul_code":13422,"targetarea":1.6469203,"totpop":25982.6718597,"country_id":"COL","targetpop":4480.5773926,"new_mean":0.0969237,"totalarea":354.2624238}},{"type":"Polygon","arcs":[[309]],"properties":{"name":"Villapinzon","gaul_code":13945,"targetarea":1.8656181,"totpop":21580.0048771,"country_id":"COL","targetpop":3111.1169434,"new_mean":0.084678,"totalarea":198.6055674}},{"type":"Polygon","arcs":[[310]],"properties":{"name":"Pacora","gaul_code":13674,"targetarea":2.0164095,"totpop":21444.7185698,"country_id":"COL","targetpop":3747.347168,"new_mean":0.1151012,"totalarea":288.3360029}},{"type":"Polygon","arcs":[[311]],"properties":{"name":"Cimitarra","gaul_code":14225,"targetarea":6.2437765,"totpop":83005.6532751,"country_id":"COL","targetpop":15214.2039795,"new_mean":0.0996143,"totalarea":2821.2945106}},{"type":"Polygon","arcs":[[312,-161,313]],"properties":{"name":"Oicata","gaul_code":13595,"targetarea":12.4480097,"totpop":56508.8072891,"country_id":"COL","targetpop":47452.5847778,"new_mean":0.0747596,"totalarea":54.3063927}},{"type":"Polygon","arcs":[[314]],"properties":{"name":"Cajamarca","gaul_code":14324,"targetarea":1.163847,"totpop":17671.5515633,"country_id":"COL","targetpop":2441.2532959,"new_mean":0.1042857,"totalarea":480.513633}},{"type":"MultiPolygon","arcs":[[[315,-182]],[[316,-116,317]]],"properties":{"name":"Caldas","gaul_code":13366,"targetarea":16.3993518,"totpop":91812.6664314,"country_id":"COL","targetpop":56919.7521973,"new_mean":0.0944774,"totalarea":152.6318345}},{"type":"Polygon","arcs":[[318]],"properties":{"name":"Melgar","gaul_code":14344,"targetarea":10.8982756,"totpop":57469.7650928,"country_id":"COL","targetpop":22328.6108398,"new_mean":0.1392809,"totalarea":166.2916586}},{"type":"Polygon","arcs":[[319,320]],"properties":{"name":"Santa Rosa De Viterbo","gaul_code":13621,"targetarea":3.7650317,"totpop":20938.0419512,"country_id":"COL","targetpop":9482.4458618,"new_mean":0.0788715,"totalarea":74.6901631}},{"type":"Polygon","arcs":[[-302,321,322]],"properties":{"name":"Bello","gaul_code":13357,"targetarea":60.5042855,"totpop":584412.724407,"country_id":"COL","targetpop":539196.226685,"new_mean":0.0516991,"totalarea":150.3587843}},{"type":"Polygon","arcs":[[323]],"properties":{"name":"Villeta","gaul_code":13946,"targetarea":4.1872157,"totpop":25160.078166,"country_id":"COL","targetpop":8501.3925781,"new_mean":0.1148912,"totalarea":147.2570918}},{"type":"Polygon","arcs":[[324,-133]],"properties":{"name":"Silvania","gaul_code":13918,"targetarea":4.0323144,"totpop":31750.4980774,"country_id":"COL","targetpop":9069.3947754,"new_mean":0.0984986,"totalarea":174.8663785}},{"type":"Polygon","arcs":[[325,-196,326]],"properties":{"name":"Bojaca","gaul_code":13844,"targetarea":0.6685747,"totpop":12528.1721725,"country_id":"COL","targetpop":0,"new_mean":0.0889448,"totalarea":75.9961758}},{"type":"MultiPolygon","arcs":[[[327,-30,328,-27]],[[-178,329,330]],[[331,332]]],"properties":{"name":"Armenia","gaul_code":14177,"targetarea":54.1722868,"totpop":311845.903313,"country_id":"COL","targetpop":275788.490112,"new_mean":0.1061073,"totalarea":113.0066855}},{"type":"Polygon","arcs":[[333]],"properties":{"name":"Purificacion","gaul_code":14351,"targetarea":2.7289901,"totpop":39836.5525469,"country_id":"COL","targetpop":6678.2840576,"new_mean":0.1424266,"totalarea":433.9891603}},{"type":"MultiPolygon","arcs":[[[334]],[[335]],[[-304,336,337]]],"properties":{"name":"Guarne","gaul_code":13394,"targetarea":30.6008735,"totpop":106730.269882,"country_id":"COL","targetpop":61242.8969727,"new_mean":0.0899674,"totalarea":159.737406}},{"type":"Polygon","arcs":[[338]],"properties":{"name":"Tocaima","gaul_code":13933,"targetarea":1.8675455,"totpop":22783.4084702,"country_id":"COL","targetpop":3064.4251709,"new_mean":0.1431993,"totalarea":262.0756473}},{"type":"MultiPolygon","arcs":[[[339]],[[340,341,-78,342]]],"properties":{"name":"Sesquile","gaul_code":13916,"targetarea":16.1826679,"totpop":81504.5922043,"country_id":"COL","targetpop":45205.7765503,"new_mean":0.0898855,"totalarea":143.1560415}},{"type":"Polygon","arcs":[[343]],"properties":{"name":"La Plata","gaul_code":13989,"targetarea":8.1516757,"totpop":82475.2216244,"country_id":"COL","targetpop":22883.0941162,"new_mean":0.1137901,"totalarea":1230.6871266}},{"type":"Polygon","arcs":[[344,-17]],"properties":{"name":"San Jose De Pare","gaul_code":13616,"targetarea":3.3519335,"totpop":17310.4537144,"country_id":"COL","targetpop":4388.7526856,"new_mean":0.1072321,"totalarea":100.2405022}},{"type":"Polygon","arcs":[[345]],"properties":{"name":"Subachoque","gaul_code":13922,"targetarea":1.7460318,"totpop":55219.2701015,"country_id":"COL","targetpop":4299.4083252,"new_mean":0.0880296,"totalarea":288.1319439}},{"type":"Polygon","arcs":[[-167,346,-287]],"properties":{"name":"Flandes","gaul_code":14334,"targetarea":1.0387086,"totpop":24236.598671,"country_id":"COL","targetpop":2719.8565674,"new_mean":0.1421977,"totalarea":91.9238181}},{"type":"Polygon","arcs":[[-79,-342,347]],"properties":{"name":"Choconta","gaul_code":13855,"targetarea":1.7240448,"totpop":36830.8252068,"country_id":"COL","targetpop":3075.5860596,"new_mean":0.0816012,"totalarea":319.8663614}},{"type":"Polygon","arcs":[[348,349,350]],"properties":{"name":"Chipaque","gaul_code":13853,"targetarea":1.7814789,"totpop":19666.2473593,"country_id":"COL","targetpop":1325.4890137,"new_mean":0.0907951,"totalarea":119.1770673}},{"type":"Polygon","arcs":[[351]],"properties":{"name":"Segovia","gaul_code":13445,"targetarea":3.2488416,"totpop":54828.5055959,"country_id":"COL","targetpop":10259.7279053,"new_mean":0.1061132,"totalarea":1216.2667801}},{"type":"Polygon","arcs":[[352,-233,353,354,-290]],"properties":{"name":"Envigado","gaul_code":13386,"targetarea":32.7307195,"totpop":280688.693542,"country_id":"COL","targetpop":273996.578491,"new_mean":0.0527052,"totalarea":46.7769626}},{"type":"Polygon","arcs":[[355]],"properties":{"name":"La Mesa","gaul_code":13883,"targetarea":5.843606,"totpop":44261.8857632,"country_id":"COL","targetpop":14045.760376,"new_mean":0.1179327,"totalarea":157.1551865}},{"type":"Polygon","arcs":[[356]],"properties":{"name":"Anserma","gaul_code":13661,"targetarea":2.6123031,"totpop":33607.9991989,"country_id":"COL","targetpop":6888.9709473,"new_mean":0.1209036,"totalarea":196.7107349}},{"type":"Polygon","arcs":[[357]],"properties":{"name":"Mariquita","gaul_code":14343,"targetarea":5.0002978,"totpop":44865.3733311,"country_id":"COL","targetpop":12058.0284424,"new_mean":0.1265498,"totalarea":293.4306761}},{"type":"Polygon","arcs":[[358,359]],"properties":{"name":"Pitalito","gaul_code":13997,"targetarea":22.1747533,"totpop":165669.380453,"country_id":"COL","targetpop":92032.2884521,"new_mean":0.1187355,"totalarea":710.9014099}},{"type":"Polygon","arcs":[[360,361]],"properties":{"name":"Villamaria","gaul_code":13683,"targetarea":4.5489188,"totpop":51400.8716736,"country_id":"COL","targetpop":12622.1125488,"new_mean":0.1297577,"totalarea":440.0080183}},{"type":"Polygon","arcs":[[362,363]],"properties":{"name":"Zaragoza","gaul_code":13466,"targetarea":2.6060648,"totpop":40962.4132934,"country_id":"COL","targetpop":9970.8361816,"new_mean":0.1054129,"totalarea":1021.989232}},{"type":"Polygon","arcs":[[364,-199]],"properties":{"name":"Ulloa","gaul_code":14402,"targetarea":2.4488246,"totpop":27788.7427559,"country_id":"COL","targetpop":9184.2468262,"new_mean":0.1097551,"totalarea":65.8388891}},{"type":"Polygon","arcs":[[365]],"properties":{"name":"Cucaita","gaul_code":13564,"targetarea":2.2462554,"totpop":12468.553997,"country_id":"COL","targetpop":4287.4819336,"new_mean":0.082977,"totalarea":33.2367523}},{"type":"MultiPolygon","arcs":[[[366]],[[367]]],"properties":{"name":"Montelibano","gaul_code":13819,"targetarea":15.3177865,"totpop":145784.534228,"country_id":"COL","targetpop":43418.609375,"new_mean":0.1374446,"totalarea":2398.1080806}},{"type":"Polygon","arcs":[[368]],"properties":{"name":"Santa Rosa De Osos","gaul_code":13442,"targetarea":2.2815901,"totpop":45542.4089127,"country_id":"COL","targetpop":4147.3609619,"new_mean":0.0959319,"totalarea":871.8167069}},{"type":"Polygon","arcs":[[369]],"properties":{"name":"Puerto Asis","gaul_code":14168,"targetarea":2.0057294,"totpop":79183.5841088,"country_id":"COL","targetpop":4268.168457,"new_mean":0.0349502,"totalarea":2366.0477026}},{"type":"Polygon","arcs":[[370]],"properties":{"name":"Libano","gaul_code":14342,"targetarea":7.2593521,"totpop":40585.4628267,"country_id":"COL","targetpop":19443.4208984,"new_mean":0.114397,"totalarea":350.1854509}},{"type":"Polygon","arcs":[[-281,371,372]],"properties":{"name":"Cogua","gaul_code":13856,"targetarea":12.9108592,"totpop":77867.0760536,"country_id":"COL","targetpop":47744.3602905,"new_mean":0.0857881,"totalarea":127.4883982}},{"type":"Polygon","arcs":[[373,374,375]],"properties":{"name":"Bucaramanga","gaul_code":14214,"targetarea":114.6008781,"totpop":822386.178925,"country_id":"COL","targetpop":783855.766113,"new_mean":0.1339709,"totalarea":169.4537385}},{"type":"Polygon","arcs":[[-354,-232,-120,376,-114,-317,377]],"properties":{"name":"Sabaneta","gaul_code":13427,"targetarea":17.8793418,"totpop":95636.019165,"country_id":"COL","targetpop":93730.3093262,"new_mean":0,"totalarea":21.5496122}},{"type":"Polygon","arcs":[[378,-332]],"properties":{"name":"Circasia","gaul_code":14180,"targetarea":6.125233,"totpop":29326.0206833,"country_id":"COL","targetpop":17024.3476562,"new_mean":0.0976587,"totalarea":62.2677172}},{"type":"Polygon","arcs":[[379]],"properties":{"name":"Antioquia","gaul_code":13350,"targetarea":2.2015788,"totpop":21574.218152,"country_id":"COL","targetpop":4434.348999,"new_mean":0.1138671,"totalarea":444.9055367}},{"type":"Polygon","arcs":[[380]],"properties":{"name":"Recetor","gaul_code":13710,"targetarea":3.0146127,"totpop":89176.7530065,"country_id":"COL","targetpop":5324.0537109,"new_mean":0.0909138,"totalarea":179.3650931}},{"type":"MultiPolygon","arcs":[[[381]],[[382,-192,383,-278,384]]],"properties":{"name":"Tocancipa","gaul_code":13934,"targetarea":23.2223883,"totpop":66084.0259247,"country_id":"COL","targetpop":37298.9979248,"new_mean":0.091043,"totalarea":66.4213819}},{"type":"Polygon","arcs":[[385]],"properties":{"name":"El Colegio","gaul_code":13859,"targetarea":2.2894834,"totpop":24235.6987476,"country_id":"COL","targetpop":4634.3903809,"new_mean":0.1100922,"totalarea":120.187723}},{"type":"Polygon","arcs":[[386]],"properties":{"name":"Puerto Salgar","gaul_code":13903,"targetarea":14.0698653,"totpop":78120.6869178,"country_id":"COL","targetpop":45175.3823242,"new_mean":0.1449788,"totalarea":566.9520807}},{"type":"Polygon","arcs":[[387,-309]],"properties":{"name":"Puerto Boyaca","gaul_code":13607,"targetarea":5.1486534,"totpop":109123.94926,"country_id":"COL","targetpop":13586.4560547,"new_mean":0.0959493,"totalarea":1439.2672952}},{"type":"Polygon","arcs":[[-260,388,389]],"properties":{"name":"Sogamoso","gaul_code":13631,"targetarea":15.8397651,"totpop":71468.5414495,"country_id":"COL","targetpop":47391.1639404,"new_mean":0.0784713,"totalarea":207.2207102}},{"type":"Polygon","arcs":[[390]],"properties":{"name":"Chaparral","gaul_code":14327,"targetarea":2.021238,"totpop":54134.3791299,"country_id":"COL","targetpop":3725.0644531,"new_mean":0.1255307,"totalarea":2197.1074726}},{"type":"Polygon","arcs":[[391,-156]],"properties":{"name":"Potosi","gaul_code":14104,"targetarea":3.659338,"totpop":27353.876256,"country_id":"COL","targetpop":5739.9921875,"new_mean":0.0865223,"totalarea":353.5635801}},{"type":"MultiPolygon","arcs":[[[-362,392]],[[393]]],"properties":{"name":"Manizales","gaul_code":13668,"targetarea":86.2731309,"totpop":506932.911829,"country_id":"COL","targetpop":400812.156555,"new_mean":0.1722026,"totalarea":443.8588054}},{"type":"Polygon","arcs":[[394,395,-376]],"properties":{"name":"Giron","gaul_code":14241,"targetarea":15.944362,"totpop":141309.378306,"country_id":"COL","targetpop":49155.3019409,"new_mean":0.1294239,"totalarea":660.8827453}},{"type":"Polygon","arcs":[[396,397,-350]],"properties":{"name":"Ubaque","gaul_code":13937,"targetarea":0.2637192,"totpop":10932.640583,"country_id":"COL","targetpop":1028.4770508,"new_mean":0.092147,"totalarea":112.9478106}},{"type":"Polygon","arcs":[[-389,-85,398]],"properties":{"name":"Nobsa","gaul_code":13593,"targetarea":12.8478571,"totpop":46863.8803902,"country_id":"COL","targetpop":31043.1727295,"new_mean":0.0717515,"totalarea":51.2570754}},{"type":"MultiPolygon","arcs":[[[-177,399,-330]],[[400]]],"properties":{"name":"Salento","gaul_code":14188,"targetarea":15.6758657,"totpop":97376.9057268,"country_id":"COL","targetpop":74478.1096802,"new_mean":0.0889811,"totalarea":392.6873156}},{"type":"Polygon","arcs":[[401]],"properties":{"name":"Granada","gaul_code":14041,"targetarea":14.4020934,"totpop":73242.8337955,"country_id":"COL","targetpop":42041.4453125,"new_mean":0.1343413,"totalarea":229.6672468}},{"type":"MultiPolygon","arcs":[[[402]],[[403]]],"properties":{"name":"Pasto","gaul_code":14102,"targetarea":84.7376325,"totpop":554230.08112,"country_id":"COL","targetpop":383985.470825,"new_mean":0.0880877,"totalarea":1469.1872114}},{"type":"Polygon","arcs":[[404]],"properties":{"name":"Puerto Libertador","gaul_code":13825,"targetarea":3.2429819,"totpop":68103.527712,"country_id":"COL","targetpop":10308.397583,"new_mean":0.1277918,"totalarea":1386.1830792}},{"type":"Polygon","arcs":[[405]],"properties":{"name":"Neiva","gaul_code":13991,"targetarea":74.724179,"totpop":429498.210421,"country_id":"COL","targetpop":302492.120544,"new_mean":0.2221559,"totalarea":1472.2187778}},{"type":"Polygon","arcs":[[406,-321]],"properties":{"name":"Duitama","gaul_code":13566,"targetarea":28.3393019,"totpop":130899.37388,"country_id":"COL","targetpop":84189.5045776,"new_mean":0.0715499,"totalarea":281.1106101}},{"type":"MultiPolygon","arcs":[[[407,-359]],[[408]]],"properties":{"name":"Timana","gaul_code":14007,"targetarea":2.1140915,"totpop":33502.5587959,"country_id":"COL","targetpop":5284.8057861,"new_mean":0.1202157,"totalarea":204.3018156}},{"type":"Polygon","arcs":[[409,-252,410]],"properties":{"name":"Soacha","gaul_code":13920,"targetarea":75.3262205,"totpop":497998.987194,"country_id":"COL","targetpop":436321.534668,"new_mean":0.0893075,"totalarea":252.1521769}},{"type":"MultiPolygon","arcs":[[[411,-118,-231,-353,-289,-236,412,-337,-303,-323]],[[413]]],"properties":{"name":"Medellin","gaul_code":13408,"targetarea":221.4038025,"totpop":2792185.82895,"country_id":"COL","targetpop":2728312.71375,"new_mean":0.0421271,"totalarea":361.4384535}},{"type":"Polygon","arcs":[[-372,-280,414]],"properties":{"name":"Nemocon","gaul_code":13894,"targetarea":0.833361,"totpop":26723.3466377,"country_id":"COL","targetpop":1196.4415283,"new_mean":0.086149,"totalarea":99.7881024}},{"type":"Polygon","arcs":[[415,-363]],"properties":{"name":"El Bagre","gaul_code":13384,"targetarea":4.4807408,"totpop":73044.5378942,"country_id":"COL","targetpop":8863.2653809,"new_mean":0.1025586,"totalarea":1927.7619391}},{"type":"Polygon","arcs":[[416]],"properties":{"name":"Ubate","gaul_code":13938,"targetarea":8.027344,"totpop":39499.9260006,"country_id":"COL","targetpop":20083.8128662,"new_mean":0.0826627,"totalarea":111.0884474}},{"type":"MultiPolygon","arcs":[[[417]],[[418,-297,419,-374,-396,420]]],"properties":{"name":"Floridablanca","gaul_code":14238,"targetarea":66.4887787,"totpop":354726.971588,"country_id":"COL","targetpop":333249.242615,"new_mean":0.138461,"totalarea":98.940352}},{"type":"Polygon","arcs":[[-103,421,-98,-229,422,-226,-150,-256,423,-253,-410,424,-351,-398,425,-205,426]],"properties":{"name":"Santafe De Bogota D.c.","gaul_code":13914,"targetarea":589.908004,"totpop":10093640.3208,"country_id":"COL","targetpop":9962131.74084,"new_mean":0.0921962,"totalarea":1650.701243}},{"type":"Polygon","arcs":[[427]],"properties":{"name":"Leticia","gaul_code":13336,"targetarea":5.1817739,"totpop":71428.4255237,"country_id":"COL","targetpop":13949.1240234,"new_mean":0.0659751,"totalarea":4060.1868488}},{"type":"Polygon","arcs":[[-33,428]],"properties":{"name":"Carmen De Viboral","gaul_code":13372,"targetarea":4.1274694,"totpop":50532.1695094,"country_id":"COL","targetpop":8748.5236816,"new_mean":0.093034,"totalarea":423.6939593}},{"type":"Polygon","arcs":[[429]],"properties":{"name":"Bugalagrande","gaul_code":14372,"targetarea":2.584497,"totpop":35609.6410666,"country_id":"COL","targetpop":4800.7004394,"new_mean":0.1203463,"totalarea":371.4180514}},{"type":"Polygon","arcs":[[430]],"properties":{"name":"Guamo","gaul_code":14336,"targetarea":3.4607229,"totpop":45182.1123085,"country_id":"COL","targetpop":8453.1314697,"new_mean":0.1542319,"totalarea":528.5348802}},{"type":"MultiPolygon","arcs":[[[431,-257,-146]],[[432,-197,-326]]],"properties":{"name":"Madrid","gaul_code":13889,"targetarea":18.0143797,"totpop":97894.5571899,"country_id":"COL","targetpop":44348.0093994,"new_mean":0.0874375,"totalarea":119.1129388}},{"type":"Polygon","arcs":[[433]],"properties":{"name":"Puerto Wilches","gaul_code":14270,"targetarea":2.4916683,"totpop":57923.7099329,"country_id":"COL","targetpop":6387.8399658,"new_mean":0.0996177,"totalarea":1696.0147729}},{"type":"Polygon","arcs":[[434]],"properties":{"name":"Sotara","gaul_code":13753,"targetarea":3.7305475,"totpop":51233.7084017,"country_id":"COL","targetpop":9499.1418457,"new_mean":0.0863894,"totalarea":471.7261878}},{"type":"Polygon","arcs":[[-160,435,-314]],"properties":{"name":"Tunja","gaul_code":13649,"targetarea":28.7895748,"totpop":169354.908813,"country_id":"COL","targetpop":126215.905548,"new_mean":0.0662758,"totalarea":221.1874529}},{"type":"Polygon","arcs":[[-213,-427,-204,436]],"properties":{"name":"La Calera","gaul_code":13882,"targetarea":37.5309349,"totpop":413060.901304,"country_id":"COL","targetpop":381048.409821,"new_mean":0.0959095,"totalarea":348.7030401}},{"type":"MultiPolygon","arcs":[[[437]],[[438]],[[-65,439,-172,440,-170,-93]],[[441]],[[442]]],"properties":{"name":"Palmira","gaul_code":14392,"targetarea":108.342108,"totpop":821908.502594,"country_id":"COL","targetpop":587194.717468,"new_mean":0.1314492,"totalarea":1036.814241}},{"type":"Polygon","arcs":[[443]],"properties":{"name":"La Union","gaul_code":13404,"targetarea":2.0146932,"totpop":26536.690011,"country_id":"COL","targetpop":4207.6884766,"new_mean":0.0941791,"totalarea":200.9621582}},{"type":"Polygon","arcs":[[444]],"properties":{"name":"Tumaco","gaul_code":14121,"targetarea":3.7886451,"totpop":181414.075287,"country_id":"COL","targetpop":7781.2424622,"new_mean":0.0868071,"totalarea":2753.9145533}},{"type":"Polygon","arcs":[[-248,-190,445]],"properties":{"name":"Cajibio","gaul_code":13724,"targetarea":0.2471199,"totpop":43874.7621207,"country_id":"COL","targetpop":0,"new_mean":0.0929146,"totalarea":694.4673583}},{"type":"Polygon","arcs":[[446,447]],"properties":{"name":"Fundacion","gaul_code":14017,"targetarea":3.0623133,"totpop":48271.6783428,"country_id":"COL","targetpop":11231.6038818,"new_mean":0.1306135,"totalarea":1084.0563678}},{"type":"Polygon","arcs":[[448,449]],"properties":{"name":"Agustin Codazzi","gaul_code":13760,"targetarea":3.1132666,"totpop":38774.3772054,"country_id":"COL","targetpop":6737.9779053,"new_mean":0.132239,"totalarea":1645.8810547}},{"type":"Polygon","arcs":[[450]],"properties":{"name":"Guamal","gaul_code":14018,"targetarea":1.9560052,"totpop":38616.8272166,"country_id":"COL","targetpop":5681.326416,"new_mean":0.1305538,"totalarea":555.5530326}},{"type":"Polygon","arcs":[[451]],"properties":{"name":"Cienaga De Oro","gaul_code":13814,"targetarea":3.1738494,"totpop":83482.5233879,"country_id":"COL","targetpop":4634.5449219,"new_mean":0.1706277,"totalarea":633.6114399}},{"type":"Polygon","arcs":[[452]],"properties":{"name":"Tiquisio","gaul_code":13531,"targetarea":4.6890633,"totpop":292482.876884,"country_id":"COL","targetpop":15363.407959,"new_mean":0.1106461,"totalarea":862.6758272}},{"type":"Polygon","arcs":[[453]],"properties":{"name":"MoÃ‘itos","gaul_code":13821,"targetarea":1.5675255,"totpop":37508.2656417,"country_id":"COL","targetpop":1922.0140381,"new_mean":0.1578742,"totalarea":275.3714934}},{"type":"Polygon","arcs":[[454]],"properties":{"name":"San Andres Y Providencia","gaul_code":14203,"targetarea":23.7731394,"totpop":65404.1332092,"country_id":"COL","targetpop":64638.7859192,"new_mean":0.1083473,"totalarea":27.957555}},{"type":"Polygon","arcs":[[455]],"properties":{"name":"San Andres De Sotavento","gaul_code":13828,"targetarea":6.7572776,"totpop":93046.5402946,"country_id":"COL","targetpop":20830.1400146,"new_mean":0.1828111,"totalarea":281.779121}},{"type":"Polygon","arcs":[[456]],"properties":{"name":"Sampues","gaul_code":14306,"targetarea":3.2323124,"totpop":47008.5215855,"country_id":"COL","targetpop":9572.534668,"new_mean":0.1931483,"totalarea":235.4880474}},{"type":"MultiPolygon","arcs":[[[457,458]],[[459]],[[460,461,462]]],"properties":{"name":"Turbaco","gaul_code":13532,"targetarea":17.5575874,"totpop":86564.9314461,"country_id":"COL","targetpop":41606.9552002,"new_mean":0.1658302,"totalarea":182.7617108}},{"type":"MultiPolygon","arcs":[[[463,464]],[[465]]],"properties":{"name":"Fonseca","gaul_code":13960,"targetarea":3.5832301,"totpop":34957.6070819,"country_id":"COL","targetpop":6635.1920166,"new_mean":0.1485927,"totalarea":663.387868}},{"type":"Polygon","arcs":[[466]],"properties":{"name":"El Copey","gaul_code":13767,"targetarea":2.26163,"totpop":31950.351835,"country_id":"COL","targetpop":3967.1599121,"new_mean":0.1422584,"totalarea":996.4283201}},{"type":"Polygon","arcs":[[467]],"properties":{"name":"Luruaco","gaul_code":13480,"targetarea":2.5227044,"totpop":35304.4491529,"country_id":"COL","targetpop":6158.5698242,"new_mean":0.1570944,"totalarea":285.4401925}},{"type":"Polygon","arcs":[[468]],"properties":{"name":"Pelaya","gaul_code":13776,"targetarea":1.983842,"totpop":18834.6698952,"country_id":"COL","targetpop":4638.0906982,"new_mean":0.1358903,"totalarea":421.52717}},{"type":"Polygon","arcs":[[469,470]],"properties":{"name":"Pueblo Viejo","gaul_code":14022,"targetarea":3.0750252,"totpop":21236.6614023,"country_id":"COL","targetpop":4568.0721588,"new_mean":0.1178955,"totalarea":672.1174616}},{"type":"Polygon","arcs":[[471]],"properties":{"name":"Villanueva","gaul_code":13968,"targetarea":6.1914308,"totpop":43367.3812084,"country_id":"COL","targetpop":16056.564209,"new_mean":0.147414,"totalarea":317.2679454}},{"type":"MultiPolygon","arcs":[[[472,-464]],[[473]]],"properties":{"name":"Barrancas","gaul_code":13958,"targetarea":11.1848786,"totpop":61211.0443573,"country_id":"COL","targetpop":24267.1100464,"new_mean":0.1512335,"totalarea":445.2393331}},{"type":"MultiPolygon","arcs":[[[474,475,476]],[[477,478,479]]],"properties":{"name":"Galapa","gaul_code":13478,"targetarea":20.2560268,"totpop":92876.8395157,"country_id":"COL","targetpop":57367.4317017,"new_mean":0.165882,"totalarea":102.832979}},{"type":"MultiPolygon","arcs":[[[480]],[[481]]],"properties":{"name":"Tolu","gaul_code":14316,"targetarea":9.2242322,"totpop":56048.9627399,"country_id":"COL","targetpop":18682.5857544,"new_mean":0.1731411,"totalarea":369.4715268}},{"type":"MultiPolygon","arcs":[[[482,483,484,485]],[[486]],[[487,488,489,490,-478,491,-475,492]]],"properties":{"name":"Barranquilla  (dist.port.","gaul_code":13475,"targetarea":153.7317763,"totpop":1638046.30002,"country_id":"COL","targetpop":1565551.42099,"new_mean":0.1738927,"totalarea":1184.275357}},{"type":"Polygon","arcs":[[493]],"properties":{"name":"Santa Lucia","gaul_code":13491,"targetarea":2.2604151,"totpop":14180.9460522,"country_id":"COL","targetpop":4423.4703369,"new_mean":0.1463576,"totalarea":69.2333636}},{"type":"Polygon","arcs":[[494]],"properties":{"name":"San Jacinto","gaul_code":13521,"targetarea":1.9964302,"totpop":20700.2004676,"country_id":"COL","targetpop":4464.6977539,"new_mean":0.1422078,"totalarea":438.3320369}},{"type":"MultiPolygon","arcs":[[[495]],[[496,-459,497,-462]]],"properties":{"name":"Cartagena (dist. Esp.)","gaul_code":13503,"targetarea":188.4555771,"totpop":1255804.82551,"country_id":"COL","targetpop":1101691.10983,"new_mean":0.165865,"totalarea":728.8425535}},{"type":"Polygon","arcs":[[498,499]],"properties":{"name":"Plato","gaul_code":14021,"targetarea":4.7979132,"totpop":93583.4567025,"country_id":"COL","targetpop":12991.4090576,"new_mean":0.1375686,"totalarea":2584.6424048}},{"type":"Polygon","arcs":[[500]],"properties":{"name":"Arboletes","gaul_code":13353,"targetarea":2.3063356,"totpop":29551.7705917,"country_id":"COL","targetpop":4703.6955566,"new_mean":0.1419657,"totalarea":482.9715552}},{"type":"Polygon","arcs":[[501]],"properties":{"name":"Soplaviento","gaul_code":13529,"targetarea":2.1428153,"totpop":10761.5884393,"country_id":"COL","targetpop":4027.5301514,"new_mean":0.1489717,"totalarea":120.9042657}},{"type":"Polygon","arcs":[[502]],"properties":{"name":"Pinillos","gaul_code":13517,"targetarea":4.57726,"totpop":330806.743855,"country_id":"COL","targetpop":10596.3948975,"new_mean":0.1148904,"totalarea":756.0394437}},{"type":"Polygon","arcs":[[503]],"properties":{"name":"Magangue","gaul_code":13510,"targetarea":15.1729065,"totpop":158468.582849,"country_id":"COL","targetpop":57104.8522949,"new_mean":0.1418171,"totalarea":1298.5470243}},{"type":"Polygon","arcs":[[504]],"properties":{"name":"Curumani","gaul_code":13766,"targetarea":1.8497054,"totpop":25636.6865277,"country_id":"COL","targetpop":2424.2583008,"new_mean":0.1358847,"totalarea":806.7560319}},{"type":"Polygon","arcs":[[505,506]],"properties":{"name":"Monteria","gaul_code":13820,"targetarea":72.4367366,"totpop":563194.075619,"country_id":"COL","targetpop":312337.241272,"new_mean":0.1675634,"totalarea":3034.8770748}},{"type":"Polygon","arcs":[[507]],"properties":{"name":"Hato Nuevo","gaul_code":13961,"targetarea":2.1597709,"totpop":26826.0486944,"country_id":"COL","targetpop":4521.6386719,"new_mean":0.1501236,"totalarea":394.2308722}},{"type":"Polygon","arcs":[[508]],"properties":{"name":"El Banco","gaul_code":14015,"targetarea":6.2679295,"totpop":59642.3619978,"country_id":"COL","targetpop":19324.2974854,"new_mean":0.1234355,"totalarea":798.7527201}},{"type":"Polygon","arcs":[[509,-500]],"properties":{"name":"Tenerife","gaul_code":14030,"targetarea":1.2153474,"totpop":26725.6645566,"country_id":"COL","targetpop":2341.0961914,"new_mean":0.1351092,"totalarea":746.1884631}},{"type":"MultiPolygon","arcs":[[[510,-470]],[[511]]],"properties":{"name":"Cienaga","gaul_code":14014,"targetarea":34.4321585,"totpop":231347.407099,"country_id":"COL","targetpop":88968.2155914,"new_mean":0.1149356,"totalarea":1771.0271798}},{"type":"MultiPolygon","arcs":[[[512,-447]],[[513]],[[514]]],"properties":{"name":"Aracataca","gaul_code":14010,"targetarea":16.1643192,"totpop":115577.496959,"country_id":"COL","targetpop":48567.1431274,"new_mean":0.1203838,"totalarea":1929.106272}},{"type":"Polygon","arcs":[[-485,515,516,517]],"properties":{"name":"Santo Tomas","gaul_code":13492,"targetarea":7.9445862,"totpop":28720.2594872,"country_id":"COL","targetpop":21226.3894043,"new_mean":0.1547545,"totalarea":61.1698166}},{"type":"Polygon","arcs":[[518,519]],"properties":{"name":"Malambo","gaul_code":13481,"targetarea":33.3439965,"totpop":147238.181862,"country_id":"COL","targetpop":109366.3255,"new_mean":0.1810672,"totalarea":107.0817474}},{"type":"Polygon","arcs":[[520]],"properties":{"name":"Manaure Balcon Del Cesar","gaul_code":13774,"targetarea":2.6913372,"totpop":16492.914048,"country_id":"COL","targetpop":6037.0541992,"new_mean":0.1297587,"totalarea":218.7331619}},{"type":"Polygon","arcs":[[521]],"properties":{"name":"Repelon","gaul_code":13488,"targetarea":3.0295095,"totpop":35432.9284551,"country_id":"COL","targetpop":4930.0882568,"new_mean":0.1495412,"totalarea":390.389641}},{"type":"MultiPolygon","arcs":[[[522]],[[523]]],"properties":{"name":"Uribia","gaul_code":13966,"targetarea":14.3709373,"totpop":302171.407108,"country_id":"COL","targetpop":54884.8978882,"new_mean":0.1396278,"totalarea":7934.3418325}},{"type":"Polygon","arcs":[[524]],"properties":{"name":"San Juan Nepomuceno","gaul_code":13522,"targetarea":3.2056556,"totpop":31523.2142228,"country_id":"COL","targetpop":8859.6300049,"new_mean":0.140597,"totalarea":640.0549071}},{"type":"Polygon","arcs":[[525]],"properties":{"name":"Chinu","gaul_code":13813,"targetarea":5.4091424,"totpop":77365.4193497,"country_id":"COL","targetpop":12320.3884277,"new_mean":0.1853527,"totalarea":575.6038564}},{"type":"Polygon","arcs":[[526]],"properties":{"name":"Sabanalarga","gaul_code":13490,"targetarea":14.734204,"totpop":121581.45086,"country_id":"COL","targetpop":47418.0194092,"new_mean":0.1634684,"totalarea":437.3177756}},{"type":"Polygon","arcs":[[527]],"properties":{"name":"San Juan Del Cesar","gaul_code":13965,"targetarea":4.9558901,"totpop":54172.5371358,"country_id":"COL","targetpop":9638.4890137,"new_mean":0.1453511,"totalarea":1070.0246247}},{"type":"Polygon","arcs":[[-484,528,-516]],"properties":{"name":"Sabanagrande","gaul_code":13489,"targetarea":7.8889284,"totpop":37618.6648331,"country_id":"COL","targetpop":21111.5394287,"new_mean":0.1549565,"totalarea":31.8468785}},{"type":"Polygon","arcs":[[529,530,531]],"properties":{"name":"Remolino","gaul_code":14023,"targetarea":1.5662863,"totpop":12114.470561,"country_id":"COL","targetpop":3209.9641113,"new_mean":0.145387,"totalarea":547.7222071}},{"type":"MultiPolygon","arcs":[[[532,533,-531]],[[-486,-518,534]]],"properties":{"name":"Palmar De Varela","gaul_code":13483,"targetarea":1.7693511,"totpop":12564.6520157,"country_id":"COL","targetpop":3460.3649902,"new_mean":0.1590593,"totalarea":56.2434123}},{"type":"Polygon","arcs":[[535]],"properties":{"name":"Manati","gaul_code":13482,"targetarea":1.97387,"totpop":23825.9866037,"country_id":"COL","targetpop":4523.9509277,"new_mean":0.1525237,"totalarea":216.6557862}},{"type":"Polygon","arcs":[[536]],"properties":{"name":"El Carmen De Bolivar","gaul_code":13507,"targetarea":9.2833147,"totpop":70148.0048199,"country_id":"COL","targetpop":30699.6456299,"new_mean":0.1547606,"totalarea":811.9194584}},{"type":"MultiPolygon","arcs":[[[537,-506]],[[538]]],"properties":{"name":"Cerete","gaul_code":13811,"targetarea":19.4278869,"totpop":111117.197098,"country_id":"COL","targetpop":59129.3378296,"new_mean":0.1578249,"totalarea":242.823616}},{"type":"MultiPolygon","arcs":[[[539]],[[540]]],"properties":{"name":"Valledupar","gaul_code":13782,"targetarea":72.7072421,"totpop":590628.365811,"country_id":"COL","targetpop":312897.127075,"new_mean":0.1341305,"totalarea":4970.1374093}},{"type":"Polygon","arcs":[[541]],"properties":{"name":"Arjona","gaul_code":13499,"targetarea":9.3817113,"totpop":85164.6375235,"country_id":"COL","targetpop":27793.3223877,"new_mean":0.1588132,"totalarea":542.7589152}},{"type":"Polygon","arcs":[[-493,-477,542,-519,543]],"properties":{"name":"Soledad","gaul_code":13493,"targetarea":47.068804,"totpop":816608.133972,"country_id":"COL","targetpop":812708.865845,"new_mean":0.1812066,"totalarea":50.6977591}},{"type":"MultiPolygon","arcs":[[[544]],[[545,546]]],"properties":{"name":"Riohacha","gaul_code":13964,"targetarea":20.3328979,"totpop":367918.052794,"country_id":"COL","targetpop":74900.1148529,"new_mean":0.1532656,"totalarea":5704.5069353}},{"type":"Polygon","arcs":[[547]],"properties":{"name":"Maicao","gaul_code":13962,"targetarea":25.4818356,"totpop":247684.161567,"country_id":"COL","targetpop":100401.730591,"new_mean":0.1504477,"totalarea":2277.5027755}},{"type":"Polygon","arcs":[[-534,548,-532]],"properties":{"name":"Ponedera","gaul_code":13486,"targetarea":1.3483902,"totpop":28679.4520893,"country_id":"COL","targetpop":3183.2409668,"new_mean":0.1541837,"totalarea":198.2180701}},{"type":"Polygon","arcs":[[549,550]],"properties":{"name":"Morroa","gaul_code":14303,"targetarea":7.3282804,"totpop":42771.0038433,"country_id":"COL","targetpop":21671.9980469,"new_mean":0.184544,"totalarea":169.9558258}},{"type":"Polygon","arcs":[[551]],"properties":{"name":"San Onofre","gaul_code":14310,"targetarea":2.7747604,"totpop":52999.2907143,"country_id":"COL","targetpop":7220.9625244,"new_mean":0.1583899,"totalarea":1012.0147594}},{"type":"Polygon","arcs":[[552,553,554]],"properties":{"name":"Cerro San Antonio","gaul_code":14012,"targetarea":6.7650031,"totpop":34660.9647079,"country_id":"COL","targetpop":14493.1134033,"new_mean":0.1409953,"totalarea":279.0382729}},{"type":"MultiPolygon","arcs":[[[555]],[[556]]],"properties":{"name":"Sahagun","gaul_code":13827,"targetarea":36.7585738,"totpop":391291.869087,"country_id":"COL","targetpop":171799.345459,"new_mean":0.1802144,"totalarea":868.6113525}},{"type":"Polygon","arcs":[[557]],"properties":{"name":"San Bernardo El Viento","gaul_code":13830,"targetarea":3.2203328,"totpop":61840.2365439,"country_id":"COL","targetpop":7180.0065918,"new_mean":0.1531404,"totalarea":339.4377927}},{"type":"MultiPolygon","arcs":[[[-491,558,-479]],[[-489,559]]],"properties":{"name":"Puerto Colombia","gaul_code":13487,"targetarea":5.861249,"totpop":59429.8019338,"country_id":"COL","targetpop":35560.9373779,"new_mean":0.1465595,"totalarea":92.3181258}},{"type":"MultiPolygon","arcs":[[[560]],[[561,-546]],[[562]]],"properties":{"name":"Manaure","gaul_code":13963,"targetarea":30.6115885,"totpop":342417.410593,"country_id":"COL","targetpop":135164.752197,"new_mean":0.1506161,"totalarea":1953.0752138}},{"type":"Polygon","arcs":[[563,-551]],"properties":{"name":"Corozal","gaul_code":14297,"targetarea":6.9809487,"totpop":65709.3585396,"country_id":"COL","targetpop":19966.5235596,"new_mean":0.1945657,"totalarea":422.7166992}},{"type":"Polygon","arcs":[[564]],"properties":{"name":"Maria La Baja","gaul_code":13513,"targetarea":4.6664609,"totpop":54274.7681093,"country_id":"COL","targetpop":8896.447876,"new_mean":0.1333855,"totalarea":461.694543}},{"type":"Polygon","arcs":[[565]],"properties":{"name":"Baranoa","gaul_code":13474,"targetarea":11.8159189,"totpop":71738.2805023,"country_id":"COL","targetpop":33586.7310791,"new_mean":0.1668883,"totalarea":134.2487224}},{"type":"Polygon","arcs":[[-450,566]],"properties":{"name":"La Paz","gaul_code":13773,"targetarea":4.406775,"totpop":49124.7694902,"country_id":"COL","targetpop":9334.0878906,"new_mean":0.1347014,"totalarea":1464.471046}},{"type":"Polygon","arcs":[[567]],"properties":{"name":"Lorica","gaul_code":13815,"targetarea":13.0416975,"totpop":161826.827202,"country_id":"COL","targetpop":45103.2561035,"new_mean":0.1681272,"totalarea":981.4504326}},{"type":"Polygon","arcs":[[568,569,-555]],"properties":{"name":"Calamar","gaul_code":13501,"targetarea":0.0020391,"totpop":24145.2019993,"country_id":"COL","targetpop":0,"new_mean":0.1458415,"totalarea":365.9227351}},{"type":"Polygon","arcs":[[570]],"properties":{"name":"Bosconia","gaul_code":13763,"targetarea":7.2462789,"totpop":46179.5063853,"country_id":"COL","targetpop":17495.8404541,"new_mean":0.1385882,"totalarea":593.3700111}},{"type":"Polygon","arcs":[[571]],"properties":{"name":"Sincelejo","gaul_code":14314,"targetarea":50.8287101,"totpop":354630.856302,"country_id":"COL","targetpop":267252.122559,"new_mean":0.2432471,"totalarea":303.2140486}},{"type":"Polygon","arcs":[[572]],"properties":{"name":"Santa Marta (dist. Esp.)","gaul_code":14028,"targetarea":99.5355299,"totpop":629303.557782,"country_id":"COL","targetpop":504361.42157,"new_mean":0.1075612,"totalarea":2416.5427304}},{"type":"Polygon","arcs":[[573]],"properties":{"name":"San Marcos","gaul_code":14309,"targetarea":2.1087261,"totpop":78267.1687635,"country_id":"COL","targetpop":5965.5458984,"new_mean":0.1673489,"totalarea":1119.5217675}},{"type":"Polygon","arcs":[[574]],"properties":{"name":"San Zenon","gaul_code":14026,"targetarea":4.5646468,"totpop":33428.4879016,"country_id":"COL","targetpop":13392.3244629,"new_mean":0.129608,"totalarea":271.4901486}},{"type":"Polygon","arcs":[[-554,575,-569]],"properties":{"name":"Suan","gaul_code":13494,"targetarea":0.0007008,"totpop":2883.1891289,"country_id":"COL","targetpop":0,"new_mean":0,"totalarea":23.0532587}},{"type":"Polygon","arcs":[[576]],"properties":{"name":"Tierralta","gaul_code":13834,"targetarea":7.617142,"totpop":152504.108067,"country_id":"COL","targetpop":18305.9139404,"new_mean":0.1325567,"totalarea":5058.4077007}},{"type":"Polygon","arcs":[[577]],"properties":{"name":"Ayapel","gaul_code":13808,"targetarea":5.315935,"totpop":85692.2500222,"country_id":"COL","targetpop":11618.8485107,"new_mean":0.137306,"totalarea":2153.454992}},{"type":"Polygon","arcs":[[578]],"properties":{"name":"OcaÃ‘a","gaul_code":14149,"targetarea":21.6988874,"totpop":111069.41065,"country_id":"COL","targetpop":70275.3831177,"new_mean":0.1866691,"totalarea":381.4835933}},{"type":"Polygon","arcs":[[579,-82]],"properties":{"name":"Cucuta","gaul_code":14134,"targetarea":105.5036787,"totpop":742440.163736,"country_id":"COL","targetpop":573677.770142,"new_mean":0.2573317,"totalarea":1182.0551131}},{"type":"Polygon","arcs":[[580]],"properties":{"name":"Turbo","gaul_code":13453,"targetarea":9.2745988,"totpop":187326.811875,"country_id":"COL","targetpop":25170.678894,"new_mean":0.1061176,"totalarea":3595.4891011}},{"type":"Polygon","arcs":[[581]],"properties":{"name":"Planeta Rica","gaul_code":13822,"targetarea":6.1500428,"totpop":74889.9897223,"country_id":"COL","targetpop":18702.4470215,"new_mean":0.1648868,"totalarea":1009.6715406}},{"type":"Polygon","arcs":[[582]],"properties":{"name":"Aguachica","gaul_code":13759,"targetarea":15.6127584,"totpop":110946.830812,"country_id":"COL","targetpop":50559.9195557,"new_mean":0.1342309,"totalarea":915.6478823}},{"type":"Polygon","arcs":[[583]],"properties":{"name":"Morales","gaul_code":13516,"targetarea":1.9595258,"totpop":85965.5708886,"country_id":"COL","targetpop":3715.5024414,"new_mean":0.1225646,"totalarea":3121.4471436}}]}},"arcs":[[[-75.2587407,6.1528876],[-75.2955977,6.1330959],[-75.2500004,6.1245835],[-75.2587407,6.1528876]],[[-74.9173263,4.7274359],[-74.9369633,4.7171495],[-74.9250004,4.7079169],[-74.9173263,4.7274359]],[[-72.6282312,2.5759833],[-72.6461837,2.5856431],[-72.6527267,2.5529771],[-72.6250004,2.5495835],[-72.6282312,2.5759833]],[[-71.8562993,6.962112],[-71.88134,6.9690497],[-71.8944666,6.9447577],[-71.8666671,6.9412502],[-71.8562993,6.962112]],[[-75.8568699,4.8999139],[-75.8860925,4.9110175],[-75.8947677,4.8892564],[-75.8748867,4.8788754]],[[-75.8748867,4.8788754],[-75.8601251,4.888888]],[[-75.8601251,4.888888],[-75.8600815,4.8889832]],[[-75.8600815,4.8889832],[-75.8595963,4.8912001]],[[-75.8595963,4.8912001],[-75.8568699,4.8999139]],[[-75.8187586,5.6102647],[-75.8279545,5.5954698],[-75.8083337,5.5912502],[-75.8187586,5.6102647]],[[-77.4723718,1.2945298],[-77.4870365,1.2804104],[-77.4666671,1.2745835],[-77.4723718,1.2945298]],[[-72.7274421,6.7084888],[-72.7335725,6.7120953],[-72.7353246,6.7095404],[-72.7380773,6.6942408],[-72.7250004,6.6912502],[-72.7274421,6.7084888]],[[-76.2167295,3.2416181],[-76.2214929,3.2696722],[-76.2368086,3.2565139]],[[-76.2368086,3.2565139],[-76.2167295,3.2416181]],[[-76.2352543,3.3363145],[-76.2540043,3.3233791],[-76.2166671,3.3162502],[-76.2352543,3.3363145]],[[-73.5589929,5.8857692],[-73.57863,5.8754828],[-73.5666671,5.8662502],[-73.5589929,5.8857692]],[[-73.6024893,5.938698],[-73.6195359,5.9434019]],[[-73.6195359,5.9434019],[-73.6294876,5.9305098],[-73.6298436,5.9199188],[-73.6166671,5.9162502],[-73.60363,5.9282131],[-73.6024893,5.938698]],[[-76.8930997,0.4220916],[-76.8911218,0.4261542],[-76.9069503,0.4441229],[-76.9181702,0.4210303]],[[-76.9181702,0.4210303],[-76.9135971,0.4179],[-76.8930997,0.4220916]],[[-76.8611332,0.6634507],[-76.8786951,0.6855617],[-76.8861332,0.663524],[-76.8583337,0.6495835],[-76.8611332,0.6634507]],[[-77.5839929,1.3440985],[-77.60363,1.3338202],[-77.5916671,1.3245835],[-77.5839929,1.3440985]],[[-74.2547368,4.5024725],[-74.2702966,4.4902492],[-74.2500004,4.4745835],[-74.2547368,4.5024725]],[[-71.6506596,5.4191026],[-71.6702967,5.4088161],[-71.6583338,5.3995835],[-71.6506596,5.4191026]],[[-71.7319829,5.4360988],[-71.7452967,5.4211127],[-71.7166671,5.4162502],[-71.7319829,5.4360988]],[[-75.7750004,4.4662502],[-75.7968998,4.4631496],[-75.803101,4.4456651],[-75.7721173,4.4391009]],[[-75.7721173,4.4391009],[-75.7701264,4.4581097]],[[-75.7701264,4.4581097],[-75.7750004,4.4662502]],[[-75.7750004,4.4662502],[-75.7708185,4.4650757]],[[-75.7708185,4.4650757],[-75.7724439,4.4705613]],[[-75.7724439,4.4705613],[-75.7750004,4.4662502]],[[-75.3207803,6.0822885],[-75.336768,6.1113186],[-75.3413828,6.0903145]],[[-75.3413828,6.0903145],[-75.3321991,6.0805998],[-75.3207803,6.0822885]],[[-75.3166671,6.1579169],[-75.3139813,6.1483635],[-75.3066653,6.1549099],[-75.3166671,6.1579169]],[[-75.3166671,6.1579169],[-75.3225102,6.176378],[-75.3463036,6.1856429]],[[-75.3463036,6.1856429],[-75.365097,6.1714001],[-75.3683474,6.1388578]],[[-75.3683474,6.1388578],[-75.35363,6.1448798],[-75.3463058,6.1627834],[-75.3166671,6.1579169]],[[-75.9223718,4.7112006],[-75.9370365,4.697073],[-75.9166671,4.6912502],[-75.9223718,4.7112006]],[[-75.9004468,4.7664698],[-75.9141998,4.7568002],[-75.9337997,4.7516999],[-75.9487461,4.7522929]],[[-75.9487461,4.7522929],[-75.9284835,4.7377712],[-75.9215173,4.7197292],[-75.9000004,4.7162502],[-75.8965173,4.7211045],[-75.8872923,4.7593975],[-75.8890974,4.7637998],[-75.9004468,4.7664698]],[[-78.7440643,1.815086],[-78.7356368,1.8272245],[-78.7413026,1.8354802],[-78.7513234,1.8289553],[-78.7604828,1.8129981],[-78.7440643,1.815086]],[[-75.6916671,5.4412502],[-75.7110977,5.4352501],[-75.7129663,5.420553],[-75.702629,5.4039862],[-75.6852706,5.4234117],[-75.6916671,5.4412502]],[[-75.643964,5.4547825],[-75.650291,5.4631726],[-75.6702966,5.4492214],[-75.6416671,5.4412502],[-75.643964,5.4547825]],[[-71.0807052,6.9695339],[-71.0953699,6.9554063],[-71.0750004,6.9495835],[-71.0807052,6.9695339]],[[-70.7299158,7.0742458],[-70.7430355,7.0852981],[-70.7617984,7.0883534],[-70.7871912,7.0642604],[-70.7250004,7.0579169],[-70.7299158,7.0742458]],[[-75.6508026,4.7896483],[-75.6526031,4.8151999],[-75.6509018,4.8389001],[-75.6778467,4.8575842]],[[-75.6778467,4.8575842],[-75.6955977,4.8451809],[-75.7198466,4.8406559]],[[-75.7198466,4.8406559],[-75.714798,4.8379998],[-75.6818074,4.7772802]],[[-75.6818074,4.7772802],[-75.6637455,4.7780788],[-75.6508026,4.7896483]],[[-76.2109832,4.1203623],[-76.2209151,4.1205023],[-76.2290857,4.1036688],[-76.237655,4.0954291],[-76.2062667,4.0540594],[-76.1833337,4.0495835],[-76.1626957,4.0836167],[-76.1658832,4.0883188]],[[-76.1658832,4.0883188],[-76.1766968,4.0913],[-76.2109832,4.1203623]],[[-75.752629,2.0342596],[-75.76849,2.0189439],[-75.7500004,2.0162502],[-75.752629,2.0342596]],[[-76.6494858,7.7842549],[-76.6453699,7.7949571],[-76.6431726,7.8366237],[-76.6537032,7.8116237],[-76.6697758,7.7987534],[-76.6524379,7.7848689],[-76.6494858,7.7842549]],[[-76.6299321,7.8628485],[-76.6034021,7.8696519],[-76.5965987,7.8831447],[-76.6301681,7.9063259],[-76.651864,7.9014634],[-76.641488,7.855215],[-76.6299321,7.8628485]],[[-74.6366703,4.2601874],[-74.6441655,4.2458848],[-74.6333338,4.2412502],[-74.6366703,4.2601874]],[[-75.7500004,4.6290639],[-75.7634888,4.628068]],[[-75.7634888,4.628068],[-75.7750004,4.6186846]],[[-75.7750004,4.6186846],[-75.7500004,4.6162502],[-75.7500004,4.6290639]],[[-74.8698409,4.1444281],[-74.8634933,4.1741482],[-74.9073246,4.1597276],[-74.9001144,4.1365749],[-74.8750004,4.1329169],[-74.8698409,4.1444281]],[[-75.803337,2.276854],[-75.8108321,2.2625555],[-75.8000004,2.2579169],[-75.803337,2.276854]],[[-77.624906,1.0779299],[-77.6083337,1.0745835],[-77.6017175,1.0878973],[-77.6160032,1.0951299],[-77.6253068,1.0866541],[-77.6257514,1.0852024],[-77.624906,1.0779299]],[[-75.8640385,5.2112006],[-75.8787032,5.197073],[-75.8583337,5.1912502],[-75.8640385,5.2112006]],[[-76.3859623,3.4092637],[-76.4018233,3.3939439],[-76.3833337,3.3912502],[-76.3859623,3.4092637]],[[-76.4109623,3.417597],[-76.4268233,3.4022772],[-76.4083337,3.3995835],[-76.4109623,3.417597]],[[-76.4582194,3.4533187],[-76.4973984,3.4433999],[-76.5015411,3.4451139]],[[-76.5015411,3.4451139],[-76.4927979,3.4307001],[-76.495697,3.3845],[-76.5014038,3.3487],[-76.4962006,3.3129001]],[[-76.4962006,3.3129001],[-76.4743961,3.3162999]],[[-76.4743961,3.3162999],[-76.4876713,3.3286037],[-76.4872644,3.3389105],[-76.4663497,3.3784328],[-76.448503,3.4162421],[-76.4582194,3.4533187]],[[-76.2763716,1.8784664],[-76.2583337,1.8745835],[-76.2687586,1.8936021],[-76.2773344,1.8798048],[-76.2763716,1.8784664]],[[-73.8021244,5.453738],[-73.8089848,5.4677801],[-73.8277999,5.4510972],[-73.8083338,5.4412502],[-73.8021244,5.453738]],[[-73.5223718,5.6445339],[-73.5370366,5.6304063],[-73.5166671,5.6245835],[-73.5223718,5.6445339]],[[-73.2466069,6.4807969],[-73.2720545,6.4782009],[-73.2701339,6.4593858],[-73.2583338,6.4495835],[-73.2466069,6.4807969]],[[-77.128337,1.6185207],[-77.1358321,1.6042222],[-77.1250004,1.5995835],[-77.128337,1.6185207]],[[-72.6545413,7.3892601],[-72.6617355,7.3630682],[-72.6416671,7.3579169],[-72.6302332,7.3851345],[-72.6445263,7.3910937],[-72.6545413,7.3892601]],[[-75.0937586,3.6352647],[-75.1029545,3.6204698],[-75.0833338,3.6162502],[-75.0937586,3.6352647]],[[-76.5392644,2.507742],[-76.5466951,2.5124953],[-76.5702966,2.5032131],[-76.5963709,2.495954],[-76.60363,2.4698798],[-76.6176681,2.4626207],[-76.6460291,2.4797268],[-76.6593836,2.4624335],[-76.6284753,2.4207505],[-76.5916671,2.4162502],[-76.5701583,2.4366604],[-76.5739099,2.4620835],[-76.5363936,2.4700018],[-76.549211,2.4912502],[-76.5392644,2.507742]],[[-76.6420504,7.743684],[-76.6450688,7.7628485],[-76.6560632,7.7779852],[-76.6700688,7.7485378],[-76.6485047,7.7430046],[-76.6420504,7.743684]],[[-73.8204216,5.0491147],[-73.7983017,5.0558],[-73.790802,5.0528998],[-73.7895203,5.039681]],[[-73.7895203,5.039681],[-73.7833003,5.0403841]],[[-73.7833003,5.0403841],[-73.7695482,5.0526398],[-73.7692788,5.0617128],[-73.8038497,5.0775783],[-73.8204216,5.0491147]],[[-72.5288838,7.8540818],[-72.5201339,7.7873928],[-72.5121912,7.7951076],[-72.4923751,7.8267442],[-72.466882,7.8009217],[-72.4490204,7.8309231],[-72.4514653,7.8670834]],[[-72.4514653,7.8670834],[-72.509201,7.8720999],[-72.5288838,7.8540818]],[[-75.6135746,2.2137681],[-75.637948,2.2127671],[-75.65363,2.1872382],[-75.6083338,2.1829169],[-75.6135746,2.2137681]],[[-72.8972835,5.738466],[-72.8748865,5.7661851],[-72.8843347,5.7782131],[-72.9138188,5.7604315],[-72.92323,5.7618212]],[[-72.92323,5.7618212],[-72.9017029,5.7382998]],[[-72.9017029,5.7382998],[-72.8972835,5.738466]],[[-76.6166671,3.4745835],[-76.6305343,3.4717841],[-76.6399744,3.4531317],[-76.6306075,3.4467841],[-76.6166671,3.4745835]],[[-76.6166671,3.4745835],[-76.6040043,3.4705756],[-76.5959965,3.4449286],[-76.6157393,3.4457098],[-76.5867599,3.3630275],[-76.5960046,3.3455552],[-76.5956466,3.3365953],[-76.5700362,3.3368882],[-76.545435,3.2847439],[-76.5455758,3.2811745]],[[-76.5455758,3.2811745],[-76.5175018,3.2823999]],[[-76.5175018,3.2823999],[-76.5197983,3.2928],[-76.5044835,3.2993118]],[[-76.5044835,3.2993118],[-76.4998789,3.3040764]],[[-76.4998789,3.3040764],[-76.4962006,3.3129001]],[[-76.5015411,3.4451139],[-76.517601,3.4672]],[[-76.517601,3.4672],[-76.5378036,3.4754],[-76.550499,3.4909999],[-76.5661011,3.5009],[-76.5715442,3.5125518]],[[-76.5715442,3.5125518],[-76.5956873,3.5115953],[-76.6109705,3.528091],[-76.6166671,3.4745835]],[[-75.9522094,5.1049793],[-75.9333337,5.0995835],[-75.9390385,5.1195339],[-75.9524013,5.1066605],[-75.9522094,5.1049793]],[[-75.578516,1.6035061],[-75.5808191,1.6190985],[-75.6012944,1.6530422],[-75.6428959,1.6279364],[-75.6250411,1.5983384],[-75.5833338,1.5912502],[-75.578516,1.6035061]],[[-74.0979004,4.8098998],[-74.0965326,4.8137741]],[[-74.0965326,4.8137741],[-74.1024225,4.8153096]],[[-74.1024225,4.8153096],[-74.0979004,4.8098998]],[[-74.0266112,4.8965188],[-74.031601,4.8951001],[-74.0523987,4.8650999],[-74.0783849,4.8797246]],[[-74.0783849,4.8797246],[-74.087948,4.8539699],[-74.0840993,4.8161899]],[[-74.0840993,4.8161899],[-74.0708008,4.8161001],[-74.0488968,4.8102002],[-74.0229034,4.7951002]],[[-74.0229034,4.7951002],[-74.0130933,4.8235992]],[[-74.0130933,4.8235992],[-74.0132437,4.8453572]],[[-74.0132437,4.8453572],[-74.0171967,4.8881001],[-74.0195044,4.8894913]],[[-74.0195044,4.8894913],[-74.0197235,4.8896234],[-74.0232034,4.8931071],[-74.0266112,4.8965188]],[[-75.4807484,6.3207977],[-75.4702966,6.3292873],[-75.4844257,6.3350686]],[[-75.4844257,6.3350686],[-75.4807484,6.3207977]],[[-75.4262552,6.3852788],[-75.4450497,6.4000566]],[[-75.4450497,6.4000566],[-75.45363,6.3948797],[-75.4845463,6.3862697],[-75.4975516,6.3694206]],[[-75.4975516,6.3694206],[-75.4911033,6.3480458]],[[-75.4911033,6.3480458],[-75.47863,6.3734157],[-75.4386153,6.3675034],[-75.4262552,6.3852788]],[[-75.6371994,6.1009002],[-75.6433639,6.1246259]],[[-75.6433639,6.1246259],[-75.6468094,6.101322]],[[-75.6468094,6.101322],[-75.6371994,6.1009002]],[[-75.6407013,6.1524],[-75.6492996,6.1511998],[-75.6499023,6.1691999],[-75.6603012,6.1784]],[[-75.6603012,6.1784],[-75.6716888,6.1757358]],[[-75.6716888,6.1757358],[-75.6479398,6.1437044]],[[-75.6479398,6.1437044],[-75.6407013,6.1524]],[[-75.1557052,5.3945339],[-75.1703699,5.3804063],[-75.1500004,5.3745835],[-75.1557052,5.3945339]],[[-75.7116703,4.751854],[-75.7191655,4.7375515],[-75.7083338,4.7329169],[-75.7116703,4.751854]],[[-75.9004468,4.7664698],[-75.9497237,4.7780625],[-75.9574535,4.7675785],[-75.9489413,4.7524328],[-75.9487461,4.7522929]],[[-75.7198466,4.8406559],[-75.7405603,4.8367906],[-75.8455977,4.8078558],[-75.8293705,4.7951564],[-75.7822433,4.7979641],[-75.7468022,4.7732082],[-75.6960698,4.7701809],[-75.6818074,4.7772802]],[[-75.8748867,4.8788754],[-75.8666671,4.8745835],[-75.8601251,4.888888]],[[-75.8589945,4.8913601],[-75.8595963,4.8912001]],[[-75.8600815,4.8889832],[-75.8589945,4.8913601]],[[-75.8589945,4.8913601],[-75.8568699,4.8999139]],[[-76.503264,3.2685312],[-76.5175018,3.2823999]],[[-76.5455758,3.2811745],[-76.5460453,3.2692694],[-76.5904708,3.2710313],[-76.553337,3.2366197],[-76.5293136,3.2375718],[-76.5050402,3.215004],[-76.5016014,3.2265646],[-76.5022949,3.2440692],[-76.5028676,3.2585247],[-76.503264,3.2685312]],[[-74.5000004,4.2662502],[-74.5043771,4.2576118],[-74.5019878,4.2591813],[-74.5000004,4.2662502]],[[-74.3442957,4.3509751],[-74.3740971,4.3615464],[-74.3869633,4.3448798],[-74.4130375,4.3292873],[-74.4202966,4.3202989],[-74.3500004,4.3162502],[-74.3442957,4.3509751]],[[-74.3780199,4.3864452],[-74.3936203,4.3861062]],[[-74.3936203,4.3861062],[-74.3833338,4.3745835],[-74.3780199,4.3864452]],[[-75.3973718,7.5945339],[-75.4120366,7.5804063],[-75.3916671,7.5745835],[-75.3973718,7.5945339]],[[-74.9755538,4.2254869],[-74.9944666,4.2114244],[-74.9666671,4.2079169],[-74.9755538,4.2254869]],[[-75.057583,4.2999739],[-75.0416671,4.2912502],[-75.045671,4.3098456],[-75.056031,4.304644],[-75.057583,4.2999739]],[[-76.2279952,3.4206203],[-76.2393966,3.4363186],[-76.2617354,3.4152045],[-76.2333337,3.4079169],[-76.2279952,3.4206203]],[[-77.7866703,0.9185207],[-77.7941654,0.9042222],[-77.7833337,0.8995835],[-77.7866703,0.9185207]],[[-75.5334884,2.394481],[-75.5618168,2.3798977],[-75.5416671,2.3745835],[-75.5334884,2.394481]],[[-75.3166671,2.6745835],[-75.3166671,2.6995835],[-75.3333338,2.6995835],[-75.3333338,2.6745835],[-75.3166671,2.6745835]],[[-75.7634888,4.628068],[-75.7750004,4.626545]],[[-75.7750004,4.626545],[-75.7750004,4.6186846]],[[-71.8844719,5.8807217],[-71.8986203,5.884257],[-71.9027999,5.8718817],[-71.8916671,5.8662502],[-71.8844719,5.8807217]],[[-75.2985763,5.7192084],[-75.3119796,5.727383],[-75.3194666,5.705215],[-75.3083338,5.6995835],[-75.2985763,5.7192084]],[[-74.2619722,4.7534584],[-74.2564011,4.7360001],[-74.2453995,4.7209001],[-74.2535019,4.7164001]],[[-74.2535019,4.7164001],[-74.2486284,4.7100593]],[[-74.2486284,4.7100593],[-74.2468295,4.7077187]],[[-74.2468295,4.7077187],[-74.2378998,4.6961002],[-74.2217026,4.6879001],[-74.1958008,4.6924],[-74.1876984,4.6866002]],[[-74.1876984,4.6866002],[-74.1722031,4.6940999],[-74.1722031,4.7084999]],[[-74.1722031,4.7084999],[-74.1733017,4.7172168],[-74.1774268,4.72641],[-74.1837006,4.7414999]],[[-74.1837006,4.7414999],[-74.186213,4.7452683]],[[-74.186213,4.7452683],[-74.1855554,4.7388047],[-74.2062179,4.726972],[-74.2250004,4.7495835],[-74.2439946,4.7426092],[-74.2538985,4.7541083],[-74.2619722,4.7534584]],[[-76.9109623,0.3259263],[-76.9268233,0.3106106],[-76.9083337,0.3079169],[-76.9109623,0.3259263]],[[-76.9181702,0.4210303],[-76.9000004,0.4079169],[-76.8930997,0.4220916]],[[-77.6176521,0.8107641],[-77.5977144,0.8394644]],[[-77.5977144,0.8394644],[-77.6125004,0.8361477],[-77.6382979,0.8419338],[-77.6750004,0.8329169],[-77.6673141,0.8113734],[-77.6176521,0.8107641]],[[-73.1130701,5.7941392],[-73.12863,5.7819159],[-73.1083338,5.7662502],[-73.1130701,5.7941392]],[[-73.3395676,5.5809018],[-73.3443119,5.5816026],[-73.3710513,5.5609652]],[[-73.3710513,5.5609652],[-73.3528976,5.5472002]],[[-73.3528976,5.5472002],[-73.3395676,5.5809018]],[[-75.418197,6.0177761],[-75.4034021,6.0279852],[-75.3965987,6.044306],[-75.4281417,6.0529852],[-75.4534021,6.0152045],[-75.4250004,6.0079169],[-75.418197,6.0177761]],[[-72.6869633,5.0042873],[-72.7016199,5.0156032],[-72.7202967,4.9975287],[-72.6833338,4.9912502],[-72.6869633,5.0042873]],[[-72.7430526,5.0087707],[-72.7337162,5.0256659],[-72.7506623,5.022299],[-72.7430526,5.0087707]],[[-72.5299809,5.1774156],[-72.5586674,5.1863186],[-72.5520349,5.1567409],[-72.5416671,5.1495835],[-72.5299809,5.1774156]],[[-76.2368086,3.2565139],[-76.2452966,3.2492214],[-76.2167295,3.2416181]],[[-74.8361371,4.2747342],[-74.8251038,4.2768998]],[[-74.8251038,4.2768998],[-74.802597,4.2912002],[-74.7886963,4.3044],[-74.7963546,4.3324733]],[[-74.7963546,4.3324733],[-74.7963508,4.3325377],[-74.7958095,4.3416509],[-74.7946619,4.3609727],[-74.8224207,4.3173122],[-74.8361371,4.2747342]],[[-76.517601,3.4672],[-76.5170975,3.5151],[-76.513196,3.5361357]],[[-76.513196,3.5361357],[-76.5209965,3.5289089],[-76.5294763,3.5109401],[-76.5715442,3.5125518]],[[-76.5042395,3.5643693],[-76.4957962,3.5659001],[-76.4962637,3.5955661]],[[-76.4962637,3.5955661],[-76.5046554,3.5952338],[-76.5042395,3.5643693]],[[-75.8167714,4.3249483],[-75.8250823,4.3419227],[-75.8263757,4.3273588],[-75.8179694,4.3249558],[-75.8167714,4.3249483]],[[-75.7083338,4.4745835],[-75.7123505,4.4734554],[-75.7164118,4.4696506],[-75.7083338,4.4745835]],[[-75.7083338,4.4745835],[-75.6944503,4.4857001],[-75.6674972,4.5193589],[-75.6544112,4.5030178],[-75.6232426,4.5149969],[-75.6330663,4.5405579]],[[-75.6330663,4.5405579],[-75.6461029,4.5345001],[-75.6651001,4.5437999]],[[-75.6651001,4.5437999],[-75.6668015,4.5351],[-75.680603,4.5114999],[-75.7031021,4.4804001],[-75.7087792,4.4761426]],[[-75.7087792,4.4761426],[-75.7083338,4.4745835]],[[-77.078337,1.4851874],[-77.0858321,1.4708889],[-77.0750004,1.4662502],[-77.078337,1.4851874]],[[-75.6870293,6.0560667],[-75.6916101,6.0613186],[-75.7117354,6.0384426],[-75.6892836,6.0281909]],[[-75.6892836,6.0281909],[-75.6936035,6.0451002],[-75.6870293,6.0560667]],[[-77.0119877,3.9048],[-77.0417099,3.898684],[-77.0579834,3.8876269],[-77.0765228,3.8916469],[-77.0767517,3.879087],[-77.0559119,3.8677674],[-77.012533,3.8566351],[-77.0049321,3.8363186],[-76.9593266,3.8687404],[-76.9646814,3.8926581],[-77.0119877,3.9048]],[[-74.7622481,2.1355536],[-74.778101,2.1124335],[-74.7583338,2.1079169],[-74.7622481,2.1355536]],[[-76.4031964,3.228304],[-76.4018393,3.2344895],[-76.4317957,3.2446519],[-76.425347,3.2158761],[-76.4132308,3.2129015],[-76.4031964,3.228304]],[[-76.503264,3.2685312],[-76.5044835,3.2993118]],[[-76.4998789,3.3040764],[-76.4706384,3.3029161],[-76.4743961,3.3162999]],[[-76.5199966,2.6262],[-76.5401993,2.6544096]],[[-76.5401993,2.6544096],[-76.5512455,2.6494452],[-76.5346277,2.6280015],[-76.5200988,2.6261129]],[[-76.5200988,2.6261129],[-76.5199966,2.6262]],[[-73.90987,4.9542795],[-73.8965987,4.9749172],[-73.9243634,4.9686902]],[[-73.9243634,4.9686902],[-73.90987,4.9542795]],[[-73.8674063,4.9879824],[-73.8692957,5.0009304],[-73.8851567,4.9856105],[-73.868801,4.9832278],[-73.8674063,4.9879824]],[[-73.1227506,6.5638517],[-73.1453373,6.5723008],[-73.1617355,6.557689],[-73.1312993,6.5366726],[-73.1166671,6.5329169],[-73.1198534,6.5609529],[-73.1227506,6.5638517]],[[-74.3136482,4.7794791],[-74.3104496,4.7846706],[-74.3191655,4.8126573],[-74.3301599,4.8194281],[-74.3375493,4.8508164],[-74.3781743,4.8314927],[-74.3693608,4.8031765],[-74.3448409,4.7880723],[-74.3385301,4.7612511]],[[-74.3385301,4.7612511],[-74.3290024,4.7721]],[[-74.3290024,4.7721],[-74.3136482,4.7794791]],[[-75.7500004,4.6290639],[-75.7750004,4.6329169],[-75.7750004,4.626545]],[[-75.767737,4.6736057],[-75.7862015,4.6736999],[-75.799393,4.678273]],[[-75.799393,4.678273],[-75.7898604,4.6683986],[-75.7666671,4.6662502],[-75.767737,4.6736057]],[[-74.0797298,4.912368],[-74.0625481,4.9366641]],[[-74.0625481,4.9366641],[-74.0757573,4.9380113],[-74.1121179,4.9222398],[-74.1028569,4.8991237],[-74.0797298,4.912368]],[[-73.8108077,7.0690293],[-73.8215174,7.0867865],[-73.8905034,7.0948797],[-73.8860112,7.0645168],[-73.8619633,7.045954],[-73.8547042,7.0365464],[-73.8250004,7.0329169],[-73.8108077,7.0690293]],[[-74.0053013,4.6220272],[-74.0101013,4.6229]],[[-74.0101013,4.6229],[-74.0251007,4.5924001],[-74.0262985,4.573466]],[[-74.0262985,4.573466],[-74.0031824,4.5956854],[-74.0053013,4.6220272]],[[-75.2366703,4.251854],[-75.2441655,4.2375515],[-75.2333338,4.2329169],[-75.2366703,4.251854]],[[-76.2866703,3.6435207],[-76.2941655,3.6292181],[-76.2833337,3.6245835],[-76.2866703,3.6435207]],[[-76.3000004,3.6745835],[-76.3058336,3.6973201],[-76.3120141,3.6973598],[-76.3284021,3.6818711],[-76.3000004,3.6745835]],[[-75.9201908,4.2759385],[-75.9373702,4.285639],[-75.9443933,4.2613064],[-75.9166671,4.2579169],[-75.9201908,4.2759385]],[[-76.0197514,5.8618068],[-76.0457524,5.8501817],[-76.0000004,5.8412502],[-76.0197514,5.8618068]],[[-74.0129592,4.7938711],[-74.0130933,4.8235992]],[[-74.0229034,4.7951002],[-74.0129592,4.7938711]],[[-74.0166671,4.8995835],[-74.0195044,4.8894913]],[[-74.0132437,4.8453572],[-74.003809,4.8534816],[-74.0058191,4.8784613],[-73.9871912,4.8867743],[-73.9794763,4.8992295],[-74.0083338,4.9079169]],[[-74.0083338,4.9079169],[-74.0166671,4.8995835]],[[-74.0083338,4.9079169],[-74.0126062,4.9507351],[-74.0235977,4.9444394]],[[-74.0235977,4.9444394],[-74.0276031,4.9088998],[-74.0240016,4.8975237]],[[-74.0240016,4.8975237],[-74.0166671,4.8995835]],[[-76.6444666,1.1634507],[-76.6540206,1.1690497],[-76.6611332,1.1427639],[-76.6416671,1.1329169],[-76.6444666,1.1634507]],[[-75.2200037,3.9435207],[-75.2274988,3.9292181],[-75.2166671,3.9245835],[-75.2200037,3.9435207]],[[-75.2373377,6.2265122],[-75.2529545,6.2186713],[-75.2333338,6.2079169],[-75.2373377,6.2265122]],[[-74.1837006,4.7414999],[-74.1744995,4.7488999],[-74.1722407,4.7701351]],[[-74.1722407,4.7701351],[-74.1869552,4.7716335],[-74.186213,4.7452683]],[[-73.6950037,3.7101874],[-73.7024988,3.6958848],[-73.6916671,3.6912502],[-73.6950037,3.7101874]],[[-74.1722031,4.7084999],[-74.1548996,4.7210999],[-74.1464344,4.7415947]],[[-74.1464344,4.7415947],[-74.1712976,4.7533962],[-74.1722407,4.7701351]],[[-74.1024225,4.8153096],[-74.1157258,4.7777866]],[[-74.1157258,4.7777866],[-74.1042023,4.7879],[-74.0979004,4.8098998]],[[-75.1871179,7.9958034],[-75.2137374,8.0033636],[-75.2120447,7.986758],[-75.2284916,7.9730943],[-75.1750004,7.9662502],[-75.1871179,7.9958034]],[[-75.5911026,6.1862001],[-75.6147003,6.1932998],[-75.6315002,6.1945],[-75.6407013,6.2020001],[-75.6528015,6.2014999],[-75.6603012,6.1784]],[[-75.6407013,6.1524],[-75.6207199,6.1631408]],[[-75.6207199,6.1631408],[-75.6019974,6.1718001],[-75.5911026,6.1862001]],[[-75.2330723,2.8726428],[-75.2372833,2.873946],[-75.2446212,2.8621405],[-75.2250004,2.8579169],[-75.2330723,2.8726428]],[[-75.3463036,6.1856429],[-75.3709965,6.1952582],[-75.380046,6.2050279],[-75.3783451,6.1622829],[-75.4034021,6.1612901],[-75.440658,6.1869248],[-75.446379,6.1783352],[-75.4286788,6.161937],[-75.429631,6.1379136],[-75.4152592,6.1224066],[-75.4007247,6.1532009],[-75.3916671,6.1245835],[-75.37863,6.1282131],[-75.3683474,6.1388578]],[[-75.4865878,6.205776],[-75.5070038,6.2125001],[-75.5173035,6.2044001]],[[-75.5173035,6.2044001],[-75.5155777,6.1964886]],[[-75.5155777,6.1964886],[-75.4885502,6.1924912],[-75.4865878,6.205776]],[[-72.3974614,5.2981634],[-72.3706791,5.316653],[-72.3632654,5.3530992],[-72.402808,5.3613186],[-72.4240401,5.330565],[-72.4198979,5.3120835],[-72.4263107,5.2834743],[-72.3916671,5.2745835],[-72.3974614,5.2981634]],[[-75.8646326,5.6701402],[-75.8955977,5.6596543],[-75.8750004,5.6412502],[-75.8646326,5.6701402]],[[-75.095671,4.3181789],[-75.1112879,4.3103379],[-75.0916671,4.2995835],[-75.095671,4.3181789]],[[-75.1353845,4.4174668],[-75.1126632,4.4604071],[-75.2086837,4.4721706],[-75.2710047,4.4622422],[-75.2713464,4.4032334],[-75.1977543,4.4061509],[-75.1876632,4.3952582],[-75.1540043,4.3872422],[-75.1166671,4.3745835],[-75.1353845,4.4174668]],[[-76.6372237,5.7004543],[-76.6582361,5.7113186],[-76.6700688,5.6756781],[-76.6333337,5.6662502],[-76.6372237,5.7004543]],[[-76.0728276,4.327855],[-76.0955977,4.3168524],[-76.0666671,4.3079169],[-76.0728276,4.327855]],[[-76.0604578,4.3954047],[-76.0673181,4.4094468],[-76.0861332,4.3927639],[-76.0666671,4.3829169],[-76.0604578,4.3954047]],[[-76.1453102,4.42104],[-76.1666437,4.4065377],[-76.1416671,4.3995835],[-76.1453102,4.42104]],[[-76.5099294,2.6277342],[-76.5265466,2.6605455],[-76.5401993,2.6544096]],[[-76.5199966,2.6262],[-76.5099294,2.6277342]],[[-76.528337,2.6851874],[-76.5358321,2.6708889],[-76.5250004,2.6662502],[-76.528337,2.6851874]],[[-73.791298,5.6273087],[-73.8242487,5.6276519]],[[-73.8242487,5.6276519],[-73.845671,5.5977972],[-73.823096,5.5933075],[-73.8194869,5.5969739],[-73.791298,5.6273087]],[[-74.2684429,4.6151063],[-74.2429962,4.6198001],[-74.2297974,4.6261001]],[[-74.2297974,4.6261001],[-74.2154007,4.6353002],[-74.1929016,4.6433001],[-74.1957311,4.6616461]],[[-74.1957311,4.6616461],[-74.2684429,4.6151063]],[[-74.2468295,4.7077187],[-74.2538578,4.6951076],[-74.2729732,4.6893511],[-74.2825273,4.6807201],[-74.2629399,4.6624538],[-74.2458338,4.6610785],[-74.2375004,4.6797552],[-74.194485,4.6770133]],[[-74.194485,4.6770133],[-74.1876984,4.6866002]],[[-74.2535019,4.7164001],[-74.2631146,4.7165223]],[[-74.2631146,4.7165223],[-74.2486284,4.7100593]],[[-72.899508,5.7357129],[-72.8972835,5.738466]],[[-72.9017029,5.7382998],[-72.899508,5.7357129]],[[-73.3799321,4.0628485],[-73.3636316,4.0740993],[-73.3857182,4.0946519],[-73.3980473,4.0616929],[-73.3799321,4.0628485]],[[-73.5544356,4.1027289],[-73.5867355,4.0787624],[-73.5500004,4.0745835],[-73.5544356,4.1027289]],[[-73.5471579,4.1386253],[-73.5891037,4.1399999],[-73.6074982,4.1388998],[-73.6427002,4.1511998],[-73.6425188,4.1720948]],[[-73.6425188,4.1720948],[-73.6681319,4.1663519],[-73.6597009,4.1287502],[-73.6659998,4.1006374],[-73.6977218,4.078738],[-73.6666671,4.0579169],[-73.6465987,4.0878485],[-73.5867355,4.1029852],[-73.5712081,4.1131008],[-73.5625004,4.1111477],[-73.5384282,4.1165472],[-73.5299321,4.1321804],[-73.5471579,4.1386253]],[[-76.4672677,2.9978017],[-76.4694556,3.0216642],[-76.4695022,3.0218021],[-76.4963709,3.0353908],[-76.5027999,2.9945624],[-76.4747983,2.9919956],[-76.4672677,2.9978017]],[[-73.5471579,4.1386253],[-73.5784021,4.1545152],[-73.6049321,4.1613186],[-73.626864,4.1756049],[-73.6425188,4.1720948]],[[-73.791298,5.6273087],[-73.8175948,5.6369248],[-73.8242487,5.6276519]],[[-72.9208256,4.6252834],[-72.9452967,4.607278],[-72.9166671,4.5912502],[-72.9208256,4.6252834]],[[-74.0235977,4.9444394],[-74.0410079,4.9344672],[-74.0625481,4.9366641]],[[-74.0797298,4.912368],[-74.0663497,4.9200303],[-74.0530359,4.9120225],[-74.0712162,4.9041368],[-74.0783849,4.8797246]],[[-74.0266112,4.8965188],[-74.0240016,4.8975237]],[[-75.4262552,6.3852788],[-75.4130375,6.4042873],[-75.3797042,6.4135687],[-75.3909916,6.4250515],[-75.4302413,6.4089911],[-75.4450497,6.4000566]],[[-75.3193119,6.4458034],[-75.3338953,6.4529852],[-75.3534021,6.4297349],[-75.3333338,6.4245835],[-75.3193119,6.4458034]],[[-76.3255538,3.7754869],[-76.3444666,3.7614244],[-76.3166671,3.7579169],[-76.3255538,3.7754869]],[[-76.278337,3.7851874],[-76.2858321,3.7708848],[-76.2750004,3.7662502],[-76.278337,3.7851874]],[[-76.1658832,4.0883188],[-76.1879236,4.1208319],[-76.2109832,4.1203623]],[[-73.2128556,7.1161646],[-73.2187586,7.1269313],[-73.2279545,7.1121364],[-73.215414,7.1094395],[-73.2128556,7.1161646]],[[-73.9668275,4.9575001],[-73.9567032,4.9741829]],[[-73.9567032,4.9741829],[-73.9583338,4.9745835],[-73.9668275,4.9575001]],[[-73.9545948,5.0271931],[-73.9557571,5.02952]],[[-73.9557571,5.02952],[-73.9889984,5.0265999],[-74.0207714,5.0283185]],[[-74.0207714,5.0283185],[-74.0040776,4.9871608],[-74.0045454,4.9644977],[-73.9930368,4.9693999],[-73.9872481,4.9789455],[-73.9875899,4.9954982],[-73.9545948,5.0271931]],[[-72.8839929,4.8857692],[-72.90363,4.8754828],[-72.8916671,4.8662502],[-72.8839929,4.8857692]],[[-76.2780603,3.8951971],[-76.2823165,3.9120835],[-76.2752934,3.9399441],[-76.3102543,3.9249375],[-76.3199955,3.8869818],[-76.2833337,3.8829169],[-76.2780603,3.8951971]],[[-74.7385665,5.1964829],[-74.7220138,5.2062933],[-74.7336104,5.2193508],[-74.753101,5.1980292],[-74.7385665,5.1964829]],[[-74.8206802,4.2690164],[-74.8000004,4.2662502],[-74.7884526,4.3036566],[-74.7627364,4.3170437],[-74.7963546,4.3324733]],[[-74.8251038,4.2768998],[-74.8206802,4.2690164]],[[-75.5187586,5.1769313],[-75.5279545,5.1621364],[-75.5083338,5.1579169],[-75.5187586,5.1769313]],[[-75.5173035,6.2044001],[-75.5535965,6.1890001],[-75.5587997,6.1803002]],[[-75.5587997,6.1803002],[-75.5548019,6.1767998],[-75.5576019,6.1451001],[-75.5636492,6.1311504]],[[-75.5636492,6.1311504],[-75.55363,6.1292873],[-75.545492,6.1187404],[-75.5326583,6.1942857],[-75.5155777,6.1964886]],[[-75.5540043,6.4681789],[-75.5696212,6.4603379],[-75.5500004,6.4495835],[-75.5540043,6.4681789]],[[-75.4083338,6.9495835],[-75.4083338,6.9745835],[-75.4250004,6.9745835],[-75.4250004,6.9495835],[-75.4083338,6.9495835]],[[-76.0864863,4.5340403],[-76.0895268,4.5532904],[-76.1203699,4.5325629],[-76.1000004,4.5162502],[-76.0893992,4.5264029],[-76.0864863,4.5340403]],[[-75.0256596,5.1607692],[-75.0452966,5.1504828],[-75.0333338,5.1412502],[-75.0256596,5.1607692]],[[-71.7416671,6.4579169],[-71.7194666,6.4607163],[-71.7138676,6.4758531],[-71.7387374,6.4637071],[-71.7416671,6.4579169]],[[-73.0564493,7.0426225],[-73.0886002,7.0254002],[-73.087573,7.0140867]],[[-73.087573,7.0140867],[-73.0750004,7.0079169],[-73.0914636,6.9930731],[-73.0788741,6.9773505],[-73.029631,6.9584214],[-73.0370366,7.00421],[-73.0555994,7.0357896],[-73.0564493,7.0426225]],[[-76.6661218,7.6678208],[-76.6819503,7.6857936],[-76.6945398,7.6598781],[-76.6750004,7.6495835],[-76.6661218,7.6678208]],[[-75.6508026,4.7896483],[-75.6461837,4.7937771],[-75.6469731,4.8353135],[-75.6309086,4.8532945],[-75.6044031,4.8654567],[-75.6281905,4.8975572],[-75.6455977,4.8701809],[-75.6778467,4.8575842]],[[-75.4975516,6.3694206],[-75.5046879,6.3601752],[-75.5349988,6.3651538]],[[-75.5349988,6.3651538],[-75.5404968,6.3547001],[-75.5410004,6.335],[-75.5456009,6.3056002]],[[-75.5456009,6.3056002],[-75.5341034,6.2940001],[-75.5214005,6.2940001]],[[-75.5214005,6.2940001],[-75.5112917,6.299089]],[[-75.5112917,6.299089],[-75.52863,6.3061835],[-75.5207361,6.3222479],[-75.4958338,6.3185695],[-75.4807484,6.3207977]],[[-75.4844257,6.3350686],[-75.4911033,6.3480458]],[[-73.75363,3.995954],[-73.7726404,4.0106268],[-73.7869633,3.980862],[-73.7500004,3.9745835],[-73.75363,3.995954]],[[-74.5874196,5.9833947],[-74.5942306,5.9857163],[-74.6000136,5.969307]],[[-74.6000136,5.969307],[-74.5907974,5.9728999],[-74.5874196,5.9833947]],[[-73.5839929,5.2274359],[-73.60363,5.2171494],[-73.5916671,5.2079169],[-73.5839929,5.2274359]],[[-75.5937586,5.4852647],[-75.6029545,5.4704698],[-75.5833338,5.4662502],[-75.5937586,5.4852647]],[[-74.3916671,6.4829169],[-74.3916671,6.4995835],[-74.4166671,6.4995835],[-74.4166671,6.4829169],[-74.3916671,6.4829169]],[[-73.3316496,5.5258853],[-73.3262781,5.5300319],[-73.3298344,5.5540757],[-73.3157719,5.5773871],[-73.3395676,5.5809018]],[[-73.3528976,5.5472002],[-73.3420029,5.5402999],[-73.3316496,5.5258853]],[[-75.428337,4.451854],[-75.4358321,4.4375515],[-75.4250004,4.4329169],[-75.428337,4.451854]],[[-75.6892836,6.0281909],[-75.6778324,6.0455227],[-75.6870293,6.0560667]],[[-75.6198213,6.1010676],[-75.6371994,6.1009002]],[[-75.6468094,6.101322],[-75.6484135,6.090473],[-75.6360112,6.045954],[-75.6246423,6.0571315],[-75.6198213,6.1010676]],[[-74.6627178,4.2133895],[-74.662061,4.1967352],[-74.6333338,4.1912502],[-74.6129236,4.2107733],[-74.6547541,4.2186981],[-74.6627178,4.2133895]],[[-73.0125908,5.8205578],[-73.0131189,5.8464667],[-73.0268021,5.8459268]],[[-73.0268021,5.8459268],[-73.0251007,5.8266001],[-73.0125908,5.8205578]],[[-75.5349988,6.3651538],[-75.5776941,6.3721665],[-75.5971521,6.3604315],[-75.6170252,6.3633693],[-75.6009363,6.3224351],[-75.6285513,6.3115769]],[[-75.6285513,6.3115769],[-75.6090012,6.2972002],[-75.5912018,6.2925],[-75.5681,6.2936001],[-75.5456009,6.3056002]],[[-74.4604578,5.0120713],[-74.4673181,5.0261135],[-74.4861332,5.0094305],[-74.4666671,4.9995835],[-74.4604578,5.0120713]],[[-74.3780199,4.3864452],[-74.371908,4.4000881],[-74.3867354,4.4110948],[-74.3936203,4.3861062]],[[-74.3298789,4.7632454],[-74.3290024,4.7721]],[[-74.3385301,4.7612511],[-74.3298789,4.7632454]],[[-75.7721173,4.4391009],[-75.7676274,4.4381496],[-75.7468998,4.4826768],[-75.7699548,4.4747585],[-75.7724439,4.4705613]],[[-75.7708185,4.4650757],[-75.7701264,4.4581097]],[[-75.6651001,4.5437999],[-75.6683838,4.5630747]],[[-75.6683838,4.5630747],[-75.6962976,4.55421],[-75.740129,4.5373643],[-75.7364669,4.5079169],[-75.7380701,4.4949896],[-75.7120366,4.4875433],[-75.7087792,4.4761426]],[[-75.7341803,4.5646457],[-75.7530205,4.5518766]],[[-75.7530205,4.5518766],[-75.7416671,4.5495835],[-75.7341803,4.5646457]],[[-74.9168217,3.869481],[-74.9451502,3.8548977],[-74.9250004,3.8495835],[-74.9168217,3.869481]],[[-75.4290043,6.2598456],[-75.4446212,6.2520046],[-75.4250004,6.2412502],[-75.4290043,6.2598456]],[[-75.4500004,6.2912502],[-75.4427169,6.2628607],[-75.4299321,6.2773911],[-75.4500004,6.2912502]],[[-75.5214005,6.2940001],[-75.5220032,6.2697001],[-75.5253983,6.2616],[-75.5149994,6.2470999],[-75.5086975,6.2315001],[-75.4867899,6.2114268]],[[-75.4867899,6.2114268],[-75.4903894,6.2358018],[-75.4833338,6.2412502],[-75.4994633,6.2942491],[-75.5112917,6.299089]],[[-74.6257024,4.4689938],[-74.6258641,4.4689955],[-74.6452966,4.4588161],[-74.6333338,4.4495835],[-74.6257024,4.4689938]],[[-73.8250004,5.0412502],[-73.8434575,5.037523],[-73.8570073,5.0107326],[-73.8222009,5.0103176],[-73.8312097,5.0287624],[-73.8250004,5.0412502]],[[-73.8250004,5.0412502],[-73.8122644,5.0373195],[-73.8009526,5.0246527],[-73.7880017,5.0361943]],[[-73.7880017,5.0361943],[-73.7895203,5.039681]],[[-73.8204216,5.0491147],[-73.8250004,5.0412502]],[[-75.871558,2.4052151],[-75.890365,2.4028794],[-75.9120365,2.3795803],[-75.8833337,2.3745835],[-75.871558,2.4052151]],[[-73.6024893,5.938698],[-73.5990971,5.9698798],[-73.6195359,5.9434019]],[[-74.2616703,4.8601874],[-74.2691655,4.8458848],[-74.2583338,4.8412502],[-74.2616703,4.8601874]],[[-74.8361371,4.2747342],[-74.8206802,4.2690164]],[[-73.7880017,5.0361943],[-73.7833003,5.0403841]],[[-74.0938858,4.4555803],[-74.0803959,4.4566636],[-74.0732179,4.4805002]],[[-74.0732179,4.4805002],[-74.075798,4.4805002]],[[-74.075798,4.4805002],[-74.0774994,4.4713001],[-74.0938858,4.4555803]],[[-74.696143,7.0941433],[-74.7197677,7.078563],[-74.6916671,7.0745835],[-74.696143,7.0941433]],[[-75.5587997,6.1803002],[-75.5698013,6.1785998],[-75.5911026,6.1862001]],[[-75.6207199,6.1631408],[-75.6100998,6.1260325]],[[-75.6100998,6.1260325],[-75.5926681,6.1365464],[-75.5636492,6.1311504]],[[-74.4628097,4.6207261],[-74.4396489,4.6406805],[-74.4871912,4.6339341],[-74.4666671,4.6162502],[-74.4628097,4.6207261]],[[-75.7722416,5.2521796],[-75.7952234,5.2334255],[-75.7833337,5.2245835],[-75.7722416,5.2521796]],[[-74.8757003,5.1982692],[-74.8946619,5.2107163],[-74.9027999,5.1927639],[-74.8833338,5.1829169],[-74.8757003,5.1982692]],[[-76.0228037,1.862264],[-76.0472544,1.8777995]],[[-76.0472544,1.8777995],[-76.0955977,1.8394029],[-76.0333337,1.8329169],[-76.0228037,1.862264]],[[-75.6177403,4.9798789],[-75.6200688,4.9714016],[-75.6000004,4.9662502],[-75.5834988,4.9913516]],[[-75.5834988,4.9913516],[-75.5904007,4.9858999],[-75.6177403,4.9798789]],[[-74.8187451,7.5885523],[-74.8035433,7.6056548]],[[-74.8035433,7.6056548],[-74.8123702,7.610639],[-74.8187451,7.5885523]],[[-75.767737,4.6736057],[-75.768783,4.6807969],[-75.799393,4.678273]],[[-73.4930094,5.4880649],[-73.4750004,5.4829169],[-73.4807052,5.5028672],[-73.4931496,5.4908786],[-73.4930094,5.4880649]],[[-75.545671,7.9265122],[-75.5612879,7.9186712],[-75.5416671,7.9079169],[-75.545671,7.9265122]],[[-75.4259739,7.9926595],[-75.4367354,7.9568711],[-75.4083338,7.9495835],[-75.3992517,7.9865586],[-75.4232752,7.9940014],[-75.4259739,7.9926595]],[[-75.4557052,6.6612005],[-75.4703699,6.6470729],[-75.4500004,6.6412502],[-75.4557052,6.6612005]],[[-76.4942957,0.5092597],[-76.5101567,0.4939439],[-76.4916671,0.4912502],[-76.4942957,0.5092597]],[[-75.0465743,4.9275946],[-75.0758712,4.9362453],[-75.0698246,4.9122422],[-75.0416671,4.9079169],[-75.0465743,4.9275946]],[[-73.9557571,5.02952],[-73.9483308,5.0332101]],[[-73.9483308,5.0332101],[-73.9880538,5.0481919],[-74.0238611,5.0359361],[-74.0207714,5.0283185]],[[-73.1473999,7.0504999],[-73.1300964,7.0567999],[-73.1231995,7.0706],[-73.1156998,7.0728998],[-73.0943985,7.0977001],[-73.0759964,7.1097002],[-73.0684518,7.1243534]],[[-73.0684518,7.1243534],[-73.0775151,7.1316107],[-73.0870366,7.15421],[-73.1181238,7.1791042],[-73.1290206,7.2049668],[-73.1462976,7.1875433],[-73.1593673,7.1271063],[-73.1878074,7.104333]],[[-73.1878074,7.104333],[-73.1843033,7.0732002],[-73.1802979,7.0662999],[-73.1601028,7.0633001],[-73.1473999,7.0504999]],[[-75.6479398,6.1437044],[-75.6417729,6.1353867],[-75.6433639,6.1246259]],[[-75.6198213,6.1010676],[-75.6224125,6.1186062],[-75.6100998,6.1260325]],[[-75.7341803,4.5646457],[-75.7306645,4.5717189],[-75.7562631,4.572025],[-75.7669377,4.5670054],[-75.7659582,4.5650001],[-75.7579242,4.552867],[-75.7530205,4.5518766]],[[-75.8183014,6.5552991],[-75.8223718,6.5695339],[-75.8370365,6.5554063],[-75.8193676,6.5503555],[-75.8183014,6.5552991]],[[-72.7589929,5.2774359],[-72.77863,5.2671494],[-72.7666671,5.2579169],[-72.7589929,5.2774359]],[[-73.9500004,4.9245835],[-73.9453704,4.9065367],[-73.9393087,4.9000676],[-73.9299321,4.9107245],[-73.9500004,4.9245835]],[[-73.9500004,4.9245835],[-73.9284021,4.9363186],[-73.90987,4.9542795]],[[-73.9243634,4.9686902],[-73.9567032,4.9741829]],[[-73.9668275,4.9575001],[-73.968783,4.9535671],[-73.9555343,4.927383],[-73.9500004,4.9245835]],[[-74.4390385,4.5945339],[-74.4537032,4.5804063],[-74.4333338,4.5745835],[-74.4390385,4.5945339]],[[-74.6547123,5.4535142],[-74.651864,5.4764471],[-74.6827397,5.4949571],[-74.6786463,5.4620835],[-74.6807621,5.4450995],[-74.6500004,5.4412502],[-74.6547123,5.4535142]],[[-74.6000136,5.969307],[-74.5666671,5.9662502],[-74.5728276,5.9784206],[-74.5874196,5.9833947]],[[-72.9017029,5.7382998],[-72.9063034,5.7330999],[-72.9500004,5.7159547]],[[-72.9500004,5.7159547],[-72.9500004,5.6829169],[-72.9202967,5.6948798],[-72.9077641,5.725495],[-72.899508,5.7357129]],[[-75.4854252,3.7352647],[-75.4946212,3.7204698],[-75.4750004,3.7162502],[-75.4854252,3.7352647]],[[-77.6176521,0.8107641],[-77.579932,0.8103013],[-77.6057296,0.819953],[-77.5977144,0.8394644]],[[-75.5834988,4.9913516],[-75.6113936,5.0029852],[-75.6177403,4.9798789]],[[-75.5364319,5.028068],[-75.5080489,5.0297593],[-75.4250004,5.0245835],[-75.4289311,5.0456529],[-75.4544031,5.0535142],[-75.4850916,5.0958075],[-75.5027999,5.0947536],[-75.5432703,5.1055935],[-75.5553308,5.0948187],[-75.5430455,5.0289697],[-75.5364319,5.028068]],[[-73.1878074,7.104333],[-73.1953699,7.0982774],[-73.1838953,7.0544216],[-73.162419,7.0190578],[-73.1523035,7.0430568],[-73.1458651,7.0438582]],[[-73.1458651,7.0438582],[-73.1473999,7.0504999]],[[-74.0732179,4.4805002],[-74.0709572,4.4880073]],[[-74.0709572,4.4880073],[-74.075798,4.4805002]],[[-72.92323,5.7618212],[-72.9333338,5.7495835],[-72.9333338,5.7412502],[-72.9333338,5.7329169],[-72.9500004,5.7329169],[-72.9500004,5.7159547]],[[-75.6330663,4.5405579],[-75.6380457,4.5535142],[-75.6387618,4.5847154],[-75.6683838,4.5630747]],[[-75.639801,4.6124882],[-75.6250004,4.6079169],[-75.6311609,4.627855],[-75.639801,4.6236801],[-75.639801,4.6124882]],[[-73.6861332,3.5467841],[-73.7116785,3.5761053],[-73.7229334,3.5538601],[-73.710059,3.5279527],[-73.6833338,3.5245835],[-73.6861332,3.5467841]],[[-77.2619063,1.2473537],[-77.2791671,1.2447984],[-77.2958337,1.2472642],[-77.315422,1.2443671],[-77.3112716,1.2162502],[-77.3155766,1.1870835],[-77.310824,1.1549221],[-77.2916671,1.1495835],[-77.2713709,1.170954],[-77.2277755,1.1888007],[-77.2047042,1.2075669],[-77.2619063,1.2473537]],[[-77.3307052,1.2778632],[-77.3453699,1.2637437],[-77.3250004,1.2579169],[-77.3307052,1.2778632]],[[-75.6628097,7.9024766],[-75.6864343,7.8868963],[-75.6583338,7.8829169],[-75.6628097,7.9024766]],[[-75.2305505,2.9523667],[-75.2453699,2.9708807],[-75.2714034,2.9783189],[-75.2693364,2.994953],[-75.2985681,2.9833238],[-75.3201095,2.9272854],[-75.3025069,2.9294745],[-75.2869063,2.8924465],[-75.2750004,2.8829169],[-75.2537032,2.894953],[-75.2444422,2.9273667],[-75.2250004,2.9297837],[-75.1981856,2.9264553],[-75.2305505,2.9523667]],[[-73.0268021,5.8459268],[-73.062419,5.8445217],[-73.0439132,5.8086005],[-73.0787927,5.7916774],[-73.0500004,5.7745835],[-73.0304773,5.7949082],[-73.0122481,5.8037502],[-73.0125908,5.8205578]],[[-76.0228037,1.862264],[-76.0210698,1.8670966],[-76.0472544,1.8777995]],[[-75.928337,1.9851874],[-75.9358321,1.9708889],[-75.9250004,1.9662502],[-75.928337,1.9851874]],[[-74.1959568,4.5189315],[-74.1968994,4.5352998],[-74.2158966,4.5809999],[-74.2246017,4.5874],[-74.2297974,4.6261001]],[[-74.2684429,4.6151063],[-74.2968673,4.5695746],[-74.2833338,4.5579169],[-74.2794682,4.5367255],[-74.2706629,4.5374335],[-74.1959568,4.5189315]],[[-75.6285513,6.3115769],[-75.6598474,6.3233954],[-75.6755945,6.2972886],[-75.6565027,6.2487331],[-75.6523198,6.2204169],[-75.6869633,6.2062364],[-75.6797042,6.1865464],[-75.6716888,6.1757358]],[[-75.4865878,6.205776],[-75.4867899,6.2114268]],[[-75.6861332,6.346784],[-75.699919,6.3745266],[-75.7166671,6.3663478],[-75.6945968,6.3219468],[-75.6833338,6.3162502],[-75.6861332,6.346784]],[[-73.9545948,5.0271931],[-73.9483308,5.0332101]],[[-74.8187451,7.5885523],[-74.7916671,7.5829169],[-74.7951909,7.6009385],[-74.8035433,7.6056548]],[[-73.7969324,5.3178127],[-73.8156905,5.327912],[-73.8283289,5.2962388],[-73.8083338,5.2912502],[-73.7969324,5.3178127]],[[-73.1250004,7.0162502],[-73.1412428,7.0133884],[-73.1410246,7.0113867],[-73.1296391,7.0054185],[-73.1250004,7.0162502]],[[-73.1250004,7.0162502],[-73.1095031,7.0085441],[-73.0907388,7.0125399],[-73.087573,7.0140867]],[[-73.0564493,7.0426225],[-73.0630538,7.095718],[-73.053337,7.1122504],[-73.0684518,7.1243534]],[[-73.1458651,7.0438582],[-73.1275232,7.0461411],[-73.1297123,7.0285142],[-73.1250004,7.0162502]],[[-74.0840993,4.8161899],[-74.0965326,4.8137741]],[[-74.1157258,4.7777866],[-74.1226892,4.7540676],[-74.1373621,4.7363999],[-74.1464344,4.7415947]],[[-74.194485,4.6770133],[-74.1846847,4.6685655],[-74.1957311,4.6616461]],[[-74.1959568,4.5189315],[-74.1657638,4.5120713],[-74.1544763,4.4867743],[-74.1352218,4.4522609],[-74.0938858,4.4555803]],[[-74.0709572,4.4880073],[-74.0642094,4.5104152],[-74.0455245,4.5367743],[-74.030933,4.5694729],[-74.0262985,4.573466]],[[-74.0101013,4.6229],[-74.0158997,4.6276002],[-74.0315018,4.6171999],[-74.0348969,4.6317],[-74.043602,4.6306],[-74.0257034,4.6536002],[-74.0326996,4.6732998],[-74.0240021,4.7090001],[-74.0269012,4.7488999],[-74.0309982,4.7616],[-74.0304031,4.7772002],[-74.0229034,4.7951002]],[[-69.9281037,-4.2081496],[-69.9365971,-4.1951104],[-69.9500818,-4.1981378],[-69.9448979,-4.2212498],[-69.9367371,-4.2218881],[-69.9281037,-4.2081496]],[[-75.3413828,6.0903145],[-75.3450688,6.0735378],[-75.3166671,6.0662502],[-75.3207803,6.0822885]],[[-76.1609623,4.1842637],[-76.1768233,4.1689439],[-76.1583337,4.1662502],[-76.1609623,4.1842637]],[[-74.9656173,4.0446397],[-74.9784021,4.0301093],[-74.9583338,4.0162502],[-74.9656173,4.0446397]],[[-74.2619722,4.7534584],[-74.2708338,4.7527452],[-74.3201339,4.7567084],[-74.2867843,4.741828],[-74.2879317,4.7275946],[-74.2631146,4.7165223]],[[-74.3298789,4.7632454],[-74.3136482,4.7794791]],[[-73.9192258,7.4843156],[-73.9340955,7.470236],[-73.9166671,7.4662502],[-73.9192258,7.4843156]],[[-76.691686,2.3446194],[-76.6750004,2.3412502],[-76.6683028,2.3547186],[-76.68571,2.3607164],[-76.6929426,2.3478846],[-76.691686,2.3446194]],[[-73.3710513,5.5609652],[-73.3869633,5.5486843],[-73.3796798,5.4947251],[-73.3583338,5.4912502],[-73.3380375,5.520954],[-73.3316496,5.5258853]],[[-74.0053013,4.6220272],[-74.021143,4.6367743],[-74.0288578,4.6474148],[-74.0029382,4.6697414],[-74.0139409,4.781627],[-74.0129592,4.7938711]],[[-76.2882654,3.5045152],[-76.271615,3.5160061],[-76.2632654,3.5357245],[-76.2829187,3.5659125],[-76.3203211,3.5575303],[-76.3284021,3.5384426],[-76.3053959,3.5031073],[-76.2882654,3.5045152]],[[-76.3871098,3.5692043],[-76.3949223,3.5320013],[-76.3833337,3.5245835],[-76.3871098,3.5692043]],[[-76.4582194,3.4533187],[-76.4629561,3.4713934],[-76.4628585,3.5002183],[-76.4879968,3.5120835],[-76.4866052,3.5471625],[-76.4706059,3.5619859],[-76.4795821,3.5962266],[-76.4962637,3.5955661]],[[-76.5042395,3.5643693],[-76.5050623,3.5436713],[-76.513196,3.5361357]],[[-76.2700037,3.6185207],[-76.2774988,3.6042181],[-76.2666671,3.5995835],[-76.2700037,3.6185207]],[[-76.3859208,3.6256461],[-76.3861411,3.6257577],[-76.4018233,3.6106106],[-76.3833337,3.6079169],[-76.3859208,3.6256461]],[[-75.3604252,5.9852647],[-75.3696212,5.9704698],[-75.3500004,5.9662502],[-75.3604252,5.9852647]],[[-78.7717548,1.7955731],[-78.788116,1.8048742],[-78.7950688,1.7880682],[-78.7750004,1.7829169],[-78.7717548,1.7955731]],[[-76.5200988,2.6261129],[-76.5099294,2.6277342]],[[-74.1743099,10.5002632],[-74.2071617,10.5154124]],[[-74.2071617,10.5154124],[-74.2117354,10.5035915],[-74.1743099,10.5002632]],[[-73.2511278,10.0315695],[-73.2333338,10.0162502],[-73.225222,10.0343552]],[[-73.225222,10.0343552],[-73.2511278,10.0315695]],[[-74.220671,9.1515122],[-74.2362879,9.1436712],[-74.2166671,9.1329168],[-74.220671,9.1515122]],[[-75.6144942,8.8861883],[-75.6372644,8.8751857],[-75.6083338,8.8662502],[-75.6144942,8.8861883]],[[-74.2578618,8.5778224],[-74.27863,8.554446],[-74.2500004,8.5495835],[-74.2578618,8.5778224]],[[-76.1270284,9.2551481],[-76.14349,9.2439439],[-76.1250004,9.2412502],[-76.1270284,9.2551481]],[[-81.709137,12.5043278],[-81.7024662,12.5381537],[-81.6832829,12.5880642],[-81.6986237,12.5903578],[-81.7126389,12.5787954],[-81.7142944,12.5690985],[-81.7241364,12.5590029],[-81.7281113,12.5377541],[-81.71978,12.520442],[-81.7252618,12.5008199],[-81.7145953,12.4947899],[-81.709137,12.5043278]],[[-75.5000004,9.1329168],[-75.5000004,9.1579168],[-75.5166671,9.1579168],[-75.5166671,9.1329168],[-75.5000004,9.1329168]],[[-75.371143,9.1941432],[-75.3947677,9.178563],[-75.3666671,9.1745835],[-75.371143,9.1941432]],[[-75.4557507,10.3169515],[-75.4445724,10.3199815],[-75.4557037,10.3379694]],[[-75.4557037,10.3379694],[-75.4557507,10.3169515]],[[-75.4333338,10.3495835],[-75.4294682,10.3223008],[-75.3919031,10.3048163],[-75.397266,10.3204168],[-75.3944015,10.3287502],[-75.4003992,10.3462062],[-75.4333338,10.3495835]],[[-75.4333338,10.3495835],[-75.4431025,10.3646502]],[[-75.4431025,10.3646502],[-75.4527572,10.3443154]],[[-75.4527572,10.3443154],[-75.4333338,10.3495835]],[[-72.8439079,10.8763796],[-72.8611073,10.8897544]],[[-72.8611073,10.8897544],[-72.8702967,10.880862],[-72.8439079,10.8763796]],[[-72.8854252,10.9102647],[-72.8946212,10.8954697],[-72.8750004,10.8912502],[-72.8854252,10.9102647]],[[-73.9557052,10.1612005],[-73.9703699,10.1470729],[-73.9500004,10.1412502],[-73.9557052,10.1612005]],[[-75.1373377,10.6181789],[-75.1529545,10.6103379],[-75.1333338,10.5995835],[-75.1373377,10.6181789]],[[-73.6609623,8.7009304],[-73.6768233,8.6856105],[-73.6583338,8.6829168],[-73.6609623,8.7009304]],[[-74.3008281,10.9754181],[-74.3036269,10.9893089]],[[-74.3036269,10.9893089],[-74.3367354,10.9786891],[-74.3008281,10.9754181]],[[-72.9666671,10.5995835],[-72.9666671,10.6162502],[-72.9916671,10.6162502],[-72.9916671,10.5995835],[-72.9666671,10.5995835]],[[-72.8439079,10.8763796],[-72.8333338,10.8745835],[-72.8369877,10.8961086],[-72.8545577,10.8960923],[-72.8611073,10.8897544]],[[-72.7781498,10.9617051],[-72.7813318,10.9759222],[-72.8117355,10.9551092],[-72.7916671,10.9412502],[-72.7781498,10.9617051]],[[-74.8247986,10.9294004],[-74.8358002,10.9306002],[-74.8702946,10.9443181]],[[-74.8702946,10.9443181],[-74.8694584,10.9361069],[-74.8954513,10.9145208],[-74.8849858,10.8875596],[-74.8674972,10.9086167],[-74.8381433,10.9254299],[-74.8324784,10.8998903]],[[-74.8324784,10.8998903],[-74.8247986,10.9294004]],[[-74.8962687,10.9524298],[-74.9032211,10.9543886]],[[-74.9032211,10.9543886],[-74.9096507,10.9561289]],[[-74.9096507,10.9561289],[-74.9134247,10.9538007],[-74.9143865,10.9505831],[-74.8962687,10.9524298]],[[-75.6681726,9.4094142],[-75.7037846,9.4151597],[-75.6750004,9.3912502],[-75.6681726,9.4094142]],[[-75.5665532,9.526382],[-75.578439,9.5390786],[-75.5896544,9.5112681],[-75.5750004,9.5079168],[-75.5665532,9.526382]],[[-74.7445246,10.7379085],[-74.7416264,10.7449611],[-74.7474776,10.7745835],[-74.7434656,10.7949001],[-74.7484625,10.7984809]],[[-74.7484625,10.7984809],[-74.7485962,10.7713003]],[[-74.7485962,10.7713003],[-74.7440033,10.7504997],[-74.7474976,10.7447996]],[[-74.7474976,10.7447996],[-74.7445246,10.7379085]],[[-74.7353601,10.9622748],[-74.7453129,10.977383],[-74.7527999,10.955215],[-74.7416671,10.9495835],[-74.7353601,10.9622748]],[[-74.7335132,10.8758608],[-74.7193526,10.880329],[-74.7287846,10.9124701],[-74.7522221,10.9319362],[-74.7632328,10.9937526],[-74.7881433,11.0237412],[-74.8364669,11.0514146],[-74.8364669,11.0227809],[-74.8525832,11.0320092]],[[-74.8525832,11.0320092],[-74.8606033,11.0201998],[-74.871464,11.0140747]],[[-74.871464,11.0140747],[-74.8681645,10.9817206],[-74.8982244,10.9631774]],[[-74.8982244,10.9631774],[-74.9032211,10.9543886]],[[-74.8962687,10.9524298],[-74.871379,10.9549668],[-74.8702946,10.9443181]],[[-74.8247986,10.9294004],[-74.8201981,10.9397001],[-74.7983017,10.9264002],[-74.7748871,10.9315786],[-74.7630997,10.9095001],[-74.7349014,10.8891001],[-74.7335132,10.8758608]],[[-74.9557052,10.3362005],[-74.9703699,10.3220729],[-74.9500004,10.3162502],[-74.9557052,10.3362005]],[[-75.1187586,9.843598],[-75.1279545,9.8288031],[-75.1083338,9.8245835],[-75.1187586,9.843598]],[[-75.381698,10.5446356],[-75.3976811,10.552383],[-75.4111332,10.5285142],[-75.3916671,10.5245835],[-75.381698,10.5446356]],[[-75.4431025,10.3646502],[-75.4469812,10.3706325],[-75.4306238,10.3827988],[-75.4277348,10.3995835],[-75.4298832,10.4120835],[-75.425684,10.4364732],[-75.4631108,10.4293605],[-75.4900395,10.4126939],[-75.5118901,10.4232367],[-75.498796,10.4652166],[-75.4702234,10.4864732],[-75.4464441,10.5376939],[-75.4297774,10.5500921],[-75.4501632,10.5777329],[-75.4793298,10.535342],[-75.489714,10.5614732],[-75.493042,10.5405664],[-75.5007172,10.5217199],[-75.4999311,10.510662],[-75.4797774,10.5141302],[-75.4910049,10.4842186],[-75.5014648,10.467907],[-75.52771,10.4490862],[-75.5453568,10.4337025],[-75.5534973,10.4143963],[-75.5618591,10.4042883],[-75.5509644,10.394845],[-75.5414276,10.4194393],[-75.5245056,10.4037781],[-75.5298538,10.3879185],[-75.5129242,10.3832941],[-75.5071411,10.3621292],[-75.5106506,10.3343086],[-75.5055695,10.3092356],[-75.5160217,10.2972927],[-75.5297089,10.2920237],[-75.5313416,10.2814474],[-75.5406254,10.2731065],[-75.5055831,10.2670762],[-75.4960616,10.2798814],[-75.4802136,10.2700735],[-75.4717608,10.2799569],[-75.4771326,10.3111558],[-75.4557507,10.3169515]],[[-75.4557037,10.3379694],[-75.4527572,10.3443154]],[[-74.7959125,9.7972835],[-74.8034021,9.7902044],[-74.7750004,9.7829168],[-74.7696619,9.7956203],[-74.7757176,9.8039583]],[[-74.7757176,9.8039583],[-74.7959125,9.7972835]],[[-76.4216003,8.8571997],[-76.4250184,8.859625],[-76.4386644,8.8480443],[-76.4166671,8.8412502],[-76.4216003,8.8571997]],[[-75.1295655,10.3984757],[-75.1392789,10.3998307],[-75.1435548,10.3987035],[-75.1360611,10.3861628],[-75.1295655,10.3984757]],[[-74.4557052,8.9278672],[-74.4703699,8.9137396],[-74.4500004,8.9079168],[-74.4557052,8.9278672]],[[-74.7335291,9.2439642],[-74.7608484,9.2628241],[-74.7867354,9.2634426],[-74.7653976,9.2306748],[-74.7416671,9.2245835],[-74.7335291,9.2439642]],[[-73.5339929,9.2107692],[-73.55363,9.2004828],[-73.5416671,9.1912502],[-73.5339929,9.2107692]],[[-75.8265574,8.8322599],[-75.8415121,8.8362694]],[[-75.8415121,8.8362694],[-75.8750818,8.787999],[-75.8999028,8.7778428],[-75.9202966,8.7485825],[-75.8981368,8.7118475],[-75.8750004,8.7079168],[-75.8452966,8.7282131],[-75.8355717,8.7519761],[-75.8475265,8.7718044],[-75.8257817,8.8271348],[-75.8265574,8.8322599]],[[-72.7629778,11.0708609],[-72.7703699,11.0637396],[-72.7500004,11.0579168],[-72.7552192,11.0761677],[-72.7629778,11.0708609]],[[-73.9563806,9.0119452],[-73.9788172,9.0190497],[-73.9861332,8.9951808],[-73.9666671,8.9912502],[-73.9563806,9.0119452]],[[-74.7757176,9.8039583],[-74.7810632,9.8113185],[-74.7959125,9.7972835]],[[-74.3008281,10.9754181],[-74.288184,10.9794378],[-74.2634688,10.9971543],[-74.2442143,10.984931],[-74.2226567,10.9891953],[-74.213184,11.0100856],[-74.2488516,11.0238394],[-74.2675247,11.0081949],[-74.3036269,10.9893089]],[[-74.1972009,11.0647365],[-74.2140675,11.0732685],[-74.2277918,11.052208],[-74.2043136,11.0384507],[-74.1972009,11.0647365]],[[-74.1743099,10.5002632],[-74.1666671,10.4995835],[-74.173975,10.5280544],[-74.1990727,10.5363185],[-74.2071617,10.5154124]],[[-74.1694666,10.5884507],[-74.1948165,10.6012762],[-74.2027999,10.586229],[-74.1666671,10.5829168],[-74.1694666,10.5884507]],[[-74.2623377,10.6181789],[-74.2779545,10.6103379],[-74.2583338,10.5995835],[-74.2623377,10.6181789]],[[-74.7485962,10.7713003],[-74.7633582,10.7619019]],[[-74.7633582,10.7619019],[-74.7697026,10.7297837],[-74.7622523,10.7278173]],[[-74.7622523,10.7278173],[-74.7474976,10.7447996]],[[-74.7571666,10.8706651],[-74.7867966,10.8801003],[-74.8058014,10.8726997],[-74.8305308,10.8911098]],[[-74.8305308,10.8911098],[-74.828394,10.8814764],[-74.8025232,10.8702541],[-74.8537846,10.8611232],[-74.8453943,10.8525213],[-74.8057947,10.8565578],[-74.7849207,10.8314317],[-74.7673964,10.8214251],[-74.7567202,10.8234985],[-74.7537276,10.8369411],[-74.7571666,10.8706651]],[[-73.0168217,10.4028143],[-73.0451502,10.388231],[-73.0250004,10.3829168],[-73.0168217,10.4028143]],[[-75.1223718,10.5028672],[-75.1370366,10.4887396],[-75.1166671,10.4829168],[-75.1223718,10.5028672]],[[-72.2500737,11.7162013],[-72.2582198,11.7328761],[-72.2804692,11.7220119],[-72.2861332,11.703091],[-72.2583338,11.6995835],[-72.2500737,11.7162013]],[[-71.9547348,12.2382393],[-71.9544251,12.2555768],[-71.965572,12.2578984],[-71.9790857,12.2385931],[-71.9595207,12.2347748],[-71.9547348,12.2382393]],[[-75.0789148,9.9688869],[-75.0947677,9.9457708],[-75.0750004,9.9412502],[-75.0789148,9.9688869]],[[-75.3864018,9.1126979],[-75.4021163,9.1196519],[-75.4117354,9.0964015],[-75.3916671,9.0912502],[-75.3864018,9.1126979]],[[-74.9023279,10.6308905],[-74.909587,10.6617743],[-74.9455245,10.6327785],[-74.9166671,10.6079168],[-74.9023279,10.6308905]],[[-72.9902429,10.7775417],[-73.0036463,10.7857163],[-73.0111332,10.7635484],[-73.0000004,10.7579168],[-72.9902429,10.7775417]],[[-74.7484625,10.7984809],[-74.7610112,10.8074733],[-74.774561,10.7885728],[-74.7601323,10.7782334],[-74.7633582,10.7619019]],[[-74.7533084,10.6365124],[-74.7513776,10.6511396]],[[-74.7513776,10.6511396],[-74.7526016,10.6420002]],[[-74.7526016,10.6420002],[-74.7533084,10.6365124]],[[-74.7513776,10.6511396],[-74.7560856,10.6488647]],[[-74.7560856,10.6488647],[-74.7526016,10.6420002]],[[-74.7622523,10.7278173],[-74.7500004,10.7245835],[-74.7445246,10.7379085]],[[-74.952629,10.4592637],[-74.96849,10.4439439],[-74.9500004,10.4412502],[-74.952629,10.4592637]],[[-75.102686,9.711933],[-75.1096603,9.7322495],[-75.1364343,9.7290798],[-75.1278406,9.7040431],[-75.1083338,9.6995835],[-75.102686,9.711933]],[[-75.8265574,8.8322599],[-75.8297286,8.8532131],[-75.8415121,8.8362694]],[[-75.8050053,8.8629217],[-75.7733077,8.8708319],[-75.7633386,8.8921413],[-75.8025883,8.902912],[-75.8192957,8.8568711],[-75.8083337,8.8495835],[-75.8050053,8.8629217]],[[-73.5854252,10.193598],[-73.5946212,10.1788031],[-73.5750004,10.1745835],[-73.5854252,10.193598]],[[-73.2297042,10.4292873],[-73.2157394,10.4648057],[-73.2434819,10.5022202],[-73.2893152,10.5115464],[-73.30363,10.4630072],[-73.2740971,10.4231756],[-73.2333338,10.4162502],[-73.2297042,10.4292873]],[[-75.3259607,10.2577134],[-75.3536056,10.2777614],[-75.3615076,10.2453517],[-75.3333338,10.2412502],[-75.3259607,10.2577134]],[[-74.8324784,10.8998903],[-74.8305308,10.8911098]],[[-74.7571666,10.8706651],[-74.7591964,10.8905706],[-74.7335132,10.8758608]],[[-73.3045199,11.2820555],[-73.3203699,11.2720729],[-73.3000004,11.2662502],[-73.3045199,11.2820555]],[[-72.8867806,11.5192596],[-72.8957977,11.5202999],[-72.9319673,11.5460444]],[[-72.9319673,11.5460444],[-72.9516016,11.5346197],[-72.9200688,11.5128485],[-72.9132654,11.5029852],[-72.8916671,11.4995835],[-72.8867806,11.5192596]],[[-72.2105473,11.3859767],[-72.2246424,11.3981227],[-72.2687504,11.3945786],[-72.2788579,11.3642604],[-72.2166671,11.3579168],[-72.2105473,11.3859767]],[[-74.7560856,10.6488647],[-74.7533084,10.6365124]],[[-75.2802093,9.3350455],[-75.304989,9.3395209],[-75.3147709,9.320189],[-75.3068637,9.3102298]],[[-75.3068637,9.3102298],[-75.2930984,9.3174],[-75.2802093,9.3350455]],[[-75.5172205,9.7504868],[-75.5361332,9.7364243],[-75.5083338,9.7329168],[-75.5172205,9.7504868]],[[-74.9250004,10.2496531],[-74.9250004,10.2412502],[-74.9083338,10.2412502],[-74.9083338,10.2662502],[-74.9250004,10.2662502],[-74.9250004,10.2511477]],[[-74.9250004,10.2511477],[-74.9246979,10.2504997]],[[-74.9246979,10.2504997],[-74.9250004,10.2496531]],[[-75.4918217,8.8278143],[-75.5201502,8.813231],[-75.5000004,8.8079168],[-75.4918217,8.8278143]],[[-75.396143,8.9422837],[-75.4230147,8.9542751],[-75.4491052,8.9809922],[-75.4705245,8.9732896],[-75.4538172,8.9122544],[-75.4545252,8.9034531],[-75.4416671,8.8995835],[-75.4195317,8.9379828],[-75.4039229,8.9367295],[-75.396143,8.9422837]],[[-75.9504561,9.3697007],[-75.9622644,9.34761],[-75.9416671,9.3412502],[-75.9504561,9.3697007]],[[-74.8982244,10.9631774],[-74.9096507,10.9561289]],[[-74.8525832,11.0320092],[-74.8745772,11.044603],[-74.871464,11.0140747]],[[-72.866807,11.5012945],[-72.8583338,11.4995835],[-72.8504724,11.5153997],[-72.8704838,11.527383],[-72.8752576,11.5118084],[-72.866807,11.5012945]],[[-72.8867806,11.5192596],[-72.8767013,11.5598455],[-72.8822677,11.5696519],[-72.9319673,11.5460444]],[[-72.4299557,11.7949838],[-72.4622644,11.7629014],[-72.4250004,11.7579168],[-72.4299557,11.7949838]],[[-75.3068637,9.3102298],[-75.3012862,9.3032049],[-75.2833338,9.2995835],[-75.2730229,9.3203314],[-75.2802093,9.3350455]],[[-75.2998377,9.9948797],[-75.3121912,9.9749375],[-75.2833338,9.9662502],[-75.2998377,9.9948797]],[[-74.8980229,10.7953314],[-74.9082198,10.8162095],[-74.9316899,10.8047471],[-74.9197839,10.7803778],[-74.9083338,10.7745835],[-74.8980229,10.7953314]],[[-73.225222,10.0343552],[-73.2218429,10.0418972],[-73.2371017,10.0527614],[-73.2511278,10.0315695]],[[-75.7966557,9.2452988],[-75.815308,9.2698065],[-75.8338464,9.2231675],[-75.8083337,9.2162502],[-75.7966557,9.2452988]],[[-74.9246979,10.2504997],[-74.9250004,10.2507654]],[[-74.9250004,10.2507654],[-74.9250004,10.2496531]],[[-73.8791345,9.9848496],[-73.9029708,9.9945786],[-73.8949874,9.9629055],[-73.8750004,9.9579168],[-73.8791345,9.9848496]],[[-75.3656826,9.3179403],[-75.3849125,9.3427516],[-75.4282963,9.3245347],[-75.4141769,9.2615545],[-75.3965987,9.2628485],[-75.3700688,9.2696519],[-75.3564539,9.3060329],[-75.3642002,9.3160276],[-75.3656826,9.3179403]],[[-74.2083338,11.1662502],[-74.1876632,11.1872422],[-74.1540043,11.1952581],[-74.1459965,11.2122422],[-74.1129317,11.2335882],[-74.1709965,11.2619248],[-74.1845951,11.2766058],[-74.2011642,11.2640409],[-74.2139816,11.2606688],[-74.2171326,11.2390661],[-74.2344437,11.2230692],[-74.2282715,11.2034788],[-74.2367859,11.180068],[-74.2250366,11.1595249],[-74.2273407,11.1225052],[-74.2158078,11.0900338],[-74.2104308,11.0894296],[-74.214421,11.1081406],[-74.2031661,11.1539496],[-74.2083338,11.1662502]],[[-75.1194666,8.6634507],[-75.1444666,8.6635239],[-75.1166671,8.6495835],[-75.1194666,8.6634507]],[[-74.4236414,9.2517482],[-74.440129,9.2613185],[-74.4346847,9.2370225],[-74.4166671,9.2245835],[-74.4236414,9.2517482]],[[-74.9250004,10.2511477],[-74.9250004,10.2507654]],[[-76.0416671,8.1579169],[-76.0416671,8.1829169],[-76.0666671,8.1829169],[-76.0666671,8.1579169],[-76.0416671,8.1579169]],[[-75.1354578,8.3120713],[-75.1423181,8.3261135],[-75.1611332,8.3094305],[-75.1416671,8.2995835],[-75.1354578,8.3120713]],[[-73.3299619,8.2341705],[-73.3590662,8.2796942],[-73.373324,8.2779242],[-73.366423,8.2224758],[-73.3166671,8.2162502],[-73.3299619,8.2341705]],[[-72.4514653,7.8670834],[-72.4590988,7.883214],[-72.4643097,7.914371],[-72.4871979,7.9339719],[-72.4801788,7.9487438],[-72.446143,7.9767523],[-72.5175786,7.9595323],[-72.5372319,7.9367254],[-72.5871912,7.9380642],[-72.5698491,7.9201483],[-72.5718347,7.8954169],[-72.5480961,7.8848212],[-72.5378097,7.8617743],[-72.5288838,7.8540818]],[[-76.7061609,8.1040513],[-76.7371912,8.1107163],[-76.7444666,8.0864243],[-76.7166671,8.0829169],[-76.7061609,8.1040513]],[[-75.569727,8.4127142],[-75.5853764,8.4279852],[-75.5950688,8.4051092],[-75.5750004,8.3912502],[-75.569727,8.4127142]],[[-73.6050786,8.2963324],[-73.5811202,8.3116685],[-73.5902674,8.3278347],[-73.6392338,8.3140773],[-73.6338871,8.295071],[-73.6083338,8.2912502],[-73.6050786,8.2963324]],[[-73.9373377,8.4681789],[-73.9529545,8.4603379],[-73.9333338,8.4495835],[-73.9373377,8.4681789]]],"bbox":[-81.7281113,-4.2218881,-69.9281037,12.5903578]}