{"type":"Topology","objects":{"foo":{"type":"GeometryCollection","geometries":[{"type":"MultiPolygon","arcs":[[[0,1]],[[2,3]],[[4]],[[5]]],"properties":{"name":"Los Amates","gaul_code":65127,"targetarea":8.2303924,"totpop":139323.198034,"country_id":"GTM","targetpop":11999.5252686,"totalarea":1334.9375422,"new_mean":0.0258114}},{"type":"Polygon","arcs":[[6]],"properties":{"name":"Solola","gaul_code":64926,"targetarea":0.5670905,"totpop":34091.943512,"country_id":"GTM","targetpop":855.3352051,"totalarea":131.9776147,"new_mean":0.0290769}},{"type":"Polygon","arcs":[[7]],"properties":{"name":"San Miguel Chicaj","gaul_code":65088,"targetarea":6.4908762,"totpop":65511.7514038,"country_id":"GTM","targetpop":10834.5930176,"totalarea":675.0208481,"new_mean":0.026909}},{"type":"Polygon","arcs":[[8,9]],"properties":{"name":"RÂ¡o Bravo","gaul_code":64996,"targetarea":1.7068041,"totpop":9318.7100449,"country_id":"GTM","targetpop":2251.2587891,"totalarea":18.5185427,"new_mean":0.026477}},{"type":"Polygon","arcs":[[10,11]],"properties":{"name":"San Juan Ixcoy","gaul_code":65057,"targetarea":0.3716311,"totpop":22283.7181091,"country_id":"GTM","targetpop":845.5061035,"totalarea":115.0207202,"new_mean":0.0238998}},{"type":"Polygon","arcs":[[12,13]],"properties":{"name":"San Pedro Jocopilas","gaul_code":65074,"targetarea":0.5917154,"totpop":20102.1934547,"country_id":"GTM","targetpop":869.9516602,"totalarea":138.704759,"new_mean":0.0260634}},{"type":"Polygon","arcs":[[14,15]],"properties":{"name":"Zunil","gaul_code":64968,"targetarea":4.9303349,"totpop":19791.9892731,"country_id":"GTM","targetpop":8199.0490112,"totalarea":36.3487843,"new_mean":0.0265729}},{"type":"Polygon","arcs":[[16]],"properties":{"name":"Senahu","gaul_code":65102,"targetarea":0.5646424,"totpop":98956.3684559,"country_id":"GTM","targetpop":879.12146,"totalarea":729.063184,"new_mean":0.0264842}},{"type":"MultiPolygon","arcs":[[[17]],[[18,19]]],"properties":{"name":"San Antonio Huista","gaul_code":65058,"targetarea":2.0362902,"totpop":40597.1968555,"country_id":"GTM","targetpop":4067.7947998,"totalarea":185.701037,"new_mean":0.0239847}},{"type":"MultiPolygon","arcs":[[[20,21,22]],[[23,24,25,26,27,28,29]]],"properties":{"name":"Cantel","gaul_code":64966,"targetarea":10.6452332,"totpop":19478.0813599,"country_id":"GTM","targetpop":16412.8706055,"totalarea":12.5503899,"new_mean":0.0260778}},{"type":"MultiPolygon","arcs":[[[30]],[[31,32,33,34,35,36,37,38]],[[39]]],"properties":{"name":"San Jose ChacayÂ ","gaul_code":64927,"targetarea":62.579651,"totpop":167478.892593,"country_id":"GTM","targetpop":107228.81073,"totalarea":151.3455754,"new_mean":0.0270039}},{"type":"MultiPolygon","arcs":[[[40,41]],[[42]]],"properties":{"name":"Olopa","gaul_code":65143,"targetarea":5.4980055,"totpop":69795.6307907,"country_id":"GTM","targetpop":11399.8499146,"totalarea":232.5564712,"new_mean":0.0275764}},{"type":"MultiPolygon","arcs":[[[43,44,45]],[[46,47,48,49,50]]],"properties":{"name":"San Bartolome Milpas Altas","gaul_code":64873,"targetarea":14.8570245,"totpop":35921.6584473,"country_id":"GTM","targetpop":20683.1682129,"totalarea":40.45307,"new_mean":0.0258518}},{"type":"MultiPolygon","arcs":[[[51]],[[52,53]]],"properties":{"name":"San Marcos","gaul_code":65006,"targetarea":10.9035229,"totpop":50764.5354691,"country_id":"GTM","targetpop":14272.272644,"totalarea":93.6633343,"new_mean":0.0300338}},{"type":"Polygon","arcs":[[54,55,56,57,58,59,60,61,62,63,64]],"properties":{"name":"San Jose Pinula","gaul_code":64844,"targetarea":55.5976812,"totpop":126222.516525,"country_id":"GTM","targetpop":120689.828918,"totalarea":67.2808586,"new_mean":0.0281136}},{"type":"Polygon","arcs":[[65]],"properties":{"name":"Santa Cruz Naranjo","gaul_code":64923,"targetarea":0.5678452,"totpop":14914.7790852,"country_id":"GTM","targetpop":889.6427612,"totalarea":109.6183128,"new_mean":0.0296928}},{"type":"MultiPolygon","arcs":[[[66,67]],[[68,69]],[[70]]],"properties":{"name":"Ixchiguan","gaul_code":65028,"targetarea":1.8630888,"totpop":33772.0014725,"country_id":"GTM","targetpop":1926.9435425,"totalarea":131.1935083,"new_mean":0.0295646}},{"type":"Polygon","arcs":[[71,-20]],"properties":{"name":"San Idelfonso Ixtahuacan","gaul_code":65043,"targetarea":8.9131767,"totpop":65064.9444275,"country_id":"GTM","targetpop":10054.5731812,"totalarea":127.2344518,"new_mean":0.0239247}},{"type":"MultiPolygon","arcs":[[[72,73]],[[74,75]]],"properties":{"name":"Santa Barbara","gaul_code":64991,"targetarea":7.0392953,"totpop":65170.7425804,"country_id":"GTM","targetpop":12468.4647217,"totalarea":338.8295306,"new_mean":0.0295245}},{"type":"MultiPolygon","arcs":[[[76,77]],[[78]]],"properties":{"name":"El Tumbador","gaul_code":65018,"targetarea":0.7600563,"totpop":46085.1454391,"country_id":"GTM","targetpop":869.8411255,"totalarea":140.4722616,"new_mean":0.0282541}},{"type":"Polygon","arcs":[[79,80,81,82]],"properties":{"name":"San Sebastian","gaul_code":64998,"targetarea":19.3804689,"totpop":105200.395726,"country_id":"GTM","targetpop":33904.0916748,"totalarea":816.9224398,"new_mean":0.0300203}},{"type":"Polygon","arcs":[[83]],"properties":{"name":"Fray Bartolome De Las Casas","gaul_code":65109,"targetarea":0.5634393,"totpop":39492.9409666,"country_id":"GTM","targetpop":905.600769,"totalarea":459.4868223,"new_mean":0.0263852}},{"type":"Polygon","arcs":[[84,85]],"properties":{"name":"Jerez","gaul_code":65163,"targetarea":0.4241029,"totpop":16518.8285408,"country_id":"GTM","targetpop":970.4715576,"totalarea":88.0962068,"new_mean":0.0285519}},{"type":"MultiPolygon","arcs":[[[86,87]],[[88]]],"properties":{"name":"San Pablo La Laguna","gaul_code":64940,"targetarea":2.3750145,"totpop":9154.0281219,"country_id":"GTM","targetpop":4047.1617432,"totalarea":11.2680325,"new_mean":0}},{"type":"Polygon","arcs":[[89]],"properties":{"name":"Estanzuela","gaul_code":65129,"targetarea":10.2544071,"totpop":83246.9678726,"country_id":"GTM","targetpop":19478.6931763,"totalarea":504.7424199,"new_mean":0.0279374}},{"type":"Polygon","arcs":[[90,91]],"properties":{"name":"Chajul","gaul_code":65070,"targetarea":5.1479178,"totpop":72420.8037643,"country_id":"GTM","targetpop":10069.0172119,"totalarea":247.6095865,"new_mean":0.0257404}},{"type":"Polygon","arcs":[[92]],"properties":{"name":"Monjas","gaul_code":65154,"targetarea":1.9625423,"totpop":25224.3239555,"country_id":"GTM","targetpop":3453.4741821,"totalarea":89.7818114,"new_mean":0.0265797}},{"type":"MultiPolygon","arcs":[[[93,94,95]],[[96,97,98]]],"properties":{"name":"Mixco","gaul_code":64849,"targetarea":34.4830759,"totpop":109166.748367,"country_id":"GTM","targetpop":75547.0184937,"totalarea":106.7132499,"new_mean":0.0278607}},{"type":"MultiPolygon","arcs":[[[99,100]],[[101]]],"properties":{"name":"Tactic","gaul_code":65098,"targetarea":5.188904,"totpop":73635.8116798,"country_id":"GTM","targetpop":10153.6591797,"totalarea":384.3435732,"new_mean":0.0249966}},{"type":"MultiPolygon","arcs":[[[102,103,104]],[[105]]],"properties":{"name":"Santa Catarina Mita","gaul_code":65158,"targetarea":0.6195893,"totpop":26747.0256729,"country_id":"GTM","targetpop":963.1829834,"totalarea":99.4474088,"new_mean":0.0280124}},{"type":"MultiPolygon","arcs":[[[106,107]],[[108]]],"properties":{"name":"Flores Costa Cuca","gaul_code":64974,"targetarea":0.6362409,"totpop":48879.696846,"country_id":"GTM","targetpop":990.2098389,"totalarea":168.3590405,"new_mean":0.0298627}},{"type":"Polygon","arcs":[[109]],"properties":{"name":"San Francisco","gaul_code":65116,"targetarea":0.1057325,"totpop":144690.690143,"country_id":"GTM","targetpop":0,"totalarea":6774.3463436,"new_mean":0.0244641}},{"type":"MultiPolygon","arcs":[[[110]],[[111]],[[-92,112]]],"properties":{"name":"Santa MarÂ¡a Nebaj","gaul_code":65078,"targetarea":6.8693647,"totpop":116166.804749,"country_id":"GTM","targetpop":9777.8760986,"totalarea":472.5779604,"new_mean":0.0265271}},{"type":"MultiPolygon","arcs":[[[113,114]],[[115,116]]],"properties":{"name":"San Rafael Petzal","gaul_code":65062,"targetarea":6.5561842,"totpop":75067.0632553,"country_id":"GTM","targetpop":15738.9467773,"totalarea":247.7923557,"new_mean":0.0255352}},{"type":"MultiPolygon","arcs":[[[117]],[[118,119,120]]],"properties":{"name":"Patzun","gaul_code":64889,"targetarea":10.6299226,"totpop":101149.637779,"country_id":"GTM","targetpop":17371.8807983,"totalarea":247.8179214,"new_mean":0.0259331}},{"type":"MultiPolygon","arcs":[[[-81,121]],[[122]],[[123,-53]]],"properties":{"name":"El Asintal","gaul_code":65005,"targetarea":3.6852975,"totpop":37556.047554,"country_id":"GTM","targetpop":6095.5793457,"totalarea":86.5458336,"new_mean":0.0294659}},{"type":"Polygon","arcs":[[124,125,126,127,128,129]],"properties":{"name":"Palestina de los Altos","gaul_code":64976,"targetarea":12.0359445,"totpop":31815.4787598,"country_id":"GTM","targetpop":31815.4787598,"totalarea":12.2517007,"new_mean":0.0261359}},{"type":"Polygon","arcs":[[130]],"properties":{"name":"PalÂ¡n","gaul_code":64909,"targetarea":1.1326428,"totpop":13507.4552345,"country_id":"GTM","targetpop":1510.8269043,"totalarea":64.0663854,"new_mean":0.0293987}},{"type":"Polygon","arcs":[[131,132,133,134,135,136]],"properties":{"name":"Escuintla","gaul_code":64899,"targetarea":22.4440067,"totpop":76094.9807281,"country_id":"GTM","targetpop":64529.2092896,"totalarea":45.5427546,"new_mean":0.0264691}},{"type":"Polygon","arcs":[[137]],"properties":{"name":"Livingston","gaul_code":65124,"targetarea":21.1228293,"totpop":116335.428437,"country_id":"GTM","targetpop":33493.5765381,"totalarea":1197.669508,"new_mean":0.0271859}},{"type":"MultiPolygon","arcs":[[[138]],[[139]],[[140,141]]],"properties":{"name":"Iztapa","gaul_code":64908,"targetarea":7.062532,"totpop":43412.4210606,"country_id":"GTM","targetpop":9282.5183106,"totalarea":215.5940978,"new_mean":0.0294293}},{"type":"MultiPolygon","arcs":[[[142,143,144,145,146]],[[147,148]],[[149,150,151]]],"properties":{"name":"San Francisco el Alto","gaul_code":64947,"targetarea":22.1926263,"totpop":52243.129303,"country_id":"GTM","targetpop":40699.7019653,"totalarea":44.2675782,"new_mean":0.0260141}},{"type":"MultiPolygon","arcs":[[[152]],[[153]],[[154]]],"properties":{"name":"San Miguel Acatan","gaul_code":65047,"targetarea":5.6096418,"totpop":69506.3162346,"country_id":"GTM","targetpop":11495.406311,"totalarea":238.0982371,"new_mean":0.0249189}},{"type":"Polygon","arcs":[[155]],"properties":{"name":"Guatemala","gaul_code":65173,"targetarea":0.5673575,"totpop":25413.1474648,"country_id":"GTM","targetpop":973.352478,"totalarea":139.8025807,"new_mean":0.0282122}},{"type":"Polygon","arcs":[[156,157,158]],"properties":{"name":"Lanquin","gaul_code":65105,"targetarea":8.9219636,"totpop":61144.3134537,"country_id":"GTM","targetpop":15058.8045044,"totalarea":186.9396613,"new_mean":0.0245671}},{"type":"Polygon","arcs":[[159]],"properties":{"name":"San Martin Jilotepeque","gaul_code":64885,"targetarea":0.5659815,"totpop":28296.6525192,"country_id":"GTM","targetpop":847.7756958,"totalarea":96.5434291,"new_mean":0.0256698}},{"type":"Polygon","arcs":[[160]],"properties":{"name":"Pachalum","gaul_code":65086,"targetarea":4.0444163,"totpop":177620.105721,"country_id":"GTM","targetpop":5862.1603394,"totalarea":1574.6228898,"new_mean":0.0247597}},{"type":"Polygon","arcs":[[-97,161,162,163,164],[165]],"properties":{"name":"San Pedro Ayampuc","gaul_code":64848,"targetarea":48.1929909,"totpop":162428.983536,"country_id":"GTM","targetpop":153568.621399,"totalarea":66.9887949,"new_mean":0.0272248}},{"type":"MultiPolygon","arcs":[[[166,167]],[[168,169,170]],[[-50,171,-46,172,173,174,175,176,177]]],"properties":{"name":"San Lucas Sacatepequez","gaul_code":64875,"targetarea":16.2809243,"totpop":29843.956543,"country_id":"GTM","targetpop":25368.7161255,"totalarea":23.2711449,"new_mean":0.0257525}},{"type":"MultiPolygon","arcs":[[[178]],[[179]]],"properties":{"name":"San Pedro Necta","gaul_code":65040,"targetarea":2.1593384,"totpop":70733.6240301,"country_id":"GTM","targetpop":3471.0611572,"totalarea":778.5884407,"new_mean":0.0251274}},{"type":"Polygon","arcs":[[180,181,-47]],"properties":{"name":"Santiago Sacatepequez","gaul_code":64872,"targetarea":0.795039,"totpop":10983.3126678,"country_id":"GTM","targetpop":0,"totalarea":24.7655166,"new_mean":0.0264114}},{"type":"Polygon","arcs":[[182]],"properties":{"name":"La Gomera","gaul_code":64905,"targetarea":2.2273728,"totpop":61053.7580266,"country_id":"GTM","targetpop":3023.1940918,"totalarea":473.9202421,"new_mean":0.0298788}},{"type":"Polygon","arcs":[[-67,183,-70,184]],"properties":{"name":"Ocos","gaul_code":65023,"targetarea":11.6274344,"totpop":51613.6882172,"country_id":"GTM","targetpop":21575.7385254,"totalarea":119.6522791,"new_mean":0.0287039}},{"type":"MultiPolygon","arcs":[[[-65,185]],[[186,-63,187]],[[188,189,190]]],"properties":{"name":"San Jose del Golfo","gaul_code":64845,"targetarea":26.9392264,"totpop":102841.406765,"country_id":"GTM","targetpop":41727.8109741,"totalarea":197.7639993,"new_mean":0.0273577}},{"type":"Polygon","arcs":[[191]],"properties":{"name":"Coban","gaul_code":65095,"targetarea":1.9126761,"totpop":72621.379209,"country_id":"GTM","targetpop":3437.7653809,"totalarea":517.0070239,"new_mean":0.0253137}},{"type":"MultiPolygon","arcs":[[[192,193]],[[194,195,196]],[[197,198,199]],[[200]],[[201]]],"properties":{"name":"Santa Maria Chiquimula","gaul_code":64950,"targetarea":6.8222125,"totpop":168478.65168,"country_id":"GTM","targetpop":9774.1953735,"totalarea":359.2393913,"new_mean":0.0257413}},{"type":"MultiPolygon","arcs":[[[192,193]],[[194,195,196]],[[197,198,199]],[[200]],[[201]]],"properties":{"name":"Santa Maria Chiquimula","gaul_code":64950,"targetarea":6.8222125,"totpop":168478.65168,"country_id":"GTM","targetpop":9774.1953735,"totalarea":359.2393913,"new_mean":0.0264136}},{"type":"MultiPolygon","arcs":[[[202,203]],[[204,205]]],"properties":{"name":"San Bernardino","gaul_code":64980,"targetarea":9.9311286,"totpop":39017.3246307,"country_id":"GTM","targetpop":23815.4972534,"totalarea":48.9055866,"new_mean":0.0276323}},{"type":"Polygon","arcs":[[206,207]],"properties":{"name":"San Lucas Toliman","gaul_code":64938,"targetarea":0.7241206,"totpop":12885.9228821,"country_id":"GTM","targetpop":945.4683228,"totalarea":26.1146343,"new_mean":0.0270032}},{"type":"Polygon","arcs":[[208,209,210,211]],"properties":{"name":"San Jose","gaul_code":65112,"targetarea":3.6434557,"totpop":54722.9128066,"country_id":"GTM","targetpop":4132.7672119,"totalarea":3839.3229582,"new_mean":0.0265861}},{"type":"Polygon","arcs":[[212,213,214]],"properties":{"name":"San Pedro La Laguna","gaul_code":64943,"targetarea":1.4708618,"totpop":13052.3587875,"country_id":"GTM","targetpop":2817.6676636,"totalarea":37.1775436,"new_mean":0.0272483}},{"type":"Polygon","arcs":[[215]],"properties":{"name":"Pasaco","gaul_code":65170,"targetarea":3.3226472,"totpop":44909.4377923,"country_id":"GTM","targetpop":4753.8296509,"totalarea":419.1506872,"new_mean":0.0294066}},{"type":"Polygon","arcs":[[216,217]],"properties":{"name":"San Vicente Pacaya","gaul_code":64910,"targetarea":21.3598143,"totpop":67838.3344917,"country_id":"GTM","targetpop":34067.0276489,"totalarea":110.9893513,"new_mean":0.0278164}},{"type":"Polygon","arcs":[[218,219]],"properties":{"name":"San Antonio Aguas calientes","gaul_code":64881,"targetarea":2.0435661,"totpop":32857.215683,"country_id":"GTM","targetpop":2980.9969482,"totalarea":90.1000947,"new_mean":0.0262209}},{"type":"MultiPolygon","arcs":[[[220,221,222]],[[223]],[[224]],[[225,226]]],"properties":{"name":"Comitancillo","gaul_code":65009,"targetarea":2.296936,"totpop":27051.6216583,"country_id":"GTM","targetpop":3790.2664795,"totalarea":47.324523,"new_mean":0.0267107}},{"type":"MultiPolygon","arcs":[[[227]],[[228,229]],[[230]]],"properties":{"name":"Barberena","gaul_code":64913,"targetarea":10.650813,"totpop":58140.3315659,"country_id":"GTM","targetpop":15720.3062744,"totalarea":213.6596557,"new_mean":0.0287996}},{"type":"Polygon","arcs":[[231,232]],"properties":{"name":"San Mateo Ixtatan","gaul_code":65052,"targetarea":0.6400551,"totpop":64973.17062,"country_id":"GTM","targetpop":935.7926636,"totalarea":360.3493415,"new_mean":0.0249216}},{"type":"MultiPolygon","arcs":[[[233]],[[234]]],"properties":{"name":"Santa LucÂ¡a Cotzumalguapa","gaul_code":64900,"targetarea":35.3114257,"totpop":171031.938082,"country_id":"GTM","targetpop":60022.1307983,"totalarea":546.3834475,"new_mean":0.0302427}},{"type":"Polygon","arcs":[[235]],"properties":{"name":"San Francisco La Union","gaul_code":64970,"targetarea":0.5662776,"totpop":46937.539566,"country_id":"GTM","targetpop":969.9138794,"totalarea":205.7526527,"new_mean":0.0280662}},{"type":"Polygon","arcs":[[236,237,238]],"properties":{"name":"Pueblo Nuevo ViÂ¤as","gaul_code":64924,"targetarea":0.0376059,"totpop":15328.2938766,"country_id":"GTM","targetpop":0,"totalarea":57.8439571,"new_mean":0.0293555}},{"type":"Polygon","arcs":[[-34,239]],"properties":{"name":"Santa MarÂ¡a Visitacion","gaul_code":64928,"targetarea":0.083069,"totpop":6288.2360382,"country_id":"GTM","targetpop":0,"totalarea":15.7893612,"new_mean":0.0273552}},{"type":"MultiPolygon","arcs":[[[-78,240]],[[241,242]]],"properties":{"name":"Genova","gaul_code":64973,"targetarea":30.5291638,"totpop":162165.402977,"country_id":"GTM","targetpop":62459.8857727,"totalarea":418.8550394,"new_mean":0.0295712}},{"type":"Polygon","arcs":[[243,244,245,246,247]],"properties":{"name":"Parramos","gaul_code":64896,"targetarea":12.9975041,"totpop":42838.8689651,"country_id":"GTM","targetpop":16171.1158447,"totalarea":67.632052,"new_mean":0.0263787}},{"type":"MultiPolygon","arcs":[[[248,249,250,251,-163]],[[252,253,254]],[[255,256,257]]],"properties":{"name":"Chuarrancho","gaul_code":64853,"targetarea":13.9552525,"totpop":56741.4054489,"country_id":"GTM","targetpop":19216.0780029,"totalarea":124.8912348,"new_mean":0.0267962}},{"type":"Polygon","arcs":[[258,-213,259]],"properties":{"name":"Santiago Atitlan","gaul_code":64944,"targetarea":2.0399845,"totpop":12655.6442261,"country_id":"GTM","targetpop":2653.0587158,"totalarea":50.6595462,"new_mean":0.0272143}},{"type":"MultiPolygon","arcs":[[[260]],[[261]]],"properties":{"name":"Sibinal","gaul_code":65013,"targetarea":4.926249,"totpop":88241.3086777,"country_id":"GTM","targetpop":8902.5303345,"totalarea":364.6420539,"new_mean":0.0253851}},{"type":"Polygon","arcs":[[262]],"properties":{"name":"San Bartolome Jocotenango","gaul_code":65082,"targetarea":2.7171775,"totpop":55961.7474403,"country_id":"GTM","targetpop":4224.0929565,"totalarea":368.1538143,"new_mean":0.0261848}},{"type":"Polygon","arcs":[[263]],"properties":{"name":"Cubulco","gaul_code":65090,"targetarea":3.6368496,"totpop":41546.7826805,"country_id":"GTM","targetpop":6031.1066894,"totalarea":311.8537856,"new_mean":0.0277642}},{"type":"Polygon","arcs":[[264,-83,265,266,267,268]],"properties":{"name":"Santa Cruz Mulua","gaul_code":64999,"targetarea":13.7283416,"totpop":28881.3130188,"country_id":"GTM","targetpop":26645.6855469,"totalarea":17.7181449,"new_mean":0.0302534}},{"type":"MultiPolygon","arcs":[[[269,270,271]],[[272,273]],[[274]],[[275,276]]],"properties":{"name":"Chinique","gaul_code":65068,"targetarea":1.1963284,"totpop":41825.8695221,"country_id":"GTM","targetpop":1863.1931763,"totalarea":115.7978547,"new_mean":0.0256568}},{"type":"Polygon","arcs":[[277]],"properties":{"name":"Nuevo Progreso","gaul_code":65017,"targetarea":0.5657045,"totpop":18159.3670807,"country_id":"GTM","targetpop":891.5241699,"totalarea":45.2232128,"new_mean":0.0259239}},{"type":"Polygon","arcs":[[278,279,-244,-133,280]],"properties":{"name":"San Jose Poaquil","gaul_code":64884,"targetarea":35.9368448,"totpop":126592.191772,"country_id":"GTM","targetpop":115821.324646,"totalarea":49.0689759,"new_mean":0.0268341}},{"type":"MultiPolygon","arcs":[[[281,282]],[[283,284,285,286]],[[-10,287]]],"properties":{"name":"San Andres Villa Seca","gaul_code":65002,"targetarea":4.5954058,"totpop":27293.9035416,"country_id":"GTM","targetpop":10292.3405762,"totalarea":36.6222392,"new_mean":0.0280761}},{"type":"Polygon","arcs":[[288]],"properties":{"name":"Tamahu","gaul_code":65099,"targetarea":5.4313911,"totpop":44064.9169235,"country_id":"GTM","targetpop":7997.6640015,"totalarea":116.4150855,"new_mean":0.0248143}},{"type":"MultiPolygon","arcs":[[[289,290]],[[291]],[[292]],[[293]]],"properties":{"name":"Sansare","gaul_code":64865,"targetarea":3.9909846,"totpop":46030.0443306,"country_id":"GTM","targetpop":5470.928772,"totalarea":274.0208761,"new_mean":0.0284404}},{"type":"Polygon","arcs":[[-45,294,295,-173]],"properties":{"name":"Magdalena Milpas Altas","gaul_code":64874,"targetarea":3.3580858,"totpop":8231.00354,"country_id":"GTM","targetpop":4254.0280762,"totalarea":8.348862,"new_mean":0.0256275}},{"type":"Polygon","arcs":[[296,297]],"properties":{"name":"Santa Ana Huista","gaul_code":65065,"targetarea":0.7837212,"totpop":35264.3204117,"country_id":"GTM","targetpop":1074.4637451,"totalarea":86.4879181,"new_mean":0.0238779}},{"type":"Polygon","arcs":[[298,299,300,301]],"properties":{"name":"San Jose El Idolo","gaul_code":64981,"targetarea":8.2963867,"totpop":20605.521637,"country_id":"GTM","targetpop":16989.6303101,"totalarea":14.3170212,"new_mean":0.0298341}},{"type":"Polygon","arcs":[[302]],"properties":{"name":"San Rafael Pie de la cuesta","gaul_code":65016,"targetarea":0.5652094,"totpop":37572.2388611,"country_id":"GTM","targetpop":1240.8740234,"totalarea":143.0593007,"new_mean":0.0261891}},{"type":"Polygon","arcs":[[303]],"properties":{"name":"Colotenango","gaul_code":65053,"targetarea":1.9505086,"totpop":62951.9106159,"country_id":"GTM","targetpop":2698.4448242,"totalarea":556.6468357,"new_mean":0.0250869}},{"type":"MultiPolygon","arcs":[[[304,-207]],[[305,306,307]]],"properties":{"name":"Panajachel","gaul_code":64935,"targetarea":4.8391816,"totpop":23332.2983017,"country_id":"GTM","targetpop":8514.2069092,"totalarea":52.9630683,"new_mean":0.0267319}},{"type":"Polygon","arcs":[[308]],"properties":{"name":"Rabinal","gaul_code":65089,"targetarea":1.1150101,"totpop":34213.5368576,"country_id":"GTM","targetpop":2327.0968018,"totalarea":327.0711491,"new_mean":0.0275677}},{"type":"Polygon","arcs":[[309,-204,310,311,312,313,314,-300,315]],"properties":{"name":"Cuyotenango","gaul_code":64978,"targetarea":32.1079529,"totpop":112621.11945,"country_id":"GTM","targetpop":101172.344727,"totalarea":65.2560096,"new_mean":0.0299215}},{"type":"MultiPolygon","arcs":[[[316]],[[317]],[[318,319,320]]],"properties":{"name":"Masagua","gaul_code":64903,"targetarea":3.898718,"totpop":40742.9966164,"country_id":"GTM","targetpop":5182.4661255,"totalarea":184.4164049,"new_mean":0.0298226}},{"type":"Polygon","arcs":[[321,322,323,-210]],"properties":{"name":"San Andres","gaul_code":65114,"targetarea":18.5990195,"totpop":102375.255853,"country_id":"GTM","targetpop":57935.2991943,"totalarea":545.1272208,"new_mean":0.0255649}},{"type":"Polygon","arcs":[[324,-285]],"properties":{"name":"Coatepeque","gaul_code":64972,"targetarea":1.0296968,"totpop":40686.5371552,"country_id":"GTM","targetpop":1873.6872559,"totalarea":175.9213692,"new_mean":0.027249}},{"type":"Polygon","arcs":[[325,-85]],"properties":{"name":"Yupiltepeque","gaul_code":65161,"targetarea":0.1434586,"totpop":46749.7898593,"country_id":"GTM","targetpop":0,"totalarea":516.8902255,"new_mean":0.0285985}},{"type":"Polygon","arcs":[[325,-85]],"properties":{"name":"Yupiltepeque","gaul_code":65161,"targetarea":0.1434586,"totpop":46749.7898593,"country_id":"GTM","targetpop":0,"totalarea":516.8902255,"new_mean":0.0255528}},{"type":"Polygon","arcs":[[326]],"properties":{"name":"San Rafael La Independencia","gaul_code":65048,"targetarea":0.5636647,"totpop":28625.6970825,"country_id":"GTM","targetpop":1095.8665772,"totalarea":129.1015098,"new_mean":0.0245255}},{"type":"MultiPolygon","arcs":[[[327]],[[-312,328,329,330,331,332]]],"properties":{"name":"San Francisco Zapotitlan","gaul_code":64979,"targetarea":16.5467566,"totpop":85393.0723815,"country_id":"GTM","targetpop":25011.0835571,"totalarea":482.0040304,"new_mean":0.0297539}},{"type":"Polygon","arcs":[[333]],"properties":{"name":"Sacapulas","gaul_code":65081,"targetarea":0.5646204,"totpop":88048.1373348,"country_id":"GTM","targetpop":1003.9550171,"totalarea":836.8263166,"new_mean":0.0260497}},{"type":"Polygon","arcs":[[-252,334,335,-177,336,-170,337,338,-164]],"properties":{"name":"San Pedro Sacatepequez","gaul_code":64850,"targetarea":84.6903912,"totpop":500811.398651,"country_id":"GTM","targetpop":493775.504211,"totalarea":90.245408,"new_mean":0.0262968}},{"type":"MultiPolygon","arcs":[[[339,340]],[[341]],[[342]],[[343,-273,344,-270,345,346,-32]]],"properties":{"name":"Patzite","gaul_code":65072,"targetarea":30.0876853,"totpop":185562.374359,"country_id":"GTM","targetpop":55491.8942871,"totalarea":245.785212,"new_mean":0.0254677}},{"type":"Polygon","arcs":[[347,348]],"properties":{"name":"Almolonga","gaul_code":64965,"targetarea":3.8021884,"totpop":32751.8580475,"country_id":"GTM","targetpop":6207.9181519,"totalarea":143.8055345,"new_mean":0.0276882}},{"type":"MultiPolygon","arcs":[[[349,350]],[[351]]],"properties":{"name":"San Jose Ojetenam","gaul_code":65029,"targetarea":0.7420724,"totpop":34135.851944,"country_id":"GTM","targetpop":863.8981934,"totalarea":104.4818806,"new_mean":0.0257046}},{"type":"Polygon","arcs":[[352,353,354,355]],"properties":{"name":"San Pedro Sacatepequez","gaul_code":65007,"targetarea":13.0438786,"totpop":66504.8410797,"country_id":"GTM","targetpop":25271.7645264,"totalarea":120.5944192,"new_mean":0.0265657}},{"type":"MultiPolygon","arcs":[[[356,357,358,359,360,361]],[[362,363]]],"properties":{"name":"Totonicapan","gaul_code":64945,"targetarea":7.785158,"totpop":50040.4661026,"country_id":"GTM","targetpop":16677.9713135,"totalarea":115.9141664,"new_mean":0.0275639}},{"type":"MultiPolygon","arcs":[[[-316,-299,364,365]],[[366,367,368]]],"properties":{"name":"San Pablo Jocopilas","gaul_code":64985,"targetarea":10.2792616,"totpop":28760.3472595,"country_id":"GTM","targetpop":16850.722168,"totalarea":25.8289214,"new_mean":0.0291475}},{"type":"MultiPolygon","arcs":[[[369,-348,370]],[[371,372,373,374]]],"properties":{"name":"San Martin Sacatepequez","gaul_code":64964,"targetarea":9.1151129,"totpop":20855.1073914,"country_id":"GTM","targetpop":14474.8255615,"totalarea":21.8973788,"new_mean":0.0268305}},{"type":"Polygon","arcs":[[375,-199,376,-196,377,-143,378,379,-193]],"properties":{"name":"San Andres Xecul","gaul_code":64948,"targetarea":39.8059342,"totpop":80275.0752869,"country_id":"GTM","targetpop":53414.9296875,"totalarea":72.6477321,"new_mean":0.0265676}},{"type":"MultiPolygon","arcs":[[[380]],[[381]]],"properties":{"name":"San Cristobal Acasaguastlan","gaul_code":64862,"targetarea":7.9562742,"totpop":46860.7239027,"country_id":"GTM","targetpop":12310.8276367,"totalarea":425.822969,"new_mean":0.0282191}},{"type":"Polygon","arcs":[[382,383,384,-246]],"properties":{"name":"El Tejar","gaul_code":64898,"targetarea":7.5890158,"totpop":31504.0773926,"country_id":"GTM","targetpop":10666.2165527,"totalarea":51.8972291,"new_mean":0.0262293}},{"type":"Polygon","arcs":[[385]],"properties":{"name":"San Luis jilotepeque","gaul_code":65151,"targetarea":2.7249197,"totpop":76814.7693481,"country_id":"GTM","targetpop":5289.024292,"totalarea":530.7279105,"new_mean":0.0279562}},{"type":"MultiPolygon","arcs":[[[-115,386,-117,387]],[[388,389]]],"properties":{"name":"Chiantla","gaul_code":65036,"targetarea":29.9551309,"totpop":112466.672131,"country_id":"GTM","targetpop":54257.6921997,"totalarea":189.5430296,"new_mean":0.0262907}},{"type":"Polygon","arcs":[[-251,390,391,-335]],"properties":{"name":"San Juan Sacatepequez","gaul_code":64851,"targetarea":19.0311645,"totpop":53015.2803497,"country_id":"GTM","targetpop":45416.5699463,"totalarea":28.8572476,"new_mean":0.0263564}},{"type":"Polygon","arcs":[[392,393,394,-23,395,-29,396,397,398]],"properties":{"name":"Huitan","gaul_code":64967,"targetarea":28.1572765,"totpop":50651.0049133,"country_id":"GTM","targetpop":41295.9540405,"totalarea":49.743709,"new_mean":0.0257742}},{"type":"MultiPolygon","arcs":[[[399,400]],[[401]]],"properties":{"name":"Joyabaj","gaul_code":65077,"targetarea":2.9537671,"totpop":33913.2136688,"country_id":"GTM","targetpop":2785.8620606,"totalarea":162.9745144,"new_mean":0.024314}},{"type":"Polygon","arcs":[[402]],"properties":{"name":"Tacana","gaul_code":65012,"targetarea":0.564905,"totpop":64331.7942734,"country_id":"GTM","targetpop":848.1422119,"totalarea":224.2368252,"new_mean":0.0256108}},{"type":"MultiPolygon","arcs":[[[403,-267]],[[-269,404]],[[405,406]]],"properties":{"name":"San Martin Zapotitlan","gaul_code":65000,"targetarea":1.8310661,"totpop":18606.0029888,"country_id":"GTM","targetpop":2853.7747803,"totalarea":128.2362517,"new_mean":0.0293453}},{"type":"MultiPolygon","arcs":[[[-332,407]],[[-330,408]]],"properties":{"name":"Champerico","gaul_code":65003,"targetarea":1.6955198,"totpop":28609.4199581,"country_id":"GTM","targetpop":0,"totalarea":192.0217483,"new_mean":0.0295769}},{"type":"Polygon","arcs":[[409,410]],"properties":{"name":"Chimaltenango","gaul_code":64883,"targetarea":0.9195479,"totpop":5400.1347504,"country_id":"GTM","targetpop":0,"totalarea":10.5455646,"new_mean":0.0271548}},{"type":"MultiPolygon","arcs":[[[411]],[[-159,412,413]],[[414,415]]],"properties":{"name":"Santa Cruz Verapaz","gaul_code":65096,"targetarea":38.2551218,"totpop":364147.848329,"country_id":"GTM","targetpop":101159.304138,"totalarea":2266.9250015,"new_mean":0.0254152}},{"type":"Polygon","arcs":[[416,417,-125,418]],"properties":{"name":"San Carlos Sija","gaul_code":64956,"targetarea":19.2124626,"totpop":40581.6671143,"country_id":"GTM","targetpop":32771.0011597,"totalarea":32.1853444,"new_mean":0.0259732}},{"type":"Polygon","arcs":[[419]],"properties":{"name":"Jalapa","gaul_code":65149,"targetarea":0.5664878,"totpop":22312.2012539,"country_id":"GTM","targetpop":1167.3846435,"totalarea":230.0321132,"new_mean":0.0283891}},{"type":"Polygon","arcs":[[419]],"properties":{"name":"Jalapa","gaul_code":65149,"targetarea":0.5664878,"totpop":22312.2012539,"country_id":"GTM","targetpop":1167.3846435,"totalarea":230.0321132,"new_mean":0.0283713}},{"type":"MultiPolygon","arcs":[[[420,-279]],[[421]]],"properties":{"name":"San Juan Comalapa","gaul_code":64886,"targetarea":2.799096,"totpop":92788.4254227,"country_id":"GTM","targetpop":3956.3966065,"totalarea":409.8715857,"new_mean":0.0263978}},{"type":"Polygon","arcs":[[422,423,424,425,426,427]],"properties":{"name":"Jocotenango","gaul_code":64868,"targetarea":24.3651009,"totpop":49966.5603027,"country_id":"GTM","targetpop":30683.9505005,"totalarea":68.8880213,"new_mean":0.0272952}},{"type":"MultiPolygon","arcs":[[[428]],[[429]],[[430,431,432,433,434]],[[435]]],"properties":{"name":"Catarina","gaul_code":65021,"targetarea":21.3488833,"totpop":124339.561615,"country_id":"GTM","targetpop":34079.6469116,"totalarea":211.0809921,"new_mean":0.0194027}},{"type":"MultiPolygon","arcs":[[[428]],[[429]],[[430,431,432,433,434]],[[435]]],"properties":{"name":"Catarina","gaul_code":65021,"targetarea":21.3488833,"totpop":124339.561615,"country_id":"GTM","targetpop":34079.6469116,"totalarea":211.0809921,"new_mean":0.0291609}},{"type":"Polygon","arcs":[[-351,436]],"properties":{"name":"Tejutla","gaul_code":65015,"targetarea":0.3883461,"totpop":69774.3234711,"country_id":"GTM","targetpop":863.3928833,"totalarea":250.9231105,"new_mean":0.0261121}},{"type":"Polygon","arcs":[[437,-389]],"properties":{"name":"Malacatancito","gaul_code":65037,"targetarea":6.0947288,"totpop":138813.817825,"country_id":"GTM","targetpop":10972.8662109,"totalarea":543.2930591,"new_mean":0.0247054}},{"type":"MultiPolygon","arcs":[[[438,-219]],[[-428,439,440,441,442]]],"properties":{"name":"San Miguel Duenas","gaul_code":64879,"targetarea":14.6527167,"totpop":44683.8012695,"country_id":"GTM","targetpop":33282.9685059,"totalarea":35.7240519,"new_mean":0.0275848}},{"type":"Polygon","arcs":[[443,-42]],"properties":{"name":"Camotan","gaul_code":65142,"targetarea":7.1224744,"totpop":68027.8467865,"country_id":"GTM","targetpop":16313.7008057,"totalarea":251.0149248,"new_mean":0.0279562}},{"type":"MultiPolygon","arcs":[[[444,-24,445]],[[446,-21,-395,447,448,-419,-130,449,450,-26,451]]],"properties":{"name":"Salcaja","gaul_code":64954,"targetarea":72.5221808,"totpop":184822.970932,"country_id":"GTM","targetpop":156624.726013,"totalarea":126.8548008,"new_mean":0.0261622}},{"type":"Polygon","arcs":[[-88,452,453,454,455,456]],"properties":{"name":"San Juan La Laguna","gaul_code":64942,"targetarea":3.6913001,"totpop":7707.782196,"country_id":"GTM","targetpop":5248.7714233,"totalarea":9.1850069,"new_mean":0.027014}},{"type":"MultiPolygon","arcs":[[[457,-434]],[[458,459]],[[460]]],"properties":{"name":"El Quetzal","gaul_code":65025,"targetarea":8.7115399,"totpop":63785.19133,"country_id":"GTM","targetpop":12259.6793213,"totalarea":139.3036834,"new_mean":0.026903}},{"type":"Polygon","arcs":[[461,462,-374,463,-128,464,465]],"properties":{"name":"San Mateo","gaul_code":64962,"targetarea":14.4305149,"totpop":61511.6232986,"country_id":"GTM","targetpop":26651.9980469,"totalarea":109.0337342,"new_mean":0.0267405}},{"type":"Polygon","arcs":[[466]],"properties":{"name":"San Pedro Pinula","gaul_code":65150,"targetarea":19.312199,"totpop":187588.959385,"country_id":"GTM","targetpop":52143.4834595,"totalarea":685.1828963,"new_mean":0.0276159}},{"type":"Polygon","arcs":[[-28,467,-397]],"properties":{"name":"Colomba","gaul_code":64969,"targetarea":1.9520715,"totpop":18597.0612793,"country_id":"GTM","targetpop":2500.7025147,"totalarea":77.4737798,"new_mean":0.0265117}},{"type":"Polygon","arcs":[[468]],"properties":{"name":"Morazan","gaul_code":64860,"targetarea":1.9166092,"totpop":27579.6549129,"country_id":"GTM","targetpop":3033.211731,"totalarea":217.873423,"new_mean":0.0285089}},{"type":"MultiPolygon","arcs":[[[469,-442,470]],[[471]]],"properties":{"name":"San Juan Alotenango","gaul_code":64880,"targetarea":0.7387205,"totpop":13711.334816,"country_id":"GTM","targetpop":888.2490234,"totalarea":44.7552953,"new_mean":0.0274651}},{"type":"MultiPolygon","arcs":[[[469,-442,470]],[[471]]],"properties":{"name":"San Juan Alotenango","gaul_code":64880,"targetarea":0.7387205,"totpop":13711.334816,"country_id":"GTM","targetpop":888.2490234,"totalarea":44.7552953,"new_mean":0.0254195}},{"type":"Polygon","arcs":[[472]],"properties":{"name":"Patulul","gaul_code":64990,"targetarea":0.5669459,"totpop":52233.5942764,"country_id":"GTM","targetpop":959.7202148,"totalarea":211.0336362,"new_mean":0.0284182}},{"type":"Polygon","arcs":[[473]],"properties":{"name":"Santa Apolonia","gaul_code":64887,"targetarea":7.9635683,"totpop":48846.0672455,"country_id":"GTM","targetpop":13879.883606,"totalarea":85.7146333,"new_mean":0.0260819}},{"type":"Polygon","arcs":[[474,-242]],"properties":{"name":"La Reforma","gaul_code":65026,"targetarea":1.2258284,"totpop":31157.033699,"country_id":"GTM","targetpop":2328.1536865,"totalarea":87.5041216,"new_mean":0.0281519}},{"type":"MultiPolygon","arcs":[[[-212,475]],[[-323,476]]],"properties":{"name":"Santa Ana","gaul_code":65117,"targetarea":1.2636906,"totpop":79815.8202167,"country_id":"GTM","targetpop":2143.2122192,"totalarea":1903.1401971,"new_mean":0.0254188}},{"type":"Polygon","arcs":[[477,-120]],"properties":{"name":"Tecpan Guatemala","gaul_code":64888,"targetarea":4.3932831,"totpop":20675.0527039,"country_id":"GTM","targetpop":6389.4639893,"totalarea":46.125402,"new_mean":0.0253886}},{"type":"Polygon","arcs":[[478]],"properties":{"name":"Granados","gaul_code":65091,"targetarea":0.5652527,"totpop":90162.8469582,"country_id":"GTM","targetpop":939.5404053,"totalarea":691.5338958,"new_mean":0.027224}},{"type":"Polygon","arcs":[[479,480,481,482]],"properties":{"name":"Guastatoya","gaul_code":64859,"targetarea":23.7731694,"totpop":237163.171753,"country_id":"GTM","targetpop":237163.171753,"totalarea":23.7731694,"new_mean":0.0275899}},{"type":"MultiPolygon","arcs":[[[483]],[[-320,484]]],"properties":{"name":"La Democracia","gaul_code":64901,"targetarea":32.4085114,"totpop":158123.413059,"country_id":"GTM","targetpop":62392.5253906,"totalarea":454.731891,"new_mean":0.0299671}},{"type":"Polygon","arcs":[[485,-298]],"properties":{"name":"San Sebastian Huehuetenango","gaul_code":65054,"targetarea":0.3422977,"totpop":24836.0285873,"country_id":"GTM","targetpop":852.4570312,"totalarea":63.3211983,"new_mean":0.0252236}},{"type":"MultiPolygon","arcs":[[[486]],[[487,-391,-250,488,-254,489,-257]],[[490]]],"properties":{"name":"San Raymundo","gaul_code":64852,"targetarea":88.8889992,"totpop":276939.723633,"country_id":"GTM","targetpop":185238.569702,"totalarea":272.658787,"new_mean":0.0267043}},{"type":"MultiPolygon","arcs":[[[491,492,493]],[[494,495,496,497,498,-481,499,-338,-169,500,-167,501,502,503]],[[504,-175,505]]],"properties":{"name":"Villa Canales","gaul_code":64857,"targetarea":82.0608497,"totpop":588866.498077,"country_id":"GTM","targetpop":584385.4552,"totalarea":88.9878679,"new_mean":0.0275599}},{"type":"Polygon","arcs":[[506,-232]],"properties":{"name":"Aguacatan","gaul_code":65061,"targetarea":8.4216915,"totpop":174206.121887,"country_id":"GTM","targetpop":15206.8847046,"totalarea":897.1769445,"new_mean":0.0255351}},{"type":"MultiPolygon","arcs":[[[507]],[[508,509]]],"properties":{"name":"Santa Catarina Ixtahuacan","gaul_code":64931,"targetarea":10.3620454,"totpop":73315.6670532,"country_id":"GTM","targetpop":14807.9213867,"totalarea":186.2295224,"new_mean":0.0266827}},{"type":"MultiPolygon","arcs":[[[510,511,-368]],[[512,513]]],"properties":{"name":"San Antonio","gaul_code":64986,"targetarea":7.1202645,"totpop":22692.4056244,"country_id":"GTM","targetpop":12256.0429688,"totalarea":26.11776,"new_mean":0.0283299}},{"type":"Polygon","arcs":[[514]],"properties":{"name":"Siquinala","gaul_code":64902,"targetarea":0.5674596,"totpop":34534.4968262,"country_id":"GTM","targetpop":950.7678223,"totalarea":290.7550778,"new_mean":0.0299161}},{"type":"MultiPolygon","arcs":[[[515,516,517,518]],[[519,520,521]],[[522,523,524]],[[525,-496,526,-217,527]]],"properties":{"name":"Villa Nueva","gaul_code":64856,"targetarea":37.2073013,"totpop":122919.463921,"country_id":"GTM","targetpop":92216.6109009,"totalarea":100.8782394,"new_mean":0.0277095}},{"type":"Polygon","arcs":[[-146,528,-448,-394,529,530]],"properties":{"name":"Olintepeque","gaul_code":64955,"targetarea":15.5066766,"totpop":24044.0448608,"country_id":"GTM","targetpop":21967.5995483,"totalarea":16.8817262,"new_mean":0.0258083}},{"type":"Polygon","arcs":[[531,-353,532,-227]],"properties":{"name":"San Antonio Sacatep?quez","gaul_code":65008,"targetarea":26.8018671,"totpop":72832.9944153,"country_id":"GTM","targetpop":47734.8208008,"totalarea":77.3980103,"new_mean":0.0264216}},{"type":"Polygon","arcs":[[533]],"properties":{"name":"San Andres Itzapa","gaul_code":64895,"targetarea":2.6501336,"totpop":39018.6295547,"country_id":"GTM","targetpop":5060.8914795,"totalarea":205.3947819,"new_mean":0.0269149}},{"type":"Polygon","arcs":[[534]],"properties":{"name":"San Juan Cotzal","gaul_code":65076,"targetarea":0.5646424,"totpop":45236.9202423,"country_id":"GTM","targetpop":913.515564,"totalarea":225.9572855,"new_mean":0.0248783}},{"type":"MultiPolygon","arcs":[[[535]],[[536,-239,537]]],"properties":{"name":"Santa Rosa de Lima","gaul_code":64914,"targetarea":7.007653,"totpop":59017.3203964,"country_id":"GTM","targetpop":10324.324646,"totalarea":224.3187738,"new_mean":0.0288288}},{"type":"Polygon","arcs":[[538,-137,539,540,-48,-182]],"properties":{"name":"Santo Domingo Xenacoj","gaul_code":64871,"targetarea":13.983522,"totpop":45088.9835663,"country_id":"GTM","targetpop":26827.8967896,"totalarea":50.516343,"new_mean":0.0263019}},{"type":"MultiPolygon","arcs":[[[-346,-272,541]],[[542,-277,543,-13]]],"properties":{"name":"Chiche","gaul_code":65067,"targetarea":33.8550203,"totpop":134210.981201,"country_id":"GTM","targetpop":88069.0450439,"totalarea":112.2371379,"new_mean":0.0266693}},{"type":"Polygon","arcs":[[544]],"properties":{"name":"San Jacinto","gaul_code":65147,"targetarea":1.8139544,"totpop":29815.8882141,"country_id":"GTM","targetpop":1904.7819824,"totalarea":244.4835833,"new_mean":0.0281649}},{"type":"MultiPolygon","arcs":[[[-73,545]],[[-76,546]]],"properties":{"name":"Santo Tomas La UniÂ¢n","gaul_code":64993,"targetarea":3.8026144,"totpop":13874.2713013,"country_id":"GTM","targetpop":3634.3950806,"totalarea":34.6136664,"new_mean":0.0296471}},{"type":"Polygon","arcs":[[-100,547]],"properties":{"name":"San Cristobal Verapaz","gaul_code":65097,"targetarea":12.700204,"totpop":53117.8428345,"country_id":"GTM","targetpop":27605.727356,"totalarea":78.0366694,"new_mean":0.0252173}},{"type":"Polygon","arcs":[[548,-15]],"properties":{"name":"Cajola","gaul_code":64959,"targetarea":2.0187149,"totpop":28127.0353699,"country_id":"GTM","targetpop":2248.972168,"totalarea":83.6879784,"new_mean":0.0256269}},{"type":"Polygon","arcs":[[549]],"properties":{"name":"Antigua Guatemala","gaul_code":64867,"targetarea":1.1119,"totpop":23850.2656517,"country_id":"GTM","targetpop":2118.4139404,"totalarea":147.3107534,"new_mean":0.0282687}},{"type":"MultiPolygon","arcs":[[[550]],[[551]],[[552]],[[553]]],"properties":{"name":"NahualÂ ","gaul_code":64930,"targetarea":2.8278281,"totpop":29469.5623932,"country_id":"GTM","targetpop":4839.3869629,"totalarea":51.0645963,"new_mean":0.0271135}},{"type":"Polygon","arcs":[[554]],"properties":{"name":"San Miguel Pochuta","gaul_code":64890,"targetarea":3.1588094,"totpop":60077.5932846,"country_id":"GTM","targetpop":4189.4976807,"totalarea":184.1327632,"new_mean":0.026638}},{"type":"Polygon","arcs":[[555,-12]],"properties":{"name":"San Pedro Soloma","gaul_code":65042,"targetarea":1.5804385,"totpop":31970.7886925,"country_id":"GTM","targetpop":2087.9276733,"totalarea":163.3215155,"new_mean":0.024678}},{"type":"Polygon","arcs":[[556,-142]],"properties":{"name":"Tiquisate","gaul_code":64904,"targetarea":0.2648456,"totpop":59635.9235172,"country_id":"GTM","targetpop":0,"totalarea":473.4446476,"new_mean":0.0297137}},{"type":"Polygon","arcs":[[557,-222]],"properties":{"name":"Mazatenango","gaul_code":64977,"targetarea":0.2948341,"totpop":12482.9959488,"country_id":"GTM","targetpop":0,"totalarea":36.0307788,"new_mean":0.0267504}},{"type":"Polygon","arcs":[[-151,558,559]],"properties":{"name":"El Palmar","gaul_code":64971,"targetarea":0.0807853,"totpop":7727.6049805,"country_id":"GTM","targetpop":0,"totalarea":16.8911636,"new_mean":0.0265926}},{"type":"Polygon","arcs":[[560]],"properties":{"name":"San Bartolo Aguas Calientes","gaul_code":64952,"targetarea":0.5421571,"totpop":27428.9644623,"country_id":"GTM","targetpop":1217.1099853,"totalarea":45.4125982,"new_mean":0.0247361}},{"type":"MultiPolygon","arcs":[[[561,562,-425]],[[563,564,565]],[[566]],[[567,568]],[[-540,-136,569]]],"properties":{"name":"Sumpango","gaul_code":64870,"targetarea":3.0434029,"totpop":20277.6991806,"country_id":"GTM","targetpop":5511.5259399,"totalarea":39.1743861,"new_mean":0.0267351}},{"type":"Polygon","arcs":[[570]],"properties":{"name":"Guanagazapa","gaul_code":64906,"targetarea":1.9660894,"totpop":64995.4703882,"country_id":"GTM","targetpop":2881.8248291,"totalarea":786.3251254,"new_mean":0.0294676}},{"type":"MultiPolygon","arcs":[[[571]],[[572]]],"properties":{"name":"San Jose La Arada","gaul_code":65139,"targetarea":23.1009301,"totpop":107380.81357,"country_id":"GTM","targetpop":44392.5032349,"totalarea":352.5323233,"new_mean":0.0281985}},{"type":"MultiPolygon","arcs":[[[571]],[[572]]],"properties":{"name":"San Jose La Arada","gaul_code":65139,"targetarea":23.1009301,"totpop":107380.81357,"country_id":"GTM","targetpop":44392.5032349,"totalarea":352.5323233,"new_mean":0.0283149}},{"type":"MultiPolygon","arcs":[[[573]],[[-516,574]],[[575,576]],[[-59,577,578]],[[-57,579,-483,580,581,582,583]]],"properties":{"name":"San Miguel Petapa","gaul_code":64858,"targetarea":38.3057543,"totpop":184452.830433,"country_id":"GTM","targetpop":105784.638733,"totalarea":279.7429671,"new_mean":0.0282021}},{"type":"Polygon","arcs":[[-355,584]],"properties":{"name":"RÂ¡o Blanco","gaul_code":65033,"targetarea":2.2419498,"totpop":17971.6430054,"country_id":"GTM","targetpop":4300.9306641,"totalarea":50.541343,"new_mean":0.0268041}},{"type":"Polygon","arcs":[[585]],"properties":{"name":"San Manuel Chaparron","gaul_code":65152,"targetarea":1.1172796,"totpop":28003.1460724,"country_id":"GTM","targetpop":2023.4238892,"totalarea":209.9883262,"new_mean":0.0284929}},{"type":"MultiPolygon","arcs":[[[-158,586,-413]],[[587,-416]]],"properties":{"name":"San Juan Chamelco","gaul_code":65104,"targetarea":17.0683316,"totpop":269236.79188,"country_id":"GTM","targetpop":38836.7600708,"totalarea":1314.4962506,"new_mean":0.0251747}},{"type":"Polygon","arcs":[[588]],"properties":{"name":"El Estor","gaul_code":65125,"targetarea":0.5018907,"totpop":75596.074121,"country_id":"GTM","targetpop":903.071106,"totalarea":2341.8610327,"new_mean":0.0271153}},{"type":"MultiPolygon","arcs":[[[589]],[[590,-365,-302]]],"properties":{"name":"San Miguel Panan","gaul_code":64987,"targetarea":17.6178725,"totpop":65364.1011047,"country_id":"GTM","targetpop":33065.7385254,"totalarea":75.023188,"new_mean":0.0297268}},{"type":"MultiPolygon","arcs":[[[591]],[[592]]],"properties":{"name":"Sipacapa","gaul_code":65031,"targetarea":1.6817963,"totpop":20717.3512268,"country_id":"GTM","targetpop":2947.5332642,"totalarea":29.7177101,"new_mean":0.0265892}},{"type":"Polygon","arcs":[[593,-401]],"properties":{"name":"San Andres Sajcabaja","gaul_code":65079,"targetarea":2.2151902,"totpop":120362.259142,"country_id":"GTM","targetpop":4968.6903076,"totalarea":851.2580748,"new_mean":0.0246852}},{"type":"Polygon","arcs":[[594,-134,-248,595,-569]],"properties":{"name":"Zaragoza","gaul_code":64897,"targetarea":7.8895052,"totpop":26271.4471893,"country_id":"GTM","targetpop":16569.9995728,"totalarea":29.426318,"new_mean":0.0269234}},{"type":"MultiPolygon","arcs":[[[-361,596]],[[597,598]],[[-359,599]],[[-357,600]],[[-363,601]],[[602,-214,-259]],[[603,-456]],[[604,-36,605]]],"properties":{"name":"Administrative unit not available","gaul_code":65295,"targetarea":3.3821403,"totpop":9327.615346,"country_id":"GTM","targetpop":2554.8703003,"totalarea":127.2157792,"new_mean":0.0273091}},{"type":"Polygon","arcs":[[606]],"properties":{"name":"Santa Catarina La Tinta","gaul_code":65110,"targetarea":0.5633941,"totpop":89403.6565285,"country_id":"GTM","targetpop":856.0454712,"totalarea":1211.7793268,"new_mean":0.0257118}},{"type":"MultiPolygon","arcs":[[[607,608,-190]],[[609]],[[610,-95,611]]],"properties":{"name":"Chinautla","gaul_code":64847,"targetarea":14.0209971,"totpop":72869.8866997,"country_id":"GTM","targetpop":22841.2307129,"totalarea":217.4515646,"new_mean":0.026735}},{"type":"Polygon","arcs":[[-432,612]],"properties":{"name":"Ayutla","gaul_code":65022,"targetarea":1.4673375,"totpop":47599.8347168,"country_id":"GTM","targetpop":2921.9389038,"totalarea":81.4520582,"new_mean":0.0296873}},{"type":"Polygon","arcs":[[613]],"properties":{"name":"Jutiapa","gaul_code":65156,"targetarea":2.2251023,"totpop":55454.9694824,"country_id":"GTM","targetpop":3150.7825317,"totalarea":237.8886958,"new_mean":0.0266076}},{"type":"MultiPolygon","arcs":[[[-609,614,-191]],[[-612,-94,615,-98,-165,-339,-500,-480,-580,-56,616],[617],[618]]],"properties":{"name":"Santa Catarina Pinula","gaul_code":64843,"targetarea":176.2156513,"totpop":967714.648117,"country_id":"GTM","targetpop":947853.226013,"totalarea":214.8124313,"new_mean":0.026791}},{"type":"Polygon","arcs":[[619]],"properties":{"name":"Taxisco","gaul_code":64920,"targetarea":1.7125557,"totpop":58659.885602,"country_id":"GTM","targetpop":2953.432312,"totalarea":599.8696658,"new_mean":0.02933}},{"type":"Polygon","arcs":[[620,-599]],"properties":{"name":"Santa Cruz La Laguna","gaul_code":64939,"targetarea":6.5773128,"totpop":35903.7548828,"country_id":"GTM","targetpop":12079.178894,"totalarea":73.6758874,"new_mean":0.0272713}},{"type":"MultiPolygon","arcs":[[[621,-104]],[[622]]],"properties":{"name":"El Progreso","gaul_code":65157,"targetarea":21.434684,"totpop":170095.197208,"country_id":"GTM","targetpop":38076.204895,"totalarea":624.5232471,"new_mean":0.0282055}},{"type":"MultiPolygon","arcs":[[[623]],[[624]],[[625]]],"properties":{"name":"San Pablo","gaul_code":65024,"targetarea":5.9258466,"totpop":55102.9012318,"country_id":"GTM","targetpop":8257.9098282,"totalarea":151.5483705,"new_mean":0.028696}},{"type":"Polygon","arcs":[[626]],"properties":{"name":"San Miguel Ixtahuacan","gaul_code":65010,"targetarea":5.306514,"totpop":73661.0267334,"country_id":"GTM","targetpop":6606.3962402,"totalarea":134.8341972,"new_mean":0.026377}},{"type":"MultiPolygon","arcs":[[[627]],[[628]]],"properties":{"name":"Nuevo San Carlos","gaul_code":65004,"targetarea":1.1345314,"totpop":43302.113843,"country_id":"GTM","targetpop":1845.1064453,"totalarea":338.0218158,"new_mean":0.0294643}},{"type":"MultiPolygon","arcs":[[[-384,629]],[[630,631]]],"properties":{"name":"Santa Cruz Balanya","gaul_code":64892,"targetarea":8.3156712,"totpop":43421.9452133,"country_id":"GTM","targetpop":12273.1896362,"totalarea":64.7155655,"new_mean":0.0265575}},{"type":"Polygon","arcs":[[632,-107]],"properties":{"name":"La Esperanza","gaul_code":64975,"targetarea":5.2931741,"totpop":36605.0709839,"country_id":"GTM","targetpop":7644.1959839,"totalarea":72.4747719,"new_mean":0.0292358}},{"type":"Polygon","arcs":[[633]],"properties":{"name":"Cuilapa","gaul_code":64912,"targetarea":0.5675616,"totpop":61431.1341696,"country_id":"GTM","targetpop":950.7225952,"totalarea":524.9623568,"new_mean":0.0290792}},{"type":"MultiPolygon","arcs":[[[634,-459]],[[635]]],"properties":{"name":"Malacatan","gaul_code":65020,"targetarea":0.6209304,"totpop":23308.8443298,"country_id":"GTM","targetpop":849.0900879,"totalarea":51.7316935,"new_mean":0.0286433}},{"type":"MultiPolygon","arcs":[[[636,-465,-127,637]],[[638,-462,639]]],"properties":{"name":"San Juan Ostuncalco","gaul_code":64961,"targetarea":7.4146434,"totpop":15015.7820282,"country_id":"GTM","targetpop":9280.2047729,"totalarea":17.1326727,"new_mean":0.0264356}},{"type":"MultiPolygon","arcs":[[[640,-576]],[[641,-60,-579]],[[642,-188,-62]]],"properties":{"name":"Amatitlan","gaul_code":64855,"targetarea":8.1082911,"totpop":58275.8762894,"country_id":"GTM","targetpop":11110.6085815,"totalarea":115.0518015,"new_mean":0.0279669}},{"type":"MultiPolygon","arcs":[[[643,-510,644]],[[645]],[[646,-379,-147,-531,647,-399,648,649]]],"properties":{"name":"San Cristobal Totonicapan","gaul_code":64946,"targetarea":66.3630189,"totpop":167185.013512,"country_id":"GTM","targetpop":107587.138428,"totalarea":244.5341576,"new_mean":0.0258002}},{"type":"Polygon","arcs":[[650,651]],"properties":{"name":"Santa LucÂ¡a Utatlan","gaul_code":64929,"targetarea":0.2063852,"totpop":5128.8286743,"country_id":"GTM","targetpop":0,"totalarea":20.7567262,"new_mean":0.0269135}},{"type":"MultiPolygon","arcs":[[[-512,652,-369]],[[653,654]]],"properties":{"name":"Santa Clara La Laguna","gaul_code":64932,"targetarea":0.487739,"totpop":54656.7065582,"country_id":"GTM","targetpop":0,"totalarea":189.7749563,"new_mean":0.0265586}},{"type":"Polygon","arcs":[[-314,655]],"properties":{"name":"Chicacao","gaul_code":64989,"targetarea":0.5247811,"totpop":2755.2925873,"country_id":"GTM","targetpop":504.954895,"totalarea":6.6042281,"new_mean":0}},{"type":"MultiPolygon","arcs":[[[656,-518]],[[-583,657,-521,658]],[[659,-524]],[[-482,-499,660,-581]],[[-497,-526,661]]],"properties":{"name":"Administrative unit not available","gaul_code":65296,"targetarea":5.0359087,"totpop":8688.7031231,"country_id":"GTM","targetpop":5522.8611069,"totalarea":15.2070516,"new_mean":0}},{"type":"Polygon","arcs":[[-129,-464,-373,662,-450]],"properties":{"name":"Concepcion Chiquirichapa","gaul_code":64963,"targetarea":4.7678097,"totpop":15726.3114319,"country_id":"GTM","targetpop":11211.0252686,"totalarea":10.8244888,"new_mean":0}},{"type":"Polygon","arcs":[[-308,663,664]],"properties":{"name":"San Antonio Palopo","gaul_code":64937,"targetarea":1.6237009,"totpop":5220.106636,"country_id":"GTM","targetpop":2507.8542481,"totalarea":4.7301419,"new_mean":0}},{"type":"Polygon","arcs":[[665,666,-493,667]],"properties":{"name":"Santa MarÂ¡a de Jesus","gaul_code":64877,"targetarea":3.806795,"totpop":12193.9827576,"country_id":"GTM","targetpop":5256.0894165,"totalarea":14.5602873,"new_mean":0}},{"type":"Polygon","arcs":[[668,-38,669]],"properties":{"name":"San Andres Semetabaj","gaul_code":64934,"targetarea":3.884443,"totpop":11263.5339203,"country_id":"GTM","targetpop":6880.7952881,"totalarea":14.9729938,"new_mean":0}},{"type":"MultiPolygon","arcs":[[[-503,670]],[[-506,-174,-296,671,-666,672]]],"properties":{"name":"Santa LucÂ¡a Milpas Altas","gaul_code":64876,"targetarea":6.1573384,"totpop":10103.6393433,"country_id":"GTM","targetpop":8070.2783203,"totalarea":9.1958906,"new_mean":0}},{"type":"Polygon","arcs":[[673,-670,-37,-605,674,-664,-307]],"properties":{"name":"Santa Catarina Palopo","gaul_code":64936,"targetarea":6.4090486,"totpop":21387.1552124,"country_id":"GTM","targetpop":20659.6630859,"totalarea":7.723123,"new_mean":0}},{"type":"MultiPolygon","arcs":[[[675,-417,-449,-529,-145,676,-148,677]],[[678,-152,-560,679]]],"properties":{"name":"Momostenango","gaul_code":64949,"targetarea":15.4937088,"totpop":30397.3738403,"country_id":"GTM","targetpop":30397.3738403,"totalarea":16.4935783,"new_mean":0}},{"type":"Polygon","arcs":[[-655,680,-513,681]],"properties":{"name":"Zunilito","gaul_code":64994,"targetarea":6.8633574,"totpop":12348.2424316,"country_id":"GTM","targetpop":10487.6784668,"totalarea":12.4829098,"new_mean":0}},{"type":"Polygon","arcs":[[682,-205]],"properties":{"name":"Pueblo Nuevo Suchitepequez","gaul_code":64995,"targetarea":1.0367194,"totpop":4653.6892471,"country_id":"GTM","targetpop":901.4512329,"totalarea":13.0928358,"new_mean":0}},{"type":"Polygon","arcs":[[683,-631]],"properties":{"name":"Acatenango","gaul_code":64893,"targetarea":0.3395597,"totpop":10037.3982086,"country_id":"GTM","targetpop":902.4609985,"totalarea":19.8058171,"new_mean":0}},{"type":"Polygon","arcs":[[-454,684]],"properties":{"name":"San Marcos La Laguna","gaul_code":64941,"targetarea":1.5418043,"totpop":8082.3619843,"country_id":"GTM","targetpop":5988.7515869,"totalarea":6.1353074,"new_mean":0}},{"type":"Polygon","arcs":[[685,-565,686,-562,-424]],"properties":{"name":"Pastores","gaul_code":64869,"targetarea":6.8614613,"totpop":22356.0924988,"country_id":"GTM","targetpop":19970.2880249,"totalarea":9.9516939,"new_mean":0}},{"type":"Polygon","arcs":[[-651,687]],"properties":{"name":"Concepcion","gaul_code":64933,"targetarea":1.987053,"totpop":8526.5279388,"country_id":"GTM","targetpop":3997.3457031,"totalarea":14.3568253,"new_mean":0}},{"type":"Polygon","arcs":[[688,-287,689,-282,690,-407]],"properties":{"name":"San Felipe Retalhuleu","gaul_code":65001,"targetarea":6.1590895,"totpop":12404.3710327,"country_id":"GTM","targetpop":10921.3742065,"totalarea":9.3951678,"new_mean":0}},{"type":"Polygon","arcs":[[-427,691,-410,692,-440]],"properties":{"name":"Santa Catarina Barahona","gaul_code":64882,"targetarea":3.9070871,"totpop":8526.9535828,"country_id":"GTM","targetpop":7524.4749756,"totalarea":5.1489859,"new_mean":0}},{"type":"Polygon","arcs":[[693,-237,-537]],"properties":{"name":"Administrative unit not available","gaul_code":65297,"targetarea":0.1509886,"totpop":0,"country_id":"GTM","targetpop":0,"totalarea":0.7064569,"new_mean":0}}]}},"arcs":[[[-88.8583337,15.4829168],[-88.8466638,15.4596421],[-88.8278405,15.468834],[-88.8250004,15.4829168]],[[-88.8250004,15.4829168],[-88.8583337,15.4829168]],[[-88.8250004,15.4829168],[-88.8143233,15.4870835],[-88.8250004,15.4912502]],[[-88.8250004,15.4912502],[-88.8250004,15.4829168]],[[-88.8583337,15.4829168],[-88.8611901,15.4930771],[-88.8684899,15.4857692],[-88.8583337,15.4829168]],[[-88.8250004,15.4912502],[-88.8295251,15.5018296],[-88.8441654,15.4946274],[-88.8250004,15.4912502]],[[-90.2861901,14.3847438],[-90.2934899,14.3774359],[-90.2833337,14.3745835],[-90.2861901,14.3847438]],[[-90.2944665,15.1051173],[-90.3163334,15.116181],[-90.3277998,15.0945623],[-90.291667,15.0912502],[-90.2944665,15.1051173]],[[-91.5545771,14.6430493],[-91.5333337,14.6412502],[-91.5405114,14.6524644],[-91.549796,14.6506417]],[[-91.549796,14.6506417],[-91.5545771,14.6430493]],[[-91.7148636,15.6611133],[-91.7000004,15.6579168],[-91.7028672,15.6631459]],[[-91.7028672,15.6631459],[-91.7052155,15.6623154],[-91.7148636,15.6611133]],[[-91.1508514,15.013392],[-91.1517334,15.0171957],[-91.1552658,15.0260029],[-91.1605318,15.0344259]],[[-91.1605318,15.0344259],[-91.1617354,15.0301092],[-91.1508514,15.013392]],[[-91.6240313,15.0615879],[-91.6272049,15.0626688],[-91.6334457,15.0626125],[-91.637146,15.0646648],[-91.6428918,15.0638291]],[[-91.6428918,15.0638291],[-91.6531009,15.0457708],[-91.6333337,15.0412502],[-91.6240313,15.0615879]],[[-89.7361901,15.3430771],[-89.7434899,15.3357692],[-89.7333337,15.3329168],[-89.7361901,15.3430771]],[[-91.4418411,15.592238],[-91.4450036,15.6101873],[-91.4524987,15.5958848],[-91.4428426,15.5917531],[-91.4418411,15.592238]],[[-91.422806,15.6617629],[-91.421973,15.6632228],[-91.4105147,15.6697576],[-91.4123063,15.6735643]],[[-91.4123063,15.6735643],[-91.4197083,15.6728582],[-91.4227448,15.669795],[-91.422806,15.6617629]],[[-91.4609375,14.8217955],[-91.4616945,14.821896]],[[-91.4616945,14.821896],[-91.4609832,14.8217523]],[[-91.4609832,14.8217523],[-91.4609375,14.8217955]],[[-91.474937,14.8240812],[-91.4764044,14.8248309]],[[-91.4764044,14.8248309],[-91.491681,14.827523]],[[-91.491681,14.827523],[-91.4965591,14.8215122],[-91.5017242,14.8180552],[-91.5026245,14.8138247],[-91.5024643,14.8091173],[-91.5006909,14.80133]],[[-91.5006909,14.80133],[-91.4932654,14.7931048]],[[-91.4932654,14.7931048],[-91.4892426,14.7918072],[-91.4834747,14.790864],[-91.474556,14.7909317]],[[-91.474556,14.7909317],[-91.4711702,14.7990171]],[[-91.4711702,14.7990171],[-91.4716556,14.7980576],[-91.474937,14.8240812]],[[-91.2117354,14.8295151],[-91.253402,14.832689],[-91.2229658,14.8116725],[-91.2083337,14.8079168],[-91.2117354,14.8295151]],[[-91.1293575,14.8602809],[-91.1319504,14.8648033],[-91.1347733,14.8682499],[-91.1386185,14.8679399],[-91.1460266,14.8647299],[-91.153172,14.869542]],[[-91.153172,14.869542],[-91.2033451,14.8263128],[-91.1794763,14.805748],[-91.1991214,14.7825221],[-91.2114444,14.7719031]],[[-91.2114444,14.7719031],[-91.210399,14.7670359]],[[-91.210399,14.7670359],[-91.1794112,14.7450628],[-91.1701621,14.745499]],[[-91.1701621,14.745499],[-91.1671371,14.7456131]],[[-91.1671371,14.7456131],[-91.1669159,14.7473783],[-91.1473236,14.755455],[-91.1407623,14.7564573],[-91.1375732,14.7590265]],[[-91.1375732,14.7590265],[-91.139801,14.7604551],[-91.1429291,14.763917],[-91.1477509,14.7704411],[-91.1531219,14.7745991],[-91.1565323,14.7781706],[-91.1571546,14.7871779]],[[-91.1571546,14.7871779],[-91.1697595,14.7861639],[-91.1718184,14.8118149],[-91.1621911,14.8201076],[-91.1544519,14.8374416],[-91.1273441,14.8352646],[-91.1293575,14.8602809]],[[-91.1795251,14.8768296],[-91.1941654,14.8696274],[-91.1750004,14.8662502],[-91.1795251,14.8768296]],[[-89.3743322,14.8081695],[-89.3528731,14.8191269],[-89.3509932,14.8357936],[-89.3748786,14.8250614]],[[-89.3748786,14.8250614],[-89.3746948,14.8198061],[-89.3731461,14.8139095],[-89.3743322,14.8081695]],[[-89.228337,14.8685207],[-89.2358321,14.8542181],[-89.2250004,14.8495835],[-89.228337,14.8685207]],[[-90.6785591,14.616546],[-90.6843936,14.6137151]],[[-90.6843936,14.6137151],[-90.6821213,14.6118078],[-90.679451,14.61133]],[[-90.679451,14.61133],[-90.6785591,14.616546]],[[-90.7132528,14.6585556],[-90.7178421,14.658803],[-90.7246552,14.6575928],[-90.7263412,14.6550226],[-90.7292404,14.6545515]],[[-90.7292404,14.6545515],[-90.7288666,14.6524172],[-90.7253265,14.6442776],[-90.7199246,14.6378629]],[[-90.7199246,14.6378629],[-90.7125166,14.6455674],[-90.6875817,14.6286688],[-90.6705814,14.6204168],[-90.6747603,14.6183892]],[[-90.6747603,14.6183892],[-90.6707001,14.6180058],[-90.6667175,14.6168394],[-90.6609879,14.6177549],[-90.6580658,14.621706],[-90.6557236,14.6226797],[-90.6537933,14.6213007],[-90.6523056,14.6184883],[-90.6506882,14.6180391],[-90.6475172,14.6216541]],[[-90.6475172,14.6216541],[-90.662419,14.6371649],[-90.6875817,14.6453354],[-90.7132528,14.6585556]],[[-91.7695235,14.5847438],[-91.7768233,14.5774359],[-91.766667,14.5745835],[-91.7695235,14.5847438]],[[-91.7175964,14.588068],[-91.7213974,14.5959806],[-91.7244415,14.6000872],[-91.7243958,14.6042503]],[[-91.7243958,14.6042503],[-91.7281823,14.6113185],[-91.7367354,14.5779852],[-91.7552494,14.5710597],[-91.7532963,14.5623765],[-91.7250004,14.5579168],[-91.7175964,14.588068]],[[-90.4334578,14.587387],[-90.4369632,14.5959539],[-90.4484159,14.6047941]],[[-90.4484159,14.6047941],[-90.4505234,14.6016369],[-90.4591675,14.5963345],[-90.4672012,14.5946455],[-90.4720535,14.5911589],[-90.4793472,14.5800467],[-90.482254,14.5768032],[-90.4857483,14.5778456],[-90.4961014,14.5760174],[-90.504158,14.5756721],[-90.5082626,14.5750046],[-90.5101242,14.5738583],[-90.5162735,14.5722761],[-90.5176926,14.5710115],[-90.521698,14.5635691],[-90.5241928,14.559803],[-90.5243759,14.5582113]],[[-90.5243759,14.5582113],[-90.5185471,14.5579214],[-90.5198593,14.5526228],[-90.52005,14.5436878],[-90.5175095,14.5414867],[-90.5150604,14.5434542],[-90.5131683,14.5434952],[-90.5111542,14.5399199],[-90.5079727,14.5367556],[-90.5034009,14.5368429]],[[-90.5034009,14.5368429],[-90.4942956,14.5486354],[-90.4713708,14.5402492],[-90.4821022,14.5224583]],[[-90.4821022,14.5224583],[-90.4806595,14.5192509],[-90.4772339,14.5176783],[-90.4741974,14.5179968]],[[-90.4741974,14.5179968],[-90.4735565,14.519722],[-90.4685059,14.5232067],[-90.4624368,14.5234131]],[[-90.4624368,14.5234131],[-90.459237,14.5365464],[-90.4485021,14.5226406]],[[-90.4485021,14.5226406],[-90.4469757,14.5266323],[-90.4461517,14.5376949],[-90.4438553,14.5392456],[-90.4378052,14.5400772],[-90.4336395,14.5414801],[-90.4293594,14.545207]],[[-90.4293594,14.545207],[-90.4267807,14.5538712],[-90.4228821,14.5572281],[-90.4171066,14.5576048],[-90.4140854,14.5591507],[-90.4181442,14.5645523],[-90.4243632,14.5715013]],[[-90.4243632,14.5715013],[-90.4267338,14.5709539],[-90.4294196,14.5775179]],[[-90.4294196,14.5775179],[-90.4353485,14.5846186],[-90.4334578,14.587387]],[[-90.4111901,14.0764105],[-90.4184899,14.0691025],[-90.4083337,14.0662502],[-90.4111901,14.0764105]],[[-92.1230144,14.6841681],[-92.1268234,14.680974],[-92.1252548,14.6784687]],[[-92.1252548,14.6784687],[-92.1230144,14.6841681]],[[-92.1180692,14.6967483],[-92.1130375,14.7095485],[-92.1242548,14.7071878]],[[-92.1242548,14.7071878],[-92.1224289,14.7041225],[-92.1183777,14.7031345],[-92.1171875,14.7004776],[-92.1180692,14.6967483]],[[-92.0254357,14.7164364],[-92.0250648,14.7166162],[-92.0283369,14.7351873],[-92.0358321,14.7208848],[-92.0254357,14.7164364]],[[-91.4123063,15.6735643],[-91.4259769,15.7026108],[-91.4446944,15.6936671],[-91.4329186,15.6624334],[-91.4250004,15.6579168],[-91.422806,15.6617629]],[[-91.1953001,14.3997899],[-91.1971054,14.3981962],[-91.2004318,14.3913908],[-91.202179,14.3905983],[-91.2096179,14.3945096]],[[-91.2096179,14.3945096],[-91.2112878,14.3936712],[-91.191667,14.3829168],[-91.1953001,14.3997899]],[[-91.1824512,14.4148129],[-91.1583337,14.4079168],[-91.146558,14.4385483],[-91.1669632,14.4360095]],[[-91.1669632,14.4360095],[-91.1622162,14.4333391],[-91.161087,14.4315815],[-91.1645584,14.4294081],[-91.1677628,14.4250288],[-91.1730499,14.4205904],[-91.1753464,14.41996],[-91.1797409,14.4157238],[-91.1824512,14.4148129]],[[-91.9915158,14.7128676],[-91.9938399,14.7166408],[-92.0027799,14.713823]],[[-92.0027799,14.713823],[-91.995285,14.7139273],[-91.9915158,14.7128676]],[[-91.8111901,14.8930771],[-91.8184899,14.8857692],[-91.8083337,14.8829168],[-91.8111901,14.8930771]],[[-91.6634633,14.570908],[-91.6708337,14.5506007],[-91.6783288,14.571255],[-91.6791566,14.571799]],[[-91.6791566,14.571799],[-91.6811523,14.5682306],[-91.6829529,14.5666056],[-91.6873016,14.565011],[-91.6892014,14.560998],[-91.6939536,14.5567384]],[[-91.6939536,14.5567384],[-91.7033288,14.5205999],[-91.6750004,14.5162502],[-91.6716719,14.521255],[-91.6554476,14.527143]],[[-91.6554476,14.527143],[-91.6557007,14.5327034],[-91.6584854,14.5394154],[-91.6625137,14.5470133],[-91.6636353,14.551733],[-91.6632233,14.5628061],[-91.6634633,14.570908]],[[-89.6028568,15.7930771],[-89.6101566,15.7857692],[-89.6000004,15.7829168],[-89.6028568,15.7930771]],[[-89.6675225,14.1859596],[-89.6721439,14.1904538]],[[-89.6721439,14.1904538],[-89.6768233,14.1857692],[-89.666667,14.1829168],[-89.6675225,14.1859596]],[[-91.2448727,14.7281613],[-91.229932,14.7415838],[-91.2491893,14.7372658]],[[-91.2491893,14.7372658],[-91.2487717,14.7328196],[-91.2448727,14.7281613]],[[-91.2045251,14.7518296],[-91.2191654,14.7446274],[-91.2000004,14.7412502],[-91.2045251,14.7518296]],[[-89.5132735,14.9807969],[-89.5380944,14.9782659],[-89.5621179,14.9561956],[-89.5250004,14.9495835],[-89.5132735,14.9807969]],[[-90.8598916,15.0239673],[-90.8611332,15.0301173],[-90.883,15.041181],[-90.8944665,15.0195623],[-90.8795394,15.018194]],[[-90.8795394,15.018194],[-90.8690948,15.0243912],[-90.8645096,15.0247421],[-90.8598916,15.0239673]],[[-90.0604252,14.5102646],[-90.0696211,14.4954697],[-90.0500004,14.4912502],[-90.0604252,14.5102646]],[[-90.4234961,14.7074033],[-90.4171906,14.7063761],[-90.4117126,14.7071381],[-90.4104691,14.7082262]],[[-90.4104691,14.7082262],[-90.410479,14.7134701]],[[-90.410479,14.7134701],[-90.4119632,14.7115464],[-90.4234961,14.7074033]],[[-90.4918321,14.7685105],[-90.4897766,14.7607269],[-90.4853973,14.7561884],[-90.4784164,14.753418],[-90.473793,14.7536812],[-90.4727478,14.7486401],[-90.473526,14.7453251],[-90.4736328,14.7361641],[-90.4719315,14.7312956],[-90.4733582,14.7275391],[-90.4720078,14.7247391],[-90.464035,14.7198915],[-90.4557419,14.7108631],[-90.4518585,14.7040911]],[[-90.4518585,14.7040911],[-90.444664,14.7045259],[-90.4410629,14.7074356],[-90.4378967,14.7076702],[-90.4347153,14.7050638],[-90.4320508,14.7050926]],[[-90.4320508,14.7050926],[-90.4265222,14.7424627],[-90.4380375,14.7615464],[-90.4512373,14.7938055],[-90.466667,14.7662502],[-90.4558353,14.7616156],[-90.4633304,14.747313],[-90.466667,14.7662502],[-90.478931,14.7714015],[-90.4918321,14.7685105]],[[-90.4518986,15.3687329],[-90.449206,15.3723115]],[[-90.449206,15.3723115],[-90.4534021,15.3695501],[-90.4518986,15.3687329]],[[-90.4599125,15.3715073],[-90.4858402,15.377383],[-90.4944665,15.3614243],[-90.466667,15.3579168],[-90.4599125,15.3715073]],[[-89.866667,14.3162502],[-89.8694341,14.3148747]],[[-89.8694341,14.3148747],[-89.8673784,14.3127264]],[[-89.8673784,14.3127264],[-89.866667,14.3162502]],[[-89.866667,14.3162502],[-89.8565108,14.3191025],[-89.8638106,14.3264105],[-89.866667,14.3162502]],[[-91.823081,14.6455346],[-91.8274767,14.6427764]],[[-91.8274767,14.6427764],[-91.8250004,14.6412502],[-91.823081,14.6455346]],[[-91.7778568,14.6680771],[-91.7851566,14.6607692],[-91.7750004,14.6579168],[-91.7778568,14.6680771]],[[-90.878376,16.8158094],[-90.8795251,16.8184962],[-90.8853578,16.8156269],[-90.878376,16.8158094]],[[-90.816667,14.9995835],[-90.816667,14.9829168],[-90.791667,14.9829168],[-90.791667,14.9995835],[-90.816667,14.9995835]],[[-90.816667,14.9995835],[-90.8195235,15.0097438],[-90.8268233,15.0024359],[-90.816667,14.9995835]],[[-90.8795394,15.018194],[-90.8583337,15.0162502],[-90.8598916,15.0239673]],[[-91.2891509,15.3350821],[-91.2865157,15.337352],[-91.2869241,15.3424191]],[[-91.2869241,15.3424191],[-91.2889938,15.3373365],[-91.2891509,15.3350821]],[[-91.2872581,15.3465634],[-91.2883874,15.3605739],[-91.3391653,15.345321]],[[-91.3391653,15.345321],[-91.3316116,15.3440924],[-91.3253174,15.3406382],[-91.3224106,15.340167],[-91.3155975,15.3401489],[-91.3067703,15.3406115],[-91.3031006,15.3411589],[-91.292305,15.3458767],[-91.2872581,15.3465634]],[[-90.9750004,14.7495835],[-90.9721439,14.7394232],[-90.9648441,14.7467311],[-90.9750004,14.7495835]],[[-90.9750004,14.7495835],[-90.9717013,14.778612]],[[-90.9717013,14.778612],[-90.9750519,14.7781706],[-90.9793701,14.7790785],[-90.9832001,14.7814722],[-90.9873792,14.7853313]],[[-90.9873792,14.7853313],[-91.003402,14.7607244],[-90.9964522,14.7443141],[-90.9750004,14.7495835]],[[-91.6791566,14.571799],[-91.6884606,14.5779119],[-91.6939536,14.5567384]],[[-91.6937585,14.6019313],[-91.7029545,14.5871364],[-91.6833337,14.5829168],[-91.6937585,14.6019313]],[[-91.7175964,14.588068],[-91.7170088,14.5904608],[-91.7243958,14.6042503]],[[-91.5598145,14.881094],[-91.5639725,14.8872347],[-91.5685806,14.8894272],[-91.5741763,14.8937885]],[[-91.5741763,14.8937885],[-91.587197,14.8925086]],[[-91.587197,14.8925086],[-91.5964737,14.8873091],[-91.5976868,14.8834372],[-91.5942841,14.875843]],[[-91.5942841,14.875843],[-91.5918274,14.8718567],[-91.58918,14.8690662],[-91.5882797,14.8668079]],[[-91.5882797,14.8668079],[-91.5862045,14.8661871],[-91.5826492,14.861105],[-91.5759048,14.8535595]],[[-91.5759048,14.8535595],[-91.573204,14.8553286],[-91.5599899,14.8668804],[-91.5588608,14.869544],[-91.5599594,14.8778439],[-91.5598145,14.881094]],[[-90.7083879,13.9248913],[-90.7116703,13.9435207],[-90.7191654,13.9292181],[-90.7083879,13.9248913]],[[-90.7715001,14.6484491],[-90.8023116,14.6584458],[-90.7875817,14.7038315],[-90.7807191,14.7238885]],[[-90.7807191,14.7238885],[-90.7864609,14.720829],[-90.792778,14.7167139],[-90.7952805,14.7139292],[-90.7960815,14.7114954],[-90.7993546,14.7074556],[-90.8027115,14.7004757],[-90.8034439,14.6967793],[-90.806366,14.6900644],[-90.8089066,14.6856527],[-90.8098297,14.6821041],[-90.8119354,14.6785221],[-90.8142776,14.6723003],[-90.814621,14.6655636],[-90.8138885,14.6626778],[-90.8137283,14.6578016],[-90.8145752,14.6527452],[-90.8155365,14.6319189],[-90.814949,14.62428]],[[-90.814949,14.62428],[-90.8093796,14.6252699],[-90.8053894,14.6267729],[-90.8028412,14.6261749],[-90.7950893,14.6270573]],[[-90.7950893,14.6270573],[-90.7963627,14.6295273],[-90.7871617,14.6293394]],[[-90.7871617,14.6293394],[-90.7824326,14.6344557],[-90.7800446,14.6377993]],[[-90.7800446,14.6377993],[-90.7779083,14.6399584],[-90.7715001,14.6484491]],[[-88.5799401,15.7117376],[-88.5771,15.7282781],[-88.5904375,15.7382007],[-88.5977325,15.737546],[-88.6015091,15.7343273],[-88.6050415,15.722621],[-88.6050356,15.7202203],[-88.5884525,15.6934311],[-88.6023062,15.6958145],[-88.6044922,15.6941757],[-88.6108932,15.6953135],[-88.61586,15.6914005],[-88.6194077,15.6904774],[-88.6262958,15.6917975],[-88.63689,15.6793157],[-88.6083337,15.6745835],[-88.6047774,15.6793605],[-88.5649743,15.6875514],[-88.5799401,15.7117376]],[[-90.8157566,13.9185659],[-90.8089929,13.9357692],[-90.8286299,13.9254827],[-90.8189948,13.9180466],[-90.8157566,13.9185659]],[[-90.7750004,13.9245835],[-90.7750004,13.9412502],[-90.8000004,13.9412502],[-90.8000004,13.9245835],[-90.7750004,13.9245835]],[[-90.7874695,13.9667963],[-90.7934899,13.9607692],[-90.7869163,13.958923]],[[-90.7869163,13.958923],[-90.7874695,13.9667963]],[[-91.4199142,14.9229698],[-91.4211502,14.922473],[-91.4288712,14.9235811],[-91.4363251,14.9254732],[-91.4416809,14.9275484],[-91.4472575,14.9286151]],[[-91.4472575,14.9286151],[-91.4672123,14.9039088],[-91.475945,14.9224191]],[[-91.475945,14.9224191],[-91.4760056,14.9215336],[-91.4825211,14.9102049],[-91.4828568,14.9064426],[-91.480278,14.9017687],[-91.4718781,14.8931446]],[[-91.4718781,14.8931446],[-91.4657211,14.8944416],[-91.4576874,14.8940563],[-91.4533997,14.8923836],[-91.448761,14.8920441],[-91.4404144,14.8899546],[-91.4392548,14.8888426]],[[-91.4392548,14.8888426],[-91.4375305,14.889019],[-91.4324417,14.8913813],[-91.4248352,14.8958254],[-91.4244232,14.8994007],[-91.4149933,14.9071636],[-91.4116364,14.9111414],[-91.4093475,14.9153099],[-91.4101486,14.9191551],[-91.4129181,14.9190083],[-91.4188843,14.9211779],[-91.4199142,14.9229698]],[[-91.5089174,14.9301994],[-91.5070877,14.9283028],[-91.4999237,14.9254456],[-91.4953537,14.9249754],[-91.4848175,14.92274],[-91.4761646,14.9228846]],[[-91.4761646,14.9228846],[-91.4790124,14.9289211],[-91.4875004,14.9285833],[-91.4958337,14.928917],[-91.5042972,14.9285793],[-91.5089174,14.9301994]],[[-91.5179453,14.9374635],[-91.5195235,14.9430771],[-91.5241787,14.9384167]],[[-91.5241787,14.9384167],[-91.5238113,14.9373922]],[[-91.5238113,14.9373922],[-91.5179453,14.9374635]],[[-91.8795251,15.6268296],[-91.8941654,15.6196274],[-91.8750004,15.6162502],[-91.8795251,15.6268296]],[[-91.9084883,15.6444809],[-91.9368168,15.6298976],[-91.916667,15.6245835],[-91.9084883,15.6444809]],[[-91.9769255,15.6516279],[-91.985673,15.6370042],[-91.966667,15.6329168],[-91.9769255,15.6516279]],[[-90.0361901,14.2764105],[-90.0434899,14.2691025],[-90.0333337,14.2662502],[-90.0361901,14.2764105]],[[-90.3426298,15.4115936],[-90.316667,15.4079168],[-90.3057295,15.4318223],[-90.3286365,15.4421428]],[[-90.3286365,15.4421428],[-90.3328552,15.4336948]],[[-90.3328552,15.4336948],[-90.3335571,15.4309282],[-90.3426298,15.4115936]],[[-90.9111901,14.8264105],[-90.9184899,14.8191025],[-90.9083337,14.8162502],[-90.9111901,14.8264105]],[[-90.768791,15.9870713],[-90.7756514,16.0011134],[-90.7944665,15.9844305],[-90.7750004,15.9745835],[-90.768791,15.9870713]],[[-90.4918321,14.7685105],[-90.5093998,14.7645737],[-90.5014896,14.7293076],[-90.5170517,14.7185644]],[[-90.5170517,14.7185644],[-90.52211,14.7113152],[-90.5246887,14.7084866],[-90.5250168,14.7056522]],[[-90.5250168,14.7056522],[-90.5253525,14.6991825],[-90.5227737,14.6927147],[-90.5209198,14.6907902],[-90.5161133,14.6889334],[-90.5158157,14.6863003],[-90.5186768,14.6822376],[-90.5240936,14.6801023],[-90.5281525,14.6777544],[-90.5319977,14.6698627],[-90.5321884,14.6674299],[-90.5292664,14.6632614]],[[-90.5292664,14.6632614],[-90.5256271,14.666153],[-90.5115204,14.6735458],[-90.5053329,14.6750231],[-90.4978333,14.6745434],[-90.4843826,14.6713552],[-90.4824524,14.6736488],[-90.4805603,14.6803036],[-90.4766006,14.6829386],[-90.4756927,14.684989],[-90.4714508,14.6865158],[-90.470787,14.6913147],[-90.46698,14.6923819],[-90.4617615,14.6917677],[-90.4590759,14.6939344],[-90.458374,14.6959391],[-90.4539871,14.7004938],[-90.4518585,14.7040911]],[[-90.4750004,14.7329168],[-90.4858321,14.7375514],[-90.4783369,14.751854],[-90.4750004,14.7329168]],[[-90.6394112,14.5691736],[-90.6372528,14.5632906],[-90.6329651,14.561758],[-90.6311188,14.5643339],[-90.6301651,14.5679827],[-90.631612,14.575912]],[[-90.631612,14.575912],[-90.6380375,14.5709539],[-90.6394112,14.5691736]],[[-90.6280699,14.5796765],[-90.6218262,14.5777149],[-90.6142197,14.579071],[-90.6128235,14.5808611]],[[-90.6128235,14.5808611],[-90.6123276,14.5835485],[-90.6136322,14.5881529],[-90.6170654,14.5895081],[-90.623753,14.5909576]],[[-90.623753,14.5909576],[-90.6280699,14.5796765]],[[-90.6747603,14.6183892],[-90.6785591,14.616546]],[[-90.679451,14.61133],[-90.6755066,14.6086817],[-90.6716156,14.6052065],[-90.6710434,14.6021252],[-90.6727753,14.5980158],[-90.6732635,14.594245],[-90.673172,14.5871878],[-90.6724319,14.5826244]],[[-90.6724319,14.5826244],[-90.667984,14.5790567]],[[-90.667984,14.5790567],[-90.6670074,14.581336],[-90.6642685,14.5830212],[-90.6612854,14.5832663],[-90.6540475,14.5821065]],[[-90.6540475,14.5821065],[-90.6555261,14.5921372],[-90.6337303,14.595357]],[[-90.6337303,14.595357],[-90.6364288,14.598321],[-90.6383743,14.6057291],[-90.6382446,14.6103106],[-90.6369076,14.6120089]],[[-90.6369076,14.6120089],[-90.6382246,14.6119818],[-90.6475172,14.6216541]],[[-91.7423262,15.8107692],[-91.7619632,15.8004827],[-91.7500004,15.7912502],[-91.7423262,15.8107692]],[[-91.6597101,16.0794795],[-91.6663858,16.0795423],[-91.6684899,16.0774359],[-91.6583337,16.0745835],[-91.6597101,16.0794795]],[[-90.7132528,14.6585556],[-90.7198978,14.6619777],[-90.7302987,14.6621905]],[[-90.7302987,14.6621905],[-90.7303696,14.6594429],[-90.7292404,14.6545515]],[[-91.3640384,14.3028672],[-91.3787032,14.2887396],[-91.3583337,14.2829168],[-91.3640384,14.3028672]],[[-92.1230144,14.6841681],[-92.1180692,14.6967483]],[[-92.1242548,14.7071878],[-92.1380375,14.7042873],[-92.1452966,14.6948797],[-92.1466599,14.6925859],[-92.1475601,14.6665297],[-92.1491044,14.662215],[-92.1455895,14.6627345],[-92.1333337,14.6579168],[-92.1252548,14.6784687]],[[-90.4294196,14.5775179],[-90.4334578,14.587387]],[[-90.4286209,14.5448972],[-90.4246097,14.5515448],[-90.4130375,14.5365464],[-90.3774011,14.5292873],[-90.3816328,14.5579168],[-90.3785323,14.5788804],[-90.3824304,14.5948797],[-90.3952966,14.578213],[-90.4243632,14.5715013]],[[-90.4293594,14.545207],[-90.4286209,14.5448972]],[[-90.392198,14.617916],[-90.4109053,14.6027451],[-90.3833337,14.5995835],[-90.3807621,14.6053452],[-90.3671277,14.6114327]],[[-90.3671277,14.6114327],[-90.3811111,14.6125612],[-90.3851395,14.613472],[-90.3910065,14.6180038]],[[-90.3910065,14.6180038],[-90.392198,14.617916]],[[-90.2290043,15.2431789],[-90.2446211,15.2353379],[-90.2250004,15.2245835],[-90.2290043,15.2431789]],[[-91.4583848,14.9746466],[-91.4583435,14.9714661],[-91.453911,14.9690601]],[[-91.453911,14.9690601],[-91.4583848,14.9746466]],[[-91.5083337,14.9912502],[-91.5137563,14.99457]],[[-91.5137563,14.99457],[-91.5113831,14.9922113],[-91.5082379,14.9909094]],[[-91.5082379,14.9909094],[-91.5083337,14.9912502]],[[-91.5083337,14.9912502],[-91.5064899,14.9907323]],[[-91.5064899,14.9907323],[-91.5016174,14.991683],[-91.4999847,14.9931793],[-91.4964218,15.000699],[-91.4942474,15.0065212],[-91.4908665,15.0089891]],[[-91.4908665,15.0089891],[-91.4924971,15.0110255],[-91.5083337,14.9912502]],[[-91.5045251,15.0434963],[-91.5191654,15.0362941],[-91.5000004,15.0329168],[-91.5045251,15.0434963]],[[-91.3995283,15.0611558],[-91.4202966,15.0377793],[-91.391667,15.0329168],[-91.3995283,15.0611558]],[[-91.5038615,14.5646392],[-91.5138675,14.5664536],[-91.5227796,14.5614812]],[[-91.5227796,14.5614812],[-91.5198669,14.5600243],[-91.5156097,14.5620565],[-91.509819,14.5577831],[-91.5073242,14.5581207],[-91.5047607,14.5620422],[-91.5038615,14.5646392]],[[-91.5083337,14.5985008],[-91.5106659,14.5986319],[-91.5148849,14.5965834],[-91.5171432,14.5978889],[-91.5162363,14.6079168]],[[-91.5162363,14.6079168],[-91.5333337,14.6079168],[-91.5333337,14.5745835],[-91.5083337,14.5745835],[-91.5083337,14.5985008]],[[-91.1001051,14.6914411],[-91.1029511,14.6923456],[-91.1081772,14.69627],[-91.1097336,14.6967592],[-91.1157573,14.7016861]],[[-91.1157573,14.7016861],[-91.1196211,14.6954697],[-91.119606,14.6954665],[-91.1001051,14.6914411]],[[-89.8851328,16.9041328],[-89.8717452,16.9161118],[-89.9016699,16.9266359]],[[-89.9016699,16.9266359],[-89.8998795,16.9237766],[-89.8974686,16.9219036],[-89.8936844,16.920351],[-89.8937759,16.9173756],[-89.8964921,16.9051063]],[[-89.8964921,16.9051063],[-89.8926089,16.9040149]],[[-89.8926089,16.9040149],[-89.8851328,16.9041328]],[[-91.2837917,14.6829168],[-91.2836533,14.6922827],[-91.2826386,14.6934214]],[[-91.2826386,14.6934214],[-91.2866974,14.6970367],[-91.2872743,14.6995835]],[[-91.2872743,14.6995835],[-91.291667,14.6995835],[-91.291667,14.6829168],[-91.2837917,14.6829168]],[[-90.0832022,13.8679791],[-90.100334,13.8863185],[-90.091488,13.8468817],[-90.0881424,13.850832],[-90.0832022,13.8679791]],[[-90.6441637,14.4305059],[-90.6440659,14.440115],[-90.6479797,14.4466209],[-90.6492615,14.4523134],[-90.6532423,14.4564828]],[[-90.6532423,14.4564828],[-90.6562178,14.4360337],[-90.7370365,14.3918239],[-90.7210697,14.3806178],[-90.6870365,14.394957],[-90.6462976,14.42921],[-90.6441637,14.4305059]],[[-90.7946957,14.4852589],[-90.7973862,14.4849243],[-90.8013077,14.489769],[-90.8093872,14.4929047],[-90.8139454,14.494208]],[[-90.8139454,14.494208],[-90.8057946,14.4775132],[-90.8000004,14.4745835],[-90.7946957,14.4852589]],[[-91.7000004,14.9412502],[-91.6980306,14.9342437]],[[-91.6980306,14.9342437],[-91.6957932,14.9367199],[-91.6923335,14.9390969]],[[-91.6923335,14.9390969],[-91.7000004,14.9412502]],[[-91.7000004,14.9412502],[-91.7033369,14.9601873],[-91.7108321,14.9458848],[-91.7000004,14.9412502]],[[-91.7278568,14.9680771],[-91.7351566,14.9607692],[-91.7250004,14.9579168],[-91.7278568,14.9680771]],[[-91.7497386,14.9612712],[-91.7402266,14.9678371],[-91.7437735,14.9702848]],[[-91.7437735,14.9702848],[-91.7462845,14.9676847],[-91.7497386,14.9612712]],[[-90.316667,14.2829168],[-90.2978275,14.255626],[-90.2636153,14.2461818],[-90.2886641,14.278502],[-90.316667,14.2829168]],[[-90.316667,14.2829168],[-90.316667,14.2912502],[-90.3250004,14.2912502]],[[-90.3250004,14.2912502],[-90.3250004,14.2829168],[-90.316667,14.2829168]],[[-90.3250004,14.2912502],[-90.3278568,14.3014105],[-90.3351566,14.2941025],[-90.3250004,14.2912502]],[[-91.3184921,15.7941646],[-91.3208389,15.7962132],[-91.330981,15.807677]],[[-91.330981,15.807677],[-91.3282963,15.7957098],[-91.3184921,15.7941646]],[[-90.8373376,14.2515122],[-90.8529545,14.2436712],[-90.8333337,14.2329168],[-90.8373376,14.2515122]],[[-90.7882653,14.2628485],[-90.7477054,14.2707668],[-90.7632653,14.2946519],[-90.7700687,14.3211818],[-90.794792,14.3382513],[-90.8084151,14.3351955],[-90.8013675,14.3037502],[-90.8051029,14.2870835],[-90.7998213,14.2635483],[-90.791667,14.2579168],[-90.7882653,14.2628485]],[[-91.7611901,14.7097438],[-91.7684899,14.7024359],[-91.7583337,14.6995835],[-91.7611901,14.7097438]],[[-90.3995438,14.341073],[-90.3977091,14.3445859]],[[-90.3977091,14.3445859],[-90.4007415,14.3430959]],[[-90.4007415,14.3430959],[-90.3995438,14.341073]],[[-91.2114444,14.7719031],[-91.214071,14.7696396],[-91.210399,14.7670359]],[[-92.0027799,14.713823],[-92.0365075,14.7031927],[-91.9833337,14.6995835],[-91.9915158,14.7128676]],[[-91.8584733,14.7178628],[-91.8605804,14.7172165],[-91.8680191,14.7171249],[-91.8748398,14.7182407],[-91.8801575,14.7159109],[-91.8858261,14.7173397]],[[-91.8858261,14.7173397],[-91.9063561,14.7039699],[-91.8950687,14.6961818],[-91.8848636,14.6813909],[-91.8750004,14.6745835],[-91.8715987,14.6795151],[-91.8320072,14.6896714],[-91.8215987,14.7040635],[-91.8584733,14.7178628]],[[-90.814949,14.62428],[-90.8184128,14.6226883],[-90.8263702,14.6313705],[-90.8358383,14.6380472],[-90.8381729,14.640378],[-90.8426819,14.6468143],[-90.8452759,14.6487741],[-90.8508987,14.6502104],[-90.8560791,14.6539793],[-90.8604431,14.6544504],[-90.8666024,14.6535772]],[[-90.8666024,14.6535772],[-90.8744331,14.6537371]],[[-90.8744331,14.6537371],[-90.878212,14.6459131],[-90.881073,14.6420364],[-90.8839417,14.6392384],[-90.8866727,14.6344036]],[[-90.8866727,14.6344036],[-90.8482344,14.6475612],[-90.8373295,14.6370835],[-90.8540856,14.6209865],[-90.8457604,14.6118312],[-90.8290856,14.6121689],[-90.8175024,14.6043168]],[[-90.8175024,14.6043168],[-90.8156891,14.6110582],[-90.814949,14.62428]],[[-90.5170517,14.7185644],[-90.5190189,14.7172064],[-90.566667,14.7278875],[-90.6030371,14.7197347]],[[-90.6030371,14.7197347],[-90.6018982,14.7180347],[-90.597641,14.7153168],[-90.5913239,14.7144814],[-90.5864105,14.7133141],[-90.5772934,14.7127094],[-90.5686417,14.7128096],[-90.5605469,14.7140541],[-90.5510788,14.7139597],[-90.5408936,14.7162685]],[[-90.5408936,14.7162685],[-90.536171,14.7172451],[-90.5320435,14.7171717],[-90.5299759,14.7156229],[-90.5303421,14.7132387],[-90.5369492,14.7079792]],[[-90.5369492,14.7079792],[-90.5361786,14.7071867],[-90.5308228,14.7059078],[-90.5250168,14.7056522]],[[-90.6083337,14.7662502],[-90.6102693,14.7667938]],[[-90.6102693,14.7667938],[-90.6079636,14.7630568],[-90.6079483,14.760623],[-90.6120071,14.7561169],[-90.6193848,14.7466269],[-90.6201935,14.744339],[-90.6189633,14.7339082]],[[-90.6189633,14.7339082],[-90.6030847,14.7448756],[-90.6083337,14.7662502]],[[-90.6083337,14.7662502],[-90.5959151,14.7781805],[-90.5989613,14.7846422]],[[-90.5989613,14.7846422],[-90.6004868,14.7845039],[-90.6038513,14.7820511],[-90.6060028,14.7787018],[-90.6097191,14.7711779]],[[-90.6097191,14.7711779],[-90.6083337,14.7662502]],[[-91.266667,14.6885201],[-91.2679138,14.6894379],[-91.2689056,14.693017],[-91.2717056,14.6949453],[-91.275238,14.691721],[-91.2786713,14.693965],[-91.2826386,14.6934214]],[[-91.2837917,14.6829168],[-91.266667,14.6829168],[-91.266667,14.6885201]],[[-92.0631595,15.2530055],[-92.0869632,15.2325547],[-92.0583337,15.2245835],[-92.0631595,15.2530055]],[[-92.2109827,15.2673393],[-92.214325,15.2620831],[-92.2116222,15.2588404],[-92.2083337,15.2579168],[-92.2109827,15.2673393]],[[-91.0922204,15.3004868],[-91.1111332,15.2864243],[-91.0833337,15.2829168],[-91.0922204,15.3004868]],[[-90.4766361,15.0880519],[-90.4940433,15.0940496],[-90.5027998,15.0785142],[-90.4833337,15.0745835],[-90.4766361,15.0880519]],[[-91.630151,14.5893912],[-91.6300052,14.5900213],[-91.6591963,14.5826645],[-91.6634633,14.570908]],[[-91.6554476,14.527143],[-91.6533288,14.5279119],[-91.6466719,14.546255],[-91.6409183,14.5548714]],[[-91.6409183,14.5548714],[-91.640007,14.5581579],[-91.6374741,14.5617733],[-91.6363449,14.5652275],[-91.636322,14.5689859],[-91.6340813,14.5724016]],[[-91.6340813,14.5724016],[-91.6321014,14.58096]],[[-91.6321014,14.58096],[-91.6322174,14.5834198],[-91.630151,14.5893912]],[[-91.1307449,14.9485397],[-91.1282883,14.9516544],[-91.1207073,14.9579747]],[[-91.1207073,14.9579747],[-91.1333737,14.9523237]],[[-91.1333737,14.9523237],[-91.1307449,14.9485397]],[[-91.1024276,14.9661299],[-91.0968316,14.967513]],[[-91.0968316,14.967513],[-91.0970869,14.9685125],[-91.1024276,14.9661299]],[[-91.0611901,15.0180771],[-91.0684899,15.0107692],[-91.0583337,15.0079168],[-91.0611901,15.0180771]],[[-91.0988161,15.0228218],[-91.0942712,15.0259588],[-91.096051,15.0338985]],[[-91.096051,15.0338985],[-91.0988161,15.0228218]],[[-91.9111901,14.9347438],[-91.9184899,14.9274359],[-91.9083337,14.9245835],[-91.9111901,14.9347438]],[[-90.775797,14.7382741],[-90.7788239,14.7371483],[-90.781517,14.7386951],[-90.7853775,14.737112],[-90.7860794,14.7343359],[-90.7885798,14.7351092]],[[-90.7885798,14.7351092],[-90.7957523,14.7203354],[-90.8125817,14.7121649],[-90.8207523,14.7036688],[-90.8542484,14.6788315],[-90.8666024,14.6535772]],[[-90.7807191,14.7238885],[-90.775797,14.7382741]],[[-91.6276738,14.5970752],[-91.624054,14.59972],[-91.6215897,14.5998745],[-91.617569,14.604331],[-91.6178076,14.6069346]],[[-91.6178076,14.6069346],[-91.6288415,14.5974269],[-91.6276738,14.5970752]],[[-91.5738203,14.6272963],[-91.591129,14.633329]],[[-91.591129,14.633329],[-91.5952454,14.6288996],[-91.5991974,14.627841],[-91.6019745,14.6257553],[-91.6060759,14.6254766]],[[-91.6060759,14.6254766],[-91.6118214,14.6126027]],[[-91.6118214,14.6126027],[-91.6046066,14.6157351],[-91.6016541,14.6163788],[-91.5895157,14.6231747],[-91.5853424,14.6246576],[-91.5738203,14.6272963]],[[-91.549796,14.6506417],[-91.5782556,14.6450547],[-91.5545771,14.6430493]],[[-90.3390222,15.3136012],[-90.3225427,15.3212795],[-90.3687992,15.3272324],[-90.3596765,15.3113185],[-90.341667,15.3079168],[-90.3390222,15.3136012]],[[-90.2083337,14.7912502],[-90.1978438,14.7790716],[-90.191667,14.7995835]],[[-90.191667,14.7995835],[-90.2083337,14.7912502]],[[-90.2083337,14.7912502],[-90.2111901,14.8014105],[-90.2184899,14.7941025],[-90.2083337,14.7912502]],[[-90.191667,14.7995835],[-90.1727299,14.8029201],[-90.1870284,14.8104152],[-90.191667,14.7995835]],[[-90.2778568,14.8180771],[-90.2851566,14.8107692],[-90.2750004,14.8079168],[-90.2778568,14.8180771]],[[-90.6843936,14.6137151],[-90.6876306,14.6121445],[-90.6790612,14.5870957],[-90.6802648,14.5823979]],[[-90.6802648,14.5823979],[-90.6724319,14.5826244]],[[-91.6927869,15.472606],[-91.6950036,15.4851873],[-91.702431,15.4710141]],[[-91.702431,15.4710141],[-91.6988525,15.4708643],[-91.6927869,15.472606]],[[-91.4409637,14.5378189],[-91.4474792,14.5385218],[-91.4498978,14.540678],[-91.451004,14.5437412],[-91.4512405,14.5480623],[-91.4546204,14.5513792],[-91.4576645,14.5516148],[-91.4623871,14.549736],[-91.4645615,14.5476875],[-91.4643021,14.5401392],[-91.4658127,14.5396738],[-91.469696,14.542531],[-91.4719849,14.5383978],[-91.4760056,14.537569]],[[-91.4760056,14.537569],[-91.4766464,14.5340109],[-91.4758682,14.5294828],[-91.4753494,14.521369],[-91.4741757,14.5187671]],[[-91.4741757,14.5187671],[-91.4430423,14.5301987],[-91.4339244,14.529466]],[[-91.4339244,14.529466],[-91.4394608,14.5371132],[-91.4409637,14.5378189]],[[-91.8028568,15.1264105],[-91.8101566,15.1191025],[-91.8000004,15.1162502],[-91.8028568,15.1264105]],[[-91.4770918,15.843598],[-91.4862878,15.8288031],[-91.466667,15.8245835],[-91.4770918,15.843598]],[[-91.1001051,14.6914411],[-91.1104252,14.7102646],[-91.1157573,14.7016861]],[[-91.1256926,14.7189681],[-91.116667,14.7162502],[-91.130111,14.7377956],[-91.1285502,14.757234]],[[-91.1285502,14.757234],[-91.1379929,14.7508612],[-91.1398697,14.7470551],[-91.1400681,14.7435408],[-91.1384811,14.7379284]],[[-91.1384811,14.7379284],[-91.1359177,14.7355766],[-91.1314011,14.7290506],[-91.1297684,14.725028],[-91.1256926,14.7189681]],[[-90.3878584,15.1018296],[-90.4024987,15.0946274],[-90.3833337,15.0912502],[-90.3878584,15.1018296]],[[-91.4954337,14.5631109],[-91.5038615,14.5646392]],[[-91.5227796,14.5614812],[-91.530317,14.5572758]],[[-91.530317,14.5572758],[-91.5327682,14.5543919],[-91.5326996,14.5499754],[-91.5336456,14.5445356],[-91.5338058,14.5399828],[-91.5360489,14.5344772],[-91.5389175,14.5309601],[-91.5424293,14.5237667]],[[-91.5424293,14.5237667],[-91.5378096,14.5034409],[-91.5263347,14.4999853]],[[-91.5263347,14.4999853],[-91.5259552,14.5035343],[-91.5238953,14.5086689],[-91.5235291,14.5139647],[-91.5197449,14.5209656],[-91.5174866,14.5219383],[-91.516219,14.521049]],[[-91.516219,14.521049],[-91.4766198,14.5178696],[-91.4741757,14.5187671]],[[-91.4760056,14.537569],[-91.472847,14.5447645],[-91.4729919,14.5515423],[-91.4737625,14.5544062],[-91.4780045,14.5580482],[-91.4812469,14.5585442],[-91.4827347,14.557477],[-91.4833069,14.551548],[-91.487915,14.5529594],[-91.492691,14.5569677],[-91.4954337,14.5631109]],[[-90.9640384,14.3195339],[-90.9787032,14.3054062],[-90.9583337,14.2995835],[-90.9640384,14.3195339]],[[-90.991667,14.3329168],[-90.9888106,14.3227565],[-90.9815108,14.3300645],[-90.991667,14.3329168]],[[-90.991667,14.3329168],[-90.9939863,14.3419527]],[[-90.9939863,14.3419527],[-91.0020599,14.3310862],[-91.0011292,14.3270779],[-91.0086288,14.3247805],[-91.0129058,14.3192141]],[[-91.0129058,14.3192141],[-91.0117354,14.3196519],[-90.991667,14.3329168]],[[-89.9016699,16.9266359],[-89.9050785,16.9278346],[-89.9221521,16.9395249],[-89.9532556,16.9206691],[-89.9363773,16.8960312],[-89.9166312,16.8913061]],[[-89.9166312,16.8913061],[-89.9171371,16.8963814],[-89.9159088,16.9016438],[-89.9155807,16.9085579],[-89.9134598,16.9108582],[-89.9112854,16.9104366],[-89.906206,16.9075885]],[[-89.906206,16.9075885],[-89.8964921,16.9051063]],[[-91.591129,14.633329],[-91.6010339,14.6367742],[-91.6060759,14.6254766]],[[-89.6675225,14.1859596],[-89.6695235,14.1930771],[-89.6721439,14.1904538]],[[-91.5945235,15.7097438],[-91.6018233,15.7024359],[-91.591667,15.6995835],[-91.5945235,15.7097438]],[[-91.5611901,14.3097438],[-91.5684899,14.3024359],[-91.5583337,14.2995835],[-91.5611901,14.3097438]],[[-91.530317,14.5572758],[-91.5404138,14.5516424],[-91.5774906,14.5546209],[-91.581323,14.551319]],[[-91.581323,14.551319],[-91.5844193,14.5414448],[-91.5878383,14.5370933]],[[-91.5878383,14.5370933],[-91.5870973,14.5278635],[-91.5869508,14.5260391],[-91.5866836,14.5227118]],[[-91.5866836,14.5227118],[-91.5843582,14.5182714],[-91.5829773,14.5138359],[-91.5816448,14.5012056]],[[-91.5816448,14.5012056],[-91.5788578,14.5034409],[-91.5640466,14.5366237],[-91.5456872,14.5381007],[-91.5424293,14.5237667]],[[-90.8695235,15.3514105],[-90.8768233,15.3441025],[-90.866667,15.3412502],[-90.8695235,15.3514105]],[[-90.5369492,14.7079792],[-90.5432281,14.7039042],[-90.5472565,14.7002449],[-90.5504684,14.6951265],[-90.556427,14.6886711],[-90.5604935,14.6855574],[-90.5643463,14.6833973],[-90.5697632,14.6824026],[-90.5758362,14.6801872],[-90.5774994,14.6789827],[-90.5802307,14.6745214],[-90.5850449,14.6700249],[-90.5916595,14.66749],[-90.5970535,14.6669025],[-90.6063004,14.6617489],[-90.6093445,14.6613779],[-90.6159439,14.6647062],[-90.6180649,14.6652117],[-90.6244431,14.6648617],[-90.6287204,14.663077]],[[-90.6287204,14.663077],[-90.6292484,14.6370835],[-90.6287438,14.6121771],[-90.6369076,14.6120089]],[[-90.6337303,14.595357],[-90.6213708,14.5971828],[-90.623753,14.5909576]],[[-90.6128235,14.5808611],[-90.604866,14.5790682],[-90.6025925,14.5771732],[-90.5976105,14.5749798],[-90.5889893,14.5752745],[-90.5811615,14.5777969],[-90.5789948,14.5774775]],[[-90.5789948,14.5774775],[-90.5774155,14.5794344],[-90.5763168,14.586812],[-90.5733261,14.5906076],[-90.5721054,14.5951824],[-90.5723267,14.6103277],[-90.5741882,14.6196432],[-90.5727386,14.6267605],[-90.5672226,14.6291809],[-90.5658493,14.6311827],[-90.5654602,14.6343765],[-90.5666733,14.6413116],[-90.5660248,14.6475029],[-90.5632095,14.6496019],[-90.558754,14.6506729],[-90.5530243,14.6503124],[-90.5469894,14.6513424],[-90.5328674,14.6576109],[-90.5300064,14.6612253],[-90.5292664,14.6632614]],[[-91.091667,14.8329168],[-91.0833337,14.8212917],[-91.0750004,14.8329168]],[[-91.0750004,14.8329168],[-91.091667,14.8329168]],[[-91.091667,14.8329168],[-91.0945235,14.8430771],[-91.1018233,14.8357692],[-91.091667,14.8329168]],[[-91.0750004,14.8329168],[-91.0648441,14.8357692],[-91.0721439,14.8430771],[-91.0750004,14.8329168]],[[-91.1293575,14.8602809],[-91.1301517,14.8701483],[-91.1152917,14.8829494],[-91.0878096,14.9322007],[-91.0968316,14.967513]],[[-91.1024276,14.9661299],[-91.1207073,14.9579747]],[[-91.1307449,14.9485397],[-91.1315258,14.9470428]],[[-91.1315258,14.9470428],[-91.1093509,14.9072983],[-91.153172,14.869542]],[[-91.6334107,14.8326169],[-91.6337003,14.8326637]],[[-91.6337003,14.8326637],[-91.6606612,14.8140488],[-91.6406254,14.8045151],[-91.6334107,14.8326169]],[[-91.8697137,15.0754391],[-91.866667,15.0745835],[-91.8696597,15.0846074]],[[-91.8696597,15.0846074],[-91.8697137,15.0754391]],[[-91.9278568,15.1680771],[-91.9351566,15.1607692],[-91.9250004,15.1579168],[-91.9278568,15.1680771]],[[-91.7831143,14.9417529],[-91.7838974,14.9426022],[-91.7865295,14.9516745],[-91.7916565,14.9640074],[-91.7956619,14.969202],[-91.8038483,14.9762297],[-91.8091273,14.9817634]],[[-91.8091273,14.9817634],[-91.8117354,14.9779852],[-91.8285892,14.9663519],[-91.8319975,14.9574498]],[[-91.8319975,14.9574498],[-91.8187943,14.9495516],[-91.8134079,14.9475451],[-91.807914,14.9432894]],[[-91.807914,14.9432894],[-91.7831143,14.9417529]],[[-91.2188876,14.6599116],[-91.2202911,14.6589441],[-91.2201996,14.6559372],[-91.2221069,14.6542549],[-91.2253265,14.6545906],[-91.2246933,14.6511583],[-91.2260132,14.649127],[-91.228422,14.6490898]],[[-91.228422,14.6490898],[-91.2297807,14.64577]],[[-91.2297807,14.64577],[-91.2275314,14.6437817],[-91.2282028,14.6402082],[-91.2321304,14.6400288]],[[-91.2321304,14.6400288],[-91.2344905,14.6342622]],[[-91.2344905,14.6342622],[-91.2314911,14.6315699],[-91.2325897,14.6271744],[-91.2374191,14.6241055],[-91.2388237,14.6200999]],[[-91.2388237,14.6200999],[-91.2250004,14.6162502],[-91.2130375,14.6459539],[-91.2026859,14.6539414],[-91.2188876,14.6599116]],[[-91.1602447,14.6647141],[-91.1632385,14.6637974],[-91.163743,14.6655214]],[[-91.163743,14.6655214],[-91.1684899,14.6607692],[-91.1583337,14.6579168],[-91.1586615,14.6590828],[-91.159138,14.6607779],[-91.1592775,14.6612739],[-91.1599483,14.6636601],[-91.1602447,14.6647141]],[[-91.4409637,14.5378189],[-91.4421921,14.5440474],[-91.4442139,14.5477219],[-91.4442148,14.553823]],[[-91.4442148,14.553823],[-91.4954337,14.5631109]],[[-91.4562038,14.5976831],[-91.4787032,14.5825628],[-91.4583337,14.5662502],[-91.4546309,14.5708766],[-91.4471138,14.5768955]],[[-91.4471138,14.5768955],[-91.4529114,14.5800915],[-91.4584732,14.5817013],[-91.4605713,14.5850811],[-91.4599075,14.5909977],[-91.4581223,14.5935745],[-91.4541855,14.5975418]],[[-91.4541855,14.5975418],[-91.4562038,14.5976831]],[[-91.6333337,14.8329168],[-91.6337003,14.8326637]],[[-91.6334107,14.8326169],[-91.6333337,14.8329168]],[[-91.6333337,14.8329168],[-91.6043786,14.8457708],[-91.5958337,14.8450832],[-91.5933805,14.8452802]],[[-91.5933805,14.8452802],[-91.5989761,14.8540459],[-91.6045227,14.8615417]],[[-91.6045227,14.8615417],[-91.6167221,14.8612185],[-91.620079,14.8639622],[-91.6237106,14.8637552],[-91.63134,14.8613997],[-91.6345867,14.8599433]],[[-91.6345867,14.8599433],[-91.6333337,14.8329168]],[[-91.4583848,14.9746466],[-91.4657474,14.9838405],[-91.4796309,14.994957],[-91.4908665,15.0089891]],[[-91.5064899,14.9907323],[-91.4981774,14.9883978],[-91.5054772,14.9810898],[-91.5082379,14.9909094]],[[-91.5137563,14.99457],[-91.5296879,15.0043239],[-91.5289961,14.986937],[-91.5379317,14.9786566],[-91.5040043,14.9705755],[-91.477515,14.96129],[-91.4626631,14.9452581],[-91.4461592,14.9299749],[-91.4472575,14.9286151]],[[-91.4199142,14.9229698],[-91.4187241,14.9246693],[-91.412735,14.9292831],[-91.4064865,14.9390936],[-91.4055176,14.9429188],[-91.4075291,14.9455184]],[[-91.4075291,14.9455184],[-91.4125004,14.9449001],[-91.4370039,14.9479477],[-91.453911,14.9690601]],[[-90.016667,14.9079168],[-90.0352097,14.9046498],[-90.0352097,14.9043734],[-90.0213057,14.8970851],[-90.016667,14.9079168]],[[-90.016667,14.9079168],[-90.0034021,14.9113185],[-89.9965987,14.9280666],[-90.0354333,14.9363185],[-90.016667,14.9079168]],[[-90.8744331,14.6537371],[-90.8955895,14.6541693],[-90.9044112,14.6449977],[-90.9165305,14.6452446]],[[-90.9165305,14.6452446],[-90.9155579,14.6403484],[-90.9120255,14.6340542],[-90.9063556,14.6276661]],[[-90.9063556,14.6276661],[-90.8866727,14.6344036]],[[-89.8422204,14.6754868],[-89.8611332,14.6614243],[-89.8333337,14.6579168],[-89.8422204,14.6754868]],[[-91.2869241,15.3424191],[-91.2872581,15.3465634]],[[-91.3391653,15.345321],[-91.3455244,15.3434108],[-91.3000004,15.3245835],[-91.2961429,15.3290594],[-91.2891509,15.3350821]],[[-91.4230477,15.3562671],[-91.4291229,15.3563051],[-91.4357758,15.3548145],[-91.4462433,15.351202],[-91.4529114,15.3501377],[-91.4630127,15.3544588],[-91.4717937,15.3607954]],[[-91.4717937,15.3607954],[-91.4750004,15.3495835],[-91.4648441,15.3467311],[-91.4721439,15.3394232],[-91.4750004,15.3495835],[-91.4962976,15.3458766],[-91.5120365,15.3387396],[-91.4714033,15.3271226],[-91.4458337,15.3303045],[-91.4047855,15.3251979],[-91.4230477,15.3562671]],[[-90.5408936,14.7162685],[-90.5478287,14.7062778],[-90.5530472,14.7011662],[-90.556633,14.6968012],[-90.5625534,14.6911936],[-90.565094,14.6901865],[-90.5692596,14.6900177],[-90.5737305,14.6878967],[-90.5803833,14.6817656],[-90.5835495,14.6796761],[-90.5889816,14.6775331],[-90.5966492,14.6772299],[-90.600029,14.6763182],[-90.6088638,14.6765099],[-90.6150055,14.6800117],[-90.6220932,14.6870575],[-90.6236725,14.6896086],[-90.6240234,14.6941776],[-90.6277161,14.6938114],[-90.6330872,14.6903076],[-90.6388931,14.689827],[-90.6409683,14.6911316],[-90.6445618,14.6948566],[-90.6502304,14.6960487],[-90.6524734,14.6950197],[-90.6542435,14.6927004],[-90.6568832,14.6870289],[-90.6592956,14.6853065]],[[-90.6592956,14.6853065],[-90.6542484,14.6786688],[-90.6285729,14.6703354],[-90.6287204,14.663077]],[[-91.4427767,14.8580785],[-91.4509923,14.8592754]],[[-91.4509923,14.8592754],[-91.4558258,14.8550758],[-91.4637604,14.8531361],[-91.471138,14.8538399]],[[-91.471138,14.8538399],[-91.4724808,14.8469696],[-91.4714584,14.8431225],[-91.468399,14.8420115],[-91.464798,14.8419685],[-91.4607391,14.8388624],[-91.4590454,14.8306017],[-91.4589005,14.8254557],[-91.4609375,14.8217955]],[[-91.4609832,14.8217523],[-91.4597904,14.8215114],[-91.4711702,14.7990171]],[[-91.474556,14.7909317],[-91.4719696,14.787076],[-91.4688568,14.7892447],[-91.463068,14.7896933]],[[-91.463068,14.7896933],[-91.4300541,14.8090968],[-91.4211429,14.8290594],[-91.4157612,14.838706]],[[-91.4157612,14.838706],[-91.4193802,14.8441391],[-91.4224472,14.8472214],[-91.4287109,14.8501072],[-91.4321289,14.8524361],[-91.4384918,14.8550806],[-91.4427767,14.8580785]],[[-91.1467802,15.3938367],[-91.141667,15.3912502],[-91.1354577,15.4037379],[-91.1408423,15.4147594]],[[-91.1408423,15.4147594],[-91.14505,15.4091301],[-91.1462402,15.3960009],[-91.1467802,15.3938367]],[[-91.0295251,15.4434963],[-91.0441654,15.4362941],[-91.0250004,15.4329168],[-91.0295251,15.4434963]],[[-91.8445235,15.2430771],[-91.8518233,15.2357692],[-91.841667,15.2329168],[-91.8445235,15.2430771]],[[-91.6409183,14.5548714],[-91.6366621,14.5612453],[-91.6340813,14.5724016]],[[-91.6321014,14.58096],[-91.630151,14.5893912]],[[-91.6250686,14.5962906],[-91.6083337,14.5912502],[-91.6006188,14.600202],[-91.5988591,14.6017185]],[[-91.5988591,14.6017185],[-91.6013718,14.6019154],[-91.610054,14.6008348],[-91.6177216,14.5989571],[-91.6250686,14.5962906]],[[-91.5866836,14.5227118],[-91.5864994,14.5204168],[-91.5884769,14.4957261],[-91.5816448,14.5012056]],[[-91.581323,14.551319],[-91.5884851,14.5451483],[-91.5878383,14.5370933]],[[-90.7875426,14.5414135],[-90.7799606,14.5480137],[-90.7798538,14.5497866],[-90.783905,14.5530796],[-90.7881712,14.5552532]],[[-90.7881712,14.5552532],[-90.7896,14.5495835],[-90.7875426,14.5414135]],[[-90.4033369,15.426854],[-90.4108321,15.4125514],[-90.4000004,15.4079168],[-90.4033369,15.426854]],[[-90.3328552,15.4336948],[-90.3354222,15.4389033]],[[-90.3354222,15.4389033],[-90.3447676,15.4118963],[-90.3426298,15.4115936]],[[-90.3285663,15.4889953],[-90.3401289,15.4856227],[-90.3874353,15.4926173],[-90.4202966,15.4672511],[-90.395085,15.4436794],[-90.3791426,15.4460353],[-90.3500004,15.4412502],[-90.3404489,15.4536263]],[[-90.3404489,15.4536263],[-90.3439255,15.462945],[-90.3436356,15.4651442],[-90.3406372,15.4694214],[-90.3313828,15.4847364],[-90.3285663,15.4889953]],[[-91.4967651,14.882719],[-91.4991226,14.882926],[-91.501709,14.8855772],[-91.5042648,14.8896008],[-91.5088654,14.9022293],[-91.5135623,14.9129091]],[[-91.5135623,14.9129091],[-91.511125,14.8972031],[-91.5375004,14.8950832],[-91.5504479,14.8961208],[-91.5741763,14.8937885]],[[-91.5598145,14.881094],[-91.5568085,14.880724],[-91.552742,14.8764563],[-91.5487823,14.86903],[-91.545517,14.8666582],[-91.5426178,14.8657455],[-91.5332489,14.8668289],[-91.5248184,14.8702888],[-91.5232544,14.8714085],[-91.5171432,14.8732443],[-91.5127411,14.8727789],[-91.5067444,14.8697662],[-91.5006638,14.8702698],[-91.4963608,14.8740578],[-91.4967651,14.882719]],[[-89.6195235,14.6264105],[-89.6268233,14.6191025],[-89.616667,14.6162502],[-89.6195235,14.6264105]],[[-90.775797,14.7382741],[-90.7733809,14.7453354],[-90.7875817,14.7371649],[-90.7885798,14.7351092]],[[-90.7890384,14.7945338],[-90.8037032,14.7804062],[-90.7833337,14.7745835],[-90.7890384,14.7945338]],[[-90.7510691,14.5158498],[-90.7337813,14.5223455],[-90.7052168,14.5567368],[-90.7220707,14.5707423],[-90.7204889,14.5863115]],[[-90.7204889,14.5863115],[-90.7267532,14.58249],[-90.7315903,14.5763569],[-90.735672,14.5738087],[-90.7382889,14.5705566],[-90.743187,14.567893],[-90.7465286,14.5650539],[-90.7519073,14.5634642]],[[-90.7519073,14.5634642],[-90.7524353,14.5631788]],[[-90.7524353,14.5631788],[-90.7538741,14.5465928],[-90.7849841,14.5673652],[-90.7851391,14.567286],[-90.7852008,14.5670411]],[[-90.7852008,14.5670411],[-90.7794189,14.5615597],[-90.7699127,14.5495453]],[[-90.7699127,14.5495453],[-90.7671432,14.544549],[-90.764595,14.5420532],[-90.7618561,14.5408306],[-90.7557831,14.5402031],[-90.7534943,14.5387402],[-90.7521133,14.5280428],[-90.7510691,14.5158498]],[[-92.1528568,14.8514105],[-92.1601566,14.8441025],[-92.1500004,14.8412502],[-92.1528568,14.8514105]],[[-92.091667,14.9162502],[-92.0945235,14.9264105],[-92.1018233,14.9191025],[-92.091667,14.9162502]],[[-92.091667,14.9162502],[-92.0982018,14.8764593],[-92.0649965,14.8964006]],[[-92.0649965,14.8964006],[-92.0619202,14.8984613],[-92.0550995,14.9060049],[-92.0528412,14.9060755],[-92.0472336,14.9024496],[-92.044342,14.9015722],[-92.041835,14.9019956]],[[-92.041835,14.9019956],[-92.0315596,14.9081935],[-92.0333155,14.912339]],[[-92.0333155,14.912339],[-92.037262,14.9118786],[-92.0401306,14.9128933],[-92.0430069,14.9177189],[-92.0426941,14.921504],[-92.0412237,14.9279386]],[[-92.0412237,14.9279386],[-92.091667,14.9162502]],[[-92.1305749,14.9771795],[-92.1454784,14.9650176],[-92.1451416,14.9620323],[-92.1461854,14.9529436],[-92.141667,14.9495835],[-92.1305749,14.9771795]],[[-91.8696597,15.0846074],[-91.8768233,15.0774359],[-91.8697137,15.0754391]],[[-91.4230477,15.3562671],[-91.4251224,15.3597967],[-91.4691735,15.369957],[-91.4717937,15.3607954]],[[-90.7946957,14.4852589],[-90.7895511,14.4956121],[-90.8170122,14.5021625],[-90.817073,14.5006142],[-90.8139454,14.494208]],[[-90.7699127,14.5495453],[-90.7724152,14.5457954],[-90.7725525,14.5357685],[-90.7746124,14.5334091],[-90.7775497,14.5330849],[-90.7841415,14.5379086],[-90.7867179,14.5381385]],[[-90.7867179,14.5381385],[-90.7827071,14.5222113],[-90.7863757,14.5197705]],[[-90.7863757,14.5197705],[-90.7871094,14.5159779],[-90.7900168,14.5142639]],[[-90.7900168,14.5142639],[-90.7817549,14.5043198],[-90.7510691,14.5158498]],[[-89.3748786,14.8250614],[-89.3918461,14.832575],[-89.4028731,14.8098781],[-89.3833337,14.7995835],[-89.380461,14.80504],[-89.3743322,14.8081695]],[[-91.4750004,14.8245835],[-91.4764044,14.8248309]],[[-91.474937,14.8240812],[-91.4750004,14.8245835]],[[-91.4750004,14.8245835],[-91.4616945,14.821896]],[[-91.471138,14.8538399],[-91.4754105,14.8605337],[-91.4791183,14.8686218],[-91.4883118,14.8832378]],[[-91.4883118,14.8832378],[-91.494873,14.8833618],[-91.4967651,14.882719]],[[-91.5759048,14.8535595],[-91.5750556,14.8467516]],[[-91.5750556,14.8467516],[-91.570142,14.8471462],[-91.5523197,14.787938],[-91.5372237,14.7867254],[-91.5184737,14.816653],[-91.5006909,14.80133]],[[-91.491681,14.827523],[-91.4941654,14.8279608],[-91.4795251,14.8351629],[-91.4750004,14.8245835]],[[-91.2491893,14.7372658],[-91.2731576,14.7318914]],[[-91.2731576,14.7318914],[-91.2730026,14.7277174],[-91.2707404,14.7172958]],[[-91.2707404,14.7172958],[-91.2672181,14.7163916]],[[-91.2672181,14.7163916],[-91.2667542,14.7195787],[-91.264122,14.7222099],[-91.2622136,14.721575]],[[-91.2622136,14.721575],[-91.2448727,14.7281613]],[[-92.0333155,14.912339],[-92.0400394,14.928213],[-92.0412237,14.9279386]],[[-91.9909613,14.9245835],[-91.9833337,14.9257994]],[[-91.9833337,14.9257994],[-91.9833337,14.9412502],[-92.016667,14.9412502],[-92.016667,14.9245835],[-91.9909613,14.9245835]],[[-91.9366703,14.976854],[-91.9441654,14.9625514],[-91.9333337,14.9579168],[-91.9366703,14.976854]],[[-91.6151898,14.8885739],[-91.6164169,14.8893423],[-91.621582,14.8886681],[-91.6242599,14.889925],[-91.6283722,14.8936357],[-91.6294479,14.8956442],[-91.6278152,14.9027233],[-91.6250865,14.908093]],[[-91.6250865,14.908093],[-91.6612878,14.9043564],[-91.6362878,14.8966335],[-91.6345867,14.8599433]],[[-91.6045227,14.8615417],[-91.596817,14.8648348],[-91.5882797,14.8668079]],[[-91.5942841,14.875843],[-91.5999527,14.8785868],[-91.6050491,14.8770638],[-91.6063385,14.877387],[-91.6095352,14.8809175],[-91.6095457,14.8829905]],[[-91.6095457,14.8829905],[-91.6189375,14.8879136],[-91.6151898,14.8885739]],[[-89.9702966,14.6459539],[-90.0007816,14.669481],[-90.0119633,14.6261623],[-89.966667,14.6079168],[-89.9702966,14.6459539]],[[-91.4932654,14.7931048],[-91.4811608,14.7790594],[-91.463068,14.7896933]],[[-90.0706709,14.8681789],[-90.0862878,14.8603379],[-90.066667,14.8495835],[-90.0706709,14.8681789]],[[-90.791667,14.5162502],[-90.7900168,14.5142639]],[[-90.7863757,14.5197705],[-90.791667,14.5162502]],[[-90.791667,14.5162502],[-90.7945235,14.5264105],[-90.8018233,14.5191025],[-90.791667,14.5162502]],[[-91.3778568,14.4430771],[-91.3851566,14.4357692],[-91.3750004,14.4329168],[-91.3778568,14.4430771]],[[-90.8660811,14.7423569],[-90.900334,14.7529852],[-90.8937015,14.7234075],[-90.8833337,14.7162502],[-90.8660811,14.7423569]],[[-91.8584733,14.7178628],[-91.875334,14.7241725],[-91.8858261,14.7173397]],[[-89.8926089,16.9040149],[-89.8870202,16.902444],[-89.8851328,16.9041328]],[[-89.9166312,16.8913061],[-89.906206,16.9075885]],[[-90.9717013,14.778612],[-90.9715987,14.7795151],[-90.9563073,14.8029852],[-90.980404,14.7960435],[-90.9873792,14.7853313]],[[-90.6278568,15.1097438],[-90.6351566,15.1024359],[-90.6250004,15.0995835],[-90.6278568,15.1097438]],[[-90.537468,14.5353174],[-90.5404053,14.5388956],[-90.5432358,14.539587],[-90.5468597,14.5416412],[-90.5565414,14.5425396]],[[-90.5565414,14.5425396],[-90.5578461,14.5387096],[-90.5582886,14.5338545],[-90.561821,14.5280056],[-90.5632782,14.5227671],[-90.5663452,14.5194921],[-90.570816,14.5176668],[-90.5732651,14.5155144],[-90.5753708,14.5118904],[-90.5756989,14.5048571],[-90.5770798,14.501832],[-90.5796585,14.4990978],[-90.5802536,14.4961672],[-90.5798721,14.4924078],[-90.5767746,14.485713]],[[-90.5767746,14.485713],[-90.5710449,14.4860144],[-90.5683365,14.4848108],[-90.568573,14.4815884]],[[-90.568573,14.4815884],[-90.5670166,14.4802074],[-90.5637665,14.4795485],[-90.5609055,14.4779196],[-90.5562897,14.4763899],[-90.5518494,14.4740763],[-90.5471344,14.4699183],[-90.543602,14.4716845],[-90.5417786,14.477211],[-90.5385132,14.4812994],[-90.5377884,14.483345],[-90.5381622,14.4873629],[-90.5415421,14.4927158],[-90.5426483,14.4958725],[-90.5423126,14.5012579],[-90.5404739,14.5062771],[-90.5376892,14.5099735],[-90.5380859,14.5139828],[-90.5393372,14.5165806],[-90.5389633,14.5200663],[-90.5399094,14.5246706],[-90.5396347,14.5273924],[-90.5381088,14.5304594],[-90.537468,14.5353174]],[[-91.0950036,14.276854],[-91.1024987,14.2625514],[-91.091667,14.2579168],[-91.0950036,14.276854]],[[-90.9939863,14.3419527],[-90.9985925,14.3598984],[-91.0129235,14.363113],[-91.0408207,14.3414902],[-91.075098,14.3491766],[-91.0531416,14.3208359],[-91.060531,14.2878485],[-91.0450687,14.2946519],[-91.0334069,14.3115464],[-91.0129058,14.3192141]],[[-91.702431,15.4710141],[-91.691667,15.4662502],[-91.6927869,15.472606]],[[-90.6961918,14.7434963],[-90.7108321,14.7362941],[-90.691667,14.7329168],[-90.6961918,14.7434963]],[[-90.5989613,14.7846422],[-90.6042403,14.79584],[-90.6292403,14.7953314],[-90.6494877,14.8057562],[-90.6373701,14.7703761],[-90.687419,14.7222926],[-90.6592956,14.6853065]],[[-90.6030371,14.7197347],[-90.6046228,14.7193792],[-90.6200687,14.7331447],[-90.6189633,14.7339082]],[[-90.6102693,14.7667938],[-90.6184899,14.7691025],[-90.6111901,14.7764105],[-90.6097191,14.7711779]],[[-90.6033369,14.851854],[-90.6108321,14.8375514],[-90.6000004,14.8329168],[-90.6033369,14.851854]],[[-90.6583337,14.5495835],[-90.658027,14.5514513]],[[-90.658027,14.5514513],[-90.6584445,14.5495456]],[[-90.6584445,14.5495456],[-90.6583337,14.5495835]],[[-90.6583337,14.5495835],[-90.6371299,14.516252]],[[-90.6371299,14.516252],[-90.6281433,14.5141544],[-90.6256256,14.5116425],[-90.6237259,14.5083218],[-90.6240005,14.4999332],[-90.6222076,14.4965353],[-90.6166229,14.4942522],[-90.610466,14.4887199]],[[-90.610466,14.4887199],[-90.605011,14.487628],[-90.6028671,14.4848223],[-90.5984192,14.4833364],[-90.5936813,14.4834747],[-90.5902557,14.4826984],[-90.5874989,14.4803086]],[[-90.5874989,14.4803086],[-90.5848392,14.4866237],[-90.5789156,14.483588]],[[-90.5789156,14.483588],[-90.5767746,14.485713]],[[-90.5565414,14.5425396],[-90.556633,14.5461435],[-90.5555267,14.5481338],[-90.555603,14.5535517],[-90.5547562,14.5556898],[-90.5504761,14.5607147],[-90.5496674,14.5628109],[-90.5526886,14.563714],[-90.5550385,14.5660238],[-90.5554657,14.5708275],[-90.556488,14.5746565],[-90.5586777,14.5756092],[-90.5603104,14.5778446],[-90.5623169,14.5784292],[-90.5694962,14.5753012],[-90.5757599,14.5748491],[-90.5789948,14.5774775]],[[-90.6280699,14.5796765],[-90.631612,14.575912]],[[-90.6394112,14.5691736],[-90.6489023,14.5568734]],[[-90.6489023,14.5568734],[-90.6501923,14.5544329],[-90.6531704,14.5535676]],[[-90.6531704,14.5535676],[-90.6583337,14.5495835]],[[-90.6560255,14.5636389],[-90.6535485,14.5787217],[-90.6540475,14.5821065]],[[-90.667984,14.5790567],[-90.6684875,14.5744534],[-90.6678009,14.5722227],[-90.6646194,14.5688667],[-90.658371,14.5646315],[-90.6560255,14.5636389]],[[-91.3184921,15.7941646],[-91.3000004,15.7912502],[-91.2947106,15.8127834],[-91.3336673,15.8196518],[-91.330981,15.807677]],[[-91.3002038,14.84313],[-91.3342777,14.8527085],[-91.3423832,14.8238633],[-91.3206302,14.829979],[-91.3083337,14.8245835],[-91.3002038,14.84313]],[[-91.3649425,14.8460988],[-91.3640384,14.8399033],[-91.3481774,14.8552231],[-91.3592924,14.8568424]],[[-91.3592924,14.8568424],[-91.3634872,14.8538036],[-91.3617096,14.8484259],[-91.3649425,14.8460988]],[[-91.4471138,14.5768955],[-91.4251306,14.5944972],[-91.4478601,14.6032904],[-91.4498081,14.6019812]],[[-91.4498081,14.6019812],[-91.4505615,14.598175],[-91.4541855,14.5975418]],[[-91.4196373,14.6096982],[-91.425499,14.6143999],[-91.4258957,14.6192408],[-91.4292698,14.6220292]],[[-91.4292698,14.6220292],[-91.4367354,14.6123927],[-91.4196373,14.6096982]],[[-90.9445235,14.2347438],[-90.9518233,14.2274359],[-90.941667,14.2245835],[-90.9445235,14.2347438]],[[-90.5502868,14.4013245],[-90.5491791,14.4116373],[-90.5472717,14.4149942],[-90.544089,14.4187914]],[[-90.544089,14.4187914],[-90.5442935,14.4204129]],[[-90.5442935,14.4204129],[-90.5473029,14.4215805]],[[-90.5473029,14.4215805],[-90.556877,14.4026556],[-90.5502868,14.4013245]],[[-90.5750004,14.4579168],[-90.5671716,14.4298],[-90.5595115,14.439724]],[[-90.5595115,14.439724],[-90.5644531,14.4462442],[-90.5694046,14.4535255],[-90.5724945,14.4552765],[-90.5744098,14.4583896]],[[-90.5744098,14.4583896],[-90.5750004,14.4579168]],[[-90.5750004,14.4579168],[-90.5766291,14.4637101]],[[-90.5766291,14.4637101],[-90.5800705,14.4637585],[-90.5829697,14.4609604],[-90.5848799,14.4610462]],[[-90.5848799,14.4610462],[-90.5750004,14.4579168]],[[-90.5907938,14.4724852],[-90.5940857,14.4760227],[-90.5980453,14.476634],[-90.6023026,14.4724646],[-90.6053009,14.4720182],[-90.6062241,14.4752312],[-90.6062088,14.478797],[-90.6098404,14.4827366],[-90.6111679,14.4858408],[-90.610466,14.4887199]],[[-90.6371299,14.516252],[-90.6351485,14.5131374],[-90.6462976,14.50421],[-90.6532423,14.4564828]],[[-90.6441637,14.4305059],[-90.596208,14.4596299],[-90.5907938,14.4724852]],[[-91.4718781,14.8931446],[-91.4761276,14.8922482],[-91.4823532,14.8889399],[-91.4883118,14.8832378]],[[-91.4509923,14.8592754],[-91.4601566,14.8606105],[-91.4442956,14.8759303],[-91.443695,14.8718145]],[[-91.443695,14.8718145],[-91.4404526,14.8767681],[-91.4395981,14.8810139],[-91.4392548,14.8888426]],[[-91.7437735,14.9702848],[-91.754932,14.9779852],[-91.7617354,14.9961818],[-91.7767826,15.0065659],[-91.8044437,14.9885483],[-91.8091273,14.9817634]],[[-91.7831143,14.9417529],[-91.7750004,14.9412502],[-91.7715987,14.9461818],[-91.7497386,14.9612712]],[[-90.9418216,14.5111476],[-90.9701501,14.4965643],[-90.9500004,14.4912502],[-90.9418216,14.5111476]],[[-91.0278568,15.3430771],[-91.0351566,15.3357692],[-91.0250004,15.3329168],[-91.0278568,15.3430771]],[[-90.3501391,14.2997844],[-90.3638513,14.3196437],[-90.3784021,14.3068711],[-90.350225,14.2996411],[-90.3501391,14.2997844]],[[-90.3960245,14.3390896],[-90.3986206,14.3394146],[-90.3995438,14.341073]],[[-90.4007415,14.3430959],[-90.4206709,14.3333034],[-90.391667,14.3162502],[-90.3960245,14.3390896]],[[-90.7302987,14.6621905],[-90.7457523,14.6625067],[-90.7551436,14.6431422],[-90.7715001,14.6484491]],[[-90.7800446,14.6377993],[-90.769249,14.6322107],[-90.7656982,14.6289011]],[[-90.7656982,14.6289011],[-90.7385827,14.6283473],[-90.7207523,14.6370021],[-90.7199246,14.6378629]],[[-91.1333737,14.9523237],[-91.1342533,14.9519313],[-91.1315258,14.9470428]],[[-91.1508514,15.013392],[-91.1338871,14.9873358],[-91.116667,14.9829168],[-91.1132653,15.0128485],[-91.0988161,15.0228218]],[[-91.096051,15.0338985],[-91.0980147,15.042658],[-91.1542159,15.0570786],[-91.1605318,15.0344259]],[[-89.4339929,14.6441025],[-89.4536299,14.6338161],[-89.441667,14.6245835],[-89.4339929,14.6441025]],[[-91.1953001,14.3997899],[-91.1956709,14.4015122],[-91.2096179,14.3945096]],[[-91.1669632,14.4360095],[-91.1764489,14.4348293],[-91.1870365,14.416124],[-91.1824512,14.4148129]],[[-90.4518986,15.3687329],[-90.416667,15.3495835],[-90.4055912,15.3759588],[-90.4151475,15.3944361],[-90.4154409,15.3945322],[-90.449206,15.3723115]],[[-91.6240313,15.0615879],[-91.6219974,15.0660345],[-91.6350589,15.0776841],[-91.6428918,15.0638291]],[[-90.3344012,14.7443753],[-90.316667,14.7412502],[-90.3211918,14.7518296],[-90.334975,14.7450491],[-90.3344012,14.7443753]],[[-91.2861901,14.7847438],[-91.2934899,14.7774359],[-91.2833337,14.7745835],[-91.2861901,14.7847438]],[[-91.2616703,14.7851873],[-91.2691654,14.7708848],[-91.2583337,14.7662502],[-91.2616703,14.7851873]],[[-91.2695235,14.8014105],[-91.2768233,14.7941025],[-91.266667,14.7912502],[-91.2695235,14.8014105]],[[-91.2528568,14.8014105],[-91.2601566,14.7941025],[-91.2500004,14.7912502],[-91.2528568,14.8014105]],[[-91.0087894,14.6947007],[-91.0205977,14.67261],[-91.0000004,14.6662502],[-91.0087894,14.6947007]],[[-91.7028672,15.6631459],[-91.7104252,15.6769313],[-91.7196211,15.6621364],[-91.7148636,15.6611133]],[[-90.7869163,13.958923],[-90.7833337,13.9579168],[-90.7861901,13.9680771],[-90.7874695,13.9667963]],[[-91.6980306,14.9342437],[-91.6971439,14.9310898],[-91.6898441,14.9383978],[-91.6923335,14.9390969]],[[-91.5241787,14.9384167],[-91.5268233,14.9357692],[-91.522817,14.934644]],[[-91.522817,14.934644],[-91.5238113,14.9373922]],[[-91.2349148,15.1302076],[-91.2362625,15.1346713],[-91.2434899,15.1274359],[-91.2333337,15.1245835],[-91.2349148,15.1302076]],[[-90.7519073,14.5634642],[-90.7508011,14.5668211],[-90.7517645,14.570913]],[[-90.7517645,14.570913],[-90.7524353,14.5631788]],[[-90.7500004,14.5912502],[-90.7507065,14.5831093]],[[-90.7507065,14.5831093],[-90.7476425,14.5852795],[-90.7446442,14.5892811],[-90.740799,14.5918102],[-90.7399642,14.5934842]],[[-90.7399642,14.5934842],[-90.7500004,14.5912502]],[[-90.7500004,14.5912502],[-90.7528568,14.6014105],[-90.7601566,14.5941025],[-90.7500004,14.5912502]],[[-90.7956635,14.5959889],[-90.7873701,14.6120835],[-90.7925179,14.6220691]],[[-90.7925179,14.6220691],[-90.7927017,14.6180954],[-90.7917557,14.6147766],[-90.7912292,14.6091261],[-90.7954483,14.6015501],[-90.7956635,14.5959889]],[[-90.7871617,14.6293394],[-90.7656982,14.6289011]],[[-91.0520918,14.093598],[-91.0612878,14.0788031],[-91.041667,14.0745835],[-91.0520918,14.093598]],[[-89.5187585,14.768598],[-89.5279545,14.7538031],[-89.5083337,14.7495835],[-89.5187585,14.768598]],[[-89.5215987,14.7961818],[-89.5114912,14.8287868],[-89.5168949,14.8446519],[-89.5332605,14.8209539],[-89.554932,14.8128485],[-89.5617354,14.7840114],[-89.5250004,14.7745835],[-89.5215987,14.7961818]],[[-90.5028568,14.3514105],[-90.5101566,14.3441025],[-90.5000004,14.3412502],[-90.5028568,14.3514105]],[[-90.5502868,14.4013245],[-90.541667,14.3995835],[-90.544089,14.4187914]],[[-90.4833771,14.4603114],[-90.4841995,14.4650316],[-90.4843547,14.4743513]],[[-90.4843547,14.4743513],[-90.4953698,14.4637396],[-90.4833771,14.4603114]],[[-90.4821022,14.5224583],[-90.4923832,14.5054144],[-90.4822885,14.4809548]],[[-90.4822885,14.4809548],[-90.4817276,14.491497],[-90.4795532,14.4975271],[-90.477356,14.5080872],[-90.4750977,14.5119181],[-90.4741974,14.5179968]],[[-90.5243759,14.5582113],[-90.529953,14.5547256],[-90.5318146,14.5520058],[-90.5337753,14.5415154],[-90.537468,14.5353174]],[[-90.568573,14.4815884],[-90.5706711,14.4797487],[-90.568925,14.4784683]],[[-90.568925,14.4784683],[-90.5629642,14.4754136],[-90.5673514,14.4672442]],[[-90.5673514,14.4672442],[-90.5665359,14.4650631],[-90.5671997,14.4606247],[-90.5667953,14.4570932],[-90.5638962,14.4555779],[-90.5630493,14.4538069],[-90.5654678,14.451436],[-90.5605545,14.4483356],[-90.5607834,14.4510775],[-90.5572968,14.4507189],[-90.5557098,14.4478865],[-90.5533679,14.4476833]],[[-90.5533679,14.4476833],[-90.5479659,14.454682],[-90.5295902,14.4519679],[-90.5163334,14.4691432],[-90.523975,14.5208441],[-90.5034009,14.5368429]],[[-91.8319975,14.9574498],[-91.8367354,14.945075],[-91.807914,14.9432894]],[[-89.7211918,14.6518296],[-89.7358321,14.6446274],[-89.716667,14.6412502],[-89.7211918,14.6518296]],[[-90.3286365,15.4421428],[-90.3335371,15.4443507],[-90.3354222,15.4389033]],[[-90.3404489,15.4536263],[-90.3330082,15.4632676],[-90.2970625,15.4579534],[-90.2917077,15.4941921],[-90.3043461,15.4960597],[-90.3285663,15.4889953]],[[-89.0007819,15.6606968],[-89.0028568,15.6680771],[-89.0101566,15.6607692],[-89.0029432,15.6587433],[-89.0007819,15.6606968]],[[-91.3836267,14.4917913],[-91.4087487,14.5026108],[-91.4196944,14.4890732],[-91.391667,14.4745835],[-91.3836267,14.4917913]],[[-91.4339244,14.529466],[-91.3963545,14.5264471],[-91.3948734,14.5448756],[-91.4442148,14.553823]],[[-91.7611901,14.8930771],[-91.7684899,14.8857692],[-91.7583337,14.8829168],[-91.7611901,14.8930771]],[[-91.7795251,14.9101629],[-91.7941654,14.9029608],[-91.7750004,14.8995835],[-91.7795251,14.9101629]],[[-91.1408423,15.4147594],[-91.1423181,15.4177801],[-91.1611332,15.4010972],[-91.1467802,15.3938367]],[[-90.7925179,14.6220691],[-90.7950893,14.6270573]],[[-90.8175024,14.6043168],[-90.7986011,14.5915039],[-90.7974866,14.5924508],[-90.7956635,14.5959889]],[[-91.2344905,14.6342622],[-91.2401371,14.6204657],[-91.2388237,14.6200999]],[[-91.1375112,14.6325347],[-91.1398441,14.6416286],[-91.1407691,14.6424344]],[[-91.1407691,14.6424344],[-91.1443481,14.636898],[-91.1412735,14.6367626],[-91.1375112,14.6325347]],[[-91.2297807,14.64577],[-91.2321304,14.6400288]],[[-91.2188876,14.6599116],[-91.2233239,14.6615464],[-91.228422,14.6490898]],[[-91.1602447,14.6647141],[-91.1611901,14.6680771],[-91.163743,14.6655214]],[[-91.266667,14.6885201],[-91.266667,14.6995835],[-91.2872743,14.6995835]],[[-91.2672181,14.7163916],[-91.2632653,14.7211818],[-91.2622136,14.721575]],[[-91.1639888,14.7416463],[-91.1640244,14.7442322],[-91.1671371,14.7456131]],[[-91.1701621,14.745499],[-91.1639888,14.7416463]],[[-89.8611901,15.8097438],[-89.8684899,15.8024359],[-89.8583337,15.7995835],[-89.8611901,15.8097438]],[[-90.3671277,14.6114327],[-90.3645674,14.6125758],[-90.3904861,14.6186816]],[[-90.3904861,14.6186816],[-90.3910065,14.6180038]],[[-90.342139,14.6737331],[-90.3621504,14.6857163],[-90.3694665,14.6618475],[-90.3500004,14.6579168],[-90.342139,14.6737331]],[[-90.380771,14.7015623],[-90.3650882,14.7136663],[-90.3547041,14.7343125],[-90.3804854,14.7187648],[-90.4037438,14.7221991],[-90.410479,14.7134701]],[[-90.4104691,14.7082262],[-90.402298,14.709342],[-90.3966064,14.7113171],[-90.3929596,14.7097511],[-90.386795,14.7080555],[-90.3819275,14.704175],[-90.380771,14.7015623]],[[-92.0649965,14.8964006],[-92.0538415,14.8947536],[-92.041835,14.9019956]],[[-90.1807051,14.5362005],[-90.1953698,14.5220729],[-90.1750004,14.5162502],[-90.1807051,14.5362005]],[[-90.3904861,14.6186816],[-90.392198,14.617916]],[[-90.4234961,14.7074033],[-90.4320508,14.7050926]],[[-90.4484159,14.6047941],[-90.4559248,14.6105902],[-90.4410078,14.6353297],[-90.4286299,14.6448797],[-90.4109216,14.6744858],[-90.3952966,14.6865464],[-90.3880375,14.6959539],[-90.380771,14.7015623]],[[-90.4768233,14.6357692],[-90.4695235,14.6430771],[-90.466667,14.6329168],[-90.4768233,14.6357692]],[[-90.5274987,14.6042181],[-90.5200036,14.6185207],[-90.516667,14.5995835],[-90.5274987,14.6042181]],[[-90.3785648,14.0937078],[-90.3862064,14.0721543],[-90.3750004,14.0662502],[-90.3785648,14.0937078]],[[-91.1407691,14.6424344],[-91.1528812,14.6529852],[-91.1617354,14.6235378],[-91.1333337,14.6162502],[-91.1375112,14.6325347]],[[-89.8694341,14.3148747],[-89.8777998,14.3107163],[-89.9261153,14.304625],[-89.9361332,14.2868475],[-89.9027998,14.2801173],[-89.8878259,14.2682236],[-89.8677901,14.2780096],[-89.8820804,14.2959987],[-89.8694665,14.302383],[-89.8673784,14.3127264]],[[-89.8028568,14.3347438],[-89.8101566,14.3274359],[-89.8000004,14.3245835],[-89.8028568,14.3347438]],[[-92.1903161,14.5194321],[-92.2019524,14.5063342],[-92.1984055,14.5035586],[-92.1750004,14.4995835],[-92.1903161,14.5194321]],[[-92.1373376,14.5848455],[-92.1529545,14.5770046],[-92.1333337,14.5662502],[-92.1373376,14.5848455]],[[-92.1700036,14.601854],[-92.1774987,14.5875514],[-92.166667,14.5829168],[-92.1700036,14.601854]],[[-91.7463708,15.0792873],[-91.7298018,15.0920721],[-91.7503584,15.103213],[-91.7619632,15.0838161],[-91.7500004,15.0745835],[-91.7463708,15.0792873]],[[-91.9000004,14.3079168],[-91.9101566,14.3050645],[-91.9028568,14.2977565],[-91.9000004,14.3079168]],[[-91.9000004,14.3079168],[-91.8898441,14.3107692],[-91.8971439,14.3180771],[-91.9000004,14.3079168]],[[-90.9165305,14.6452446],[-90.9457523,14.64584],[-90.9235274,14.6217881],[-90.9063556,14.6276661]],[[-90.94908,14.6893624],[-90.9519196,14.6915865],[-90.9567556,14.692807]],[[-90.9567556,14.692807],[-90.9611332,14.6785142],[-90.941667,14.6745835],[-90.94908,14.6893624]],[[-91.823081,14.6455346],[-91.8135746,14.6667547],[-91.8284036,14.6777558],[-91.8365075,14.6483424],[-91.8274767,14.6427764]],[[-91.3028568,14.1930771],[-91.3101566,14.1857692],[-91.3000004,14.1829168],[-91.3028568,14.1930771]],[[-91.9909613,14.9245835],[-91.9833337,14.9245835],[-91.9833337,14.9257994]],[[-91.9695235,14.9264105],[-91.9768233,14.9191025],[-91.966667,14.9162502],[-91.9695235,14.9264105]],[[-91.6000004,14.8912502],[-91.604639,14.8804185],[-91.6095457,14.8829905]],[[-91.587197,14.8925086],[-91.6000004,14.8912502]],[[-91.6000004,14.8912502],[-91.6040856,14.9102606],[-91.6250865,14.908093]],[[-91.6151898,14.8885739],[-91.6000004,14.8912502]],[[-90.4833771,14.4603114],[-90.4750004,14.4579168],[-90.4807051,14.4778672],[-90.4843547,14.4743513]],[[-90.4822885,14.4809548],[-90.4816003,14.4792873],[-90.4713708,14.5042873],[-90.4618249,14.5116562],[-90.4631351,14.520547],[-90.4624368,14.5234131]],[[-90.4485021,14.5226406],[-90.4463708,14.5198797],[-90.4357344,14.5126206],[-90.4381677,14.5290757],[-90.4286209,14.5448972]],[[-91.366667,14.8579168],[-91.3649425,14.8460988]],[[-91.3592924,14.8568424],[-91.366667,14.8579168]],[[-91.4000004,14.8662502],[-91.4033369,14.8851873],[-91.4108321,14.8708848],[-91.4000004,14.8662502]],[[-91.366667,14.8579168],[-91.3615726,14.8757269],[-91.3380537,14.9157334],[-91.3844974,14.9483831],[-91.4075291,14.9455184]],[[-91.443695,14.8718145],[-91.441667,14.8579168],[-91.4427767,14.8580785]],[[-91.4157612,14.838706],[-91.4096927,14.8495835],[-91.4237227,14.87473],[-91.3989831,14.9034409],[-91.382642,14.8812038],[-91.4000004,14.8662502]],[[-91.4000004,14.8662502],[-91.396322,14.8530462],[-91.366667,14.8579168]],[[-91.3086443,14.7127699],[-91.3058472,14.7174339],[-91.3052029,14.7203229]],[[-91.3052029,14.7203229],[-91.3120365,14.7137396],[-91.3086443,14.7127699]],[[-91.4498081,14.6019812],[-91.4562038,14.5976831]],[[-91.4065402,14.640407],[-91.4117435,14.6446519],[-91.4169647,14.6379125]],[[-91.4169647,14.6379125],[-91.4120865,14.6388826],[-91.4104156,14.6403227],[-91.4065402,14.640407]],[[-91.5263347,14.4999853],[-91.5250004,14.4995835],[-91.5184818,14.5212306],[-91.516219,14.521049]],[[-90.5442935,14.4204129],[-90.5450118,14.4261094],[-90.5473029,14.4215805]],[[-90.5673514,14.4672442],[-90.5703698,14.4616237],[-90.5744098,14.4583896]],[[-90.5595115,14.439724],[-90.5533679,14.4476833]],[[-90.5766291,14.4637101],[-90.5778568,14.4680771],[-90.5848799,14.4610462]],[[-90.5789156,14.483588],[-90.568925,14.4784683]],[[-90.5907938,14.4724852],[-90.5874989,14.4803086]],[[-91.5933805,14.8452802],[-91.5750556,14.8467516]],[[-91.1384811,14.7379284],[-91.1453621,14.7300217]],[[-91.1453621,14.7300217],[-91.1294763,14.7201076],[-91.1256926,14.7189681]],[[-90.65717,14.5566696],[-90.6597519,14.557044],[-90.6685715,14.556756],[-90.6754532,14.5570068],[-90.6823578,14.5563202],[-90.6867967,14.556902]],[[-90.6867967,14.556902],[-90.6897058,14.545547],[-90.6712325,14.5451686],[-90.6584445,14.5495456]],[[-90.658027,14.5514513],[-90.65717,14.5566696]],[[-91.13058,14.7638802],[-91.1378096,14.7701076],[-91.1458337,14.7880885],[-91.1571546,14.7871779]],[[-91.1375732,14.7590265],[-91.1344299,14.7618752],[-91.13058,14.7638802]],[[-90.6489023,14.5568734],[-90.6531704,14.5535676]],[[-90.6802648,14.5823979],[-90.6867967,14.556902]],[[-90.65717,14.5566696],[-90.6560255,14.5636389]],[[-91.1285502,14.757234],[-91.1281823,14.7618149],[-91.13058,14.7638802]],[[-91.1639888,14.7416463],[-91.1453621,14.7300217]],[[-91.516667,14.9329168],[-91.5135623,14.9129091]],[[-91.475945,14.9224191],[-91.4761646,14.9228846]],[[-91.5089174,14.9301994],[-91.516667,14.9329168]],[[-91.516667,14.9329168],[-91.5179453,14.9374635]],[[-91.522817,14.934644],[-91.516667,14.9329168]],[[-91.4169647,14.6379125],[-91.4292698,14.6220292]],[[-91.4196373,14.6096982],[-91.4083337,14.6079168],[-91.4013838,14.6362005],[-91.4065402,14.640407]],[[-91.5083337,14.5985008],[-91.5083337,14.6079168],[-91.5162363,14.6079168]],[[-90.94908,14.6893624],[-90.9545007,14.7001694],[-90.9567556,14.692807]],[[-91.2731576,14.7318914],[-91.2790368,14.7305731],[-91.2867354,14.7214015],[-91.2707404,14.7172958]],[[-90.7204889,14.5863115],[-90.7214847,14.5975978],[-90.7399642,14.5934842]],[[-90.7507065,14.5831093],[-90.7517645,14.570913]],[[-91.3086443,14.7127699],[-91.2939915,14.7085813],[-91.2923365,14.7102579],[-91.2973718,14.7278672],[-91.3052029,14.7203229]],[[-91.5988591,14.6017185],[-91.5871911,14.6117742],[-91.5738203,14.6272963]],[[-91.6118214,14.6126027],[-91.6178076,14.6069346]],[[-91.6276738,14.5970752],[-91.6250686,14.5962906]],[[-90.7852008,14.5670411],[-90.7881712,14.5552532]],[[-90.7875426,14.5414135],[-90.7867179,14.5381385]],[[-90.3960245,14.3390896],[-90.3977091,14.3445859]]],"bbox":[-92.214325,13.8468817,-88.5649743,16.9395249]}