{"type":"Topology","objects":{"foo":{"type":"GeometryCollection","geometries":[{"type":"MultiPolygon","arcs":[[[0]],[[1,2,3,4]]],"properties":{"name":"Ikasouth","gaul_code":22734,"targetarea":42.3964797,"totpop":196319.507912,"country_id":"NGA","targetpop":71537.7211914,"new_mean":0.0478832,"totalarea":398.3862263}},{"type":"MultiPolygon","arcs":[[[5]],[[6,7,8,9]]],"properties":{"name":"Lagelu","gaul_code":23028,"targetarea":62.4689426,"totpop":252898.876801,"country_id":"NGA","targetpop":173815.02887,"new_mean":0.0392502,"totalarea":264.8869282}},{"type":"MultiPolygon","arcs":[[[10]],[[11,12,13]],[[14,15]]],"properties":{"name":"Ikwuano","gaul_code":22594,"targetarea":70.0178318,"totpop":237515.339645,"country_id":"NGA","targetpop":124693.718262,"new_mean":0.0519368,"totalarea":253.6941866}},{"type":"MultiPolygon","arcs":[[[16,17,18]],[[19,20,21,22]],[[23,24,25,26,27]]],"properties":{"name":"Okehi","gaul_code":22909,"targetarea":63.8519168,"totpop":233745.620225,"country_id":"NGA","targetpop":121583.137634,"new_mean":0.0726502,"totalarea":666.1429922}},{"type":"MultiPolygon","arcs":[[[28]],[[29]],[[30]]],"properties":{"name":"Epe","gaul_code":22927,"targetarea":36.8792534,"totpop":262878.11577,"country_id":"NGA","targetpop":71874.884552,"new_mean":0.0525421,"totalarea":1126.7970883}},{"type":"Polygon","arcs":[[31,32]],"properties":{"name":"Ikere","gaul_code":22981,"targetarea":60.6060216,"totpop":230519.452393,"country_id":"NGA","targetpop":147861.056152,"new_mean":0.055923,"totalarea":206.2962312}},{"type":"MultiPolygon","arcs":[[[33,34,35],[36]],[[37]],[[38,39]]],"properties":{"name":"Igbo-eze","gaul_code":22764,"targetarea":260.6527566,"totpop":515155.5737,"country_id":"NGA","targetpop":380801.245972,"new_mean":0.0664205,"totalarea":456.4136371}},{"type":"Polygon","arcs":[[40,41,42,43,44,45,46,47]],"properties":{"name":"Anaocha","gaul_code":22645,"targetarea":111.2255259,"totpop":420900.401337,"country_id":"NGA","targetpop":417607.166748,"new_mean":0.0495688,"totalarea":115.0709248}},{"type":"Polygon","arcs":[[48,49,50]],"properties":{"name":"Ibadannorth-west","gaul_code":23018,"targetarea":16.0978629,"totpop":58886.8943787,"country_id":"NGA","targetpop":45352.3505859,"new_mean":0.0332388,"totalarea":35.4073222}},{"type":"Polygon","arcs":[[51,52,53]],"properties":{"name":"Obanliku","gaul_code":22720,"targetarea":0.7819956,"totpop":141450.131626,"country_id":"NGA","targetpop":1278.2537842,"new_mean":0.070807,"totalarea":1016.4510889}},{"type":"MultiPolygon","arcs":[[[54,55]],[[56,57]],[[58]],[[59,60,61]]],"properties":{"name":"Uquoiben","gaul_code":22639,"targetarea":74.788259,"totpop":313919.68219,"country_id":"NGA","targetpop":127841.753387,"new_mean":0.0516623,"totalarea":403.4249735}},{"type":"MultiPolygon","arcs":[[[62]],[[63,64,65,66,67,68,69,70]]],"properties":{"name":"Ikeduru","gaul_code":22786,"targetarea":109.83877,"totpop":240462.53717,"country_id":"NGA","targetpop":190800.389343,"new_mean":0.0490204,"totalarea":169.704946}},{"type":"MultiPolygon","arcs":[[[71,72]],[[73]],[[74,75,76]],[[77,78]],[[79,80,81]]],"properties":{"name":"Ekpe-ata","gaul_code":22621,"targetarea":65.6536878,"totpop":174977.116241,"country_id":"NGA","targetpop":93235.9820557,"new_mean":0.0476873,"totalarea":179.0876966}},{"type":"MultiPolygon","arcs":[[[82]],[[83]],[[84,85]],[[86,87,88,89]],[[90]],[[91,92]],[[93]]],"properties":{"name":"Abua/odu","gaul_code":23054,"targetarea":85.0473927,"totpop":454586.155785,"country_id":"NGA","targetpop":138741.712036,"new_mean":0.0412206,"totalarea":769.7301891}},{"type":"MultiPolygon","arcs":[[[94]],[[95]]],"properties":{"name":"Donga","gaul_code":23105,"targetarea":11.848106,"totpop":215727.8033,"country_id":"NGA","targetpop":20731.0280151,"new_mean":0.0894999,"totalarea":3270.9372056}},{"type":"MultiPolygon","arcs":[[[96,97,98]],[[99,100,101,102,103,104,105]]],"properties":{"name":"Igbo-eti","gaul_code":22763,"targetarea":113.675721,"totpop":283863.020241,"country_id":"NGA","targetpop":146670.813843,"new_mean":0.0555112,"totalarea":341.1435721}},{"type":"MultiPolygon","arcs":[[[106]],[[107,108]]],"properties":{"name":"Oguta","gaul_code":22793,"targetarea":5.2015741,"totpop":93832.764267,"country_id":"NGA","targetpop":6800.4334106,"new_mean":0.051292,"totalarea":396.9319963}},{"type":"MultiPolygon","arcs":[[[109,110,111]],[[112,113,114]],[[115,116,117]],[[118,119]],[[120]],[[121]]],"properties":{"name":"Ethiopew","gaul_code":22732,"targetarea":48.7715985,"totpop":276913.140381,"country_id":"NGA","targetpop":83768.6810303,"new_mean":0.0468921,"totalarea":565.7234474}},{"type":"MultiPolygon","arcs":[[[122,123]],[[124,125,126,127,128]],[[129,130]]],"properties":{"name":"Awkanort","gaul_code":22646,"targetarea":39.0995075,"totpop":189446.860676,"country_id":"NGA","targetpop":58328.9119873,"new_mean":0.054022,"totalarea":454.564179}},{"type":"MultiPolygon","arcs":[[[131,132,133]],[[134,135,136,137,138,-79,139],[140]]],"properties":{"name":"Nsit-ibo","gaul_code":22632,"targetarea":116.0813306,"totpop":225697.061829,"country_id":"NGA","targetpop":198047.053284,"new_mean":0.0464876,"totalarea":149.637353}},{"type":"MultiPolygon","arcs":[[[141,142]],[[143]],[[144]]],"properties":{"name":"Ohaukwu","gaul_code":22771,"targetarea":41.5996601,"totpop":279629.334373,"country_id":"NGA","targetpop":76287.3270264,"new_mean":0.0741663,"totalarea":513.7407159}},{"type":"MultiPolygon","arcs":[[[145,146]],[[147]],[[148,149,150,151]]],"properties":{"name":"Ifenorth","gaul_code":23001,"targetarea":11.8058781,"totpop":143819.937543,"country_id":"NGA","targetpop":15959.1229858,"new_mean":0.0482431,"totalarea":891.5762961}},{"type":"Polygon","arcs":[[152,153,154,155,156,157,158,159]],"properties":{"name":"Onitshan","gaul_code":22654,"targetarea":62.1468583,"totpop":294185.254044,"country_id":"NGA","targetpop":283238.104126,"new_mean":0.0573208,"totalarea":75.2778461}},{"type":"MultiPolygon","arcs":[[[160]],[[161]],[[162,163]]],"properties":{"name":"Ohaji/eg","gaul_code":22794,"targetarea":22.0713829,"totpop":228433.150253,"country_id":"NGA","targetpop":38104.3967896,"new_mean":0.0480741,"totalarea":825.4443363}},{"type":"MultiPolygon","arcs":[[[164]],[[165]]],"properties":{"name":"Esansout","gaul_code":22749,"targetarea":16.5264136,"totpop":299169.943209,"country_id":"NGA","targetpop":23397.6299438,"new_mean":0.0560769,"totalarea":1503.6633196}},{"type":"MultiPolygon","arcs":[[[166,167,168,169,170,171,172]],[[173,174,175]]],"properties":{"name":"Osogbo","gaul_code":23012,"targetarea":44.5928683,"totpop":231579.040131,"country_id":"NGA","targetpop":218105.11615,"new_mean":0.0294041,"totalarea":58.5586099}},{"type":"MultiPolygon","arcs":[[[176,177,178,179,180]],[[181,182,-150]]],"properties":{"name":"Ifecentral","gaul_code":22999,"targetarea":105.2025143,"totpop":383360.653801,"country_id":"NGA","targetpop":295369.563904,"new_mean":0.0394725,"totalarea":314.9738073}},{"type":"MultiPolygon","arcs":[[[183,184,185,186,187,188]],[[189,190,191]]],"properties":{"name":"Onna","gaul_code":22635,"targetarea":76.2537061,"totpop":211646.798065,"country_id":"NGA","targetpop":139781.177246,"new_mean":0.0494518,"totalarea":171.1648527}},{"type":"MultiPolygon","arcs":[[[192,193,194]],[[195,196,197,198]],[[199,200]],[[201,202,203]],[[204]],[[205]],[[206]],[[207]],[[208]],[[209]],[[210]],[[211,212,213,214,215,216,217,218,219,220],[221],[222],[223]],[[224]],[[225]],[[226,227]],[[228,229,230,231]]],"properties":{"name":"Khana","gaul_code":23067,"targetarea":468.4135401,"totpop":1185956.54045,"country_id":"NGA","targetpop":789683.398006,"new_mean":0.042076,"totalarea":1221.1733805}},{"type":"MultiPolygon","arcs":[[[232,233]],[[234]],[[235,236,237]],[[-105,238]],[[239,-103,240]],[[241,-97,242]]],"properties":{"name":"Udi","gaul_code":22773,"targetarea":51.0508772,"totpop":385082.578812,"country_id":"NGA","targetpop":89581.704834,"new_mean":0.0545023,"totalarea":925.9728854}},{"type":"MultiPolygon","arcs":[[[243,244,245]],[[246,247,248]],[[249]],[[250]],[[251]],[[252]],[[253,254]],[[255,256,257]]],"properties":{"name":"Ila","gaul_code":23003,"targetarea":41.2308357,"totpop":226402.358902,"country_id":"NGA","targetpop":66856.177124,"new_mean":0.0599565,"totalarea":580.3938874}},{"type":"MultiPolygon","arcs":[[[258,259]],[[260]]],"properties":{"name":"Esannort","gaul_code":22748,"targetarea":38.9437398,"totpop":174517.615463,"country_id":"NGA","targetpop":72303.3388062,"new_mean":0.0503876,"totalarea":357.5941107}},{"type":"MultiPolygon","arcs":[[[261]],[[262]],[[263]]],"properties":{"name":"Okpokwu","gaul_code":22694,"targetarea":20.4150013,"totpop":275884.338787,"country_id":"NGA","targetpop":46457.2937012,"new_mean":0.0781765,"totalarea":748.4098904}},{"type":"MultiPolygon","arcs":[[[264]],[[265]],[[266,267]],[[268,269,270,271,272,273,274,-267]]],"properties":{"name":"Oron","gaul_code":22636,"targetarea":129.2057842,"totpop":337937.302658,"country_id":"NGA","targetpop":292314.758362,"new_mean":0.0543504,"totalarea":202.6658402}},{"type":"Polygon","arcs":[[275]],"properties":{"name":"Ukum","gaul_code":22696,"targetarea":22.3105968,"totpop":304209.790064,"country_id":"NGA","targetpop":69111.8602905,"new_mean":0.0790296,"totalarea":1399.6144243}},{"type":"MultiPolygon","arcs":[[[276,277,278]],[[279]],[[280]],[[281]],[[282]],[[283]],[[284]],[[285]],[[286]],[[287]],[[288]],[[289,290]]],"properties":{"name":"Isokosou","gaul_code":22736,"targetarea":72.7225893,"totpop":379745.140633,"country_id":"NGA","targetpop":125314.738342,"new_mean":0.0456585,"totalarea":664.8702914}},{"type":"Polygon","arcs":[[291,292,293,294,295,296]],"properties":{"name":"Mushin","gaul_code":22934,"targetarea":56.8727624,"totpop":2086812.91406,"country_id":"NGA","targetpop":2086812.91406,"new_mean":0.0451943,"totalarea":56.8727623}},{"type":"MultiPolygon","arcs":[[[297]],[[298]]],"properties":{"name":"Odigbo","gaul_code":22987,"targetarea":31.2979782,"totpop":377265.376947,"country_id":"NGA","targetpop":55182.6958008,"new_mean":0.049637,"totalarea":1862.6626806}},{"type":"MultiPolygon","arcs":[[[299,300,301]],[[302]],[[303]],[[304]]],"properties":{"name":"Dekina","gaul_code":22903,"targetarea":18.1515554,"totpop":419143.577837,"country_id":"NGA","targetpop":31682.3375854,"new_mean":0.0709045,"totalarea":2470.927119}},{"type":"MultiPolygon","arcs":[[[305,306,307]],[[308,309,310,-32]]],"properties":{"name":"Ado-ekiti","gaul_code":22967,"targetarea":115.1916029,"totpop":473907.472382,"country_id":"NGA","targetpop":347042.736877,"new_mean":0.0506905,"totalarea":326.4496495}},{"type":"MultiPolygon","arcs":[[[311]],[[312,313,314]],[[315]],[[316,317,318]],[[319]],[[320]],[[321,322,323]],[[324]],[[325]]],"properties":{"name":"Ohaozara","gaul_code":22599,"targetarea":61.722415,"totpop":354210.787292,"country_id":"NGA","targetpop":116550.517395,"new_mean":0.062144,"totalarea":497.7396341}},{"type":"MultiPolygon","arcs":[[[326]],[[327]],[[328,329,330,331]]],"properties":{"name":"Ifedore","gaul_code":22978,"targetarea":85.9702813,"totpop":308319.769108,"country_id":"NGA","targetpop":197150.424744,"new_mean":0.0618536,"totalarea":304.031459}},{"type":"MultiPolygon","arcs":[[[332,333]],[[334]],[[335,-179,336]]],"properties":{"name":"Ifesouth","gaul_code":23002,"targetarea":61.2721028,"totpop":307442.352913,"country_id":"NGA","targetpop":156705.412201,"new_mean":0.0564487,"totalarea":680.9618801}},{"type":"Polygon","arcs":[[337,338,339,340,341]],"properties":{"name":"Asari-to","gaul_code":23058,"targetarea":61.7298822,"totpop":164082.220055,"country_id":"NGA","targetpop":143036.154175,"new_mean":0.0443546,"totalarea":103.0539285}},{"type":"Polygon","arcs":[[342,-329]],"properties":{"name":"Akure","gaul_code":22971,"targetarea":159.0821161,"totpop":720702.030966,"country_id":"NGA","targetpop":477341.04364,"new_mean":0.0571423,"totalarea":1024.0932065}},{"type":"MultiPolygon","arcs":[[[-72,343,344,345]],[[346]],[[347]],[[348,349,-274,350]],[[351,352,-77,353]],[[354]],[[355,-272,356,357,358,-349]]],"properties":{"name":"Okobo","gaul_code":22634,"targetarea":56.5452485,"totpop":310889.223634,"country_id":"NGA","targetpop":103755.518982,"new_mean":0.0486162,"totalarea":461.7879093}},{"type":"MultiPolygon","arcs":[[[359,360]],[[361,-133,362,363,364,365,366]],[[367,368,369,-135,370,-80,371,372]]],"properties":{"name":"Uyo","gaul_code":22642,"targetarea":176.790369,"totpop":602575.821289,"country_id":"NGA","targetpop":535023.489746,"new_mean":0.0498617,"totalarea":264.2822455}},{"type":"MultiPolygon","arcs":[[[373,374,375]],[[376,377]],[[378,379,380]],[[381,382]],[[383]],[[384]],[[385]],[[386,387]],[[388]],[[389,390]],[[391,392,393]],[[394,395,396]],[[397,398]],[[399,400,401,402]]],"properties":{"name":"Ugheliso","gaul_code":22743,"targetarea":58.5824444,"totpop":322980.898682,"country_id":"NGA","targetpop":94531.9991455,"new_mean":0.0447228,"totalarea":721.3092858}},{"type":"MultiPolygon","arcs":[[[403]],[[404]],[[405,406,407]],[[408,409,410,411]],[[412]],[[413]]],"properties":{"name":"Northern","gaul_code":23068,"targetarea":152.8568704,"totpop":646450.094612,"country_id":"NGA","targetpop":314146.907043,"new_mean":0.0436963,"totalarea":1043.5277169}},{"type":"MultiPolygon","arcs":[[[414]],[[415,416]],[[417,418]],[[419]]],"properties":{"name":"Irele","gaul_code":22985,"targetarea":20.9462002,"totpop":206464.301386,"country_id":"NGA","targetpop":33940.9014282,"new_mean":0.0533525,"totalarea":908.1865562}},{"type":"MultiPolygon","arcs":[[[-407,420,421]],[[422]],[[423,424]],[[-279,425,426]]],"properties":{"name":"Sagbama","gaul_code":23073,"targetarea":12.1687298,"totpop":260348.021544,"country_id":"NGA","targetpop":18687.7332153,"new_mean":0.0451525,"totalarea":861.3449883}},{"type":"MultiPolygon","arcs":[[[427]],[[428]],[[429]]],"properties":{"name":"Emure/ise/orun","gaul_code":22975,"targetarea":46.0676536,"totpop":313007.510838,"country_id":"NGA","targetpop":87396.8851929,"new_mean":0.0668618,"totalarea":644.6076749}},{"type":"MultiPolygon","arcs":[[[430]],[[431]],[[432]],[[433,434]],[[435,436]]],"properties":{"name":"Ngor-okp","gaul_code":22790,"targetarea":26.4851887,"totpop":338209.168816,"country_id":"NGA","targetpop":43998.8078613,"new_mean":0.0502293,"totalarea":809.6374357}},{"type":"MultiPolygon","arcs":[[[437,438,-8]],[[439]]],"properties":{"name":"Akinyele","gaul_code":23014,"targetarea":67.2289352,"totpop":268853.972816,"country_id":"NGA","targetpop":127248.042542,"new_mean":0.0372994,"totalarea":492.4654377}},{"type":"Polygon","arcs":[[440,441]],"properties":{"name":"Ndokwaea","gaul_code":22737,"targetarea":7.7711132,"totpop":185670.067445,"country_id":"NGA","targetpop":13035.7148438,"new_mean":0.0485462,"totalarea":1631.1257136}},{"type":"MultiPolygon","arcs":[[[442]],[[443]],[[444]],[[445,446,-341]]],"properties":{"name":"Degema","gaul_code":23061,"targetarea":55.9961985,"totpop":449760.532336,"country_id":"NGA","targetpop":157096.038704,"new_mean":0.0454712,"totalarea":936.8173328}},{"type":"Polygon","arcs":[[447,448,449]],"properties":{"name":"Ilesa","gaul_code":23004,"targetarea":50.142512,"totpop":209367.108818,"country_id":"NGA","targetpop":177433.655518,"new_mean":0.0416065,"totalarea":133.6299784}},{"type":"MultiPolygon","arcs":[[[450]],[[451]],[[452,-2]],[[453,454]]],"properties":{"name":"Ikanorth","gaul_code":22733,"targetarea":66.9565899,"totpop":263228.615738,"country_id":"NGA","targetpop":121086.475159,"new_mean":0.0496905,"totalarea":408.758536}},{"type":"Polygon","arcs":[[455,456]],"properties":{"name":"Ogo-oluw","gaul_code":23030,"targetarea":7.0633913,"totpop":82779.493557,"country_id":"NGA","targetpop":11380.2886353,"new_mean":0.0525148,"totalarea":339.0022331}},{"type":"MultiPolygon","arcs":[[[457,458]],[[459,460,461]],[[462,463]]],"properties":{"name":"Abi","gaul_code":22713,"targetarea":64.5191405,"totpop":326529.740585,"country_id":"NGA","targetpop":112808.879639,"new_mean":0.0571077,"totalarea":446.3542158}},{"type":"MultiPolygon","arcs":[[[-383,464]],[[465]]],"properties":{"name":"Burutu","gaul_code":22730,"targetarea":19.9684587,"totpop":409503.202364,"country_id":"NGA","targetpop":28030.9712524,"new_mean":0.045799,"totalarea":2089.6059156}},{"type":"MultiPolygon","arcs":[[[466,-125,467]],[[468]]],"properties":{"name":"Ezeagu","gaul_code":22761,"targetarea":2.9056946,"totpop":243660.401291,"country_id":"NGA","targetpop":4236.814209,"new_mean":0.0517862,"totalarea":634.3358586}},{"type":"Polygon","arcs":[[469]],"properties":{"name":"Guma","gaul_code":22685,"targetarea":6.5282279,"totpop":251714.252905,"country_id":"NGA","targetpop":13429.3943481,"new_mean":0.0905884,"totalarea":2478.5663284}},{"type":"MultiPolygon","arcs":[[[470]],[[471]]],"properties":{"name":"Ijebueast","gaul_code":22960,"targetarea":7.6331433,"totpop":182585.315781,"country_id":"NGA","targetpop":12703.6033325,"new_mean":0.0542,"totalarea":2034.1441283}},{"type":"MultiPolygon","arcs":[[[472]],[[473,474,475,476]]],"properties":{"name":"Portharcourt","gaul_code":23072,"targetarea":70.2128227,"totpop":331459.253973,"country_id":"NGA","targetpop":289874.600647,"new_mean":0.0451421,"totalarea":142.3115544}},{"type":"Polygon","arcs":[[477,-231,478,479,480,-212,481,-228]],"properties":{"name":"Tai/ekem","gaul_code":23075,"targetarea":304.9928101,"totpop":894307.825974,"country_id":"NGA","targetpop":884210.269272,"new_mean":0.0465115,"totalarea":319.589744}},{"type":"MultiPolygon","arcs":[[[482]],[[483]],[[484]],[[485,-259,486]],[[487]],[[488]]],"properties":{"name":"Esancent","gaul_code":22747,"targetarea":40.4158573,"totpop":212933.523895,"country_id":"NGA","targetpop":65451.855896,"new_mean":0.0538812,"totalarea":391.3091074}},{"type":"MultiPolygon","arcs":[[[489]],[[-147,490]],[[-183,491,-151]],[[492]]],"properties":{"name":"Ayedaade","gaul_code":22993,"targetarea":15.8344195,"totpop":224703.896942,"country_id":"NGA","targetpop":23061.4042969,"new_mean":0.0482994,"totalarea":915.2619049}},{"type":"Polygon","arcs":[[493,494]],"properties":{"name":"Warrisouth","gaul_code":22745,"targetarea":134.0397354,"totpop":759095.922909,"country_id":"NGA","targetpop":458768.624619,"new_mean":0.0429998,"totalarea":2001.959519}},{"type":"MultiPolygon","arcs":[[[495,496]],[[-339,497]],[[498,-342,-447]],[[499,-89]],[[500]],[[501]],[[502,503,504]]],"properties":{"name":"Emuoha","gaul_code":23063,"targetarea":56.085491,"totpop":306152.337842,"country_id":"NGA","targetpop":143281.156262,"new_mean":0.0432909,"totalarea":490.6262481}},{"type":"MultiPolygon","arcs":[[[505]],[[506]],[[507,-87]]],"properties":{"name":"Akukutor","gaul_code":23056,"targetarea":18.0169302,"totpop":333917.887064,"country_id":"NGA","targetpop":30925.6265411,"new_mean":0.0478404,"totalarea":1326.9602984}},{"type":"MultiPolygon","arcs":[[[508]],[[509]],[[510,-155,511]],[[512]]],"properties":{"name":"Oshimill","gaul_code":22740,"targetarea":87.358447,"totpop":333154.627846,"country_id":"NGA","targetpop":156223.297729,"new_mean":0.052389,"totalarea":714.6894284}},{"type":"MultiPolygon","arcs":[[[513]],[[514,515,516,517],[518]],[[519]],[[520,-313,-319]]],"properties":{"name":"Afikposo","gaul_code":22591,"targetarea":50.6918526,"totpop":236629.408424,"country_id":"NGA","targetpop":83437.5318604,"new_mean":0.0574401,"totalarea":371.6965873}},{"type":"MultiPolygon","arcs":[[[521]],[[522,-142]]],"properties":{"name":"Abakalik","gaul_code":22758,"targetarea":80.3353752,"totpop":459155.704971,"country_id":"NGA","targetpop":206028.293762,"new_mean":0.0721079,"totalarea":1123.2076726}},{"type":"MultiPolygon","arcs":[[[523]],[[524]],[[525]],[[526]],[[527]],[[528]]],"properties":{"name":"Ogoja","gaul_code":22724,"targetarea":30.62204,"totpop":447474.653393,"country_id":"NGA","targetpop":52635.7580566,"new_mean":0.077267,"totalarea":1327.6550176}},{"type":"Polygon","arcs":[[529,530,531]],"properties":{"name":"Aba","gaul_code":22589,"targetarea":62.5799957,"totpop":701392.884949,"country_id":"NGA","targetpop":691177.616699,"new_mean":0.0448954,"totalarea":72.3434204}},{"type":"MultiPolygon","arcs":[[[532]],[[533]],[[534,-531,535]],[[536,537]]],"properties":{"name":"Ukwaeast","gaul_code":22602,"targetarea":58.0914498,"totpop":300834.212219,"country_id":"NGA","targetpop":113723.827332,"new_mean":0.0447783,"totalarea":374.0080904}},{"type":"MultiPolygon","arcs":[[[538,539]],[[540]]],"properties":{"name":"Ovianort","gaul_code":22755,"targetarea":21.9364483,"totpop":245668.160756,"country_id":"NGA","targetpop":55579.7653809,"new_mean":0.0465392,"totalarea":1845.9809115}},{"type":"MultiPolygon","arcs":[[[541]],[[542]],[[543]]],"properties":{"name":"Egbadonorth","gaul_code":22957,"targetarea":22.092819,"totpop":469098.38041,"country_id":"NGA","targetpop":36966.2901001,"new_mean":0.0483927,"totalarea":3751.2704486}},{"type":"MultiPolygon","arcs":[[[544,-364,545]],[[546,547,548]],[[549,550,551,-366,552]],[[553,554,555]]],"properties":{"name":"Abak","gaul_code":22619,"targetarea":50.7690062,"totpop":179632.290283,"country_id":"NGA","targetpop":86918.9752197,"new_mean":0.046479,"totalarea":168.6166887}},{"type":"Polygon","arcs":[[556]],"properties":{"name":"Takum","gaul_code":23112,"targetarea":12.454644,"totpop":245120.831079,"country_id":"NGA","targetpop":25403.4658203,"new_mean":0.0887615,"totalarea":3196.1669995}},{"type":"MultiPolygon","arcs":[[[557,558,559]],[[560,561,562,563,564,565,566,567,568,569,570],[571]]],"properties":{"name":"Orlu","gaul_code":22796,"targetarea":128.9061123,"totpop":264437.930237,"country_id":"NGA","targetpop":247392.286255,"new_mean":0.0487987,"totalarea":146.3609526}},{"type":"MultiPolygon","arcs":[[[572,573]],[[574,-175,575]],[[576]],[[577,578,579]],[[580]]],"properties":{"name":"Egbedore","gaul_code":22997,"targetarea":34.2436129,"totpop":163098.996191,"country_id":"NGA","targetpop":93398.1080933,"new_mean":0.0341095,"totalarea":253.7375653}},{"type":"MultiPolygon","arcs":[[[581,582]],[[583,584,585]],[[586,587]]],"properties":{"name":"Orumbaso","gaul_code":22656,"targetarea":93.6884001,"totpop":273436.456635,"country_id":"NGA","targetpop":166107.582642,"new_mean":0.0504761,"totalarea":250.9944957}},{"type":"MultiPolygon","arcs":[[[588]],[[589]],[[590]],[[591]],[[592,593]]],"properties":{"name":"Ondo","gaul_code":22988,"targetarea":74.5713733,"totpop":550298.824799,"country_id":"NGA","targetpop":215440.645813,"new_mean":0.0499873,"totalarea":1325.8456918}},{"type":"MultiPolygon","arcs":[[[594]],[[595,596]],[[597,598,599,600]]],"properties":{"name":"Ukwa","gaul_code":22601,"targetarea":21.7708955,"totpop":162623.06488,"country_id":"NGA","targetpop":31508.515686,"new_mean":0.0414283,"totalarea":344.6406512}},{"type":"Polygon","arcs":[[601,602,603,604]],"properties":{"name":"Abeokutanorth","gaul_code":22955,"targetarea":143.4432515,"totpop":694265.977331,"country_id":"NGA","targetpop":516298.248749,"new_mean":0.0431103,"totalarea":833.0288935}},{"type":"MultiPolygon","arcs":[[[605]],[[606,607]],[[608,609]],[[-255,610]]],"properties":{"name":"Moba","gaul_code":22986,"targetarea":82.2650835,"totpop":281128.006187,"country_id":"NGA","targetpop":195037.366577,"new_mean":0.0694147,"totalarea":275.5679069}},{"type":"Polygon","arcs":[[611]],"properties":{"name":"Bassa","gaul_code":22902,"targetarea":3.4772452,"totpop":199405.716658,"country_id":"NGA","targetpop":4099.2617188,"new_mean":0.0880452,"totalarea":1889.6474176}},{"type":"MultiPolygon","arcs":[[[612]],[[613]],[[614]],[[615]],[[616]]],"properties":{"name":"Ikwo","gaul_code":22765,"targetarea":25.6044851,"totpop":399080.684525,"country_id":"NGA","targetpop":39947.4071655,"new_mean":0.0641122,"totalarea":718.571857}},{"type":"MultiPolygon","arcs":[[[617]],[[618]],[[619,620]],[[621]],[[622,623,624,625]]],"properties":{"name":"Ethiopee","gaul_code":22731,"targetarea":50.3214137,"totpop":238962.267303,"country_id":"NGA","targetpop":100961.094116,"new_mean":0.0453685,"totalarea":331.9804994}},{"type":"MultiPolygon","arcs":[[[-345,626,627,-61,628]],[[629,-138,630,631,632,633,634,635]]],"properties":{"name":"Nsit-ubi","gaul_code":22633,"targetarea":82.0059749,"totpop":220514.371613,"country_id":"NGA","targetpop":120175.55011,"new_mean":0.0497677,"totalarea":211.6212621}},{"type":"MultiPolygon","arcs":[[[636,637]],[[638,639,640]],[[641]],[[642]],[[643,-608]]],"properties":{"name":"Oye","gaul_code":22991,"targetarea":37.474401,"totpop":195092.963146,"country_id":"NGA","targetpop":63536.1791382,"new_mean":0.0669561,"totalarea":434.7965895}},{"type":"MultiPolygon","arcs":[[[644]],[[645]],[[-170,646,-573,647]]],"properties":{"name":"Ede","gaul_code":22996,"targetarea":58.2945036,"totpop":225336.372768,"country_id":"NGA","targetpop":120774.743774,"new_mean":0.046522,"totalarea":323.9679302}},{"type":"Polygon","arcs":[[648]],"properties":{"name":"Ado","gaul_code":22681,"targetarea":8.6345492,"totpop":316588.587597,"country_id":"NGA","targetpop":15679.2646484,"new_mean":0.0835591,"totalarea":1273.8286011}},{"type":"MultiPolygon","arcs":[[[649]],[[650]]],"properties":{"name":"Biase","gaul_code":22716,"targetarea":5.4485336,"totpop":270668.153688,"country_id":"NGA","targetpop":8587.602478,"new_mean":0.0535349,"totalarea":1396.239327}},{"type":"MultiPolygon","arcs":[[[651]],[[652]]],"properties":{"name":"Sardauna","gaul_code":23111,"targetarea":7.1675873,"totpop":453897.983232,"country_id":"NGA","targetpop":12168.4240723,"new_mean":0.0824676,"totalarea":8973.411177}},{"type":"MultiPolygon","arcs":[[[653,654]],[[655,-454]],[[656]],[[657]]],"properties":{"name":"Aniochan","gaul_code":22727,"targetarea":22.3825845,"totpop":137287.957676,"country_id":"NGA","targetpop":36986.9331665,"new_mean":0.052527,"totalarea":381.129281}},{"type":"MultiPolygon","arcs":[[[658,-194,659]],[[660,-198,661]],[[662,-218,663,-216,664,665]]],"properties":{"name":"Andoni/o","gaul_code":23057,"targetarea":100.1991089,"totpop":212528.846781,"country_id":"NGA","targetpop":140406.468683,"new_mean":0.0540072,"totalarea":237.9371526}},{"type":"MultiPolygon","arcs":[[[666]],[[667]],[[668]]],"properties":{"name":"Katsina (benue)","gaul_code":22688,"targetarea":13.9175873,"totpop":540934.104206,"country_id":"NGA","targetpop":41576.0285645,"new_mean":0.0822803,"totalarea":4341.9206919}},{"type":"MultiPolygon","arcs":[[[669]],[[670]],[[671]],[[672,673]]],"properties":{"name":"Bonny","gaul_code":23059,"targetarea":61.3197504,"totpop":252931.178904,"country_id":"NGA","targetpop":76177.1159935,"new_mean":0.0521544,"totalarea":549.7098559}},{"type":"MultiPolygon","arcs":[[[674]],[[675]],[[676]],[[677]],[[678]],[[679]],[[680]],[[-85,681]],[[682,-412]]],"properties":{"name":"Brass","gaul_code":23060,"targetarea":52.4850733,"totpop":631084.451958,"country_id":"NGA","targetpop":78394.672699,"new_mean":0.0442094,"totalarea":2869.9102953}},{"type":"MultiPolygon","arcs":[[[683]],[[684,685,686]]],"properties":{"name":"Oluyole","gaul_code":23031,"targetarea":15.8679732,"totpop":150838.605373,"country_id":"NGA","targetpop":27708.1986694,"new_mean":0.0515808,"totalarea":442.812892}},{"type":"MultiPolygon","arcs":[[[-53,687,688]],[[689]],[[690]],[[691]]],"properties":{"name":"Kwande","gaul_code":22690,"targetarea":23.2893047,"totpop":458188.287672,"country_id":"NGA","targetpop":59929.147583,"new_mean":0.0816168,"totalarea":3235.4075438}},{"type":"Polygon","arcs":[[692,-602]],"properties":{"name":"Odeda","gaul_code":22964,"targetarea":16.9098084,"totpop":228734.742404,"country_id":"NGA","targetpop":34494.3790283,"new_mean":0.046953,"totalarea":1494.1676661}},{"type":"Polygon","arcs":[[693,694,695,-67,696]],"properties":{"name":"Mbaitoli","gaul_code":22789,"targetarea":135.9157896,"totpop":280356.064728,"country_id":"NGA","targetpop":234426.633362,"new_mean":0.0490812,"totalarea":201.5504136}},{"type":"MultiPolygon","arcs":[[[697]],[[698,699,700]]],"properties":{"name":"Ona-ara","gaul_code":23032,"targetarea":17.7974731,"totpop":169095.692038,"country_id":"NGA","targetpop":38378.5546875,"new_mean":0.0520753,"totalarea":502.0086401}},{"type":"MultiPolygon","arcs":[[[701]],[[702]],[[703,704,705,706,707,-21,708,709,710]]],"properties":{"name":"Okene","gaul_code":22910,"targetarea":166.9914072,"totpop":574060.600702,"country_id":"NGA","targetpop":457810.200409,"new_mean":0.0645818,"totalarea":435.1863147}},{"type":"MultiPolygon","arcs":[[[711]],[[712]],[[713,-308,714]]],"properties":{"name":"Ekitisouth-west","gaul_code":22973,"targetarea":46.4560526,"totpop":253258.821556,"country_id":"NGA","targetpop":119153.936127,"new_mean":0.0644827,"totalarea":352.7665637}},{"type":"Polygon","arcs":[[715,716,717,718]],"properties":{"name":"Eti-osa","gaul_code":22928,"targetarea":129.6720221,"totpop":366067.614901,"country_id":"NGA","targetpop":342075.93224,"new_mean":0.0533463,"totalarea":187.1194573}},{"type":"Polygon","arcs":[[719,720,721,722,723,724]],"properties":{"name":"Ihitte/u","gaul_code":22785,"targetarea":132.0348627,"totpop":344916.463776,"country_id":"NGA","targetpop":303890.062286,"new_mean":0.0496379,"totalarea":182.5447837}},{"type":"MultiPolygon","arcs":[[[725]],[[726,-54,727]],[[728]]],"properties":{"name":"Obudu","gaul_code":22722,"targetarea":32.6886162,"totpop":232732.431099,"country_id":"NGA","targetpop":46954.4838257,"new_mean":0.0736889,"totalarea":536.9432484}},{"type":"Polygon","arcs":[[729,730,-158,731,732,733,734,-45]],"properties":{"name":"Idemili","gaul_code":22648,"targetarea":235.7807064,"totpop":1141260.07327,"country_id":"NGA","targetpop":1128726.47955,"new_mean":0.0519959,"totalarea":258.9061029}},{"type":"MultiPolygon","arcs":[[[735,736,737]],[[738,-596,739]],[[740,741]],[[-548,742,743]],[[744]],[[745]]],"properties":{"name":"Etimekpo","gaul_code":22623,"targetarea":42.8610385,"totpop":198737.174606,"country_id":"NGA","targetpop":65744.7704773,"new_mean":0.0450708,"totalarea":256.9198872}},{"type":"MultiPolygon","arcs":[[[746]],[[747]],[[748]],[[749]],[[750]],[[751]]],"properties":{"name":"Ezza","gaul_code":22762,"targetarea":28.8625358,"totpop":313898.503761,"country_id":"NGA","targetpop":47809.1120605,"new_mean":0.0710919,"totalarea":545.8286691}},{"type":"MultiPolygon","arcs":[[[752,753,754]],[[755,756]],[[757]],[[758]],[[759]],[[760]],[[761]]],"properties":{"name":"Shagamu","gaul_code":22966,"targetarea":171.555237,"totpop":618433.070175,"country_id":"NGA","targetpop":346814.846619,"new_mean":0.0504533,"totalarea":911.252664}},{"type":"MultiPolygon","arcs":[[[762]],[[763]],[[764]],[[765,-164]],[[766]],[[767,768,769,770]],[[771,-770]]],"properties":{"name":"Ogba/egbe","gaul_code":23070,"targetarea":110.1509015,"totpop":508659.839069,"country_id":"NGA","targetpop":195666.502014,"new_mean":0.0482677,"totalarea":1071.7375991}},{"type":"MultiPolygon","arcs":[[[-292,772,773,774]],[[775,776,777,778,-294]]],"properties":{"name":"Ikeja","gaul_code":22930,"targetarea":272.6686515,"totpop":4108067.48755,"country_id":"NGA","targetpop":4101704.50964,"new_mean":0.048466,"totalarea":280.6652667}},{"type":"Polygon","arcs":[[779,780,-697,-66,781],[782]],"properties":{"name":"Isialamb","gaul_code":22787,"targetarea":181.9840107,"totpop":465801.557678,"country_id":"NGA","targetpop":463507.063721,"new_mean":0.0495704,"totalarea":185.5934943}},{"type":"Polygon","arcs":[[-734,783,784,785,786,787]],"properties":{"name":"Nnewinort","gaul_code":22651,"targetarea":116.1248127,"totpop":355235.599762,"country_id":"NGA","targetpop":335216.230469,"new_mean":0.0499334,"totalarea":145.6983995}},{"type":"MultiPolygon","arcs":[[[788]],[[789,-494,790,-387,791,-391,792,-396,793,-402,794]],[[-620,795]],[[796]]],"properties":{"name":"Okpe","gaul_code":22739,"targetarea":186.8766047,"totpop":587800.651695,"country_id":"NGA","targetpop":393442.438751,"new_mean":0.0443055,"totalarea":641.3643635}},{"type":"MultiPolygon","arcs":[[[797]],[[798]]],"properties":{"name":"Owo","gaul_code":22990,"targetarea":78.0533509,"totpop":371576.666992,"country_id":"NGA","targetpop":145703.395203,"new_mean":0.0595481,"totalarea":1188.5938987}},{"type":"Polygon","arcs":[[799,800,801,802,803,804]],"properties":{"name":"Ezinihit","gaul_code":22782,"targetarea":141.6417954,"totpop":317102.959534,"country_id":"NGA","targetpop":305408.222961,"new_mean":0.0490979,"totalarea":153.798225}},{"type":"MultiPolygon","arcs":[[[805]],[[806]],[[807]],[[808]]],"properties":{"name":"Kajola","gaul_code":23027,"targetarea":57.0406329,"totpop":506893.89331,"country_id":"NGA","targetpop":129185.653076,"new_mean":0.0559791,"totalarea":3246.1198375}},{"type":"Polygon","arcs":[[-725,809,-801,810,811,812,813]],"properties":{"name":"Obowo","gaul_code":22792,"targetarea":114.1660229,"totpop":280774.812927,"country_id":"NGA","targetpop":280009.774231,"new_mean":0.0480944,"totalarea":116.4030637}},{"type":"MultiPolygon","arcs":[[[-25,814,-18,815,-707,816]],[[817,-27]],[[818,819,820]],[[821]]],"properties":{"name":"Adavi","gaul_code":22899,"targetarea":53.9923397,"totpop":239516.898491,"country_id":"NGA","targetpop":101332.210297,"new_mean":0.0855303,"totalarea":524.6358868}},{"type":"MultiPolygon","arcs":[[[822,823,-576,-174,824,-168,825]],[[826,827,-579]]],"properties":{"name":"Olorunda","gaul_code":23010,"targetarea":29.0456653,"totpop":131902.806061,"country_id":"NGA","targetpop":94198.3859863,"new_mean":0.0325752,"totalarea":93.9144988}},{"type":"MultiPolygon","arcs":[[[828]],[[829]],[[830]],[[831]]],"properties":{"name":"Mbo","gaul_code":22630,"targetarea":20.5094775,"totpop":183093.004608,"country_id":"NGA","targetpop":30929.9833984,"new_mean":0.0541828,"totalarea":312.4117145}},{"type":"MultiPolygon","arcs":[[[832]],[[833]],[[834]]],"properties":{"name":"Ifeloju","gaul_code":23024,"targetarea":22.0781171,"totpop":292408.534863,"country_id":"NGA","targetpop":35832.880188,"new_mean":0.0517913,"totalarea":1516.3811677}},{"type":"MultiPolygon","arcs":[[[835]],[[836,837]]],"properties":{"name":"Afijio","gaul_code":23013,"targetarea":22.4427703,"totpop":174665.213623,"country_id":"NGA","targetpop":41654.8995361,"new_mean":0.0454109,"totalarea":638.0570987}},{"type":"MultiPolygon","arcs":[[[838]],[[839]],[[840,-398,841]],[[842,-393,843]],[[844,-795,-401]],[[845]],[[-623,846]],[[847,848,849]],[[850,851,852,853,854]]],"properties":{"name":"Ughelino","gaul_code":22742,"targetarea":110.6006162,"totpop":537708.439636,"country_id":"NGA","targetpop":230392.38739,"new_mean":0.0459603,"totalarea":888.351722}},{"type":"MultiPolygon","arcs":[[[-461,855,856]],[[857,-463]],[[858]],[[859]]],"properties":{"name":"Onicha","gaul_code":22600,"targetarea":32.6929695,"totpop":338766.143303,"country_id":"NGA","targetpop":54962.2399902,"new_mean":0.0613969,"totalarea":475.5626827}},{"type":"MultiPolygon","arcs":[[[-323,860,861]],[[862]],[[863,864,865,866]],[[867,-236,868]]],"properties":{"name":"Nkanu","gaul_code":22769,"targetarea":69.9814592,"totpop":495899.110279,"country_id":"NGA","targetpop":157018.158386,"new_mean":0.0593644,"totalarea":955.0904209}},{"type":"MultiPolygon","arcs":[[[869,870]],[[871,872,-512,-154]],[[873]],[[874]],[[875]],[[876]]],"properties":{"name":"Anambra","gaul_code":22644,"targetarea":45.8055084,"totpop":263677.109112,"country_id":"NGA","targetpop":68191.5714111,"new_mean":0.0588304,"totalarea":634.9222148}},{"type":"Polygon","arcs":[[877,878,-686,879]],"properties":{"name":"Ibadansouth-east","gaul_code":23019,"targetarea":39.3584797,"totpop":290404.472885,"country_id":"NGA","targetpop":267232.725159,"new_mean":0.0349288,"totalarea":84.8749445}},{"type":"MultiPolygon","arcs":[[[880]],[[881]],[[882,883,884,-537]],[[885]],[[886]],[[887]],[[-14,888,889]],[[-805,890,891]]],"properties":{"name":"Isiala-n","gaul_code":22595,"targetarea":85.3772071,"totpop":370341.802963,"country_id":"NGA","targetpop":126702.516846,"new_mean":0.0523337,"totalarea":417.9680198}},{"type":"MultiPolygon","arcs":[[[892]],[[893,894]],[[895]]],"properties":{"name":"Etsakoea","gaul_code":22751,"targetarea":35.1614048,"totpop":344170.579135,"country_id":"NGA","targetpop":78977.0661011,"new_mean":0.0622203,"totalarea":1444.4279062}},{"type":"MultiPolygon","arcs":[[[896]],[[897,-637]],[[898]],[[899,900]],[[901]]],"properties":{"name":"Ikole","gaul_code":22982,"targetarea":39.5512987,"totpop":284533.049112,"country_id":"NGA","targetpop":71900.779541,"new_mean":0.0673017,"totalarea":1015.9147811}},{"type":"MultiPolygon","arcs":[[[902,-497]],[[-476,903,-479,-230,904,905,906]]],"properties":{"name":"Obio/akp","gaul_code":23069,"targetarea":221.6540477,"totpop":850640.673615,"country_id":"NGA","targetpop":822636.410156,"new_mean":0.0422671,"totalarea":264.9557472}},{"type":"MultiPolygon","arcs":[[[907]],[[908]],[[909,910]],[[911]]],"properties":{"name":"Ekitiwest","gaul_code":22974,"targetarea":84.1377544,"totpop":409508.118141,"country_id":"NGA","targetpop":198254.611755,"new_mean":0.0612058,"totalarea":486.2499579}},{"type":"MultiPolygon","arcs":[[[912]],[[913]],[[914,915]],[[916]],[[917]],[[918]],[[919]],[[920]],[[921]]],"properties":{"name":"Egbadosouth","gaul_code":22958,"targetarea":97.6172884,"totpop":498335.659703,"country_id":"NGA","targetpop":205186.299194,"new_mean":0.0419439,"totalarea":1076.2891864}},{"type":"MultiPolygon","arcs":[[[-717,922]],[[923,-296,924,925,926]],[[927,928]],[[929,930]]],"properties":{"name":"Mainland","gaul_code":22933,"targetarea":60.0921132,"totpop":778428.080105,"country_id":"NGA","targetpop":757422.026978,"new_mean":0.0465832,"totalarea":256.2521062}},{"type":"Polygon","arcs":[[-569,931,932,933,934,935]],"properties":{"name":"Orsu","gaul_code":22797,"targetarea":51.9268681,"totpop":88101.2258301,"country_id":"NGA","targetpop":80650.4489136,"new_mean":0.0491533,"totalarea":58.7850257}},{"type":"MultiPolygon","arcs":[[[936]],[[-442,937]],[[938,939,940,-849]],[[941,942]]],"properties":{"name":"Ndokwawe","gaul_code":22738,"targetarea":45.1550086,"totpop":314249.067789,"country_id":"NGA","targetpop":74253.8430176,"new_mean":0.0513588,"totalarea":1132.2609289}},{"type":"Polygon","arcs":[[-439,943,-50,944,945,-9]],"properties":{"name":"Ibadannorth","gaul_code":23016,"targetarea":127.5775322,"totpop":1517822.14798,"country_id":"NGA","targetpop":1505666.98187,"new_mean":0.0379903,"totalarea":143.4557512}},{"type":"MultiPolygon","arcs":[[[946,947,948]],[[949,950,951]],[[952]]],"properties":{"name":"Ola-oluwa","gaul_code":23009,"targetarea":18.4113943,"totpop":137004.812325,"country_id":"NGA","targetpop":47989.5096436,"new_mean":0.0462055,"totalarea":323.3040542}},{"type":"MultiPolygon","arcs":[[[953]],[[954]]],"properties":{"name":"Izzi","gaul_code":22768,"targetarea":9.4351881,"totpop":358704.799969,"country_id":"NGA","targetpop":17198.2460938,"new_mean":0.0731804,"totalarea":1258.0397771}},{"type":"Polygon","arcs":[[955]],"properties":{"name":"Makurdi","gaul_code":22691,"targetarea":91.8369339,"totpop":406611.434673,"country_id":"NGA","targetpop":251443.203125,"new_mean":0.0826968,"totalarea":715.4972961}},{"type":"MultiPolygon","arcs":[[[956,-754,957,958]],[[959]],[[-604,960]]],"properties":{"name":"Obafemi-owode","gaul_code":22963,"targetarea":42.4428868,"totpop":317323.073025,"country_id":"NGA","targetpop":57131.65625,"new_mean":0.0528617,"totalarea":1275.1743624}},{"type":"MultiPolygon","arcs":[[[961]],[[-555,962,963,964,965,966,-551,967]],[[968,969,970]],[[971,972]],[[973,974]]],"properties":{"name":"Essien-u","gaul_code":22622,"targetarea":99.354156,"totpop":300472.204788,"country_id":"NGA","targetpop":151300.389648,"new_mean":0.0470708,"totalarea":286.9157077}},{"type":"MultiPolygon","arcs":[[[975]],[[976,-895]],[[977]],[[-302,978,979]],[[980]],[[981]],[[982,-820,983]]],"properties":{"name":"Ajaokuta","gaul_code":22900,"targetarea":72.1662473,"totpop":773654.735875,"country_id":"NGA","targetpop":130381.411743,"new_mean":0.0685084,"totalarea":5160.6448503}},{"type":"MultiPolygon","arcs":[[[-353,984,-75]],[[985]],[[986,-372,-82]],[[987,988,-368]]],"properties":{"name":"Uruan","gaul_code":22640,"targetarea":75.0088969,"totpop":308304.268917,"country_id":"NGA","targetpop":143690.844299,"new_mean":0.0492421,"totalarea":432.8915797}},{"type":"Polygon","arcs":[[989]],"properties":{"name":"Ido","gaul_code":23022,"targetarea":3.8695306,"totpop":87084.7338848,"country_id":"NGA","targetpop":6222.486206,"new_mean":0.0485333,"totalarea":924.0050822}},{"type":"MultiPolygon","arcs":[[[990]],[[-113,991,992]],[[993,994,-117,995,-111,996]],[[997,-120,998,-994]]],"properties":{"name":"Sapele","gaul_code":22741,"targetarea":82.8055816,"totpop":290533.071854,"country_id":"NGA","targetpop":143670.27948,"new_mean":0.0486935,"totalarea":403.5432627}},{"type":"MultiPolygon","arcs":[[[999,1000]],[[1001]],[[-418,1002]],[[1003]],[[1004]],[[1005]],[[1006]],[[1007]]],"properties":{"name":"Ikale","gaul_code":22980,"targetarea":83.2700531,"totpop":389528.704315,"country_id":"NGA","targetpop":154484.328033,"new_mean":0.0491715,"totalarea":841.5234668}},{"type":"MultiPolygon","arcs":[[[1008,1009,-969,1010,-966]],[[1011]],[[1012,-974,1013]]],"properties":{"name":"Ikot-ekp","gaul_code":22627,"targetarea":124.0584753,"totpop":362033.406281,"country_id":"NGA","targetpop":226058.625488,"new_mean":0.0487838,"totalarea":325.4783607}},{"type":"Polygon","arcs":[[-951,1014,1015,1016]],"properties":{"name":"Iwo","gaul_code":23006,"targetarea":39.3163777,"totpop":229032.598774,"country_id":"NGA","targetpop":150786.348328,"new_mean":0.0416656,"totalarea":287.3689129}},{"type":"MultiPolygon","arcs":[[[1017]],[[1018,1019]],[[1020]],[[1021]],[[1022]],[[1023,-587]]],"properties":{"name":"Isuikwua","gaul_code":22596,"targetarea":39.9383526,"totpop":310435.904625,"country_id":"NGA","targetpop":57610.3540649,"new_mean":0.0490734,"totalarea":554.7379878}},{"type":"Polygon","arcs":[[1024,-946,-878,1025,-701]],"properties":{"name":"Ibadannorth-east","gaul_code":23017,"targetarea":74.1371174,"totpop":803916.432861,"country_id":"NGA","targetpop":801463.707642,"new_mean":0.0405381,"totalarea":77.5376042}},{"type":"MultiPolygon","arcs":[[[1026]],[[1027,-468,-129]],[[-233,1028]]],"properties":{"name":"Oji-river","gaul_code":22772,"targetarea":22.2724373,"totpop":185602.455032,"country_id":"NGA","targetpop":35725.1109009,"new_mean":0.048846,"totalarea":361.0771936}},{"type":"Polygon","arcs":[[1029]],"properties":{"name":"Irewole","gaul_code":23005,"targetarea":75.5164907,"totpop":386907.836716,"country_id":"NGA","targetpop":175647.525024,"new_mean":0.0437075,"totalarea":513.4680742}},{"type":"MultiPolygon","arcs":[[[1030]],[[1031]]],"properties":{"name":"Ikom","gaul_code":22719,"targetarea":17.9371153,"totpop":342540.351423,"country_id":"NGA","targetpop":32243.9376221,"new_mean":0.0632922,"totalarea":2683.1964051}},{"type":"MultiPolygon","arcs":[[[1032]],[[1033]],[[1034,-539,1035,1036,1037,1038]]],"properties":{"name":"Oredo Edo","gaul_code":22753,"targetarea":296.0537734,"totpop":1476674.33322,"country_id":"NGA","targetpop":1211071.02011,"new_mean":0.0450295,"totalarea":1166.3963101}},{"type":"MultiPolygon","arcs":[[[-301,1039,-979]],[[1040]]],"properties":{"name":"Ofu","gaul_code":22908,"targetarea":5.9671608,"totpop":201064.493005,"country_id":"NGA","targetpop":9111.862915,"new_mean":0.0669656,"totalarea":1390.3804977}},{"type":"MultiPolygon","arcs":[[[1041,-872,-153]],[[1042,-870]],[[-159,-731,1043,1044]],[[1045]],[[1046]],[[1047]]],"properties":{"name":"Oyi","gaul_code":22657,"targetarea":89.8126911,"totpop":487120.856529,"country_id":"NGA","targetpop":157838.299438,"new_mean":0.0588767,"totalarea":1082.5867922}},{"type":"Polygon","arcs":[[1048,-480,-904,-475,1049,-674,1050]],"properties":{"name":"Okrika","gaul_code":23071,"targetarea":171.0591319,"totpop":394473.985126,"country_id":"NGA","targetpop":325321.787247,"new_mean":0.0471903,"totalarea":294.1644636}},{"type":"Polygon","arcs":[[1051,-563,1052,-781,1053]],"properties":{"name":"Nkwerre","gaul_code":22791,"targetarea":93.0972332,"totpop":368802.281738,"country_id":"NGA","targetpop":368802.281738,"new_mean":0.0478993,"totalarea":93.0972334}},{"type":"MultiPolygon","arcs":[[[1054]],[[1055,1056,1057]],[[1058]],[[1059,1060]],[[1061,-375,1062,-1060]],[[-424,1063,-426,-278,1064]],[[-380,1065]]],"properties":{"name":"Bomadi","gaul_code":22729,"targetarea":48.803371,"totpop":223921.618767,"country_id":"NGA","targetpop":81792.4385376,"new_mean":0.0442056,"totalarea":381.2874241}},{"type":"MultiPolygon","arcs":[[[1066,1067,-449]],[[1068]],[[1069,1070,1071,1072,-173,1073]],[[1074]],[[1075]]],"properties":{"name":"Obokun","gaul_code":23007,"targetarea":47.8575597,"totpop":248837.08456,"country_id":"NGA","targetpop":84744.9687805,"new_mean":0.0562932,"totalarea":583.1263611}},{"type":"MultiPolygon","arcs":[[[1076]],[[1077]],[[-56,1078]],[[1079,-200]],[[1080]]],"properties":{"name":"Ikot-aba","gaul_code":22626,"targetarea":59.5676999,"totpop":260290.201569,"country_id":"NGA","targetpop":88399.3313599,"new_mean":0.0515428,"totalarea":354.2662312}},{"type":"Polygon","arcs":[[-580,-828,1081]],"properties":{"name":"Irepodun (b)","gaul_code":22920,"targetarea":44.2643143,"totpop":248038.41328,"country_id":"NGA","targetpop":198552.973328,"new_mean":0.0507824,"totalarea":162.2098559}},{"type":"MultiPolygon","arcs":[[[1082]],[[1083]],[[1084]],[[1085]],[[1086]],[[1087]],[[1088,-1001]],[[1089]],[[-417,1090]]],"properties":{"name":"Ilajeeseodo","gaul_code":22983,"targetarea":58.718571,"totpop":579932.376779,"country_id":"NGA","targetpop":104742.502502,"new_mean":0.052853,"totalarea":2037.8751576}},{"type":"MultiPolygon","arcs":[[[1091]],[[1092]],[[1093]],[[1094]],[[1095]],[[1096]],[[1097]],[[1098]],[[-705,1099]],[[1100,-710,1101]],[[1102]]],"properties":{"name":"Akoko-ed","gaul_code":22746,"targetarea":118.7507798,"totpop":486805.239803,"country_id":"NGA","targetpop":195113.018494,"new_mean":0.0618297,"totalarea":1239.3626492}},{"type":"MultiPolygon","arcs":[[[1103]],[[1104]],[[1105]],[[1106]],[[1107]]],"properties":{"name":"Yakurr","gaul_code":22725,"targetarea":29.0195847,"totpop":240578.284756,"country_id":"NGA","targetpop":77584.8537598,"new_mean":0.0577026,"totalarea":704.8815122}},{"type":"MultiPolygon","arcs":[[[1108]],[[1109,1110]],[[1111,1112,1113,1114]]],"properties":{"name":"Calabar","gaul_code":22718,"targetarea":115.9135867,"totpop":414047.246538,"country_id":"NGA","targetpop":323865.227539,"new_mean":0.0506296,"totalarea":311.5699797}},{"type":"MultiPolygon","arcs":[[[1115,1116]],[[1117,1118]],[[1119]],[[1120,1121,-777]]],"properties":{"name":"Adoodo/ota","gaul_code":22956,"targetarea":153.5364555,"totpop":580827.77739,"country_id":"NGA","targetpop":393971.354004,"new_mean":0.0563499,"totalarea":613.2753902}},{"type":"Polygon","arcs":[[1122]],"properties":{"name":"Yala Cross","gaul_code":22726,"targetarea":8.0808761,"totpop":245073.245335,"country_id":"NGA","targetpop":16363.7733154,"new_mean":0.0800902,"totalarea":1292.4680467}},{"type":"MultiPolygon","arcs":[[[1123,1124,-823]],[[1125]],[[1126,1127]]],"properties":{"name":"Ifelodun","gaul_code":23000,"targetarea":46.6732996,"totpop":139092.053794,"country_id":"NGA","targetpop":102342.159241,"new_mean":0.0514522,"totalarea":127.4418608}},{"type":"Polygon","arcs":[[-1121,1128,-774,1129,1130,-959,1131]],"properties":{"name":"Ifo","gaul_code":22959,"targetarea":182.8893664,"totpop":844306.715141,"country_id":"NGA","targetpop":610902.040131,"new_mean":0.0558322,"totalarea":1048.7431855}},{"type":"MultiPolygon","arcs":[[[1132]],[[1133]],[[1134]]],"properties":{"name":"Oju","gaul_code":22693,"targetarea":29.4743493,"totpop":464743.764225,"country_id":"NGA","targetpop":55040.2404785,"new_mean":0.0833613,"totalarea":1904.9225243}},{"type":"MultiPolygon","arcs":[[[-625,1135]],[[-854,1136]],[[-852,1137]],[[-940,1138]],[[-943,1139]],[[-4,1140]],[[1141]],[[1142,-1039]]],"properties":{"name":"Orhionmw","gaul_code":22754,"targetarea":24.3106616,"totpop":533066.486034,"country_id":"NGA","targetpop":37707.8764648,"new_mean":0.0484276,"totalarea":4476.4602875}},{"type":"Polygon","arcs":[[-10,-1025,-700,1143]],"properties":{"name":"Egbeda","gaul_code":23015,"targetarea":48.228064,"totpop":183212.548859,"country_id":"NGA","targetpop":140702.818909,"new_mean":0.0421283,"totalarea":117.2165959}},{"type":"Polygon","arcs":[[1144]],"properties":{"name":"Apa","gaul_code":22682,"targetarea":6.3112016,"totpop":265894.511833,"country_id":"NGA","targetpop":10438.6987305,"new_mean":0.086092,"totalarea":1837.6982248}},{"type":"Polygon","arcs":[[1145]],"properties":{"name":"Gwerwest","gaul_code":22687,"targetarea":11.3239405,"totpop":155962.690622,"country_id":"NGA","targetpop":26620.8134766,"new_mean":0.0859757,"totalarea":1142.0829148}},{"type":"MultiPolygon","arcs":[[[1146,1147]],[[1148]],[[1149,1150,-640,1151]],[[1152,1153]],[[1154,1155,1156]],[[1157]],[[1158]],[[-609,1159]]],"properties":{"name":"Ido/osi","gaul_code":22977,"targetarea":76.6330257,"totpop":251651.621918,"country_id":"NGA","targetpop":151657.738403,"new_mean":0.0641738,"totalarea":271.9865494}},{"type":"MultiPolygon","arcs":[[[1160]],[[1161]],[[1162]],[[1163,-1057]]],"properties":{"name":"Ekeremor","gaul_code":23062,"targetarea":19.6623451,"totpop":354998.727362,"country_id":"NGA","targetpop":26627.3832169,"new_mean":0.0437169,"totalarea":1501.0976011}},{"type":"Polygon","arcs":[[-46,-735,-788,1164,1165,1166,-934,1167,-932,-568,1168,1169,1170],[1171]],"properties":{"name":"Nnewisou","gaul_code":22652,"targetarea":170.7934037,"totpop":407586.144348,"country_id":"NGA","targetpop":400601.388,"new_mean":0.0506543,"totalarea":176.3220798}},{"type":"MultiPolygon","arcs":[[[1172]],[[1173,-456]]],"properties":{"name":"Ejigbo","gaul_code":22998,"targetarea":27.5711658,"totpop":195721.106262,"country_id":"NGA","targetpop":60303.9655151,"new_mean":0.0481836,"totalarea":454.9703236}},{"type":"Polygon","arcs":[[1174,1175,1176,1177,-935,-1167,1178,-1165,-787]],"properties":{"name":"Ihiala","gaul_code":22649,"targetarea":215.245335,"totpop":499626.19899,"country_id":"NGA","targetpop":467837.181335,"new_mean":0.0512084,"totalarea":254.1213667}},{"type":"MultiPolygon","arcs":[[[-633,1179,-191]],[[-631,-137,1180]],[[1181,-360]],[[1182,-134,-362]]],"properties":{"name":"Etinan","gaul_code":22624,"targetarea":61.6078584,"totpop":178726.235016,"country_id":"NGA","targetpop":103158.002136,"new_mean":0.049857,"totalarea":175.4136539}},{"type":"MultiPolygon","arcs":[[[1183,1184,-565]],[[1185,1186,1187]],[[1188,-1169,-567]],[[1189,1190,1191,1192,1193,1194,-586]]],"properties":{"name":"Ideatono","gaul_code":22784,"targetarea":113.5989577,"totpop":260987.083252,"country_id":"NGA","targetpop":186620.274475,"new_mean":0.0503152,"totalarea":206.34564}},{"type":"MultiPolygon","arcs":[[[1195,-517,1196]],[[1197,-515,1198]],[[1199,-459]],[[1200,-462,-857]]],"properties":{"name":"Afikpo","gaul_code":22590,"targetarea":76.1388445,"totpop":282045.916626,"country_id":"NGA","targetpop":161639.217529,"new_mean":0.0578051,"totalarea":261.4513809}},{"type":"MultiPolygon","arcs":[[[-369,-989,1201]],[[1202]],[[1203]],[[1204]]],"properties":{"name":"Itu","gaul_code":22629,"targetarea":87.1103218,"totpop":458181.969566,"country_id":"NGA","targetpop":142066.991333,"new_mean":0.0496283,"totalarea":586.0288178}},{"type":"MultiPolygon","arcs":[[[-188,1205]],[[1206]],[[1207]],[[1208]],[[1209]],[[1210]]],"properties":{"name":"Mkpat-en","gaul_code":22631,"targetarea":28.3095597,"totpop":227856.253433,"country_id":"NGA","targetpop":41194.7686157,"new_mean":0.0499196,"totalarea":320.2168942}},{"type":"MultiPolygon","arcs":[[[1211]],[[1212]],[[1213]]],"properties":{"name":"Ankpa","gaul_code":22901,"targetarea":43.6068479,"totpop":565650.804882,"country_id":"NGA","targetpop":79421.3762207,"new_mean":0.0728874,"totalarea":3130.165076}},{"type":"MultiPolygon","arcs":[[[1214]],[[1215,1216]]],"properties":{"name":"Konshish","gaul_code":22689,"targetarea":12.3600322,"totpop":420034.694481,"country_id":"NGA","targetpop":29658.06604,"new_mean":0.0839943,"totalarea":1998.2980867}},{"type":"Polygon","arcs":[[-1053,-562,1217,-559,1218,1219,1220,-694]],"properties":{"name":"Isu","gaul_code":22788,"targetarea":89.7558825,"totpop":224721.363281,"country_id":"NGA","targetpop":193711.878235,"new_mean":0.0519449,"totalarea":126.1772734}},{"type":"MultiPolygon","arcs":[[[1221,-177,1222,-180,-336]],[[-1074,-172,1223]]],"properties":{"name":"Atakumosa","gaul_code":22992,"targetarea":68.2426014,"totpop":336879.620102,"country_id":"NGA","targetpop":166085.536041,"new_mean":0.0525019,"totalarea":943.6742294}},{"type":"MultiPolygon","arcs":[[[1224]],[[1225]],[[1226]],[[1227]],[[1228]],[[1229,1230]]],"properties":{"name":"Akokosou","gaul_code":22970,"targetarea":111.6246873,"totpop":480991.335854,"country_id":"NGA","targetpop":211593.551819,"new_mean":0.0592086,"totalarea":797.2266207}},{"type":"MultiPolygon","arcs":[[[-906,1231,1232,1233,1234]],[[1235]],[[1236,1237,-503]],[[1238]],[[1239]],[[1240]]],"properties":{"name":"Ikwerre","gaul_code":23066,"targetarea":91.2971863,"totpop":449495.188004,"country_id":"NGA","targetpop":154080.238037,"new_mean":0.0409401,"totalarea":981.6080892}},{"type":"MultiPolygon","arcs":[[[1241]],[[1242,-108]],[[1243]],[[1244]],[[1245]],[[-936,-1178,1246,-1220,1247,-570]]],"properties":{"name":"Oru","gaul_code":22798,"targetarea":121.3282655,"totpop":323105.623795,"country_id":"NGA","targetpop":222642.768066,"new_mean":0.0493825,"totalarea":271.9422041}},{"type":"MultiPolygon","arcs":[[[1248,-1217]],[[1249]],[[1250]],[[1251,1252]]],"properties":{"name":"Gwer","gaul_code":22686,"targetarea":15.1115734,"totpop":273561.491232,"country_id":"NGA","targetpop":28133.3818359,"new_mean":0.0865476,"totalarea":2452.6991303}},{"type":"MultiPolygon","arcs":[[[1253,1254]],[[1255]],[[1256]],[[1257]],[[1258]],[[1259]],[[1260]]],"properties":{"name":"Akokonorthwest","gaul_code":22969,"targetarea":61.5906162,"totpop":307540.027668,"country_id":"NGA","targetpop":131120.110718,"new_mean":0.0693986,"totalarea":574.7264995}},{"type":"MultiPolygon","arcs":[[[1261]],[[1262]]],"properties":{"name":"Oruk-ana","gaul_code":22637,"targetarea":7.3523409,"totpop":251230.848816,"country_id":"NGA","targetpop":13275.1744995,"new_mean":0.048836,"totalarea":451.4055816}},{"type":"Polygon","arcs":[[1263,1264,-782,-65,1265,1266,1267,-723]],"properties":{"name":"Ehime-mb","gaul_code":22781,"targetarea":110.6098462,"totpop":226047.461395,"country_id":"NGA","targetpop":188221.306274,"new_mean":0.0501981,"totalarea":155.5867402}},{"type":"MultiPolygon","arcs":[[[1268]],[[-757,1269,-755,-957,-1131,1270,1271,1272,1273,-930,1274,-929,1275]]],"properties":{"name":"Ikorodu","gaul_code":22931,"targetarea":264.9226412,"totpop":799362.534908,"country_id":"NGA","targetpop":729924.938538,"new_mean":0.0500008,"totalarea":404.7733438}},{"type":"MultiPolygon","arcs":[[[-317,-315,1276]],[[-862,1277,-324]],[[1278]],[[1279]],[[1280]],[[1281]],[[1282]],[[-867,1283]]],"properties":{"name":"Awgu","gaul_code":22759,"targetarea":89.7218136,"totpop":555545.557213,"country_id":"NGA","targetpop":148601.297241,"new_mean":0.0593699,"totalarea":872.7857808}},{"type":"MultiPolygon","arcs":[[[1284]],[[1285,-1234]],[[1286]],[[-1232,-905,-229,1287]],[[1288]]],"properties":{"name":"Etche","gaul_code":23064,"targetarea":148.4371302,"totpop":657380.90303,"country_id":"NGA","targetpop":242778.344147,"new_mean":0.0402489,"totalarea":985.2919513}},{"type":"MultiPolygon","arcs":[[[1289]],[[1290]],[[-737,1291]],[[-741,1292]],[[-549,-744,1293]]],"properties":{"name":"Ukanafun","gaul_code":22638,"targetarea":30.4197932,"totpop":182319.113434,"country_id":"NGA","targetpop":53846.788147,"new_mean":0.0458411,"totalarea":222.0003046}},{"type":"MultiPolygon","arcs":[[[1294]],[[1295]],[[1296]]],"properties":{"name":"Bende","gaul_code":22593,"targetarea":37.1344429,"totpop":285079.593094,"country_id":"NGA","targetpop":56507.1101685,"new_mean":0.0525489,"totalarea":636.4113093}},{"type":"MultiPolygon","arcs":[[[-721,1297]],[[-1188,1298,-1054,-780,-1265,1299],[1300]],[[1301,-1020]],[[1302]],[[-1194,1303]],[[1304]],[[1305,-583]]],"properties":{"name":"Okigwe","gaul_code":22795,"targetarea":201.4373408,"totpop":672437.74382,"country_id":"NGA","targetpop":414481.576477,"new_mean":0.0512064,"totalarea":617.8870628}},{"type":"MultiPolygon","arcs":[[[1306]],[[1307]],[[-715,-307,1308]],[[1309]],[[1310]],[[1311]],[[1312]],[[1313]],[[1314]],[[-310,1315]],[[1316]],[[1317]],[[1318]],[[1319]],[[1320]],[[-641,-1151,1321]],[[1322,-900]]],"properties":{"name":"Ekitieas","gaul_code":22972,"targetarea":128.3785104,"totpop":640022.927402,"country_id":"NGA","targetpop":280249.794159,"new_mean":0.063698,"totalarea":1093.8973271}},{"type":"MultiPolygon","arcs":[[[1323]],[[1324]],[[1325]],[[1326]]],"properties":{"name":"Owanwest","gaul_code":22757,"targetarea":20.7270879,"totpop":347065.542854,"country_id":"NGA","targetpop":28955.5877075,"new_mean":0.0599056,"totalarea":1765.7883216}},{"type":"Polygon","arcs":[[-1037,1327]],"properties":{"name":"Oviasouth-west","gaul_code":22756,"targetarea":9.3499427,"totpop":280037.372582,"country_id":"NGA","targetpop":22304.7211304,"new_mean":0.0514282,"totalarea":3206.6517135}},{"type":"MultiPolygon","arcs":[[[1328]],[[1329]],[[-1238,1330,-504]],[[1331]],[[1332]],[[-410,1333,-92,1334]],[[1335]],[[1336]]],"properties":{"name":"Ahoada","gaul_code":23055,"targetarea":173.3845164,"totpop":657425.315346,"country_id":"NGA","targetpop":320076.652466,"new_mean":0.0434183,"totalarea":796.4470537}},{"type":"MultiPolygon","arcs":[[[-115,1337,-992]],[[1338]]],"properties":{"name":"Warrinorth","gaul_code":22744,"targetarea":14.3655738,"totpop":285026.823587,"country_id":"NGA","targetpop":20099.0891571,"new_mean":0.0489328,"totalarea":2185.8849399}},{"type":"MultiPolygon","arcs":[[[1339]],[[-1254,1340,-1231,1341]],[[1342]]],"properties":{"name":"Akokonorth","gaul_code":22968,"targetarea":53.0454764,"totpop":273630.454773,"country_id":"NGA","targetpop":133510.163147,"new_mean":0.0658354,"totalarea":451.5875993}},{"type":"MultiPolygon","arcs":[[[-434,1343]],[[1344,1345,-68,-696,1346,-436]]],"properties":{"name":"Owerri","gaul_code":22799,"targetarea":116.3333695,"totpop":489093.964642,"country_id":"NGA","targetpop":373365.191162,"new_mean":0.0513963,"totalarea":385.4128003}},{"type":"Polygon","arcs":[[-213,-481,-1049,1347,-203,1348]],"properties":{"name":"Gokana","gaul_code":23065,"targetarea":52.2590996,"totpop":211469.56311,"country_id":"NGA","targetpop":186224.474976,"new_mean":0.0483195,"totalarea":96.9344666}},{"type":"MultiPolygon","arcs":[[[1349,-1071,1350]],[[1351,-1124,-826,-167,-1073,1352]],[[-245,1353]],[[1354,-1127,1355,-248,1356]]],"properties":{"name":"Boripe","gaul_code":22995,"targetarea":107.6669723,"totpop":314412.822227,"country_id":"NGA","targetpop":264830.771973,"new_mean":0.0404691,"totalarea":204.2917757}},{"type":"Polygon","arcs":[[1357,-48,1358,1359]],"properties":{"name":"Orumbano","gaul_code":22655,"targetarea":61.7419213,"totpop":243263.851395,"country_id":"NGA","targetpop":107491.665405,"new_mean":0.0509798,"totalarea":372.7353915}},{"type":"MultiPolygon","arcs":[[[1360]],[[1361]],[[1362,1363]],[[-1253,1364]]],"properties":{"name":"Gboko","gaul_code":22684,"targetarea":95.2457169,"totpop":653390.368229,"country_id":"NGA","targetpop":278969.159027,"new_mean":0.0769966,"totalarea":2323.2654481}},{"type":"MultiPolygon","arcs":[[[1365]],[[1366]],[[1367]],[[1368,1369,1370]],[[1371,1372,1373,-1118,1374,1375]],[[1376,-1116,1377,1378]]],"properties":{"name":"Badagary","gaul_code":22926,"targetarea":176.8238194,"totpop":561985.387585,"country_id":"NGA","targetpop":305170.134949,"new_mean":0.0566322,"totalarea":699.7340548}},{"type":"MultiPolygon","arcs":[[[1379]],[[1380,-35,1381]]],"properties":{"name":"Isi-uzo","gaul_code":22767,"targetarea":95.3028292,"totpop":480771.941818,"country_id":"NGA","targetpop":160679.057922,"new_mean":0.0711553,"totalarea":1159.583665}},{"type":"Polygon","arcs":[[-926,1382,1383,-719,1384]],"properties":{"name":"Lagosisland","gaul_code":22932,"targetarea":70.9067115,"totpop":851498.158295,"country_id":"NGA","targetpop":845879.405884,"new_mean":0.049729,"totalarea":87.6635778}},{"type":"MultiPolygon","arcs":[[[1385]],[[1386]],[[-654,1387]]],"properties":{"name":"Aniochas","gaul_code":22728,"targetarea":23.9899832,"totpop":233480.500732,"country_id":"NGA","targetpop":35420.5786743,"new_mean":0.0498401,"totalarea":864.1626194}},{"type":"MultiPolygon","arcs":[[[1388]],[[1389]],[[1390]],[[1391]],[[1392]],[[1393]],[[1394]],[[-408,-422,1395]]],"properties":{"name":"Southernijaw","gaul_code":23074,"targetarea":41.8419638,"totpop":478323.52293,"country_id":"NGA","targetpop":55539.6057129,"new_mean":0.0431349,"totalarea":2615.7030931}},{"type":"Polygon","arcs":[[-1044,-730,-44,1396,-42,1397,1398,-124,1399]],"properties":{"name":"Njikoka","gaul_code":22650,"targetarea":131.1745673,"totpop":354663.329041,"country_id":"NGA","targetpop":337411.012085,"new_mean":0.0480648,"totalarea":152.3742185}},{"type":"Polygon","arcs":[[-1359,-47,-1171,1400,-1190,-585,1401]],"properties":{"name":"Aguata","gaul_code":22643,"targetarea":153.7256344,"totpop":513157.221832,"country_id":"NGA","targetpop":510645.706177,"new_mean":0.0485047,"totalarea":158.5565807}},{"type":"Polygon","arcs":[[-49,1402,-687,-879,-945]],"properties":{"name":"Ibadansouth-west","gaul_code":23020,"targetarea":45.1842666,"totpop":203125.321041,"country_id":"NGA","targetpop":169708.541687,"new_mean":0.0403193,"totalarea":123.9442321}},{"type":"MultiPolygon","arcs":[[[1403,-1370,1404]],[[-1383,-925,-295,-779,1405,-1379,1406,-1373,1407,1408],[1409]]],"properties":{"name":"Ojo","gaul_code":22935,"targetarea":320.3191759,"totpop":2723128.17148,"country_id":"NGA","targetpop":2688561.85739,"new_mean":0.0512001,"totalarea":383.7719328}},{"type":"MultiPolygon","arcs":[[[1410]],[[1411]],[[1412]],[[1413]]],"properties":{"name":"Ohafia Abia","gaul_code":22598,"targetarea":44.5981997,"totpop":296014.848587,"country_id":"NGA","targetpop":85764.8187256,"new_mean":0.0506429,"totalarea":455.1088714}},{"type":"MultiPolygon","arcs":[[[1414,-184]],[[1415,-186]],[[-628,1416,-636,1417,-58,1418,-62]],[[-634,-190,1419]]],"properties":{"name":"Eket","gaul_code":22620,"targetarea":75.3918385,"totpop":244035.436188,"country_id":"NGA","targetpop":179675.665283,"new_mean":0.0510279,"totalarea":161.96134}},{"type":"MultiPolygon","arcs":[[[1420]],[[1421,-884,1422,-803,1423,-69,-1346,1424]]],"properties":{"name":"Aboh-mba","gaul_code":22779,"targetarea":129.2893935,"totpop":295549.14679,"country_id":"NGA","targetpop":232846.778625,"new_mean":0.0503417,"totalarea":219.3782913}},{"type":"MultiPolygon","arcs":[[[1425]],[[1426,-290]]],"properties":{"name":"Isokonor","gaul_code":22735,"targetarea":21.3953051,"totpop":164706.940016,"country_id":"NGA","targetpop":41038.3924561,"new_mean":0.0478343,"totalarea":422.1089534}},{"type":"MultiPolygon","arcs":[[[1427,-1115,1428]],[[1429,-358,1430]],[[-1113,1431]],[[1432,1433]]],"properties":{"name":"Odukpani","gaul_code":22723,"targetarea":50.5420628,"totpop":458155.175877,"country_id":"NGA","targetpop":108280.101074,"new_mean":0.051192,"totalarea":1318.4267825}},{"type":"Polygon","arcs":[[-536,-530,1434,-600,1435,-598,1436]],"properties":{"name":"Obioma-n","gaul_code":22597,"targetarea":132.9145621,"totpop":621266.669586,"country_id":"NGA","targetpop":420069.630188,"new_mean":0.04507,"totalarea":516.8080245}},{"type":"MultiPolygon","arcs":[[[1437,-963,-554,1438]],[[1439,-1009,-965,1440]],[[1441]]],"properties":{"name":"Ikono","gaul_code":22625,"targetarea":73.0817194,"totpop":250952.624237,"country_id":"NGA","targetpop":118560.702332,"new_mean":0.0469471,"totalarea":276.4528597}},{"type":"Polygon","arcs":[[-34,1442,-100,1443,-1382]],"properties":{"name":"Nsukka","gaul_code":22770,"targetarea":152.3520428,"totpop":472550.26236,"country_id":"NGA","targetpop":302194.015198,"new_mean":0.0583314,"totalarea":429.6624207}},{"type":"MultiPolygon","arcs":[[[1444]],[[-1110,1445]]],"properties":{"name":"Akpabuyo","gaul_code":22715,"targetarea":18.9917901,"totpop":264531.299339,"country_id":"NGA","targetpop":29191.9214478,"new_mean":0.0514602,"totalarea":743.7953722}},{"type":"MultiPolygon","arcs":[[[-689,1446,-728]],[[1447]],[[1448]],[[1449]]],"properties":{"name":"Vandeiky","gaul_code":22698,"targetarea":46.8764978,"totpop":397532.343937,"country_id":"NGA","targetpop":108478.577637,"new_mean":0.0763274,"totalarea":924.6556663}},{"type":"MultiPolygon","arcs":[[[1450]],[[1451,-1067,-448]],[[1452]]],"properties":{"name":"Oriade","gaul_code":23011,"targetarea":74.9460691,"totpop":324137.608608,"country_id":"NGA","targetpop":184759.849731,"new_mean":0.0514458,"totalarea":596.2305469}},{"type":"Polygon","arcs":[[1453]],"properties":{"name":"Etsakowe","gaul_code":22752,"targetarea":52.5968916,"totpop":387466.415359,"country_id":"NGA","targetpop":89257.0579834,"new_mean":0.0592946,"totalarea":1558.7281331}},{"type":"MultiPolygon","arcs":[[[1454]],[[1455,-1016]],[[1456,-948]]],"properties":{"name":"Ayedire","gaul_code":22994,"targetarea":15.3223923,"totpop":131877.754181,"country_id":"NGA","targetpop":29179.7678833,"new_mean":0.0503011,"totalarea":267.296486}},{"type":"Polygon","arcs":[[1457,1458]],"properties":{"name":"Ijebunorth","gaul_code":22961,"targetarea":68.4161741,"totpop":449985.5137,"country_id":"NGA","targetpop":207068.347229,"new_mean":0.0494338,"totalarea":907.9147171}},{"type":"MultiPolygon","arcs":[[[1459]],[[1460,-1433,1461]],[[1462]],[[1463]],[[1464]]],"properties":{"name":"Arochukw","gaul_code":22592,"targetarea":49.1418875,"totpop":263250.363396,"country_id":"NGA","targetpop":91045.90448,"new_mean":0.0516009,"totalarea":468.0823739}},{"type":"Polygon","arcs":[[1465,-1271,-1130,-773,-297,-924,1466,-1273]],"properties":{"name":"Shomolu","gaul_code":22936,"targetarea":79.8825676,"totpop":588769.927895,"country_id":"NGA","targetpop":578180.97522,"new_mean":0.0462096,"totalarea":107.0075506}},{"type":"MultiPolygon","arcs":[[[1467]],[[1468]],[[1469]],[[1470,-1458,1471]]],"properties":{"name":"Ijebuode","gaul_code":22962,"targetarea":116.8803024,"totpop":479412.12833,"country_id":"NGA","targetpop":284672.208679,"new_mean":0.0478887,"totalarea":681.5182795}},{"type":"MultiPolygon","arcs":[[[1472]],[[1473,1474]]],"properties":{"name":"Ushongo","gaul_code":22697,"targetarea":9.1079254,"totpop":202557.823587,"country_id":"NGA","targetpop":19846.911377,"new_mean":0.0798457,"totalarea":1238.7637927}},{"type":"Polygon","arcs":[[1475,1476,1477,1478,1479,1480]],"properties":{"name":"Offa","gaul_code":22923,"targetarea":32.0192143,"totpop":90243.3108521,"country_id":"NGA","targetpop":86321.1650391,"new_mean":0.061259,"totalarea":35.9547607}},{"type":"MultiPolygon","arcs":[[[-1357,-247,1481]],[[1482]],[[1483]],[[1484]],[[1485]],[[1486]],[[-258,1487,1488]]],"properties":{"name":"Odo0tin","gaul_code":23008,"targetarea":68.7539093,"totpop":248708.710739,"country_id":"NGA","targetpop":133397.963379,"new_mean":0.0596738,"totalarea":324.3257207}},{"type":"Polygon","arcs":[[1489]],"properties":{"name":"Esanwest","gaul_code":22750,"targetarea":39.7231176,"totpop":216878.824646,"country_id":"NGA","targetpop":64021.3671875,"new_mean":0.044588,"totalarea":647.5412324}},{"type":"MultiPolygon","arcs":[[[-270,1490]],[[1491]],[[1492]]],"properties":{"name":"Urueoffo","gaul_code":22641,"targetarea":18.1936479,"totpop":126556.86026,"country_id":"NGA","targetpop":24923.1398926,"new_mean":0.0523493,"totalarea":153.2464478}},{"type":"MultiPolygon","arcs":[[[1493,-237,-868,1494,-865]],[[1495]]],"properties":{"name":"Enugusou","gaul_code":22760,"targetarea":230.4940118,"totpop":978204.531284,"country_id":"NGA","targetpop":793693.5271,"new_mean":0.0548924,"totalarea":582.2220873}},{"type":"MultiPolygon","arcs":[[[1496,-910]],[[-1148,1497]],[[-1154,1498,-1156,1499]]],"properties":{"name":"Ijero","gaul_code":22979,"targetarea":68.0546692,"totpop":332015.987495,"country_id":"NGA","targetpop":166227.81543,"new_mean":0.0613352,"totalarea":364.0950298}},{"type":"Polygon","arcs":[[1500]],"properties":{"name":"Boki","gaul_code":22717,"targetarea":3.4002085,"totpop":231681.499104,"country_id":"NGA","targetpop":6219.4993286,"new_mean":0.0679751,"totalarea":2686.3897211}},{"type":"MultiPolygon","arcs":[[[1501,-813,1502,-811,-800,-892,1503,-889,-13,1504,-15],[1505],[1506]],[[1507]],[[1508]],[[1509]],[[1510]]],"properties":{"name":"Umuahia","gaul_code":22603,"targetarea":175.2419709,"totpop":423614.087463,"country_id":"NGA","targetpop":350556.51532,"new_mean":0.0497567,"totalarea":278.7578076}},{"type":"MultiPolygon","arcs":[[[-1474,1511]],[[1512]],[[1513]],[[1514,-1363]]],"properties":{"name":"Buruku","gaul_code":22683,"targetarea":25.9524139,"totpop":316891.343327,"country_id":"NGA","targetpop":58411.0655518,"new_mean":0.0828717,"totalarea":1343.6300157}},{"type":"MultiPolygon","arcs":[[[1515,-768]],[[-1176,1516]],[[-785,1517,-732,-157,1518]]],"properties":{"name":"Ogbaru","gaul_code":22653,"targetarea":86.8540932,"totpop":381757.290512,"country_id":"NGA","targetpop":226564.185669,"new_mean":0.0548955,"totalarea":416.9648698}},{"type":"MultiPolygon","arcs":[[[1519]],[[1520]],[[1521]],[[1522]],[[1523]],[[1524]]],"properties":{"name":"Oturkpo","gaul_code":22695,"targetarea":57.8139089,"totpop":563751.755514,"country_id":"NGA","targetpop":153311.171387,"new_mean":0.0794633,"totalarea":2204.2030835}},{"type":"Polygon","arcs":[[-131,1525,-1398,-41,-1358,1526,-127,1527]],"properties":{"name":"Awkasout","gaul_code":22647,"targetarea":121.5296504,"totpop":294260.722519,"country_id":"NGA","targetpop":257916.101257,"new_mean":0.0517966,"totalarea":168.90221}},{"type":"Polygon","arcs":[[-1129,-776,-293,-775]],"properties":{"name":"Agege","gaul_code":22925,"targetarea":60.530497,"totpop":1089754.22095,"country_id":"NGA","targetpop":1089754.22095,"new_mean":0.046437,"totalarea":60.5304973}},{"type":"MultiPolygon","arcs":[[[1528]],[[1529]]],"properties":{"name":"Ibarapa","gaul_code":23021,"targetarea":23.2387966,"totpop":185094.939928,"country_id":"NGA","targetpop":39310.9974365,"new_mean":0.0451647,"totalarea":824.9690987}},{"type":"MultiPolygon","arcs":[[[1530,-1266,-64]],[[-70,-1424,-802,-810,-724,-1268,1531]]],"properties":{"name":"Ahizu-mb","gaul_code":22780,"targetarea":72.4768617,"totpop":202267.113129,"country_id":"NGA","targetpop":181333.996643,"new_mean":0.0486379,"totalarea":95.5749619}},{"type":"MultiPolygon","arcs":[[[1532]],[[1533]],[[1534]]],"properties":{"name":"Ijumu","gaul_code":22904,"targetarea":18.9923934,"totpop":210575.732833,"country_id":"NGA","targetpop":31100.7218018,"new_mean":0.0788202,"totalarea":1073.3089871}},{"type":"MultiPolygon","arcs":[[[-594,1535]],[[-333,1536]],[[1537]],[[1538]],[[1539]],[[1540]],[[1541,-331]]],"properties":{"name":"Ileoluji/okeigbo","gaul_code":22984,"targetarea":57.5823946,"totpop":422244.044594,"country_id":"NGA","targetpop":104765.81427,"new_mean":0.0575798,"totalarea":875.1283664}},{"type":"Polygon","arcs":[[-1187,1542,-1192,1543,-1184,-564,-1052,-1299],[1544]],"properties":{"name":"Ideato","gaul_code":22783,"targetarea":95.8747711,"totpop":246698.35437,"country_id":"NGA","targetpop":237106.077698,"new_mean":0.0487119,"totalarea":107.7817824}},{"type":"Polygon","arcs":[[1545]],"properties":{"name":"Obubra","gaul_code":22721,"targetarea":13.0329277,"totpop":209205.341209,"country_id":"NGA","targetpop":22490.7419434,"new_mean":0.0612687,"totalarea":1133.7825921}},{"type":"Polygon","arcs":[[1546]],"properties":{"name":"Uzo-uwani","gaul_code":22774,"targetarea":3.9079548,"totpop":163001.452921,"country_id":"NGA","targetpop":6956.3843384,"new_mean":0.0610817,"totalarea":712.1656557}},{"type":"Polygon","arcs":[[-39,1547]],"properties":{"name":"Olamabor","gaul_code":22911,"targetarea":7.3851429,"totpop":193784.952389,"country_id":"NGA","targetpop":11869.7127075,"new_mean":0.0666656,"totalarea":886.8246723}},{"type":"MultiPolygon","arcs":[[[1548]],[[1549]]],"properties":{"name":"Bagudo","gaul_code":22886,"targetarea":9.4764148,"totpop":417331.920466,"country_id":"NGA","targetpop":18053.9632568,"new_mean":0.0344589,"totalarea":5424.2069199}},{"type":"MultiPolygon","arcs":[[[1550]],[[1551]]],"properties":{"name":"Dange-sh","gaul_code":23081,"targetarea":16.6861117,"totpop":323483.44861,"country_id":"NGA","targetpop":33396.8052368,"new_mean":0.035124,"totalarea":2501.4443601}},{"type":"MultiPolygon","arcs":[[[1552]],[[1553]]],"properties":{"name":"Rijau","gaul_code":22951,"targetarea":11.446997,"totpop":242216.921679,"country_id":"NGA","targetpop":23038.5487061,"new_mean":0.0547758,"totalarea":2647.6272048}},{"type":"MultiPolygon","arcs":[[[1554]],[[1555]],[[1556]],[[1557]]],"properties":{"name":"Bauchi","gaul_code":22661,"targetarea":114.4699751,"totpop":716841.802511,"country_id":"NGA","targetpop":294874.090271,"new_mean":0.0367597,"totalarea":3469.1283991}},{"type":"Polygon","arcs":[[1558]],"properties":{"name":"Langtang (b)","gaul_code":23047,"targetarea":3.0047151,"totpop":134668.126191,"country_id":"NGA","targetpop":5961.1269531,"new_mean":0.0906022,"totalarea":1636.8907739}},{"type":"Polygon","arcs":[[1559]],"properties":{"name":"Birnin-g","gaul_code":22817,"targetarea":8.7015123,"totpop":387078.404225,"country_id":"NGA","targetpop":14807.2935791,"new_mean":0.0549273,"totalarea":6198.7018564}},{"type":"Polygon","arcs":[[1560,1561,1562,1563,1564]],"properties":{"name":"Tudun","gaul_code":22832,"targetarea":53.8388777,"totpop":404523.455566,"country_id":"NGA","targetpop":403984.298645,"new_mean":0.0500144,"totalarea":54.4935905}},{"type":"MultiPolygon","arcs":[[[1565]],[[1566]],[[1567]],[[1568]],[[1569]],[[1570]],[[1571]],[[1572]]],"properties":{"name":"Karaye","gaul_code":22850,"targetarea":70.2122256,"totpop":589532.982777,"country_id":"NGA","targetpop":149310.364014,"new_mean":0.0373643,"totalarea":1248.1917393}},{"type":"Polygon","arcs":[[1573]],"properties":{"name":"Wushishi","gaul_code":22954,"targetarea":8.524662,"totpop":486609.514699,"country_id":"NGA","targetpop":14909.8782349,"new_mean":0.0687517,"totalarea":11160.7723659}},{"type":"Polygon","arcs":[[1574,1575]],"properties":{"name":"Bida","gaul_code":22939,"targetarea":24.5251423,"totpop":410488.785406,"country_id":"NGA","targetpop":166551.040161,"new_mean":0.0850255,"totalarea":2045.5993548}},{"type":"MultiPolygon","arcs":[[[1576]],[[1577]]],"properties":{"name":"Gujba","gaul_code":23121,"targetarea":5.6569256,"totpop":340658.522737,"country_id":"NGA","targetpop":8917.6570435,"new_mean":0.0384014,"totalarea":4882.0046347}},{"type":"MultiPolygon","arcs":[[[1578]],[[1579]],[[1580]]],"properties":{"name":"Katagum","gaul_code":22672,"targetarea":36.9511291,"totpop":308795.777315,"country_id":"NGA","targetpop":102364.647156,"new_mean":0.0377558,"totalarea":1227.8169766}},{"type":"MultiPolygon","arcs":[[[1581,1582]],[[1583]],[[1584]],[[1585]],[[1586,1587,1588]],[[1589,1590]]],"properties":{"name":"Kabo","gaul_code":22848,"targetarea":25.1731474,"totpop":234103.31498,"country_id":"NGA","targetpop":55682.2618408,"new_mean":0.0382148,"totalarea":351.358126}},{"type":"MultiPolygon","arcs":[[[1591]],[[1592]],[[1593]],[[1594]],[[1595]],[[1596,1597]],[[1598]],[[1599]]],"properties":{"name":"Takai","gaul_code":22859,"targetarea":44.4852984,"totpop":385576.73386,"country_id":"NGA","targetpop":100984.758484,"new_mean":0.0375908,"totalarea":905.2586081}},{"type":"MultiPolygon","arcs":[[[1600]],[[1601]],[[1602]]],"properties":{"name":"Jahun","gaul_code":22808,"targetarea":23.1293315,"totpop":436294.87257,"country_id":"NGA","targetpop":64956.6194458,"new_mean":0.033972,"totalarea":1562.0497782}},{"type":"MultiPolygon","arcs":[[[1603]],[[1604]],[[1605,1606]]],"properties":{"name":"Bindawa","gaul_code":22866,"targetarea":33.8126491,"totpop":247084.236855,"country_id":"NGA","targetpop":79886.4613037,"new_mean":0.0361573,"totalarea":456.6227575}},{"type":"MultiPolygon","arcs":[[[1607,1608,1609,1610]],[[1611]]],"properties":{"name":"Zangonka","gaul_code":22833,"targetarea":29.6723659,"totpop":444609.726002,"country_id":"NGA","targetpop":60473.4820557,"new_mean":0.0824264,"totalarea":2360.5858562}},{"type":"Polygon","arcs":[[1612]],"properties":{"name":"Gwandu","gaul_code":22890,"targetarea":11.7200615,"totpop":118055.560921,"country_id":"NGA","targetpop":21663.6783447,"new_mean":0.0349631,"totalarea":489.3717608}},{"type":"MultiPolygon","arcs":[[[1613]],[[1614]]],"properties":{"name":"Kiyawa","gaul_code":22812,"targetarea":15.4404571,"totpop":216118.379673,"country_id":"NGA","targetpop":42110.333313,"new_mean":0.0346249,"totalarea":914.9971255}},{"type":"MultiPolygon","arcs":[[[1615]],[[1616]],[[1617]],[[1618]],[[1619]]],"properties":{"name":"Darazo","gaul_code":22663,"targetarea":31.879285,"totpop":489749.528593,"country_id":"NGA","targetpop":87000.4393921,"new_mean":0.0364215,"totalarea":3101.2149669}},{"type":"MultiPolygon","arcs":[[[1620]],[[1621]],[[1622]],[[1623]],[[1624]],[[1625]],[[1626,-1610]]],"properties":{"name":"Jema'a","gaul_code":22824,"targetarea":34.123767,"totpop":699717.030359,"country_id":"NGA","targetpop":62621.1695557,"new_mean":0.0843122,"totalarea":3323.7123826}},{"type":"Polygon","arcs":[[1627]],"properties":{"name":"Karim-la","gaul_code":23109,"targetarea":3.2970814,"totpop":228750.80283,"country_id":"NGA","targetpop":5856.1936645,"new_mean":0.0480358,"totalarea":5823.1276668}},{"type":"MultiPolygon","arcs":[[[1628]],[[1629]],[[1630]]],"properties":{"name":"Pankshin","gaul_code":23050,"targetarea":19.0186676,"totpop":431579.683773,"country_id":"NGA","targetpop":38936.4054565,"new_mean":0.058245,"totalarea":2512.8723315}},{"type":"MultiPolygon","arcs":[[[1631]],[[1632]],[[1633]]],"properties":{"name":"Toro","gaul_code":22678,"targetarea":11.7028516,"totpop":530729.486241,"country_id":"NGA","targetpop":23557.7644653,"new_mean":0.039481,"totalarea":7292.2208163}},{"type":"MultiPolygon","arcs":[[[1634]],[[1635]],[[1636]],[[1637]],[[1638]],[[1639]],[[1640]]],"properties":{"name":"Isa","gaul_code":23088,"targetarea":33.312054,"totpop":431396.93611,"country_id":"NGA","targetpop":63257.2645264,"new_mean":0.0339705,"totalarea":2932.1714312}},{"type":"Polygon","arcs":[[1641]],"properties":{"name":"Shiroro","gaul_code":22952,"targetarea":7.5842111,"totpop":551898.013737,"country_id":"NGA","targetpop":10673.1696167,"new_mean":0.079121,"totalarea":7768.7525106}},{"type":"MultiPolygon","arcs":[[[1642]],[[1643]],[[1644,1645]],[[1646]]],"properties":{"name":"Bassa","gaul_code":23040,"targetarea":36.5652932,"totpop":334416.062468,"country_id":"NGA","targetpop":70486.3126221,"new_mean":0.0536067,"totalarea":1378.585128}},{"type":"MultiPolygon","arcs":[[[1647]],[[1648]],[[1649]],[[1650]],[[1651]],[[1652]],[[1653]],[[1654]],[[1655]]],"properties":{"name":"Mangu","gaul_code":23048,"targetarea":51.0109051,"totpop":731152.188561,"country_id":"NGA","targetpop":93581.291687,"new_mean":0.0563878,"totalarea":3335.5488263}},{"type":"Polygon","arcs":[[1656]],"properties":{"name":"Dukku","gaul_code":22665,"targetarea":8.6599915,"totpop":341213.998602,"country_id":"NGA","targetpop":22448.3467407,"new_mean":0.0335118,"totalarea":3723.6873194}},{"type":"MultiPolygon","arcs":[[[1657]],[[1658]],[[1659]],[[1660]],[[1661]]],"properties":{"name":"Qua'anpa","gaul_code":23051,"targetarea":19.515955,"totpop":319845.339512,"country_id":"NGA","targetpop":42310.0639038,"new_mean":0.0905871,"totalarea":2476.5740285}},{"type":"MultiPolygon","arcs":[[[1662]],[[1663]],[[1664]],[[1665,1666]],[[1667,1668]],[[1669,1670]]],"properties":{"name":"Funtua","gaul_code":22870,"targetarea":74.3553715,"totpop":499247.385048,"country_id":"NGA","targetpop":208673.913879,"new_mean":0.0374212,"totalarea":967.4296768}},{"type":"MultiPolygon","arcs":[[[1671]],[[1672]],[[1673]],[[1674]],[[1675]],[[1676]]],"properties":{"name":"Lere","gaul_code":22828,"targetarea":51.5026576,"totpop":582062.553743,"country_id":"NGA","targetpop":102935.983215,"new_mean":0.0443337,"totalarea":2814.4919404}},{"type":"MultiPolygon","arcs":[[[1677]],[[1678]],[[1679]],[[1680]],[[1681]]],"properties":{"name":"Gwaram","gaul_code":22806,"targetarea":21.405267,"totpop":344767.66814,"country_id":"NGA","targetpop":46650.2276001,"new_mean":0.0377509,"totalarea":1740.9972203}},{"type":"Polygon","arcs":[[1682]],"properties":{"name":"Mokwa","gaul_code":22948,"targetarea":11.6200051,"totpop":345884.896166,"country_id":"NGA","targetpop":18938.390686,"new_mean":0.0906097,"totalarea":3516.8522035}},{"type":"Polygon","arcs":[[1683]],"properties":{"name":"Orelope","gaul_code":23033,"targetarea":22.7871023,"totpop":144521.485992,"country_id":"NGA","targetpop":45207.6123047,"new_mean":0.0694751,"totalarea":828.6684005}},{"type":"MultiPolygon","arcs":[[[1684]],[[1685]]],"properties":{"name":"Michika","gaul_code":22613,"targetarea":33.5694097,"totpop":249344.295509,"country_id":"NGA","targetpop":64205.3579102,"new_mean":0.038397,"totalarea":758.832366}},{"type":"MultiPolygon","arcs":[[[1686]],[[1687]],[[1688]],[[1689,1690,1691,1692]],[[1693]],[[1694,1695,1696,1697]],[[1698,1699,1700]]],"properties":{"name":"Gwagwala","gaul_code":22777,"targetarea":142.0714507,"totpop":996519.721512,"country_id":"NGA","targetpop":453831.503052,"new_mean":0.0911614,"totalarea":2189.2772975}},{"type":"MultiPolygon","arcs":[[[1701]],[[1702,1703,1704,1705]]],"properties":{"name":"Maidugur","gaul_code":22708,"targetarea":188.3273337,"totpop":1165392.33973,"country_id":"NGA","targetpop":1000124.37891,"new_mean":0.0331656,"totalarea":705.8414589}},{"type":"MultiPolygon","arcs":[[[1706]],[[1707]]],"properties":{"name":"Akwanga","gaul_code":23037,"targetarea":16.3495483,"totpop":233698.054327,"country_id":"NGA","targetpop":36304.1931458,"new_mean":0.0917438,"totalarea":1766.5953423}},{"type":"Polygon","arcs":[[1708]],"properties":{"name":"Geidam","gaul_code":23120,"targetarea":8.9439675,"totpop":242665.906299,"country_id":"NGA","targetpop":18104.0870361,"new_mean":0.0373774,"totalarea":4212.9212209}},{"type":"Polygon","arcs":[[1709,1710]],"properties":{"name":"Yorro","gaul_code":23114,"targetarea":58.3488523,"totpop":382513.665134,"country_id":"NGA","targetpop":168173.669373,"new_mean":0.0541628,"totalarea":2185.7271907}},{"type":"MultiPolygon","arcs":[[[1711]],[[1712]]],"properties":{"name":"Goronyo","gaul_code":23083,"targetarea":18.3752965,"totpop":197309.473659,"country_id":"NGA","targetpop":28714.0289307,"new_mean":0.031395,"totalarea":1253.1232485}},{"type":"MultiPolygon","arcs":[[[1713,-1608]],[[1714]],[[1715]]],"properties":{"name":"Kaura","gaul_code":22826,"targetarea":42.9687626,"totpop":279803.887352,"country_id":"NGA","targetpop":88610.6087036,"new_mean":0.0846436,"totalarea":631.3250772}},{"type":"MultiPolygon","arcs":[[[1716]],[[1717]]],"properties":{"name":"Magama","gaul_code":22947,"targetarea":13.3552546,"totpop":344893.618378,"country_id":"NGA","targetpop":31367.3726807,"new_mean":0.053579,"totalarea":4143.6972963}},{"type":"Polygon","arcs":[[1718]],"properties":{"name":"Yauri","gaul_code":22897,"targetarea":15.4544752,"totpop":347824.507522,"country_id":"NGA","targetpop":26305.3982544,"new_mean":0.0446263,"totalarea":3183.7947087}},{"type":"Polygon","arcs":[[1719]],"properties":{"name":"Sabonbir","gaul_code":23093,"targetarea":9.7833386,"totpop":345381.758574,"country_id":"NGA","targetpop":23176.5657349,"new_mean":0.0309531,"totalarea":2446.0951315}},{"type":"MultiPolygon","arcs":[[[1720]],[[1721]],[[1722]],[[1723]]],"properties":{"name":"Shendam","gaul_code":23052,"targetarea":28.9095669,"totpop":481017.947587,"country_id":"NGA","targetpop":69004.0525818,"new_mean":0.0805213,"totalarea":3321.7027011}},{"type":"MultiPolygon","arcs":[[[1724]],[[1725]],[[1726]],[[1727]],[[1728]],[[1729]],[[1730]]],"properties":{"name":"Tudunwad","gaul_code":22861,"targetarea":45.33545,"totpop":606272.971516,"country_id":"NGA","targetpop":88211.0900879,"new_mean":0.0370154,"totalarea":2782.676341}},{"type":"Polygon","arcs":[[1731]],"properties":{"name":"Mobbar","gaul_code":22709,"targetarea":7.3973508,"totpop":580217.638262,"country_id":"NGA","targetpop":19963.9956055,"new_mean":0.0336671,"totalarea":9802.4138884}},{"type":"MultiPolygon","arcs":[[[1732]],[[1733]]],"properties":{"name":"Wurno","gaul_code":23101,"targetarea":13.5032236,"totpop":177871.901386,"country_id":"NGA","targetpop":22778.1379395,"new_mean":0.0336619,"totalarea":745.2728346}},{"type":"MultiPolygon","arcs":[[[1734,1735,1736,1737,1738,1739]],[[1740,1741,1742]],[[1743]],[[1744,1745]]],"properties":{"name":"Gezawa","gaul_code":22846,"targetarea":109.1723037,"totpop":361167.936508,"country_id":"NGA","targetpop":242256.996185,"new_mean":0.0376139,"totalarea":347.5131462}},{"type":"MultiPolygon","arcs":[[[1746]],[[1747]],[[1748]],[[1749]],[[1750]],[[1751]],[[1752,1753]],[[1754,1755,1756]]],"properties":{"name":"Wudil","gaul_code":22863,"targetarea":88.5427708,"totpop":522377.403023,"country_id":"NGA","targetpop":201711.70874,"new_mean":0.0383148,"totalarea":755.7201341}},{"type":"MultiPolygon","arcs":[[[1757]],[[1758]],[[1759]],[[1760]],[[1761]],[[1762]]],"properties":{"name":"Sumaila","gaul_code":22858,"targetarea":34.7963819,"totpop":421379.773026,"country_id":"NGA","targetpop":86543.0579834,"new_mean":0.0360989,"totalarea":1195.6003013}},{"type":"Polygon","arcs":[[1763]],"properties":{"name":"Koko/bes","gaul_code":22892,"targetarea":12.6955713,"totpop":271829.561981,"country_id":"NGA","targetpop":31445.5734253,"new_mean":0.037952,"totalarea":1454.4705132}},{"type":"MultiPolygon","arcs":[[[-1692,1764]],[[1765]],[[1766,1767,-1696]],[[1768,1769,1770,1771,1772,1773],[1774]]],"properties":{"name":"Abujamun","gaul_code":22776,"targetarea":823.7410356,"totpop":3127254.1044,"country_id":"NGA","targetpop":2540641.83801,"new_mean":0.078634,"totalarea":2591.5227967}},{"type":"MultiPolygon","arcs":[[[1775]],[[1776,1777,1778,1779,1780,1781,1782,1783,-1736,1784],[1785]]],"properties":{"name":"Ungogo","gaul_code":22862,"targetarea":147.4718269,"totpop":991624.078766,"country_id":"NGA","targetpop":961487.337372,"new_mean":0.0371635,"totalarea":190.3149243}},{"type":"Polygon","arcs":[[1786]],"properties":{"name":"Dandi","gaul_code":22889,"targetarea":11.2028107,"totpop":194628.046008,"country_id":"NGA","targetpop":28031.5911255,"new_mean":0.0343269,"totalarea":2234.4902702}},{"type":"MultiPolygon","arcs":[[[1787]],[[1788]],[[1789]],[[1790]],[[1791]],[[1792]]],"properties":{"name":"Shira","gaul_code":22676,"targetarea":51.66886,"totpop":728037.436241,"country_id":"NGA","targetpop":122892.104614,"new_mean":0.0374825,"totalarea":2109.8610677}},{"type":"MultiPolygon","arcs":[[[1793,1794]],[[1795,1796,1797]],[[1798,1799]],[[1800]],[[1801]],[[1802,1803]]],"properties":{"name":"Bagwai","gaul_code":22836,"targetarea":49.2409004,"totpop":276183.767813,"country_id":"NGA","targetpop":113818.507141,"new_mean":0.0360043,"totalarea":404.0724507}},{"type":"MultiPolygon","arcs":[[[1804]],[[1805]],[[1806]],[[1807]]],"properties":{"name":"Kachia","gaul_code":22825,"targetarea":24.7505993,"totpop":719457.955626,"country_id":"NGA","targetpop":47749.8630371,"new_mean":0.0819035,"totalarea":6485.9040938}},{"type":"MultiPolygon","arcs":[[[1808,1809]],[[1810,1811,1812]]],"properties":{"name":"Zaria","gaul_code":22834,"targetarea":23.0022631,"totpop":119321.71542,"country_id":"NGA","targetpop":36315.8525391,"new_mean":0.036228,"totalarea":206.7315854}},{"type":"MultiPolygon","arcs":[[[1813]],[[1814]]],"properties":{"name":"Damaturu","gaul_code":23117,"targetarea":28.0912757,"totpop":426369.220619,"country_id":"NGA","targetpop":55592.7125854,"new_mean":0.0353204,"totalarea":10610.1077075}},{"type":"MultiPolygon","arcs":[[[1815]],[[1816]],[[1817]],[[1818]],[[1819]]],"properties":{"name":"Birninke","gaul_code":22887,"targetarea":70.9230135,"totpop":372015.541817,"country_id":"NGA","targetpop":143678.100067,"new_mean":0.0318305,"totalarea":1048.7993473}},{"type":"MultiPolygon","arcs":[[[1820]],[[1821]],[[1822]],[[1823]],[[1824]]],"properties":{"name":"Biu","gaul_code":22701,"targetarea":36.6895017,"totpop":599531.993175,"country_id":"NGA","targetpop":78242.164917,"new_mean":0.0413114,"totalarea":5358.3425973}},{"type":"Polygon","arcs":[[1825]],"properties":{"name":"Kukawa","gaul_code":22707,"targetarea":13.261935,"totpop":572387.648949,"country_id":"NGA","targetpop":34576.7711182,"new_mean":0.0339801,"totalarea":9149.4644567}},{"type":"MultiPolygon","arcs":[[[1826]],[[1827,1828,1829]],[[1830,1831,1832]],[[1833]],[[1834,1835,1836,1837,1838,1839,1840]]],"properties":{"name":"Katsina (k)","gaul_code":22876,"targetarea":127.1903101,"totpop":627418.336937,"country_id":"NGA","targetpop":515915.750275,"new_mean":0.0330714,"totalarea":395.5681977}},{"type":"MultiPolygon","arcs":[[[1841,1842,1843,1844]],[[1845,1846]],[[1847]],[[1848]],[[1849]]],"properties":{"name":"Kazaure","gaul_code":22810,"targetarea":49.3424243,"totpop":312078.92659,"country_id":"NGA","targetpop":127038.942993,"new_mean":0.0319974,"totalarea":635.645258}},{"type":"MultiPolygon","arcs":[[[1850]],[[1851]]],"properties":{"name":"Ngaski","gaul_code":22894,"targetarea":8.8179195,"totpop":206911.322796,"country_id":"NGA","targetpop":21239.045105,"new_mean":0.0565364,"totalarea":2860.5895992}},{"type":"MultiPolygon","arcs":[[[1852]],[[1853]],[[1854,1855,1856]],[[1857]]],"properties":{"name":"Jega","gaul_code":22891,"targetarea":36.2357567,"totpop":295131.798706,"country_id":"NGA","targetpop":92144.5067749,"new_mean":0.0336919,"totalarea":877.7193387}},{"type":"Polygon","arcs":[[1858]],"properties":{"name":"Monguno","gaul_code":22710,"targetarea":10.818425,"totpop":392758.387327,"country_id":"NGA","targetpop":22978.3770752,"new_mean":0.0356596,"totalarea":4863.7718563}},{"type":"MultiPolygon","arcs":[[[1859]],[[1860]],[[1861]],[[1862]],[[1863]],[[1864,1865,1866]]],"properties":{"name":"Kaura-na","gaul_code":23089,"targetarea":57.7298521,"totpop":715284.395708,"country_id":"NGA","targetpop":180100.609009,"new_mean":0.0357278,"totalarea":2246.2886579}},{"type":"MultiPolygon","arcs":[[[1867]],[[1868]],[[1869]]],"properties":{"name":"Gamjuwa","gaul_code":22667,"targetarea":14.8684381,"totpop":437515.611496,"country_id":"NGA","targetpop":36354.862915,"new_mean":0.036841,"totalarea":5253.63443}},{"type":"MultiPolygon","arcs":[[[1870]],[[1871]]],"properties":{"name":"Damboa","gaul_code":22702,"targetarea":10.4669401,"totpop":474574.057417,"country_id":"NGA","targetpop":22875.795166,"new_mean":0.037311,"totalarea":8217.6004075}},{"type":"MultiPolygon","arcs":[[[1872]],[[1873]]],"properties":{"name":"Suru","gaul_code":22896,"targetarea":9.0232912,"totpop":250077.007988,"country_id":"NGA","targetpop":19392.7827759,"new_mean":0.0341294,"totalarea":1434.0774982}},{"type":"Polygon","arcs":[[1874]],"properties":{"name":"Mayo-bel","gaul_code":22612,"targetarea":6.997183,"totpop":183287.5322,"country_id":"NGA","targetpop":15302.9467773,"new_mean":0.0532036,"totalarea":1636.1444639}},{"type":"Polygon","arcs":[[1875,1876,1877]],"properties":{"name":"Sokoto","gaul_code":23095,"targetarea":73.9287085,"totpop":580476.313843,"country_id":"NGA","targetpop":572666.298218,"new_mean":0.0336656,"totalarea":84.5920027}},{"type":"Polygon","arcs":[[1878]],"properties":{"name":"Dass","gaul_code":22664,"targetarea":18.0960176,"totpop":151094.288727,"country_id":"NGA","targetpop":36421.7014771,"new_mean":0.039483,"totalarea":585.1313691}},{"type":"MultiPolygon","arcs":[[[1879]],[[1880]],[[1881]],[[1882]],[[1883]],[[1884]],[[1885]],[[1886]],[[1887]],[[1888]],[[1889]],[[1890]]],"properties":{"name":"Bebeji","gaul_code":22837,"targetarea":82.9811173,"totpop":693976.730869,"country_id":"NGA","targetpop":175245.570892,"new_mean":0.0371087,"totalarea":1591.0137541}},{"type":"MultiPolygon","arcs":[[[1891]],[[1892]],[[1893]],[[1894]],[[1895]]],"properties":{"name":"Sakaba","gaul_code":22895,"targetarea":28.1234498,"totpop":557588.339196,"country_id":"NGA","targetpop":64336.9346924,"new_mean":0.0464134,"totalarea":4837.5114699}},{"type":"MultiPolygon","arcs":[[[1896,1897]],[[1898]],[[1899,1900]]],"properties":{"name":"Malammad","gaul_code":22813,"targetarea":11.2180729,"totpop":212900.943615,"country_id":"NGA","targetpop":21202.9814453,"new_mean":0.0311877,"totalarea":755.70837}},{"type":"Polygon","arcs":[[1901,1902,-1562]],"properties":{"name":"Doka/kaw","gaul_code":22819,"targetarea":76.2738821,"totpop":598551.361938,"country_id":"NGA","targetpop":598551.361938,"new_mean":0.0503405,"totalarea":76.273882}},{"type":"Polygon","arcs":[[1903]],"properties":{"name":"Zing","gaul_code":23115,"targetarea":13.4149907,"totpop":165125.825642,"country_id":"NGA","targetpop":36577.5189819,"new_mean":0.0563568,"totalarea":1009.2231968}},{"type":"MultiPolygon","arcs":[[[1904,-1742,1905]],[[1906]],[[-1746,1907,1908]],[[1909]],[[1910]]],"properties":{"name":"Gabasawa","gaul_code":22844,"targetarea":35.3266793,"totpop":351669.83329,"country_id":"NGA","targetpop":81561.5289307,"new_mean":0.0349295,"totalarea":709.7946078}},{"type":"MultiPolygon","arcs":[[[1911,1912]],[[1913]]],"properties":{"name":"Kirikasa","gaul_code":22811,"targetarea":13.1850049,"totpop":311010.723213,"country_id":"NGA","targetpop":31022.0977783,"new_mean":0.0332236,"totalarea":1559.1447828}},{"type":"MultiPolygon","arcs":[[[1914,1915]],[[1916]]],"properties":{"name":"Gwoza","gaul_code":22704,"targetarea":24.5957297,"totpop":347368.486085,"country_id":"NGA","targetpop":57024.5269775,"new_mean":0.0354925,"totalarea":2367.6403961}},{"type":"MultiPolygon","arcs":[[[1917]],[[1918,1919]]],"properties":{"name":"Zaki","gaul_code":22680,"targetarea":15.0894496,"totpop":277781.072899,"country_id":"NGA","targetpop":38098.5496216,"new_mean":0.0329598,"totalarea":1487.8357727}},{"type":"MultiPolygon","arcs":[[[1920]],[[1921]],[[1922]]],"properties":{"name":"Albasu","gaul_code":22835,"targetarea":28.0719749,"totpop":209019.003372,"country_id":"NGA","targetpop":64068.1251221,"new_mean":0.0391083,"totalarea":324.5143527}},{"type":"MultiPolygon","arcs":[[[1923]],[[1924]],[[1925]],[[1926]],[[1927]],[[1928]],[[1929]]],"properties":{"name":"Tambawal","gaul_code":23097,"targetarea":30.5973516,"totpop":471597.067593,"country_id":"NGA","targetpop":56104.5354614,"new_mean":0.0342014,"totalarea":2867.0025099}},{"type":"MultiPolygon","arcs":[[[1930]],[[1931]],[[1932,1933,1934]],[[1935]],[[1936]],[[1937,1938,1939]]],"properties":{"name":"Yamaltu/","gaul_code":22679,"targetarea":48.904887,"totpop":826727.636787,"country_id":"NGA","targetpop":463798.960953,"new_mean":0.0372168,"totalarea":2160.4775231}},{"type":"MultiPolygon","arcs":[[[1940]],[[1941]]],"properties":{"name":"Tsafe","gaul_code":23099,"targetarea":18.7470643,"totpop":274437.762283,"country_id":"NGA","targetpop":42741.3149414,"new_mean":0.0372359,"totalarea":1302.4585639}},{"type":"MultiPolygon","arcs":[[[1942,1943]],[[1944]],[[1945]],[[1946]],[[1947]],[[1948]],[[1949]],[[1950]]],"properties":{"name":"Kankiya","gaul_code":22875,"targetarea":38.0584499,"totpop":413677.545406,"country_id":"NGA","targetpop":77784.8401184,"new_mean":0.035664,"totalarea":1273.1422781}},{"type":"MultiPolygon","arcs":[[[1951,-1598]],[[1952]],[[1953]],[[1954]],[[1955]],[[1956]],[[1957]],[[1958]],[[-1756,1959,1960]],[[1961]]],"properties":{"name":"Gaya","gaul_code":22845,"targetarea":63.4341631,"totpop":648930.08567,"country_id":"NGA","targetpop":140842.056763,"new_mean":0.036198,"totalarea":1618.2359182}},{"type":"Polygon","arcs":[[1962]],"properties":{"name":"Binji","gaul_code":23078,"targetarea":10.4803375,"totpop":177307.350185,"country_id":"NGA","targetpop":20499.2813721,"new_mean":0.0317146,"totalarea":655.462721}},{"type":"MultiPolygon","arcs":[[[1963]],[[1964]],[[1965]],[[1966]],[[1967]]],"properties":{"name":"Mashi","gaul_code":22879,"targetarea":64.3650644,"totpop":476140.965847,"country_id":"NGA","targetpop":145423.455505,"new_mean":0.0322653,"totalarea":1312.7564663}},{"type":"Polygon","arcs":[[1968,1969]],"properties":{"name":"Yola","gaul_code":22618,"targetarea":142.9405956,"totpop":704428.960367,"country_id":"NGA","targetpop":523133.82251,"new_mean":0.0399014,"totalarea":1489.0507846}},{"type":"MultiPolygon","arcs":[[[1970]],[[1971]]],"properties":{"name":"Alkaleri","gaul_code":22659,"targetarea":13.6195309,"totpop":694511.386106,"country_id":"NGA","targetpop":35473.7372437,"new_mean":0.0375987,"totalarea":8306.3545632}},{"type":"MultiPolygon","arcs":[[[1972,1973,1974]],[[1975,1976,1977,1978]],[[1979]],[[1980,1981,1982,1983,-1738,1984,1985,1986,1987,1988,1989,1990,1991,1992,1993,1994,1995,1996,1997,1998],[1999]]],"properties":{"name":"Kumbotso","gaul_code":22851,"targetarea":130.4568588,"totpop":461694.644958,"country_id":"NGA","targetpop":436596.607117,"new_mean":0.0367458,"totalarea":159.0806776}},{"type":"MultiPolygon","arcs":[[[2000]],[[2001]],[[2002]],[[2003]],[[2004,-1582]],[[2005,2006]],[[2007]],[[2008,2009]],[[2010,-1974,2011]],[[2012,-1978,2013]],[[2014,2015,2016,-1997,2017,2018]]],"properties":{"name":"Kura","gaul_code":22852,"targetarea":123.6117298,"totpop":537423.80928,"country_id":"NGA","targetpop":278167.697937,"new_mean":0.0393071,"totalarea":619.8345807}},{"type":"MultiPolygon","arcs":[[[2019]],[[2020]],[[2021,2022]],[[2023,2024,-1866]]],"properties":{"name":"Maradun","gaul_code":23091,"targetarea":19.3287827,"totpop":447904.721004,"country_id":"NGA","targetpop":37865.177063,"new_mean":0.0339244,"totalarea":2473.8430566}},{"type":"MultiPolygon","arcs":[[[2025,2026]],[[2027]],[[2028]]],"properties":{"name":"Jada","gaul_code":22609,"targetarea":19.5279328,"totpop":310821.977598,"country_id":"NGA","targetpop":41964.2897339,"new_mean":0.0655152,"totalarea":2087.8424377}},{"type":"MultiPolygon","arcs":[[[2029]],[[2030]],[[2031]]],"properties":{"name":"Batsari","gaul_code":22865,"targetarea":16.2739113,"totpop":237627.080673,"country_id":"NGA","targetpop":33634.4319458,"new_mean":0.0347556,"totalarea":796.3120697}},{"type":"Polygon","arcs":[[2032]],"properties":{"name":"Borgu","gaul_code":22940,"targetarea":5.2485432,"totpop":287879.636462,"country_id":"NGA","targetpop":8488.0701294,"new_mean":0.0632097,"totalarea":11569.6864464}},{"type":"MultiPolygon","arcs":[[[2033]],[[2034]],[[2035]]],"properties":{"name":"Gumel","gaul_code":22805,"targetarea":25.9095,"totpop":264223.925068,"country_id":"NGA","targetpop":104575.959473,"new_mean":0.0304684,"totalarea":806.8797618}},{"type":"MultiPolygon","arcs":[[[2036]],[[2037]]],"properties":{"name":"Kanam","gaul_code":23043,"targetarea":9.1039646,"totpop":237527.168708,"country_id":"NGA","targetpop":22039.208252,"new_mean":0.04856,"totalarea":2872.767728}},{"type":"MultiPolygon","arcs":[[[2038]],[[-1667,2039]],[[-1671,2040]],[[2041]]],"properties":{"name":"Faskari","gaul_code":22869,"targetarea":39.9510951,"totpop":537517.61858,"country_id":"NGA","targetpop":97840.2255707,"new_mean":0.0385787,"totalarea":2264.9581299}},{"type":"MultiPolygon","arcs":[[[2042]],[[2043]],[[2044,2045,2046,2047]],[[2048]],[[2049,2050]],[[2051]],[[2052,2053,2054]]],"properties":{"name":"Bichi","gaul_code":22838,"targetarea":65.938093,"totpop":393380.346741,"country_id":"NGA","targetpop":156558.448792,"new_mean":0.0356598,"totalarea":569.3412477}},{"type":"MultiPolygon","arcs":[[[2055,2056]],[[2057]],[[2058,2059]],[[2060]],[[2061,-1646,2062,2063]]],"properties":{"name":"Josnorth","gaul_code":23042,"targetarea":304.9944932,"totpop":1168927.26626,"country_id":"NGA","targetpop":821938.880493,"new_mean":0.0566709,"totalarea":1577.8821008}},{"type":"MultiPolygon","arcs":[[[2064]],[[2065]]],"properties":{"name":"Edu","gaul_code":22916,"targetarea":17.3001332,"totpop":458327.349677,"country_id":"NGA","targetpop":26316.5949097,"new_mean":0.09412,"totalarea":5518.5193898}},{"type":"MultiPolygon","arcs":[[[2066]],[[2067]],[[2068]]],"properties":{"name":"Bunza","gaul_code":22888,"targetarea":25.0738935,"totpop":359615.43556,"country_id":"NGA","targetpop":53115.0839233,"new_mean":0.0310281,"totalarea":1589.5713881}},{"type":"Polygon","arcs":[[2069]],"properties":{"name":"Kauru","gaul_code":22827,"targetarea":5.2491573,"totpop":296125.478769,"country_id":"NGA","targetpop":8075.4190064,"new_mean":0.0646467,"totalarea":2668.4706932}},{"type":"MultiPolygon","arcs":[[[2070]],[[2071,-1920]],[[2072]]],"properties":{"name":"Gamawa","gaul_code":22666,"targetarea":17.0879704,"totpop":444159.118685,"country_id":"NGA","targetpop":55591.5547485,"new_mean":0.0352139,"totalarea":2961.3983915}},{"type":"MultiPolygon","arcs":[[[2073]],[[2074]],[[2075]],[[2076]]],"properties":{"name":"Numan","gaul_code":22615,"targetarea":26.8311755,"totpop":365565.719211,"country_id":"NGA","targetpop":66077.2052612,"new_mean":0.0418331,"totalarea":3741.0322178}},{"type":"MultiPolygon","arcs":[[[2077]],[[2078]],[[2079]],[[2080]],[[2081]],[[2082]],[[2083]]],"properties":{"name":"Malumfas","gaul_code":22877,"targetarea":56.2009968,"totpop":701864.366989,"country_id":"NGA","targetpop":136480.529541,"new_mean":0.0384913,"totalarea":2028.7528963}},{"type":"MultiPolygon","arcs":[[[2084]],[[2085]]],"properties":{"name":"Kaga","gaul_code":22705,"targetarea":9.895316,"totpop":396667.47926,"country_id":"NGA","targetpop":16283.5744019,"new_mean":0.036508,"totalarea":8447.4433138}},{"type":"MultiPolygon","arcs":[[[-1913,2086]],[[2087]]],"properties":{"name":"Biriniwa","gaul_code":22801,"targetarea":4.572076,"totpop":244413.115566,"country_id":"NGA","targetpop":11565.6500244,"new_mean":0.028029,"totalarea":1759.6834845}},{"type":"MultiPolygon","arcs":[[[2088,2089,2090,2091,2092,2093,2094]],[[2095]],[[2096,2097]],[[2098]],[[2099]]],"properties":{"name":"Makarfi","gaul_code":22829,"targetarea":109.8784819,"totpop":512861.643097,"country_id":"NGA","targetpop":259892.959106,"new_mean":0.0359454,"totalarea":880.6689733}},{"type":"MultiPolygon","arcs":[[[2100]],[[2101]],[[2102]],[[2103,-1700,2104]],[[2105]],[[2106]]],"properties":{"name":"Gurara","gaul_code":22943,"targetarea":93.3186314,"totpop":510631.634863,"country_id":"NGA","targetpop":296001.066803,"new_mean":0.086451,"totalarea":1241.2791196}},{"type":"MultiPolygon","arcs":[[[-1804,2107]],[[2108]],[[-2051,2109]],[[-1943,2110]],[[2111]],[[2112,-2054]],[[2113,2114]],[[2115]]],"properties":{"name":"Tsanyawa","gaul_code":22860,"targetarea":64.507729,"totpop":466066.843417,"country_id":"NGA","targetpop":122585.952087,"new_mean":0.0345908,"totalarea":1124.4294986}},{"type":"MultiPolygon","arcs":[[[2116,2117]],[[2118]]],"properties":{"name":"Askira/u","gaul_code":22699,"targetarea":9.2300547,"totpop":175573.522462,"country_id":"NGA","targetpop":16637.4370728,"new_mean":0.0373629,"totalarea":2458.8631688}},{"type":"MultiPolygon","arcs":[[[2119]],[[2120]],[[2121]]],"properties":{"name":"Kaltungo","gaul_code":22671,"targetarea":25.1719988,"totpop":413646.756783,"country_id":"NGA","targetpop":63385.0692139,"new_mean":0.0455524,"totalarea":1853.8178169}},{"type":"MultiPolygon","arcs":[[[2122]],[[2123]],[[2124]]],"properties":{"name":"Jaba","gaul_code":22823,"targetarea":34.4254011,"totpop":212735.558052,"country_id":"NGA","targetpop":68120.6177368,"new_mean":0.076622,"totalarea":371.0588119}},{"type":"Polygon","arcs":[[2125]],"properties":{"name":"Itas/gad","gaul_code":22669,"targetarea":7.843611,"totpop":268419.055143,"country_id":"NGA","targetpop":14372.2382202,"new_mean":0.0337925,"totalarea":1199.8987216}},{"type":"MultiPolygon","arcs":[[[2126]],[[2127]],[[2128]],[[2129]]],"properties":{"name":"Kontogur","gaul_code":22944,"targetarea":39.373658,"totpop":550754.410182,"country_id":"NGA","targetpop":94216.7254639,"new_mean":0.0556418,"totalarea":7482.3277172}},{"type":"MultiPolygon","arcs":[[[2130,2131]],[[2132,2133]],[[2134,-1898]],[[2135]]],"properties":{"name":"Hadejia","gaul_code":22807,"targetarea":80.6051388,"totpop":457193.638222,"country_id":"NGA","targetpop":254592.153931,"new_mean":0.0337382,"totalarea":591.3449671}},{"type":"MultiPolygon","arcs":[[[2136,2137]],[[-2115,2138]],[[-1843,2139,2140]],[[2141]],[[2142]]],"properties":{"name":"Roni","gaul_code":22815,"targetarea":24.7437197,"totpop":313229.085701,"country_id":"NGA","targetpop":52841.3000488,"new_mean":0.0332089,"totalarea":813.5896733}},{"type":"Polygon","arcs":[[2143]],"properties":{"name":"Akko","gaul_code":22658,"targetarea":8.6514556,"totpop":301860.795191,"country_id":"NGA","targetpop":16686.3695679,"new_mean":0.0403683,"totalarea":2434.3793036}},{"type":"Polygon","arcs":[[2144,2145]],"properties":{"name":"Gusau","gaul_code":23085,"targetarea":31.046853,"totpop":454459.671006,"country_id":"NGA","targetpop":74373.2816772,"new_mean":0.0364362,"totalarea":3504.1344472}},{"type":"MultiPolygon","arcs":[[[2146]],[[2147,-1915]]],"properties":{"name":"Madagali","gaul_code":22610,"targetarea":28.1269048,"totpop":202134.29565,"country_id":"NGA","targetpop":59814.9089355,"new_mean":0.035106,"totalarea":641.1635512}},{"type":"Polygon","arcs":[[2148,2149,-1986]],"properties":{"name":"Kano","gaul_code":22849,"targetarea":40.9698197,"totpop":471732.014282,"country_id":"NGA","targetpop":471732.014282,"new_mean":0.0348745,"totalarea":40.9698198}},{"type":"MultiPolygon","arcs":[[[2150]],[[2151]]],"properties":{"name":"Maiha","gaul_code":22611,"targetarea":23.4529463,"totpop":230022.953239,"country_id":"NGA","targetpop":33171.5647278,"new_mean":0.0410506,"totalarea":1225.2288164}},{"type":"MultiPolygon","arcs":[[[-1606,2152]],[[2153]],[[2154]],[[2155]],[[2156,2157]],[[2158]]],"properties":{"name":"Mani","gaul_code":22878,"targetarea":25.7402177,"totpop":284139.069244,"country_id":"NGA","targetpop":51160.1395874,"new_mean":0.0335685,"totalarea":701.8590407}},{"type":"MultiPolygon","arcs":[[[2159,2160,2161,-2090]],[[2162]],[[2163]],[[2164]]],"properties":{"name":"Giwa","gaul_code":22820,"targetarea":19.7151412,"totpop":422592.248436,"country_id":"NGA","targetpop":33031.4989624,"new_mean":0.0382126,"totalarea":2011.5683716}},{"type":"MultiPolygon","arcs":[[[2165]],[[2166,2167]],[[2168,2169,2170]],[[2171]],[[2172]],[[2173]],[[2174]],[[-2137,2175]],[[2176]],[[2177,-1844,-2141]]],"properties":{"name":"Dambatta","gaul_code":22841,"targetarea":100.6052396,"totpop":651159.519592,"country_id":"NGA","targetpop":221870.509674,"new_mean":0.0347684,"totalarea":1224.5697458}},{"type":"MultiPolygon","arcs":[[[2178]],[[2179]],[[-1903,2180,2181,-1563]],[[2182,-1565,2183]],[[2184]]],"properties":{"name":"Chikun","gaul_code":22818,"targetarea":74.0144043,"totpop":783727.575549,"country_id":"NGA","targetpop":187671.760315,"new_mean":0.0605459,"totalarea":7051.6319971}},{"type":"MultiPolygon","arcs":[[[2185]],[[2186]],[[2187,2188]],[[2189,2190,-1587]]],"properties":{"name":"Gwarzo","gaul_code":22847,"targetarea":40.9121377,"totpop":256422.637863,"country_id":"NGA","targetpop":114628.3479,"new_mean":0.0382723,"totalarea":356.7661187}},{"type":"Polygon","arcs":[[2191,-1576]],"properties":{"name":"Gbako","gaul_code":22942,"targetarea":29.8314309,"totpop":332537.118357,"country_id":"NGA","targetpop":136372.817596,"new_mean":0.0815957,"totalarea":1819.1402908}},{"type":"MultiPolygon","arcs":[[[2192,2193]],[[2194]],[[2195]],[[2196]],[[2197]],[[2198]],[[2199,2200,2201]],[[2202,2203]],[[2204]],[[2205,2206,2207,2208]],[[2209]]],"properties":{"name":"Daura","gaul_code":22867,"targetarea":173.8279412,"totpop":846113.766266,"country_id":"NGA","targetpop":409580.430786,"new_mean":0.0319721,"totalarea":1323.9701708}},{"type":"Polygon","arcs":[[2210]],"properties":{"name":"Kuje","gaul_code":22778,"targetarea":8.0181233,"totpop":324179.722757,"country_id":"NGA","targetpop":15328.1491699,"new_mean":0.0913687,"totalarea":1790.1451084}},{"type":"MultiPolygon","arcs":[[[2211]],[[2212]],[[2213]]],"properties":{"name":"Fika","gaul_code":23118,"targetarea":13.8861559,"totpop":370176.407146,"country_id":"NGA","targetpop":29230.0606079,"new_mean":0.0334309,"totalarea":3385.828719}},{"type":"MultiPolygon","arcs":[[[2214]],[[2215]]],"properties":{"name":"Zuru","gaul_code":22898,"targetarea":41.1831407,"totpop":434608.306314,"country_id":"NGA","targetpop":118649.427673,"new_mean":0.0487726,"totalarea":2827.531088}},{"type":"Polygon","arcs":[[2216]],"properties":{"name":"Jibia","gaul_code":22872,"targetarea":24.4229087,"totpop":240330.365305,"country_id":"NGA","targetpop":48505.6879272,"new_mean":0.0331582,"totalarea":1022.3326132}},{"type":"Polygon","arcs":[[2217]],"properties":{"name":"Wase","gaul_code":23053,"targetarea":5.0659879,"totpop":166967.472902,"country_id":"NGA","targetpop":10240.6488647,"new_mean":0.0659605,"totalarea":5245.1131482}},{"type":"Polygon","arcs":[[-1784,2218,-2149,-1985,-1737]],"properties":{"name":"Nassaraw","gaul_code":22854,"targetarea":73.4909965,"totpop":1543535.64697,"country_id":"NGA","targetpop":1543535.64697,"new_mean":0.0385148,"totalarea":73.4909963}},{"type":"MultiPolygon","arcs":[[[2219]],[[2220]],[[2221]],[[2222]]],"properties":{"name":"Mubi","gaul_code":22614,"targetarea":104.4416638,"totpop":466136.619671,"country_id":"NGA","targetpop":200949.363159,"new_mean":0.0385293,"totalarea":1036.993782}},{"type":"MultiPolygon","arcs":[[[2223]],[[2224,2225]]],"properties":{"name":"Shelleng","gaul_code":22616,"targetarea":22.6217743,"totpop":290455.606529,"country_id":"NGA","targetpop":54786.0361328,"new_mean":0.0470752,"totalarea":1713.2700122}},{"type":"MultiPolygon","arcs":[[[2226,-1969]],[[2227]],[[2228]],[[2229]],[[2230]]],"properties":{"name":"Song","gaul_code":22617,"targetarea":58.3173061,"totpop":546202.183566,"country_id":"NGA","targetpop":99491.367981,"new_mean":0.0473119,"totalarea":5569.7849599}},{"type":"Polygon","arcs":[[2231]],"properties":{"name":"Lavun","gaul_code":22946,"targetarea":7.0083689,"totpop":607730.724952,"country_id":"NGA","targetpop":12929.3568115,"new_mean":0.0872132,"totalarea":5232.0046666}},{"type":"MultiPolygon","arcs":[[[2232]],[[2233]],[[2234]],[[2235]],[[2236,-1774]]],"properties":{"name":"Keffi","gaul_code":23044,"targetarea":73.220116,"totpop":598868.14488,"country_id":"NGA","targetpop":157365.653687,"new_mean":0.0883043,"totalarea":4773.9736619}},{"type":"MultiPolygon","arcs":[[[2237]],[[2238]]],"properties":{"name":"Irepo","gaul_code":23025,"targetarea":37.1133207,"totpop":312734.382981,"country_id":"NGA","targetpop":83869.3261108,"new_mean":0.077475,"totalarea":2168.4139336}},{"type":"MultiPolygon","arcs":[[[-2093,2239,-1810,2240,-1812,2241]],[[-2091,-2162,2242]]],"properties":{"name":"Sabon-ga","gaul_code":22830,"targetarea":129.4441643,"totpop":668427.019791,"country_id":"NGA","targetpop":615426.109314,"new_mean":0.035215,"totalarea":225.9990051}},{"type":"Polygon","arcs":[[2243]],"properties":{"name":"Balanga","gaul_code":22660,"targetarea":6.2433574,"totpop":308748.647259,"country_id":"NGA","targetpop":11214.5905762,"new_mean":0.047068,"totalarea":1886.8999003}},{"type":"Polygon","arcs":[[2244]],"properties":{"name":"Nguru","gaul_code":23123,"targetarea":22.6623291,"totpop":362587.39222,"country_id":"NGA","targetpop":86638.3911133,"new_mean":0.0284753,"totalarea":3558.8139127}},{"type":"MultiPolygon","arcs":[[[2245]],[[2246,-2117]]],"properties":{"name":"Hong","gaul_code":22608,"targetarea":7.1482841,"totpop":190285.896409,"country_id":"NGA","targetpop":11252.1497803,"new_mean":0.0425879,"totalarea":2464.3912523}},{"type":"MultiPolygon","arcs":[[[2247]],[[2248]],[[2249]],[[2250]],[[2251,-2094,-2242,-1811]]],"properties":{"name":"Soba","gaul_code":22831,"targetarea":34.5428988,"totpop":430484.181232,"country_id":"NGA","targetpop":70447.3708801,"new_mean":0.0374272,"totalarea":1942.2693444}},{"type":"Polygon","arcs":[[2252]],"properties":{"name":"Dikwa","gaul_code":22703,"targetarea":5.6825556,"totpop":139689.419122,"country_id":"NGA","targetpop":8325.1988525,"new_mean":0.0380986,"totalarea":1798.1514147}},{"type":"MultiPolygon","arcs":[[[2253]],[[2254]],[[2255]]],"properties":{"name":"Argungu","gaul_code":22885,"targetarea":27.8983984,"totpop":392906.088356,"country_id":"NGA","targetpop":50627.9571533,"new_mean":0.0340245,"totalarea":2134.018159}},{"type":"MultiPolygon","arcs":[[[2256]],[[2257,2258]],[[2259]]],"properties":{"name":"Kaita","gaul_code":22873,"targetarea":15.8328468,"totpop":198063.891823,"country_id":"NGA","targetpop":38447.0986938,"new_mean":0.0331753,"totalarea":739.0551269}},{"type":"MultiPolygon","arcs":[[[2260,2261]],[[2262]],[[2263]],[[2264]],[[2265,-2006,2266]],[[2267,-2016,2268]]],"properties":{"name":"Bunkure","gaul_code":22839,"targetarea":38.4672567,"totpop":282622.250359,"country_id":"NGA","targetpop":79538.2640381,"new_mean":0.03872,"totalarea":507.1725234}},{"type":"MultiPolygon","arcs":[[[2269,-1939,2270]],[[2271,-1934,2272]],[[2273]],[[2274]]],"properties":{"name":"Gombe","gaul_code":22668,"targetarea":71.3508457,"totpop":460647.186858,"country_id":"NGA","targetpop":181831.712158,"new_mean":0.0353206,"totalarea":1532.4389766}},{"type":"Polygon","arcs":[[2275]],"properties":{"name":"Tafawa-b","gaul_code":22677,"targetarea":9.0407688,"totpop":438976.270382,"country_id":"NGA","targetpop":23116.7148438,"new_mean":0.0374431,"totalarea":2742.1903347}},{"type":"MultiPolygon","arcs":[[[2276]],[[2277]],[[2278]]],"properties":{"name":"Fufore","gaul_code":22604,"targetarea":18.5925386,"totpop":406395.858253,"country_id":"NGA","targetpop":46079.6616821,"new_mean":0.0444762,"totalarea":4244.9203644}},{"type":"MultiPolygon","arcs":[[[2279]],[[2280]],[[2281]],[[2282,-2193]],[[2283]],[[2284]],[[2285,-2206,2286,-2201,2287]],[[2288]]],"properties":{"name":"Zango","gaul_code":22883,"targetarea":54.1136436,"totpop":609816.841274,"country_id":"NGA","targetpop":113412.618042,"new_mean":0.0308948,"totalarea":1593.17973}},{"type":"Polygon","arcs":[[2289]],"properties":{"name":"Silame","gaul_code":23094,"targetarea":8.323489,"totpop":143166.05368,"country_id":"NGA","targetpop":21752.0228882,"new_mean":0.0314464,"totalarea":623.6079611}},{"type":"MultiPolygon","arcs":[[[2290]],[[2291]],[[2292]],[[2293,-2057]],[[2294]]],"properties":{"name":"Barinkil","gaul_code":23039,"targetarea":27.3991461,"totpop":501891.864546,"country_id":"NGA","targetpop":45863.333252,"new_mean":0.0678062,"totalarea":1757.1312319}},{"type":"MultiPolygon","arcs":[[[2295]],[[-2133,2296]],[[-2131,2297]]],"properties":{"name":"Kafinhau","gaul_code":22809,"targetarea":10.0328298,"totpop":336758.042091,"country_id":"NGA","targetpop":31999.0987549,"new_mean":0.0329037,"totalarea":1315.0203075}},{"type":"MultiPolygon","arcs":[[[2298]],[[2299]],[[2300]],[[2301]],[[2302]]],"properties":{"name":"Rano","gaul_code":22855,"targetarea":63.5854195,"totpop":499277.869306,"country_id":"NGA","targetpop":130743.655579,"new_mean":0.0364128,"totalarea":949.2551402}},{"type":"Polygon","arcs":[[2303,2304]],"properties":{"name":"Yusufari","gaul_code":23125,"targetarea":3.6703326,"totpop":175385.108467,"country_id":"NGA","targetpop":8171.9741211,"new_mean":0.0301275,"totalarea":2732.394045}},{"type":"MultiPolygon","arcs":[[[2305]],[[2306]],[[2307]]],"properties":{"name":"Kankara","gaul_code":22874,"targetarea":16.6541089,"totpop":372841.156548,"country_id":"NGA","targetpop":44267.3049316,"new_mean":0.0384345,"totalarea":1532.5457487}},{"type":"MultiPolygon","arcs":[[[2308]],[[2309]],[[2310]]],"properties":{"name":"Ingawa","gaul_code":22871,"targetarea":27.435455,"totpop":307439.69487,"country_id":"NGA","targetpop":55213.862854,"new_mean":0.0340133,"totalarea":941.7465105}},{"type":"Polygon","arcs":[[2311]],"properties":{"name":"Rabah","gaul_code":23092,"targetarea":7.3372014,"totpop":195723.706057,"country_id":"NGA","targetpop":13598.1055298,"new_mean":0.0320823,"totalarea":2294.8421281}},{"type":"MultiPolygon","arcs":[[[2312]],[[2313]],[[2314]]],"properties":{"name":"Rafi","gaul_code":22950,"targetarea":21.1263661,"totpop":285322.048249,"country_id":"NGA","targetpop":40258.2909546,"new_mean":0.0703718,"totalarea":3410.1397202}},{"type":"Polygon","arcs":[[2315]],"properties":{"name":"Abaji","gaul_code":22775,"targetarea":14.0586671,"totpop":192571.299503,"country_id":"NGA","targetpop":38242.897583,"new_mean":0.0944308,"totalarea":728.8681801}},{"type":"Polygon","arcs":[[-1878,2316,2317,2318,2319]],"properties":{"name":"Wamakko","gaul_code":23100,"targetarea":60.6280444,"totpop":233074.486483,"country_id":"NGA","targetpop":115524.326355,"new_mean":0.0343801,"totalarea":678.5969903}},{"type":"MultiPolygon","arcs":[[[2320,2321]],[[2322]],[[2323]],[[2324]],[[2325]],[[2326]],[[-1832,2327,-1840,2328]],[[2329]],[[-1838,2330]]],"properties":{"name":"Dutsin-m","gaul_code":22868,"targetarea":59.4907479,"totpop":596818.821795,"country_id":"NGA","targetpop":145348.00708,"new_mean":0.0348942,"totalarea":1533.0676437}},{"type":"MultiPolygon","arcs":[[[2331,-2160,-2089]],[[2332]],[[2333]],[[2334]],[[2335]],[[2336]],[[2337,-1669]],[[2338]],[[2339]]],"properties":{"name":"Bakori","gaul_code":22864,"targetarea":51.6194476,"totpop":501230.934586,"country_id":"NGA","targetpop":106696.824219,"new_mean":0.0372428,"totalarea":1249.8301957}},{"type":"MultiPolygon","arcs":[[[2340]],[[-1711,2341]]],"properties":{"name":"Jalingo","gaul_code":23108,"targetarea":11.6202635,"totpop":152524.670951,"country_id":"NGA","targetpop":25300.9810791,"new_mean":0.0599279,"totalarea":2625.9593916}},{"type":"Polygon","arcs":[[2342]],"properties":{"name":"Langtang","gaul_code":23046,"targetarea":16.4355102,"totpop":195352.073507,"country_id":"NGA","targetpop":44215.1602783,"new_mean":0.0623339,"totalarea":1036.6542339}},{"type":"MultiPolygon","arcs":[[[2343]],[[2344]],[[2345]],[[2346,2347]]],"properties":{"name":"Yabo","gaul_code":23102,"targetarea":23.587248,"totpop":393925.123623,"country_id":"NGA","targetpop":38103.3169556,"new_mean":0.0335321,"totalarea":1787.6890232}},{"type":"MultiPolygon","arcs":[[[2348]],[[2349]],[[2350,-2348]],[[-2318,2351]]],"properties":{"name":"Bodinga","gaul_code":23079,"targetarea":44.2109,"totpop":198352.774307,"country_id":"NGA","targetpop":90389.6953125,"new_mean":0.0359572,"totalarea":331.4715589}},{"type":"MultiPolygon","arcs":[[[2352]],[[-2023,2353]],[[2354]]],"properties":{"name":"Talatar","gaul_code":23096,"targetarea":41.3214456,"totpop":315162.785629,"country_id":"NGA","targetpop":76948.4402771,"new_mean":0.0359881,"totalarea":1193.5151338}},{"type":"MultiPolygon","arcs":[[[2355]],[[2356]],[[2357]],[[2358]]],"properties":{"name":"Ringim","gaul_code":22814,"targetarea":31.2001128,"totpop":559910.484879,"country_id":"NGA","targetpop":77055.5524902,"new_mean":0.0337003,"totalarea":1827.4758665}},{"type":"MultiPolygon","arcs":[[[2359,-1703]],[[2360,-1705]]],"properties":{"name":"Konduga","gaul_code":22706,"targetarea":18.1805912,"totpop":466122.760636,"country_id":"NGA","targetpop":24206.329834,"new_mean":0.0363321,"totalarea":8560.7145599}},{"type":"Polygon","arcs":[[2361]],"properties":{"name":"Arewa","gaul_code":22884,"targetarea":6.4242951,"totpop":309648.053235,"country_id":"NGA","targetpop":10894.2122192,"new_mean":0.0300786,"totalarea":5080.0945181}},{"type":"MultiPolygon","arcs":[[[2362]],[[2363,-1876,-2320]],[[2364]],[[2365]]],"properties":{"name":"Kware","gaul_code":23090,"targetarea":71.7346413,"totpop":458538.032429,"country_id":"NGA","targetpop":233247.31311,"new_mean":0.0347438,"totalarea":811.6264492}},{"type":"Polygon","arcs":[[2366]],"properties":{"name":"Gada","gaul_code":23082,"targetarea":6.1237427,"totpop":277499.208641,"country_id":"NGA","targetpop":9019.5760498,"new_mean":0.0300138,"totalarea":1749.9022423}},{"type":"MultiPolygon","arcs":[[[2367]],[[2368]],[[-1856,2369]],[[2370]]],"properties":{"name":"Maiyama","gaul_code":22893,"targetarea":25.3374983,"totpop":313235.668137,"country_id":"NGA","targetpop":46184.1719971,"new_mean":0.0332641,"totalarea":1343.8709843}},{"type":"MultiPolygon","arcs":[[[2371]],[[2372]],[[2373]]],"properties":{"name":"Bakura","gaul_code":23077,"targetarea":15.6590801,"totpop":269422.499505,"country_id":"NGA","targetpop":33679.5847168,"new_mean":0.0338637,"totalarea":2547.5452941}},{"type":"MultiPolygon","arcs":[[[2374,-2024,-1865]],[[2375]],[[2376]],[[2377]],[[2378]],[[2379]],[[2380]]],"properties":{"name":"Zurmi","gaul_code":23103,"targetarea":32.9326626,"totpop":507186.701988,"country_id":"NGA","targetpop":70950.7379761,"new_mean":0.0340506,"totalarea":2636.7563312}},{"type":"MultiPolygon","arcs":[[[2381,2382]],[[2383,2384,2385]],[[2386]],[[2387]]],"properties":{"name":"Ilorinwe","gaul_code":22918,"targetarea":226.8291631,"totpop":1161773.15415,"country_id":"NGA","targetpop":973497.733337,"new_mean":0.060328,"totalarea":757.3586245}},{"type":"Polygon","arcs":[[2388]],"properties":{"name":"Illela","gaul_code":23087,"targetarea":29.0970305,"totpop":409469.057121,"country_id":"NGA","targetpop":93426.347229,"new_mean":0.0301328,"totalarea":1401.702922}},{"type":"MultiPolygon","arcs":[[[2389]],[[2390]],[[2391]],[[2392]],[[2393]]],"properties":{"name":"Musawa","gaul_code":22880,"targetarea":32.9594874,"totpop":358031.741951,"country_id":"NGA","targetpop":77382.616394,"new_mean":0.0373416,"totalarea":1107.0626483}},{"type":"MultiPolygon","arcs":[[[2394]],[[2395]]],"properties":{"name":"Anka","gaul_code":23076,"targetarea":13.9836882,"totpop":616071.005718,"country_id":"NGA","targetpop":33326.31604,"new_mean":0.0415025,"totalarea":9097.2866849}},{"type":"MultiPolygon","arcs":[[[2396]],[[2397]],[[2398]],[[2399]],[[2400]],[[2401]],[[2402]],[[2403]]],"properties":{"name":"Gwadabaw","gaul_code":23086,"targetarea":62.5780127,"totpop":436298.126944,"country_id":"NGA","targetpop":128858.927063,"new_mean":0.0317,"totalarea":1101.2539228}},{"type":"MultiPolygon","arcs":[[[-2189,2404]],[[2405,-2190,-1589,2406]],[[2407]],[[-1794,2408,-1590,2409,2410,-1798,2411]],[[2412,-1800]]],"properties":{"name":"Shanono","gaul_code":22857,"targetarea":32.6461923,"totpop":273213.070564,"country_id":"NGA","targetpop":86068.3390503,"new_mean":0.0371856,"totalarea":662.477175}},{"type":"Polygon","arcs":[[2413]],"properties":{"name":"Dutse","gaul_code":22803,"targetarea":53.7736616,"totpop":393786.75473,"country_id":"NGA","targetpop":136037.878296,"new_mean":0.0349581,"totalarea":1085.0391933}},{"type":"Polygon","arcs":[[2414]],"properties":{"name":"Billiri","gaul_code":22662,"targetarea":33.9707719,"totpop":296983.401024,"country_id":"NGA","targetpop":93455.1490479,"new_mean":0.0442802,"totalarea":835.951622}},{"type":"MultiPolygon","arcs":[[[2415]],[[2416]]],"properties":{"name":"Paikoro","gaul_code":22949,"targetarea":9.2219823,"totpop":231383.725233,"country_id":"NGA","targetpop":16122.7736816,"new_mean":0.0866314,"totalarea":2080.646004}},{"type":"Polygon","arcs":[[2417]],"properties":{"name":"Jama'are","gaul_code":22670,"targetarea":15.5285634,"totpop":163802.45396,"country_id":"NGA","targetpop":41642.4268799,"new_mean":0.0361736,"totalarea":476.3808503}},{"type":"MultiPolygon","arcs":[[[2418]],[[2419]],[[2420]],[[2421]],[[2422]],[[2423,-2304]]],"properties":{"name":"Bade","gaul_code":23116,"targetarea":31.1049725,"totpop":667545.515699,"country_id":"NGA","targetpop":76222.8378906,"new_mean":0.0341567,"totalarea":4916.2931785}},{"type":"Polygon","arcs":[[2424]],"properties":{"name":"Agaie","gaul_code":22937,"targetarea":8.3416251,"totpop":194567.803593,"country_id":"NGA","targetpop":18506.2861328,"new_mean":0.0873044,"totalarea":2050.3986691}},{"type":"MultiPolygon","arcs":[[[2425]],[[2426]],[[2427]]],"properties":{"name":"Ngala","gaul_code":22711,"targetarea":43.9489798,"totpop":574721.656194,"country_id":"NGA","targetpop":112117.399048,"new_mean":0.0345919,"totalarea":3643.8851079}},{"type":"MultiPolygon","arcs":[[[2428,-1989,2429]],[[2430,-1987,-2150,-2219,-1783,2431]]],"properties":{"name":"Dala","gaul_code":22840,"targetarea":39.7001442,"totpop":1041364.06592,"country_id":"NGA","targetpop":1040485.0437,"new_mean":0.0372261,"totalarea":40.3629313}},{"type":"MultiPolygon","arcs":[[[2432]],[[2433,2434,2435,-1777,2436,2437]],[[2438]],[[2439,-2047]],[[2440,2441]],[[-2170,2442,2443]]],"properties":{"name":"Dawakint","gaul_code":22843,"targetarea":75.9997152,"totpop":366677.766479,"country_id":"NGA","targetpop":223215.11203,"new_mean":0.0374156,"totalarea":350.3888456}},{"type":"MultiPolygon","arcs":[[[2444]],[[2445]],[[2446]],[[2447]],[[2448]],[[-1901,2449]]],"properties":{"name":"Birninku","gaul_code":22802,"targetarea":58.4819867,"totpop":833207.923767,"country_id":"NGA","targetpop":148802.597229,"new_mean":0.0359316,"totalarea":2951.8152716}},{"type":"MultiPolygon","arcs":[[[2450]],[[2451]],[[2452]]],"properties":{"name":"Gummi","gaul_code":23084,"targetarea":23.7979294,"totpop":808025.893034,"country_id":"NGA","targetpop":50633.6533203,"new_mean":0.0402748,"totalarea":8825.0016786}},{"type":"MultiPolygon","arcs":[[[2453,-2181,-1902,-1561,-2183]],[[2454]],[[2455]],[[2456]],[[2457]]],"properties":{"name":"Igabi","gaul_code":22821,"targetarea":105.7064326,"totpop":720181.205748,"country_id":"NGA","targetpop":283001.393311,"new_mean":0.0445692,"totalarea":3161.7709852}},{"type":"MultiPolygon","arcs":[[[2458]],[[2459]],[[2460]],[[2461]]],"properties":{"name":"Babura","gaul_code":22800,"targetarea":24.9274449,"totpop":364404.54435,"country_id":"NGA","targetpop":53236.4368896,"new_mean":0.0325066,"totalarea":1123.2009195}},{"type":"MultiPolygon","arcs":[[[2462]],[[2463]],[[2464]],[[2465]]],"properties":{"name":"Bama","gaul_code":22700,"targetarea":36.2689592,"totpop":597500.450452,"country_id":"NGA","targetpop":72089.8494263,"new_mean":0.0363334,"totalarea":5239.2946047}},{"type":"MultiPolygon","arcs":[[[2466]],[[2467]]],"properties":{"name":"Sule-tan","gaul_code":22816,"targetarea":15.5946959,"totpop":415887.186634,"country_id":"NGA","targetpop":46964.3008423,"new_mean":0.0301054,"totalarea":2493.0089026}},{"type":"MultiPolygon","arcs":[[[2468,-2321]],[[2469]],[[2470,-1829]],[[2471]],[[-2158,2472]],[[2473,-1836]],[[2474,-2258]]],"properties":{"name":"Rimi","gaul_code":22881,"targetarea":65.857821,"totpop":390404.889671,"country_id":"NGA","targetpop":130713.286072,"new_mean":0.0352029,"totalarea":783.9226431}},{"type":"MultiPolygon","arcs":[[[2475]],[[2476]],[[2477]],[[2478]]],"properties":{"name":"Safana","gaul_code":22882,"targetarea":21.1879884,"totpop":481082.761419,"country_id":"NGA","targetpop":47211.369812,"new_mean":0.036466,"totalarea":2206.6507592}},{"type":"MultiPolygon","arcs":[[[2479]],[[2480]],[[2481]]],"properties":{"name":"Fune","gaul_code":23119,"targetarea":23.2504096,"totpop":513855.816978,"country_id":"NGA","targetpop":55013.8008423,"new_mean":0.036281,"totalarea":5080.7820182}},{"type":"Polygon","arcs":[[2482]],"properties":{"name":"Kaiama","gaul_code":22921,"targetarea":1.8471682,"totpop":178496.276869,"country_id":"NGA","targetpop":1935.1779785,"new_mean":0.0878479,"totalarea":6940.2056615}},{"type":"MultiPolygon","arcs":[[[-2010,2483]],[[2484]],[[2485]],[[2486,-2014,-1977,2487,-1993,2488]],[[-1991,2489]],[[2490,-1796,-2411]],[[2491,-1781]],[[2492]],[[2493]],[[-2436,2494,-1778]],[[2495]],[[2496,-2434]]],"properties":{"name":"Rimingad","gaul_code":22856,"targetarea":99.7516283,"totpop":511326.818436,"country_id":"NGA","targetpop":217772.833923,"new_mean":0.0380031,"totalarea":628.9296155}},{"type":"MultiPolygon","arcs":[[[2497]],[[2498]],[[-2145,2499]],[[2500]],[[2501]]],"properties":{"name":"Bungudu","gaul_code":23080,"targetarea":76.3654912,"totpop":578589.630727,"country_id":"NGA","targetpop":189212.693542,"new_mean":0.0383575,"totalarea":2504.6218958}},{"type":"MultiPolygon","arcs":[[[2502,-2226]],[[2503]],[[2504]],[[2505]]],"properties":{"name":"Shani","gaul_code":22712,"targetarea":15.3514913,"totpop":415064.840092,"country_id":"NGA","targetpop":24010.2478027,"new_mean":0.0437356,"totalarea":3130.0915329}},{"type":"MultiPolygon","arcs":[[[2506]],[[2507]],[[2508]],[[2509]],[[2510]],[[2511]],[[2512]]],"properties":{"name":"Misau","gaul_code":22673,"targetarea":46.7291755,"totpop":668174.487335,"country_id":"NGA","targetpop":124881.807617,"new_mean":0.0381794,"totalarea":2286.5598091}},{"type":"Polygon","arcs":[[2513]],"properties":{"name":"Garki","gaul_code":22804,"targetarea":7.1521967,"totpop":217111.325233,"country_id":"NGA","targetpop":16608.5593872,"new_mean":0.0321022,"totalarea":1279.968337}},{"type":"MultiPolygon","arcs":[[[2514,-2261]],[[2515]],[[2516]],[[2517,-1753]],[[2518]],[[2519]],[[2520]],[[2521,-1998,-2017,-2268,2522]],[[2523,2524]],[[-1757,-1961,2525]],[[2526,-1982]],[[2527,-1739,-1984,2528]]],"properties":{"name":"Dawakink","gaul_code":22842,"targetarea":106.7533726,"totpop":519821.913269,"country_id":"NGA","targetpop":225268.312653,"new_mean":0.0384422,"totalarea":720.2167244}},{"type":"MultiPolygon","arcs":[[[2529]],[[2530]],[[2531]],[[2532]],[[2533]]],"properties":{"name":"Nafada/b","gaul_code":22674,"targetarea":38.9821787,"totpop":523563.112148,"country_id":"NGA","targetpop":92532.359436,"new_mean":0.0368467,"totalarea":3300.5059154}},{"type":"MultiPolygon","arcs":[[[2534]],[[2535]],[[2536]]],"properties":{"name":"Ningi","gaul_code":22675,"targetarea":27.3631994,"totpop":661873.232606,"country_id":"NGA","targetpop":56425.8358154,"new_mean":0.0379757,"totalarea":5105.0633567}},{"type":"Polygon","arcs":[[2537]],"properties":{"name":"Gombi","gaul_code":22606,"targetarea":14.3970008,"totpop":207399.086097,"country_id":"NGA","targetpop":36734.4276733,"new_mean":0.043605,"totalarea":2043.1457421}},{"type":"MultiPolygon","arcs":[[[2538,-2105,-1699,2539,-1697,-1768,2540,-1772]],[[2541]],[[2542,-1770,2543]],[[2544]]],"properties":{"name":"Suleja","gaul_code":22953,"targetarea":123.1527429,"totpop":401673.086807,"country_id":"NGA","targetpop":317211.789673,"new_mean":0.0840181,"totalarea":285.63745}},{"type":"MultiPolygon","arcs":[[[2545]],[[2546]],[[2547]],[[2548]],[[2549]],[[2550,-2097]],[[2551]],[[2552]],[[2553]],[[2554]]],"properties":{"name":"Ikara","gaul_code":22822,"targetarea":63.1912995,"totpop":909036.697933,"country_id":"NGA","targetpop":129825.00415,"new_mean":0.037697,"totalarea":4169.4008413}},{"type":"MultiPolygon","arcs":[[[2555]],[[2556]],[[-2171,-2444,2557,-2441,2558]],[[-2167,2559]]],"properties":{"name":"Minjibir","gaul_code":22853,"targetarea":69.3510125,"totpop":337800.445164,"country_id":"NGA","targetpop":152684.091309,"new_mean":0.036551,"totalarea":412.3455949}},{"type":"Polygon","arcs":[[2560]],"properties":{"name":"Nangere","gaul_code":23122,"targetarea":53.7416229,"totpop":490431.776823,"country_id":"NGA","targetpop":218549.556335,"new_mean":0.0368218,"totalarea":1758.6772067}},{"type":"MultiPolygon","arcs":[[[2561]],[[2562]]],"properties":{"name":"Bosso","gaul_code":22941,"targetarea":106.4922811,"totpop":543080.579846,"country_id":"NGA","targetpop":386557.439026,"new_mean":0.0747437,"totalarea":1254.8740292}},{"type":"MultiPolygon","arcs":[[[2563]],[[2564]],[[2565]],[[2566]],[[2567]]],"properties":{"name":"Iseyin","gaul_code":23026,"targetarea":58.7359353,"totpop":590597.794405,"country_id":"NGA","targetpop":150104.463867,"new_mean":0.0556674,"totalarea":2814.2946959}},{"type":"MultiPolygon","arcs":[[[2568]],[[2569]],[[2570]],[[2571]],[[2572]]],"properties":{"name":"Yagbawes","gaul_code":22913,"targetarea":36.6797424,"totpop":242468.969653,"country_id":"NGA","targetpop":74327.9440308,"new_mean":0.0802708,"totalarea":1463.9072566}},{"type":"MultiPolygon","arcs":[[[2573,-821,-983]],[[2574]],[[2575]],[[2576]]],"properties":{"name":"Kotonkar","gaul_code":22907,"targetarea":28.3258527,"totpop":219511.158132,"country_id":"NGA","targetpop":42931.3408813,"new_mean":0.0814133,"totalarea":2962.3043008}},{"type":"MultiPolygon","arcs":[[[2577]],[[2578]]],"properties":{"name":"Awe","gaul_code":23038,"targetarea":9.8120199,"totpop":299671.64674,"country_id":"NGA","targetpop":18278.0178833,"new_mean":0.0917549,"totalarea":3774.6909616}},{"type":"MultiPolygon","arcs":[[[-837,2579]],[[2580]],[[2581]],[[2582,2583]],[[2584,-2583]]],"properties":{"name":"Oyo","gaul_code":23035,"targetarea":110.0005325,"totpop":685526.250865,"country_id":"NGA","targetpop":332668.966827,"new_mean":0.0486474,"totalarea":2452.1591556}},{"type":"MultiPolygon","arcs":[[[2585]],[[2586]]],"properties":{"name":"Nasarawa","gaul_code":23049,"targetarea":22.5492959,"totpop":661776.763218,"country_id":"NGA","targetpop":40379.7140503,"new_mean":0.0882457,"totalarea":9454.9264196}},{"type":"MultiPolygon","arcs":[[[2587]],[[-2027,2588]]],"properties":{"name":"Ganye","gaul_code":22605,"targetarea":16.6119195,"totpop":308007.085676,"country_id":"NGA","targetpop":37830.4628906,"new_mean":0.0781952,"totalarea":6601.5163336}},{"type":"MultiPolygon","arcs":[[[2589,2590]],[[2591,2592,2593]]],"properties":{"name":"Ogbomoso","gaul_code":23029,"targetarea":121.565156,"totpop":463210.621246,"country_id":"NGA","targetpop":372957.85675,"new_mean":0.0539399,"totalarea":333.9725272}},{"type":"Polygon","arcs":[[2594]],"properties":{"name":"Kabba/bu","gaul_code":22905,"targetarea":15.687984,"totpop":189193.851663,"country_id":"NGA","targetpop":28291.2615356,"new_mean":0.0802111,"totalarea":2665.47437}},{"type":"MultiPolygon","arcs":[[[2595]],[[2596]]],"properties":{"name":"Yagbaeas","gaul_code":22912,"targetarea":23.5339481,"totpop":238364.525226,"country_id":"NGA","targetpop":38421.4536133,"new_mean":0.0790499,"totalarea":2073.2752559}},{"type":"MultiPolygon","arcs":[[[-1488,-257,2597]],[[2598]],[[2599,-1480,2600]],[[-1478,2601]],[[-1476,2602]]],"properties":{"name":"Oyun","gaul_code":22924,"targetarea":22.3912554,"totpop":169844.077477,"country_id":"NGA","targetpop":30521.5656738,"new_mean":0.0641975,"totalarea":567.3323695}},{"type":"MultiPolygon","arcs":[[[-2591,2603]],[[2604,2605,-2592]]],"properties":{"name":"Orire","gaul_code":23034,"targetarea":11.7480493,"totpop":261020.177059,"country_id":"NGA","targetpop":23692.9837036,"new_mean":0.0591516,"totalarea":1832.2974151}},{"type":"MultiPolygon","arcs":[[[2606]],[[2607]],[[2608]],[[2609]],[[2610]],[[2611]],[[2612]],[[2613]]],"properties":{"name":"Lafia","gaul_code":23045,"targetarea":85.4923656,"totpop":707584.697887,"country_id":"NGA","targetpop":188780.047424,"new_mean":0.0828969,"totalarea":3611.4193017}},{"type":"MultiPolygon","arcs":[[[2614]],[[2615]],[[2616]],[[2617]]],"properties":{"name":"Bali","gaul_code":23104,"targetarea":20.4808417,"totpop":667685.553441,"country_id":"NGA","targetpop":37544.1669312,"new_mean":0.0772774,"totalarea":14299.5075139}},{"type":"MultiPolygon","arcs":[[[2618]],[[2619]],[[2620]],[[2621]],[[2622]],[[2623]],[[2624]]],"properties":{"name":"Irepodun","gaul_code":22919,"targetarea":48.0855313,"totpop":471878.860901,"country_id":"NGA","targetpop":73129.6812744,"new_mean":0.0674699,"totalarea":2367.3774848}},{"type":"MultiPolygon","arcs":[[[2625]],[[2626]],[[2627]],[[2628]]],"properties":{"name":"Wukari","gaul_code":23113,"targetarea":38.8542243,"totpop":397091.419003,"country_id":"NGA","targetpop":94910.5281982,"new_mean":0.0808857,"totalarea":3667.2659796}},{"type":"MultiPolygon","arcs":[[[2629]],[[-2605,-2594,2630]]],"properties":{"name":"Surulere","gaul_code":23036,"targetarea":7.7218011,"totpop":196409.880323,"country_id":"NGA","targetpop":12294.0633545,"new_mean":0.0589543,"totalarea":784.4269131}},{"type":"Polygon","arcs":[[-2384,2631,2632]],"properties":{"name":"Asa","gaul_code":22914,"targetarea":1.3881991,"totpop":157459.240228,"country_id":"NGA","targetpop":3321.22052,"new_mean":0.0642668,"totalarea":1532.1270455}},{"type":"MultiPolygon","arcs":[[[2633]],[[2634,-2382]],[[-2385,-2633,2635]]],"properties":{"name":"Ifelodun","gaul_code":22917,"targetarea":17.3547308,"totpop":337624.569274,"country_id":"NGA","targetpop":44877.7756348,"new_mean":0.0787329,"totalarea":3423.3597406}},{"type":"Polygon","arcs":[[2636]],"properties":{"name":"Doma","gaul_code":23041,"targetarea":9.6368535,"totpop":223967.556456,"country_id":"NGA","targetpop":18089.8983154,"new_mean":0.0873431,"totalarea":2810.486006}},{"type":"MultiPolygon","arcs":[[[2637]],[[2638]],[[2639]],[[2640]]],"properties":{"name":"Ifedapo","gaul_code":23023,"targetarea":67.85591,"totpop":757879.722597,"country_id":"NGA","targetpop":129889.290894,"new_mean":0.0678634,"totalarea":6442.994611}},{"type":"Polygon","arcs":[[2641]],"properties":{"name":"Lapai","gaul_code":22945,"targetarea":4.6687889,"totpop":215227.919893,"country_id":"NGA","targetpop":7020.977478,"new_mean":0.092082,"totalarea":2915.2140549}}]}},"arcs":[[[6.3109693,6.0945339],[6.2962883,6.0804063],[6.3166659,6.0745835],[6.3109693,6.0945339]],[[6.1778516,6.2378515],[6.1999998,6.2600002],[6.2322521,6.257748]],[[6.2322521,6.257748],[6.2338209,6.2703518],[6.1542148,6.2803086],[6.1140943,6.27532],[6.0839319,6.283932]],[[6.0839319,6.283932],[6.0799999,6.2714769]],[[6.0799999,6.2714769],[6.1212883,6.2625433],[6.1583326,6.2412502],[6.1778516,6.2378515]],[[4.0615331,7.4200001],[4.0759222,7.4259221],[4.0786288,7.4542873],[4.090608,7.4741522],[4.0642734,7.4865464],[4.054703,7.421902],[4.0615331,7.4200001]],[[4.0294993,7.4164997],[4.0294589,7.4485907],[3.9762851,7.4654242],[3.9916171,7.4943996],[3.9776613,7.4870162]],[[3.9776613,7.4870162],[3.98,7.48],[3.9400001,7.4400001]],[[3.9400001,7.4400001],[3.95,7.4400001],[3.98,7.4099998],[3.98,7.4000001]],[[3.98,7.4000001],[4.0294993,7.4164997]],[[7.6166659,5.3579169],[7.6248871,5.3602258],[7.6224084,5.365183],[7.6166659,5.3579169]],[[7.48,5.4157715],[7.4949211,5.4072292],[7.4953769,5.4290269],[7.5214511,5.4703965],[7.5100002,5.4903916]],[[7.5100002,5.4903916],[7.5,5.46],[7.5,5.4400001],[7.48,5.4400001]],[[7.48,5.4400001],[7.48,5.4157715]],[[7.5436378,5.5100002],[7.5300002,5.5100002],[7.5100002,5.4947371]],[[7.5100002,5.4947371],[7.5334953,5.497134],[7.5387688,5.4454169],[7.5370435,5.4283881],[7.5499993,5.4245835],[7.529345,5.3908636],[7.5542147,5.4040228],[7.5782707,5.3780666],[7.5960217,5.3779929],[7.5900002,5.3956816],[7.5783358,5.3952175],[7.5786776,5.436937],[7.5706535,5.4535956],[7.5713209,5.4702704],[7.549039,5.4929388],[7.5436378,5.5100002]],[[6.1916659,7.5829169],[6.1985679,7.5814319]],[[6.1985679,7.5814319],[6.1916659,7.5883342]],[[6.1916659,7.5883342],[6.1916659,7.5829169]],[[6.1833326,7.5912502],[6.154703,7.6126206],[6.129703,7.6145168],[6.1628739,7.562874]],[[6.1628739,7.562874],[6.1700001,7.5700002],[6.198742,7.5700002]],[[6.198742,7.5700002],[6.1916659,7.5829169]],[[6.1916659,7.5829169],[6.1833326,7.5912502]],[[6.1833326,7.5912502],[6.1900001,7.5912502]],[[6.1900001,7.5912502],[6.1900001,7.6100001],[6.23,7.5999999],[6.2600002,7.5799999],[6.2717777,7.5799999]],[[6.2717777,7.5799999],[6.2813306,7.6133693],[6.3045403,7.6126491],[6.3117957,7.6035913]],[[6.3117957,7.6035913],[6.3299999,7.6500755]],[[6.3299999,7.6500755],[6.3055494,7.6357001],[6.2379875,7.6163845],[6.2166659,7.6245835],[6.1977532,7.6449937],[6.1833326,7.5912502]],[[3.9867343,6.5795152],[3.9965976,6.5863186],[4.003401,6.6223089],[3.9822909,6.6446519],[3.9715976,6.6029852],[3.9436679,6.5925401],[3.9467766,6.5787421],[3.9833326,6.5745835],[3.9867343,6.5795152]],[[3.7008992,6.6391007],[3.7249993,6.6329169],[3.7179517,6.6603867],[3.7,6.6434202],[3.7008992,6.6391007]],[[3.9897454,6.6903225],[3.9713697,6.6725287],[4.0083326,6.6662502],[3.9897454,6.6903225]],[[5.2240573,7.5579712],[5.1959242,7.5700002]],[[5.1959242,7.5700002],[5.2190911,7.525023],[5.1789543,7.4978216],[5.1794263,7.5203273],[5.1637634,7.5206451],[5.1629003,7.5193504],[5.1707838,7.4868272],[5.1950676,7.4873236],[5.2286125,7.4538194],[5.2416659,7.4495835],[5.2466789,7.4752386],[5.2710116,7.4870469],[5.220914,7.5530625],[5.2240573,7.5579712]],[[7.332064,6.9200001],[7.3800001,6.9099998],[7.4000001,6.9099998],[7.4099998,6.8899999],[7.4299998,6.8899999],[7.4400001,6.8800001]],[[7.4400001,6.8800001],[7.4699998,6.9000001],[7.48,6.9200001],[7.5111364,6.9511365],[7.5151152,6.9551152],[7.5289889,6.9644944]],[[7.5289889,6.9644944],[7.5212883,6.9873521],[7.5006991,7.0296698],[7.4794914,7.0275091],[7.4461907,7.0641953],[7.4378573,7.0449571],[7.4288892,7.0458685],[7.3877759,7.022313],[7.3778476,6.9994208],[7.3499993,6.9912502],[7.3335116,6.9772853],[7.3263664,6.9454169],[7.332064,6.9200001]],[[7.3916659,6.9495835],[7.3951653,6.977383],[7.4066887,6.9711574],[7.3916659,6.9495835]],[[7.477636,7.0695339],[7.462955,7.0554063],[7.4833326,7.0495835],[7.477636,7.0695339]],[[7.4473238,7.0999999],[7.4191357,7.0999999]],[[7.4191357,7.0999999],[7.4384921,7.0880723],[7.4473238,7.0999999]],[[7.0599999,6.0999999],[7.04,6.1100001],[7.0100002,6.1399999],[7.0100002,6.1599998]],[[7.0100002,6.1599998],[6.98,6.1500001],[6.98,6.1387668]],[[6.98,6.1387668],[6.9911939,6.1320664],[6.9833326,6.1162502],[6.9654929,6.125493]],[[6.9654929,6.125493],[6.9400001,6.1100001]],[[6.9400001,6.1100001],[6.9499998,6.0999999],[6.9499998,6.0700002],[6.9400001,6.0500002],[6.9499998,6.0300002],[6.9499998,6.0100002]],[[6.9499998,6.0100002],[6.96,6.0100002]],[[6.96,6.0100002],[7,6.0300002],[7.02,6.0500002],[7.0300002,6.0500002]],[[7.0300002,6.0500002],[7.02,6.0599999],[7.0300002,6.0799999],[7.0500002,6.0999999],[7.0599999,6.0999999]],[[3.8023826,7.3788087],[3.8199999,7.3699999],[3.8399999,7.3699999],[3.8699999,7.3499999]],[[3.8699999,7.3499999],[3.8499999,7.3699999],[3.8499999,7.4000001],[3.8431704,7.4068294]],[[3.8431704,7.4068294],[3.8166659,7.3912502],[3.8023826,7.3788087]],[[9.1789355,6.6599998],[9.1838548,6.6700001]],[[9.1838548,6.6700001],[9.1700001,6.6599998]],[[9.1700001,6.6599998],[9.1789355,6.6599998]],[[7.783856,4.5161437],[7.7946782,4.5156898],[7.8102043,4.5286851],[7.8526197,4.5408148],[7.8335604,4.5560777],[7.7803866,4.535635],[7.7758494,4.5383016]],[[7.7758494,4.5383016],[7.783856,4.5161437]],[[7.9528594,4.5814298],[7.9540032,4.5776841],[7.9242017,4.5500637],[7.9772128,4.5639553],[8.0007524,4.5398698],[8.0341347,4.5417275],[8.004524,4.5691717],[7.9959791,4.5872544],[7.9793124,4.5865953],[7.9699998,4.5964972]],[[7.9699998,4.5964972],[7.9528594,4.5814298]],[[8.0304354,4.6037461],[8.0129387,4.6363186],[8.0049309,4.5910223],[8.0166659,4.5829169],[8.0304354,4.6037461]],[[7.96,4.6267367],[7.9963209,4.66223],[7.9956535,4.6788967],[8.0217126,4.6999998]],[[8.0217126,4.6999998],[7.98,4.6999998],[7.98,4.6900001]],[[7.98,4.6900001],[7.98,4.6700001],[7.96,4.6500001],[7.96,4.6267367]],[[7.1743319,5.5357692],[7.154703,5.5254828],[7.1666659,5.5162502],[7.1743319,5.5357692]],[[7.1999998,5.5671738],[7.1999998,5.5799999]],[[7.1999998,5.5799999],[7.1799998,5.5900002],[7.1399999,5.5900002],[7.1399999,5.5999999]],[[7.1399999,5.5999999],[7.1300001,5.6100001],[7.1100001,5.6100001]],[[7.1100001,5.6100001],[7.0999999,5.6100001],[7.0900002,5.5900002],[7.0599999,5.5700002],[7.0500002,5.5500002]],[[7.0500002,5.5500002],[7.0599999,5.54],[7.0700002,5.5100002],[7.0900002,5.4899998],[7.1199999,5.4699998]],[[7.1199999,5.4699998],[7.1399999,5.48],[7.1700001,5.48],[7.1799998,5.4899998]],[[7.1799998,5.4899998],[7.1799998,5.5069168]],[[7.1799998,5.5069168],[7.1545077,5.486522],[7.1333326,5.4891547],[7.1121737,5.4865261],[7.0962883,5.4975775],[7.1307284,5.5120835],[7.1272291,5.54018],[7.1083326,5.5329169],[7.1300611,5.5737453],[7.1670077,5.5598578],[7.1999998,5.5671738]],[[8.0100002,4.7417906],[8.0100002,4.7492344]],[[8.0100002,4.7492344],[8.0083326,4.7495835],[8.0100002,4.7417906]],[[7.9999992,4.7579169],[7.9871095,4.7628905],[7.9899998,4.7539846],[7.9999992,4.7579169]],[[8.0500002,4.8699999],[8.0461263,4.8738738]],[[8.0461263,4.8738738],[8.0483868,4.8683865]],[[8.0483868,4.8683865],[8.0500002,4.8699999]],[[7.9200001,4.8452175],[7.9268873,4.8448065],[7.9299146,4.8954169],[7.899414,4.9094138]],[[7.899414,4.9094138],[7.8899999,4.9000001],[7.8899999,4.8800001],[7.9099998,4.8499999],[7.9200001,4.8452175]],[[7.9699998,4.9099998],[7.9459642,4.9099998]],[[7.9459642,4.9099998],[7.9442538,4.881334],[7.9789381,4.9001817],[7.9596184,4.8574611],[7.9844394,4.8296861],[7.9956047,4.8540106],[8.0288078,4.8520331],[8.0309563,4.887934],[8.0008456,4.8861395],[7.9971324,4.9000001]],[[7.9971324,4.9000001],[7.98,4.9000001],[7.9699998,4.9099998]],[[6.5038567,4.7774766],[6.4802239,4.7618964],[6.5083326,4.7579169],[6.5038567,4.7774766]],[[6.5129713,4.8272854],[6.5052239,4.7980292],[6.5166659,4.7912502],[6.5129713,4.8272854]],[[6.3806468,4.8812936],[6.3716561,4.8716561]],[[6.3716561,4.8716561],[6.3672519,4.8534857],[6.3833326,4.8495835],[6.3806468,4.8812936]],[[6.71,4.7782942],[6.71,4.7980341]],[[6.71,4.7980341],[6.7078781,4.8000002],[6.6999998,4.8072998],[6.6951792,4.8196414]],[[6.6951792,4.8196414],[6.6829326,4.8370674]],[[6.6829326,4.8370674],[6.6658976,4.8470511],[6.6563344,4.8609964],[6.6113437,4.9035915],[6.612011,4.8537502],[6.6381177,4.8360948],[6.6709953,4.8205756],[6.6873365,4.8029323],[6.6469394,4.8045314],[6.6293287,4.7727972],[6.6499993,4.7662502],[6.6540194,4.787348],[6.6792473,4.7785061],[6.6916659,4.7919094],[6.71,4.7782942]],[[6.4333326,4.9079169],[6.4249993,4.9329169],[6.4047844,4.9134914],[6.4333326,4.9079169]],[[6.4338345,4.9499998],[6.4332548,4.9499998]],[[6.4332548,4.9499998],[6.4333326,4.9495835],[6.4338345,4.9499998]],[[6.5833326,4.9329169],[6.5983568,4.9432864],[6.5901889,4.9596226],[6.5833326,4.9329169]],[[10.3640455,7.5092637],[10.3481763,7.4939439],[10.3666659,7.4912502],[10.3640455,7.5092637]],[[10.0688306,7.7290513],[10.0378085,7.7357163],[10.0305331,7.7114243],[10.0583326,7.7079169],[10.0688306,7.7290513]],[[7.3196999,6.6602001],[7.3508326,6.6445836]],[[7.3508326,6.6445836],[7.3583326,6.6745835]],[[7.3583326,6.6745835],[7.3387851,6.6861721],[7.3658684,6.6951117],[7.3484368,6.705447],[7.3666659,6.7162502],[7.3619784,6.722785],[7.3118645,6.7128811],[7.3048495,6.6973578],[7.3424472,6.6704169],[7.3166659,6.6662502],[7.3196999,6.6602001]],[[7.4435834,6.7800002],[7.4252968,6.7788244]],[[7.4252968,6.7788244],[7.4172681,6.758926],[7.3745435,6.7294297],[7.3992506,6.7201849],[7.3799309,6.6863186],[7.3583326,6.6745835]],[[7.3583326,6.6745835],[7.3867343,6.6549709],[7.3712232,6.6443955],[7.3540765,6.6429617]],[[7.3540765,6.6429617],[7.3800001,6.6300001],[7.4092795,6.62036]],[[7.4092795,6.62036],[7.4132243,6.6199999]],[[7.4132243,6.6199999],[7.4344939,6.6199999]],[[7.4344939,6.6199999],[7.4509921,6.6412502],[7.4372714,6.6535142],[7.4275871,6.695132],[7.4127271,6.6785142],[7.3962395,6.6706529],[7.4140455,6.7285142],[7.4249993,6.7162502],[7.4371086,6.7458034],[7.4462883,6.7534247],[7.4435834,6.7800002]],[[6.8861483,5.5696438],[6.8715976,5.5568711],[6.8999993,5.5495835],[6.8861483,5.5696438]],[[6.8740377,5.6199999],[6.8486122,5.6413877]],[[6.8486122,5.6413877],[6.8465976,5.6358628],[6.8740377,5.6199999]],[[5.7166659,5.8995835],[5.7134953,5.8982524]],[[5.7134953,5.8982524],[5.7176168,5.8961916]],[[5.7176168,5.8961916],[5.7166659,5.8995835]],[[5.5700002,5.9000001],[5.5900002,5.9020439]],[[5.5900002,5.9020439],[5.581412,5.9113145],[5.5650117,5.9000001]],[[5.5650117,5.9000001],[5.5700002,5.9000001]],[[5.7166659,5.8995835],[5.723394,5.893303]],[[5.723394,5.893303],[5.73,5.8699999],[5.7567807,5.8516097]],[[5.7567807,5.8516097],[5.7706047,5.875377],[5.7455722,5.8868597],[5.7470696,5.9121039],[5.7092766,5.9201809],[5.7166659,5.8995835]],[[5.6737101,5.9262898],[5.6945631,5.9286037],[5.7116529,5.968419],[5.6866529,5.9629217],[5.6773756,5.9489528],[5.62858,5.9612453],[5.6280287,5.9470427]],[[5.6280287,5.9470427],[5.6500001,5.9499998],[5.6737101,5.9262898]],[[5.7609693,5.9945339],[5.7462883,5.9804063],[5.7666659,5.9745835],[5.7609693,5.9945339]],[[5.6788567,6.0441433],[5.6552239,6.028563],[5.6833326,6.0245835],[5.6788567,6.0441433]],[[6.9699998,6.2565606],[6.9786451,6.2444932],[7.0034823,6.2494492],[6.9692658,6.271468]],[[6.9692658,6.271468],[6.9699998,6.2565606]],[[7.1500001,6.2600002],[7.1500001,6.2654206]],[[7.1500001,6.2654206],[7.1268384,6.2780625],[7.1322421,6.25067],[7.0994296,6.257156],[7.0708006,6.2445996]],[[7.0708006,6.2445996],[7.0900002,6.2399998],[7.0999999,6.23],[7.1199999,6.2293845]],[[7.1199999,6.2293845],[7.1258132,6.2316261],[7.1438593,6.2399998],[7.1598487,6.2501512]],[[7.1598487,6.2501512],[7.1500001,6.2600002]],[[7.0608562,6.2495718],[7.0664055,6.2777167],[7.0501295,6.2863959],[7.038757,6.2600002]],[[7.038757,6.2600002],[7.0608562,6.2495718]],[[7.8137801,4.9724398],[7.8228996,4.9792222],[7.8179629,5.0079629]],[[7.8179629,5.0079629],[7.8099999,4.9899998]],[[7.8099999,4.9899998],[7.8137801,4.9724398]],[[7.8986628,4.9099998],[7.8800001,4.9200001],[7.8499999,4.98],[7.8395498,5.0100002]],[[7.8395498,5.0100002],[7.8401522,4.9778591],[7.8284823,4.9294379],[7.8200002,4.8829433]],[[7.8200002,4.8829433],[7.8299999,4.8600001],[7.8299999,4.8200002],[7.8400002,4.8000002],[7.8499999,4.8000002]],[[7.8499999,4.8000002],[7.8800001,4.8200002],[7.904135,4.8200002]],[[7.904135,4.8200002],[7.9034335,4.8451239],[7.9200001,4.8452175]],[[7.899414,4.9094138],[7.8986628,4.9099998]],[[7.8553378,4.8749945],[7.8523756,4.8949896],[7.8637362,4.9037502],[7.8463697,4.9171494],[7.869856,4.9228786],[7.8727532,4.9032823],[7.8666659,4.8662502],[7.8553378,4.8749945]],[[8.0120578,6.3780854],[8.0206488,6.3912947]],[[8.0206488,6.3912947],[7.9990552,6.3964382],[7.9859367,6.4242377],[7.962662,6.4119248],[7.9206535,6.4039048],[7.9212558,6.3888251],[8.0120578,6.3780854]],[[7.9776685,6.4800523],[7.9388664,6.4805161],[7.9480624,6.4616726],[7.9666659,6.4579169],[7.9776685,6.4800523]],[[8.0749992,6.6245835],[8.0749992,6.6412502],[8.0499992,6.6412502],[8.0499992,6.6245835],[8.0749992,6.6245835]],[[4.3564906,7.4605283],[4.3718254,7.4701849],[4.3593279,7.4893281]],[[4.3593279,7.4893281],[4.3499999,7.48],[4.3564906,7.4605283]],[[4.4499993,7.5079169],[4.4590182,7.5039272],[4.4586265,7.5054939],[4.4499993,7.5079169]],[[4.4499993,7.5079169],[4.4545126,7.5219491]],[[4.4545126,7.5219491],[4.4499998,7.54]],[[4.4499998,7.54],[4.4479757,7.54]],[[4.4479757,7.54],[4.4299309,7.5130682],[4.4499993,7.5079169]],[[6.7547268,6.1952732],[6.75,6.1999998]],[[6.75,6.1999998],[6.73,6.1900001]],[[6.73,6.1900001],[6.7399998,6.1599998],[6.7399998,6.1300001],[6.7362344,6.1187037]],[[6.7362344,6.1187037],[6.7620435,6.1219143],[6.7401095,6.0999999]],[[6.7401095,6.0999999],[6.75,6.0900002]],[[6.75,6.0900002],[6.77,6.0900002],[6.8000002,6.1100001],[6.8099999,6.1300001],[6.8000002,6.1500001],[6.8000002,6.1700001]],[[6.8000002,6.1700001],[6.8000002,6.1799998],[6.7810869,6.1894567]],[[6.7810869,6.1894567],[6.7797193,6.1784491],[6.7620435,6.1532904],[6.7547268,6.1952732]],[[6.8693026,5.2195339],[6.8546216,5.2054063],[6.8749993,5.1995835],[6.8693026,5.2195339]],[[6.8859693,5.2695339],[6.8712883,5.2554063],[6.8916659,5.2495835],[6.8859693,5.2695339]],[[6.714866,5.4525668],[6.7453443,5.472549],[6.7202629,5.4953355],[6.7042473,5.4786688],[6.6874179,5.4704982],[6.6836079,5.46]],[[6.6836079,5.46],[6.6999998,5.46],[6.714866,5.4525668]],[[6.3381503,6.4926052],[6.3209628,6.5023057],[6.3139478,6.477973],[6.3416659,6.4745835],[6.3381503,6.4926052]],[[6.3965976,6.6628485],[6.3738762,6.6696519],[6.3632642,6.6506781],[6.3999993,6.6412502],[6.3965976,6.6628485]],[[4.5900002,7.7399998],[4.5799999,7.75],[4.5799999,7.7800002],[4.5700002,7.79]],[[4.5700002,7.79],[4.5599999,7.77],[4.5297814,7.7702187]],[[4.5297814,7.7702187],[4.5141166,7.7458834]],[[4.5141166,7.7458834],[4.5331511,7.7136978]],[[4.5331511,7.7136978],[4.5499993,7.7235988],[4.5731391,7.71],[4.5754147,7.71],[4.5799999,7.7117626]],[[4.5799999,7.7117626],[4.5799999,7.7199998]],[[4.5799999,7.7199998],[4.5900002,7.7399998]],[[4.5207442,7.779256],[4.5100002,7.79]],[[4.5100002,7.79],[4.5071675,7.7928327]],[[4.5071675,7.7928327],[4.5,7.7818846],[4.5,7.7766767],[4.5207442,7.779256]],[[4.6310275,7.4034586],[4.5999999,7.46],[4.5900002,7.4899998],[4.5785478,7.5104842]],[[4.5785478,7.5104842],[4.5735344,7.5044501],[4.5441236,7.5051988],[4.511425,7.4956],[4.5212232,7.4874701],[4.5303704,7.4562893],[4.5675448,7.4401678],[4.571272,7.4036078],[4.5600253,7.3530747],[4.5800241,7.3500482]],[[4.5800241,7.3500482],[4.5900002,7.3699999],[4.5999999,7.3699999],[4.6399999,7.3899999]],[[4.6399999,7.3899999],[4.6313404,7.4029892]],[[4.6313404,7.4029892],[4.6310275,7.4034586]],[[4.4545126,7.5219491],[4.469856,7.5325384],[4.4614226,7.5500002]],[[4.4614226,7.5500002],[4.4499998,7.54]],[[7.8800001,4.6034937],[7.8800001,4.6399999],[7.874249,4.645751]],[[7.874249,4.645751],[7.8666321,4.6500001]],[[7.8666321,4.6500001],[7.8499999,4.6500001],[7.8400002,4.6648568]],[[7.8400002,4.6648568],[7.8288567,4.653441],[7.8451815,4.6393744],[7.7888502,4.6348496],[7.7775546,4.6479641],[7.7602421,4.6402418]],[[7.7602421,4.6402418],[7.75,4.6300001],[7.77,4.5952806]],[[7.77,4.5952806],[7.7875969,4.6128689],[7.7955233,4.5951076],[7.8146802,4.5865586],[7.8291659,4.5697455],[7.8416659,4.5829169],[7.8416659,4.5995835],[7.8499999,4.6004336],[7.8600001,4.6014537],[7.8800001,4.6034937]],[[7.8499999,4.6905888],[7.8400002,4.7199998]],[[7.8400002,4.7199998],[7.8310465,4.7110466]],[[7.8310465,4.7110466],[7.8499999,4.6905888]],[[7.5749993,4.4829169],[7.5749993,4.48]],[[7.5749993,4.48],[7.5833963,4.48]],[[7.5833963,4.48],[7.5749993,4.4829169]],[[7.5749993,4.4829169],[7.5583326,4.4912502]],[[7.5583326,4.4912502],[7.5583326,4.4899998]],[[7.5583326,4.4899998],[7.5700002,4.4829169]],[[7.5700002,4.4829169],[7.5749993,4.4829169]],[[7.5599999,4.5515182],[7.5599999,4.5882895]],[[7.5599999,4.5882895],[7.5544589,4.5887356],[7.5395175,4.5552517],[7.5599999,4.5515182]],[[7.2916659,4.5995835],[7.2916659,4.6033317]],[[7.2916659,4.6033317],[7.29,4.5991745]],[[7.29,4.5991745],[7.2916659,4.5995835]],[[7.4916659,4.5912502],[7.5255201,4.5829331],[7.4961418,4.6196519],[7.4916659,4.5912502]],[[7.5166659,4.6412502],[7.5166659,4.6579169],[7.4916659,4.6579169],[7.4916659,4.6412502],[7.5166659,4.6412502]],[[7.5416659,4.6829169],[7.5128736,4.6968329],[7.5009921,4.6931301],[7.5088209,4.6679714],[7.5380689,4.677086],[7.5416659,4.6829169]],[[7.5416659,4.6829169],[7.5500002,4.6847103],[7.5558,4.6957999],[7.5416659,4.6829169]],[[7.4779615,4.7164536],[7.4468254,4.7034776],[7.4666659,4.6912502],[7.4779615,4.7164536]],[[7.452636,4.7362006],[7.437955,4.722073],[7.4583326,4.7162502],[7.452636,4.7362006]],[[7.4352857,4.7369452],[7.412841,4.7440497],[7.4055331,4.7201809],[7.4249993,4.7162502],[7.4352857,4.7369452]],[[7.2857932,4.7442067],[7.29,4.7399998],[7.29,4.71],[7.3099999,4.6799998],[7.3000002,4.6599998]],[[7.3000002,4.6599998],[7.3099999,4.6599998],[7.3099999,4.6399999],[7.2939585,4.6079169]],[[7.2939585,4.6079169],[7.2999993,4.6079169],[7.2916659,4.5995835]],[[7.2916659,4.5995835],[7.3036776,4.5613959],[7.319205,4.5636908],[7.3287456,4.54]],[[7.3287456,4.54],[7.3600001,4.5300002],[7.3829063,4.5185469]],[[7.3829063,4.5185469],[7.3880689,4.5261623],[7.4075236,4.5100002]],[[7.4075236,4.5100002],[7.4200001,4.5100002],[7.4699998,4.48],[7.4899998,4.4899998],[7.5551284,4.4899998]],[[7.5551284,4.4899998],[7.5583326,4.4912502]],[[7.5583326,4.4912502],[7.5441399,4.5264716],[7.520149,4.5449896],[7.5229973,4.5642523],[7.4958,4.5478501],[7.4916659,4.5912502]],[[7.4916659,4.5912502],[7.4713371,4.5964667],[7.4632642,4.6378485],[7.4499993,4.6412502],[7.4433912,4.6041368],[7.4246249,4.6267605],[7.4499993,4.6412502],[7.4362623,4.6540757],[7.4368645,4.6974758],[7.3814446,4.691828],[7.3635897,4.7133164],[7.3462232,4.7033636],[7.3187493,4.6958034],[7.3229159,4.7367295],[7.2910637,4.7505479],[7.2857932,4.7442067]],[[7.4083326,4.6412502],[7.3890129,4.6698065],[7.4053052,4.6763536],[7.4083326,4.6412502]],[[7.3560377,4.6579169],[7.3466138,4.6159247],[7.3830722,4.6240953],[7.3999993,4.5995835],[7.3307121,4.6033107],[7.3196282,4.6203273],[7.3319166,4.6682318],[7.3526848,4.6728868],[7.3560377,4.6579169]],[[7.5046867,4.5190497],[7.5180819,4.510875],[7.5083326,4.4912502],[7.4971998,4.4968817],[7.5046867,4.5190497]],[[7.3719231,4.7543443],[7.3581047,4.7613186],[7.341259,4.7369208],[7.3666659,4.7329169],[7.3719231,4.7543443]],[[7.2881503,4.7759385],[7.2709628,4.785639],[7.2639478,4.7613064],[7.2916659,4.7579169],[7.2881503,4.7759385]],[[7.2554041,4.7548654],[7.2534172,4.7819973],[7.2253248,4.8033636],[7.2038335,4.7780833]],[[7.2038335,4.7780833],[7.2554041,4.7548654]],[[7.1639336,4.8600001],[7.1199999,4.8600001],[7.0900002,4.8699999]],[[7.0900002,4.8699999],[7.0900002,4.8499999],[7.1100001,4.8299999],[7.1300001,4.8000002]],[[7.1300001,4.8000002],[7.1413807,4.8056903]],[[7.1413807,4.8056903],[7.121272,4.8172105],[7.1090813,4.8587714],[7.1669752,4.8528672],[7.1639336,4.8600001]],[[7.2657484,6.2642518],[7.2793321,6.2506681]],[[7.2793321,6.2506681],[7.2833326,6.2662502],[7.2657484,6.2642518]],[[7.4153541,6.3130311],[7.4102532,6.3329169],[7.3850253,6.3272609],[7.3883619,6.3123765],[7.4123934,6.30859],[7.4153541,6.3130311]],[[7.4308983,6.4117968],[7.4400001,6.4299998]],[[7.4400001,6.4299998],[7.4400001,6.4329163]],[[7.4400001,6.4329163],[7.4296216,6.4458767],[7.3999993,6.4579169],[7.3823886,6.4528835],[7.4008619,6.3881903],[7.4233391,6.4162421],[7.4308983,6.4117968]],[[7.4132243,6.6199999],[7.4122388,6.6035305],[7.4269687,6.5956529],[7.4344939,6.6199999]],[[7.3499993,6.6412502],[7.3539381,6.6284898],[7.3724765,6.6284043],[7.3874179,6.6116766],[7.4092795,6.62036]],[[7.3540765,6.6429617],[7.3499993,6.6412502]],[[7.3499993,6.6412502],[7.3508326,6.6445836]],[[7.3196999,6.6602001],[7.3277987,6.6440497],[7.3499993,6.6412502]],[[4.8249993,7.9245835],[4.803689,7.9134222]],[[4.803689,7.9134222],[4.8263484,7.9190872]],[[4.8263484,7.9190872],[4.8249993,7.9245835]],[[4.7458288,7.9329144],[4.7399998,7.9299998]],[[4.7399998,7.9299998],[4.7427094,7.9172904]],[[4.7427094,7.9172904],[4.7458288,7.9329144]],[[4.8249993,7.9245835],[4.8465976,7.9279852],[4.8617343,7.9389756],[4.8322909,7.9529852],[4.8249993,7.9245835]],[[4.8083326,7.9662502],[4.7731926,7.9480821],[4.7804355,7.9298895],[4.8041497,7.9473863],[4.8083326,7.9662502]],[[4.9951653,7.9696722],[4.9713697,7.9492214],[4.9999993,7.9412502],[4.9951653,7.9696722]],[[4.9139316,8.0106512],[4.9348137,8.0212184],[4.9142571,8.0357163],[4.8861972,8.0220119],[4.8805331,8.003091],[4.9083326,7.9995835],[4.9139316,8.0106512]],[[5.0599999,8.04],[5.0542377,8.04],[5.0378085,8.0350856],[5.0599999,8.0143155]],[[5.0599999,8.0143155],[5.0599999,8.04]],[[4.77,8.0335476],[4.7853671,8.0537787],[4.7629177,8.0600004]],[[4.7629177,8.0600004],[4.7600002,8.0600004]],[[4.7600002,8.0600004],[4.77,8.0500002],[4.77,8.0335476]],[[6.2376524,6.7338261],[6.23,6.7171055]],[[6.23,6.7171055],[6.2333326,6.7162502],[6.2376524,6.7338261]],[[6.353281,6.6932808],[6.379345,6.7202704],[6.3789869,6.7292385],[6.3543124,6.7282619],[6.3459791,6.7372544],[6.313248,6.7375474],[6.2959953,6.690298],[6.3437685,6.6837685],[6.353281,6.6932808]],[[7.7943026,6.9195339],[7.7796216,6.9054063],[7.7999992,6.8995835],[7.7943026,6.9195339]],[[7.8118157,7.0211045],[7.8277336,7.032514],[7.8057447,7.0530625],[7.7965162,7.0247178],[7.8118157,7.0211045]],[[7.7953769,7.1375433],[7.8200513,7.1573024],[7.782828,7.1699571],[7.7712883,7.1492295],[7.7953769,7.1375433]],[[8.1894625,4.7199998],[8.1864413,4.7365668],[8.1700001,4.7202982],[8.1894625,4.7199998]],[[8.3051319,4.7961679],[8.3047638,4.8122353],[8.2967215,4.8237281],[8.279274,4.8252468],[8.2954884,4.7972679],[8.3051319,4.7961679]],[[8.2166659,4.8329169],[8.2166659,4.8412502]],[[8.2166659,4.8412502],[8.2083326,4.8329169],[8.2166659,4.8329169]],[[8.2166659,4.8329169],[8.2117831,4.816299],[8.1859856,4.7948716],[8.2060539,4.7598334],[8.202001,4.7199998]],[[8.202001,4.7199998],[8.2239431,4.7180284]],[[8.2239431,4.7180284],[8.2301588,4.7215887],[8.2624241,4.7199998],[8.2677884,4.7199998],[8.3034009,4.7495835],[8.2787102,4.7700913],[8.2727758,4.7909691],[8.2501612,4.8198042],[8.2636223,4.8272817],[8.266552,4.8560573],[8.2537163,4.8838634]],[[8.2537163,4.8838634],[8.234934,4.8574671]],[[8.234934,4.8574671],[8.23364,4.8568201]],[[8.23364,4.8568201],[8.2166659,4.8483328]],[[8.2166659,4.8483328],[8.2166659,4.8412502]],[[9.6283196,7.5129217],[9.6404289,7.5209662],[9.5904778,7.527912],[9.5800123,7.4868231],[9.6249992,7.4829169],[9.6283196,7.5129217]],[[6.2009406,5.2399998],[6.1999998,5.2403179]],[[6.1999998,5.2403179],[6.1999998,5.2399998]],[[6.1999998,5.2399998],[6.2009406,5.2399998]],[[6.1764153,5.335875],[6.1630201,5.3440497],[6.1555331,5.3218817],[6.1666659,5.3162502],[6.1764153,5.335875]],[[6.2355136,5.352855],[6.2127271,5.3418524],[6.2416659,5.3329169],[6.2355136,5.352855]],[[6.2930168,5.3694322],[6.279703,5.354446],[6.3083326,5.3495835],[6.2930168,5.3694322]],[[6.1045833,5.3662502],[6.1249993,5.3662502],[6.1249993,5.3829169],[6.0999993,5.3800027],[6.1045833,5.3662502]],[[6.2749993,5.3912502],[6.2749993,5.4162502],[6.2499993,5.4162502],[6.2499993,5.3912502],[6.2749993,5.3912502]],[[6.1586744,5.4273749],[6.1209953,5.4187404],[6.1416659,5.3995835],[6.1586744,5.4273749]],[[6.1794101,5.4355536],[6.1635572,5.4124375],[6.1833326,5.4079169],[6.1794101,5.4355536]],[[6.2588046,5.4694891],[6.2380364,5.4461127],[6.2666659,5.4412502],[6.2588046,5.4694891]],[[6.1916659,5.4912502],[6.1880364,5.445954],[6.2024244,5.4273179],[6.2323886,5.4391018],[6.2133456,5.4875677],[6.1916659,5.4912502]],[[6.1916659,5.4912502],[6.1885898,5.5156317],[6.1721998,5.5010972],[6.1916659,5.4912502]],[[6.2396574,5.5300002],[6.23,5.5300002],[6.2135457,5.5532272]],[[6.2135457,5.5532272],[6.2083326,5.5329169],[6.2341789,5.5220648],[6.2396574,5.5300002]],[[3.3800001,6.5799999],[3.3599999,6.5799999],[3.3499999,6.5999999]],[[3.3499999,6.5999999],[3.3299999,6.5999999]],[[3.3299999,6.5999999],[3.3199999,6.5900002],[3.3,6.5500002],[3.3,6.5300002]],[[3.3,6.5300002],[3.3,6.52],[3.3199999,6.52],[3.3399999,6.5300002]],[[3.3399999,6.5300002],[3.3900001,6.5300002],[3.3900001,6.54]],[[3.3900001,6.54],[3.3800001,6.5500002],[3.3800001,6.5799999]],[[4.6583326,6.7162502],[4.6583326,6.7329169],[4.6333326,6.7329169],[4.6333326,6.7162502],[4.6583326,6.7162502]],[[4.9180006,6.7586981],[4.8755201,6.7731716],[4.8592115,6.7680935],[4.8719882,6.7292181],[4.8916659,6.7245835],[4.8952955,6.7494777],[4.9236158,6.7406561],[4.9180006,6.7586981]],[[7.240678,7.3197741],[7.2388176,7.3264105],[7.2324073,7.3200002]],[[7.2324073,7.3200002],[7.2399998,7.3200002]],[[7.2399998,7.3200002],[7.240678,7.3197741]],[[7.1152691,7.3498208],[7.1088046,7.3778225],[7.0962777,7.3637223],[7.1152691,7.3498208]],[[7.252636,7.4862005],[7.237955,7.4720729],[7.2583326,7.4662502],[7.252636,7.4862005]],[[7.1888664,7.5051174],[7.1703443,7.527383],[7.1638664,7.486229],[7.1999993,7.4829169],[7.1888664,7.5051174]],[[5.1222269,7.5925911],[5.1116835,7.6108418]],[[5.1116835,7.6108418],[5.1100001,7.6100001]],[[5.1100001,7.6100001],[5.0999999,7.5999999],[5.1222269,7.5925911]],[[5.2240573,7.5579712],[5.2423821,7.5865871],[5.3197095,7.5861721],[5.3452141,7.6106756],[5.2803866,7.6233343],[5.270914,7.6621649],[5.2582926,7.6682925]],[[5.2582926,7.6682925],[5.25,7.6599998],[5.23,7.6599998],[5.1999998,7.6399999],[5.1874301,7.6368575]],[[5.1874301,7.6368575],[5.1705722,7.6206651],[5.1959242,7.5700002]],[[7.5473788,5.8759304],[7.5315097,5.8606105],[7.5499993,5.8579169],[7.5473788,5.8759304]],[[7.6999998,5.9099998],[7.7068712,5.9065642]],[[7.7068712,5.9065642],[7.7105819,5.9099998]],[[7.7105819,5.9099998],[7.6999998,5.9099998]],[[7.5609693,5.9112006],[7.5462883,5.8970729],[7.5666659,5.8912502],[7.5609693,5.9112006]],[[7.6999998,5.9099998],[7.6799998,5.9275848]],[[7.6799998,5.9275848],[7.662662,5.9067124],[7.6849237,5.902462]],[[7.6849237,5.902462],[7.6999998,5.9099998]],[[7.5416659,5.9829169],[7.5472323,5.9384182],[7.5804192,5.92921],[7.5953769,5.9604274],[7.5620435,5.9699571],[7.5416659,5.9829169]],[[7.5416659,5.9829169],[7.5401408,5.9899998],[7.54,5.9906541],[7.5379876,6],[7.5346517,6],[7.5253049,5.9953047],[7.5230984,5.9930982],[7.5416659,5.9829169]],[[7.6999998,6.0173015],[7.7113781,6.0313783]],[[7.7113781,6.0313783],[7.6999998,6.02]],[[7.6999998,6.02],[7.6999998,6.0173015]],[[7.8265943,6.0549831],[7.8037916,6.0543158],[7.7796216,6.0240098],[7.8416659,6.0162502],[7.8449048,6.0403103],[7.8265943,6.0549831]],[[7.7416659,6.0533324],[7.7416659,6.0329169],[7.7583326,6.0329169],[7.7583326,6.0579169],[7.7439582,6.0579169],[7.7416659,6.0533324]],[[5.0909661,7.3149359],[5.0720045,7.327383],[5.0638664,7.3094305],[5.0833326,7.2995835],[5.0909661,7.3149359]],[[5.1742558,7.3485119],[5.1715813,7.3746364],[5.1615552,7.3915228],[5.1386874,7.341535],[5.1590813,7.3485337],[5.1714395,7.342879],[5.1742558,7.3485119]],[[5.1234981,7.3023323],[5.1514988,7.3214989]],[[5.1514988,7.3214989],[5.1162265,7.3209418],[5.129524,7.3454169],[5.1043938,7.3956529],[5.0857577,7.4042059],[5.0604485,7.4325303],[5.0262037,7.4139146],[5.0156856,7.4256854],[5.00335,7.4200001],[4.9948398,7.4104803],[4.9968939,7.391553]],[[4.9968939,7.391553],[5.0185314,7.3899999]],[[5.0185314,7.3899999],[5.0416659,7.3912502],[5.0390455,7.3623195],[5.0614413,7.3873928],[5.0837883,7.3876084],[5.101106,7.3131415],[5.1234981,7.3023323]],[[4.6890026,7.1790024],[4.6999998,7.1799998],[4.7053808,7.1953808]],[[4.7053808,7.1953808],[4.6890026,7.1790024]],[[4.6566236,7.2629014],[4.6292799,7.276732],[4.6221998,7.253091],[4.6499993,7.2495835],[4.6566236,7.2629014]],[[4.6469348,7.3761304],[4.6399999,7.3899999]],[[4.5800241,7.3500482],[4.5890333,7.3229007],[4.5881807,7.3145418],[4.5807773,7.2419623],[4.5916659,7.2329169],[4.6093743,7.2610296],[4.6236484,7.3120835],[4.6102043,7.360167],[4.6469348,7.3761304]],[[6.7831188,4.8037625],[6.7770617,4.8041231]],[[6.7770617,4.8041231],[6.77,4.79],[6.77,4.77],[6.7566942,4.77]],[[6.7566942,4.77],[6.7527662,4.7590521],[6.7724765,4.7160752],[6.8177564,4.691474],[6.8275576,4.7024422]],[[6.8275576,4.7024422],[6.8200002,4.71],[6.8200002,4.7399998],[6.8299999,4.75]],[[6.8299999,4.75],[6.8299999,4.7600002],[6.7831188,4.8037625]],[[5.1234981,7.3023323],[5.1372714,7.2929877],[5.1205722,7.2622707],[5.1216627,7.244009],[5.1543938,7.2289862],[5.1631666,7.2191677],[5.1614901,7.1909084],[5.2138502,7.1787258],[5.2351067,7.1549424],[5.2456047,7.18251],[5.2204257,7.2288316],[5.2372714,7.2540106],[5.2535312,7.2530422],[5.2835605,7.269363],[5.2370435,7.2837266],[5.235953,7.3118475],[5.2140618,7.2873358],[5.1686516,7.3225205],[5.1514988,7.3214989]],[[8.0100002,4.7417906],[8.0100002,4.7260683]],[[8.0100002,4.7260683],[8.0100002,4.71],[8.0273433,4.7026568]],[[8.0273433,4.7026568],[8.0364901,4.7069729],[8.0456698,4.7459051],[8.0100002,4.7492344]],[[8.0499992,4.8412502],[8.0300448,4.8355454],[8.0441724,4.8208767],[8.0499992,4.8412502]],[[8.1381503,4.8509385],[8.1209628,4.860639],[8.1139478,4.8363064],[8.1416659,4.8329169],[8.1381503,4.8509385]],[[8.2333326,4.8579169],[8.2166659,4.8662502]],[[8.2166659,4.8662502],[8.2166659,4.8483328]],[[8.23364,4.8568201],[8.2333326,4.8579169]],[[8.0499992,4.8412502],[8.06372,4.8442002],[8.0696119,4.878681],[8.0619486,4.8819484]],[[8.0619486,4.8819484],[8.0500002,4.8699999]],[[8.0483868,4.8683865],[8.0440748,4.8536607],[8.0499992,4.8412502]],[[8.0930168,4.8860988],[8.079703,4.8711127],[8.1083326,4.8662502],[8.0930168,4.8860988]],[[8.2333326,4.8579169],[8.234934,4.8574671]],[[8.2537163,4.8838634],[8.2599423,4.9050587]],[[8.2599423,4.9050587],[8.2452995,4.9215342]],[[8.2452995,4.9215342],[8.2433912,4.8958034],[8.229052,4.9130804],[8.2212232,4.8950303],[8.188134,4.8746242],[8.2166659,4.8662502]],[[7.7817817,4.8899999],[7.79,4.8899999],[7.79,4.9188677]],[[7.79,4.9188677],[7.7817817,4.8899999]],[[7.7907999,4.9608],[7.8000002,4.9699998],[7.8000002,4.9899998],[7.8099999,4.9899998]],[[7.8179629,5.0079629],[7.79,5.0298891]],[[7.79,5.0298891],[7.79,5.0143777]],[[7.79,5.0143777],[7.79,5.009909]],[[7.79,5.009909],[7.79,4.9899998],[7.7800002,4.98],[7.7800002,4.962659]],[[7.7800002,4.962659],[7.7907999,4.9608]],[[7.9438301,5.0638302],[7.9200001,5.0599999],[7.9000001,5.0700002]],[[7.9000001,5.0700002],[7.8800001,5.0500002],[7.8600001,5.04],[7.8413357,5.04]],[[7.8413357,5.04],[7.827522,5.0204169],[7.8395498,5.0100002]],[[7.8986628,4.9099998],[7.8788567,4.9276963],[7.8794263,4.9372707],[7.8679517,4.9583726],[7.8793775,4.9711493],[7.9199537,4.9711086],[7.9452141,4.9349392],[7.9459642,4.9099998]],[[7.9699998,4.9099998],[7.96,4.9299998],[7.96,4.9441045],[7.96,4.9538273],[7.96,4.98],[7.9899998,4.98],[7.9899998,5.0100002],[7.96,5.04],[7.9590308,5.0519387]],[[7.9590308,5.0519387],[7.9438301,5.0638302]],[[5.8249993,5.2162502],[5.8200002,5.2162502]],[[5.8200002,5.2162502],[5.8200002,5.2086899]],[[5.8200002,5.2086899],[5.8249993,5.2162502]],[[5.8249993,5.2162502],[5.8333326,5.2245835]],[[5.8333326,5.2245835],[5.8291674,5.2245835],[5.8249993,5.2224994],[5.8249993,5.2162502]],[[5.8333326,5.2245835],[5.8478932,5.2378931]],[[5.8478932,5.2378931],[5.8333326,5.2266662]],[[5.8333326,5.2266662],[5.8333326,5.2245835]],[[5.7836994,5.2968499],[5.8166659,5.2912502],[5.8202701,5.3051352]],[[5.8202701,5.3051352],[5.7836994,5.2968499]],[[5.7996795,5.3498395],[5.8001058,5.3500527],[5.8080396,5.3849921],[5.7796217,5.3658962],[5.7996795,5.3498395]],[[5.9993319,5.3941026],[5.979703,5.3838161],[5.9916659,5.3745835],[5.9993319,5.3941026]],[[5.8359693,5.3945339],[5.8212883,5.3804063],[5.8416659,5.3745835],[5.8359693,5.3945339]],[[5.8933832,5.4466914],[5.8693354,5.4293354]],[[5.8693354,5.4293354],[5.885123,5.4205756],[5.8933832,5.4466914]],[[5.9583326,5.4829169],[5.9429843,5.4905503],[5.9305331,5.4715887],[5.9484856,5.4634507],[5.9583326,5.4829169]],[[5.8795233,5.5002384],[5.8800123,5.5126125],[5.8600001,5.5122835]],[[5.8600001,5.5122835],[5.8795233,5.5002384]],[[5.9583326,5.4829169],[5.9796217,5.47921],[6,5.4704143]],[[6,5.4704143],[6,5.48],[5.98,5.5],[5.98,5.52],[5.9606088,5.5153046]],[[5.9606088,5.5153046],[5.9634433,5.5037502],[5.9583326,5.4829169]],[[5.8499993,5.5412502],[5.8497782,5.5402216]],[[5.8497782,5.5402216],[5.8600001,5.5184068]],[[5.8600001,5.5184068],[5.8787265,5.5357652],[5.8499993,5.5412502]],[[5.9132847,5.5167152],[5.9099998,5.5300002],[5.9325956,5.5425958]],[[5.9325956,5.5425958],[5.920331,5.5648345],[5.9171803,5.5664098],[5.9046217,5.5366237],[5.887955,5.5082709],[5.9132847,5.5167152]],[[5.8499993,5.5412502],[5.8540845,5.5621649],[5.8720149,5.5679852]],[[5.8720149,5.5679852],[5.8400002,5.5700002]],[[5.8400002,5.5700002],[5.8400002,5.5500002],[5.8491922,5.5408077]],[[5.8491922,5.5408077],[5.8499993,5.5412502]],[[6.2145338,4.9120713],[6.2076815,4.9261135],[6.1888664,4.9094305],[6.2083326,4.8995835],[6.2145338,4.9120713]],[[6.2057121,4.9509304],[6.189843,4.9356105],[6.2083326,4.9329169],[6.2057121,4.9509304]],[[6.1128689,4.9613933],[6.1333326,4.9579169],[6.1277825,4.9818752],[6.1320874,5.0131311]],[[6.1320874,5.0131311],[6.1199999,5]],[[6.1199999,5],[6.1100001,4.9899998],[6.1128689,4.9613933]],[[6.312115,4.9060573],[6.3289706,4.9206773],[6.3436516,4.9198024],[6.3715325,4.9447129],[6.3864235,4.9771526]],[[6.3864235,4.9771526],[6.3800001,4.9899998],[6.4000001,5.02],[6.4150296,5.0550889]],[[6.4150296,5.0550889],[6.3956047,5.0456529],[6.3877271,5.0201809],[6.3712883,5.0054877],[6.3601067,4.9811387],[6.3372714,4.9706529],[6.3240552,4.9558579],[6.3035312,4.9447089],[6.2210605,4.9466457],[6.2289381,4.9285142],[6.2592603,4.8965643],[6.2758312,4.8889576]],[[6.2758312,4.8889576],[6.312115,4.9060573]],[[6.3122714,5.0206529],[6.3289381,5.0373195],[6.3642408,5.0535223],[6.329703,5.0641831],[6.3127271,5.0451809],[6.266259,5.0365057],[6.2795728,5.0120022],[6.2547356,4.9898098],[6.2916659,4.9829169],[6.3122714,5.0206529]],[[6.5028207,5.1635896],[6.5096509,5.177322],[6.4972974,5.1857163],[6.4893423,5.1700001],[6.5028207,5.1635896]],[[5.0443026,6.3945339],[5.0296217,6.3804063],[5.0499993,6.3745835],[5.0443026,6.3945339]],[[4.92927,6.4330899],[4.9036451,6.4361599],[4.8915357,6.4530625],[4.8715162,6.4235663],[4.9086768,6.4186765]],[[4.9086768,6.4186765],[4.92927,6.4330899]],[[4.8858157,6.5016315],[4.8674758,6.4774755]],[[4.8674758,6.4774755],[4.8999993,6.4745835],[4.8858157,6.5016315]],[[5.0223788,6.6342637],[5.0065097,6.6189439],[5.0249993,6.6162502],[5.0223788,6.6342637]],[[6.1320874,5.0131311],[6.1111655,5.0029449]],[[6.1111655,5.0029449],[6.1199999,5]],[[6.2057121,5.167597],[6.189843,5.1522772],[6.2083326,5.1495835],[6.2057121,5.167597]],[[6.1900001,5.2201523],[6.1900001,5.2080876]],[[6.1900001,5.2080876],[6.1999993,5.2162502],[6.1900001,5.2201523]],[[6.1999998,5.2399998],[6.1900001,5.2206814]],[[6.1900001,5.2206814],[6.1999993,5.2245835],[6.2009406,5.2399998]],[[5.5097759,7.3200002],[5.5143385,7.3318548],[5.4994947,7.3532904],[5.487955,7.3325629],[5.5036482,7.3200002],[5.5097759,7.3200002]],[[5.3099999,7.4518762],[5.3333326,7.4495835],[5.3312167,7.4641302],[5.3099999,7.4643193],[5.3099999,7.4518762]],[[5.4393222,7.486697],[5.3962232,7.4694281],[5.4209465,7.4441555],[5.4378573,7.4458767],[5.447509,7.423611],[5.4749993,7.4079169],[5.4787753,7.4291367],[5.495442,7.4429795],[5.4648105,7.4544094],[5.4538079,7.4532904],[5.4393222,7.486697]],[[7.1779851,5.1820147],[7.1862948,5.2026963],[7.1575606,5.1875607],[7.1779851,5.1820147]],[[6.9499993,5.3245835],[6.9355297,5.3134109],[6.9397556,5.3007334],[6.9499993,5.3245835]],[[6.9400001,5.3544184],[6.9583326,5.3495835],[6.9665032,5.369481],[6.9400001,5.3558334],[6.9400001,5.3544184]],[[7.0139204,5.4039203],[6.9915156,5.3857578]],[[6.9915156,5.3857578],[6.9999993,5.3745835],[7.0139204,5.4039203]],[[7.1243257,5.4286516],[7.1035123,5.4135123]],[[7.1035123,5.4135123],[7.11219,5.403441],[7.1438144,5.3957261],[7.1499993,5.4162502],[7.1243257,5.4286516]],[[3.9776613,7.4870162],[3.9459628,7.470246],[3.9344719,7.4707017],[3.946093,7.5038641],[3.9289869,7.5119289],[3.9296379,7.5283067],[3.9160149,7.5540554],[3.8946933,7.553209],[3.8956373,7.469599],[3.8624016,7.4709173],[3.8603193,7.46]],[[3.8603193,7.46],[3.9100001,7.46],[3.9400001,7.4400001]],[[3.9249993,7.5829169],[3.9249993,7.6079169],[3.9083326,7.6079169],[3.9083326,7.5829169],[3.9249993,7.5829169]],[[6.408194,5.6870485],[6.4051588,5.6784776],[6.4249993,5.6662502],[6.4481763,5.6837307],[6.4462222,5.6900001]],[[6.4462222,5.6900001],[6.408194,5.6870485]],[[6.8052926,4.3547072],[6.8477824,4.3590093],[6.8455396,4.3685451],[6.8044152,4.3555847],[6.8052926,4.3547072]],[[6.9784986,4.5696722],[6.954703,4.5492214],[6.9833326,4.5412502],[6.9784986,4.5696722]],[[6.8912102,4.5947007],[6.8793938,4.5726101],[6.8999993,4.5662502],[6.8912102,4.5947007]],[[6.8275576,4.7024422],[6.8872714,4.6785142],[6.8953118,4.6897691],[6.8651685,4.7166937],[6.8905909,4.7394088],[6.8899999,4.7452945],[6.8797476,4.75]],[[6.8797476,4.75],[6.8299999,4.75]],[[4.77,7.5794882],[4.77,7.5900002],[4.75,7.6399999],[4.7399998,7.6500001],[4.7199998,7.6500001]],[[4.7199998,7.6500001],[4.7136265,7.6500001]],[[4.7136265,7.6500001],[4.6945956,7.603502],[4.7130364,7.595954],[4.7319502,7.5506502],[4.7336076,7.5512027],[4.7369622,7.570954],[4.77,7.5794882]],[[6.2305982,6.1523179],[6.2471998,6.1607163],[6.2475904,6.177383],[6.2195468,6.1636826],[6.2305982,6.1523179]],[[6.1916659,6.1912502],[6.1978183,6.171312],[6.2206047,6.1823146],[6.1916659,6.1912502]],[[6.1778516,6.2378515],[6.1924146,6.2215847],[6.231705,6.1958767],[6.2281243,6.2245835],[6.2322521,6.257748]],[[6.361038,6.282076],[6.3699999,6.3000002],[6.3699999,6.3189402]],[[6.3699999,6.3189402],[6.3358391,6.2878159],[6.2800002,6.2778683],[6.2796527,6.269305],[6.2979485,6.2541123],[6.3333326,6.2495835],[6.3371086,6.2708034],[6.361038,6.282076]],[[4.3099999,7.9258233],[4.3299999,7.9000001],[4.3299999,7.8811575]],[[4.3299999,7.8811575],[4.3430168,7.8880194],[4.3275058,7.9198838],[4.3099999,7.9258233]],[[7.9353758,5.8553759],[7.9452955,5.8448798],[7.9749992,5.8412502],[7.9713697,5.8542873],[7.9558749,5.8662502],[7.978287,5.8835476],[8.0291496,5.8613226],[8.0452955,5.8677679],[8.0323397,5.9032131],[8.0039706,5.886107],[7.9870761,5.8947373],[7.9744784,5.9110622],[7.9597205,5.9088816]],[[7.9597205,5.9088816],[7.9499998,5.8699999],[7.9353758,5.8553759]],[[7.9699998,5.9575364],[7.9868482,5.9652696],[7.96,5.9846668]],[[7.96,5.9846668],[7.96,5.98]],[[7.96,5.98],[7.9699998,5.9575364]],[[8.0161637,6.02],[7.9842598,6.02]],[[7.9842598,6.02],[7.9726605,6.0163303],[7.971482,6.0157411],[8.0037102,5.9866237],[8.0249992,5.9745835],[8.0330233,5.9954738],[8.0161637,6.02]],[[5.8202701,5.3051352],[5.7933586,5.32591],[5.7836994,5.2968499]],[[5.35578,5.3607585],[5.3305331,5.3638495],[5.3442538,5.3357611],[5.3583326,5.3329169],[5.35578,5.3607585]],[[7.1535066,6.2635067],[7.1500001,6.2654206]],[[7.1500001,6.2600002],[7.1535066,6.2635067]],[[7.1859693,6.3612006],[7.1712883,6.3470729],[7.1916659,6.3412502],[7.1859693,6.3612006]],[[8.8745272,7.8237331],[8.8545077,7.8357163],[8.8471998,7.8118475],[8.8666659,7.8079169],[8.8745272,7.8237331]],[[3.9833326,6.7412502],[3.9888013,6.7126288],[4.0123365,6.724197],[3.9833326,6.7412502]],[[3.9833326,6.7412502],[3.9793287,6.7598456],[3.96372,6.7520046],[3.9833326,6.7412502]],[[7.0083326,4.6912502],[6.9974155,4.6837077],[7.007197,4.6885984],[7.0083326,4.6912502]],[[7.0083326,4.6912502],[7.0099332,4.6899666]],[[7.0099332,4.6899666],[7.0300002,4.6999998],[7.0300002,4.73],[7.02,4.75],[7.02,4.77],[7.0300002,4.79]],[[7.0300002,4.79],[7,4.79],[7,4.7800002],[6.9699998,4.7800002],[6.9499998,4.79],[6.9292654,4.7892655]],[[6.9292654,4.7892655],[6.9273756,4.774962],[6.9621737,4.7232896],[6.9833326,4.7185492],[7.0185539,4.7264431],[7.0218905,4.7115261],[7.0083326,4.6912502]],[[7.2038335,4.7780833],[7.1850578,4.7708034],[7.1650871,4.7948472],[7.1413807,4.8056903]],[[7.1300001,4.8000002],[7.0999999,4.79],[7.04,4.79]],[[7.04,4.79],[7.04,4.7800002],[7.0700002,4.7199998],[7.0900002,4.6999998],[7.0900002,4.6799998],[7.1100001,4.6700001],[7.1199999,4.6799998],[7.1399999,4.6799998],[7.1500001,4.6900001],[7.1700001,4.6799998],[7.1999998,4.6500001],[7.21,4.6500001]],[[7.21,4.6500001],[7.23,4.6599998],[7.3000002,4.6599998]],[[7.2857932,4.7442067],[7.2708326,4.7462673],[7.2628899,4.736697],[7.2406731,4.7291368],[7.2554041,4.7548654]],[[6.21,6.5035463],[6.2333326,6.4995835],[6.2180168,6.5194322],[6.21,6.5104084],[6.21,6.5035463]],[[6.1842417,6.5847473],[6.190022,6.5963853],[6.172623,6.602383],[6.1638664,6.5868475],[6.1804791,6.583493],[6.1842417,6.5847473]],[[6.2611158,6.6052923],[6.2376457,6.6190497],[6.2305331,6.5927639],[6.2499993,6.5829169],[6.2611158,6.6052923]],[[6.2333326,6.7579169],[6.2064608,6.7433132],[6.1965976,6.7256781],[6.23,6.7171055]],[[6.2376524,6.7338261],[6.2333326,6.7579169]],[[6.3102857,6.7869452],[6.2878411,6.7940497],[6.2805331,6.7701809],[6.2999993,6.7662502],[6.3102857,6.7869452]],[[6.2333326,6.7579169],[6.2479647,6.7741156],[6.2441073,6.8050889],[6.2277011,6.8030503],[6.2333326,6.7579169]],[[4.3355136,7.2611883],[4.3127271,7.2501857],[4.3416659,7.2412502],[4.3355136,7.2611883]],[[4.3593279,7.4893281],[4.3452141,7.4946519],[4.3299309,7.4673448],[4.3564906,7.4605283]],[[4.4614226,7.5500002],[4.4479757,7.54]],[[4.4028476,7.5616522],[4.381054,7.5381252],[4.4083326,7.5329169],[4.4028476,7.5616522]],[[5.79,5.4620177],[5.77,5.4699998],[5.7600002,5.48],[5.7600002,5.5],[5.77,5.5100002],[5.79,5.4899998],[5.8000002,5.5],[5.77,5.5599999],[5.7399998,5.5700002],[5.7199998,5.5900002],[5.6873871,5.6026128]],[[5.6873871,5.6026128],[5.6666659,5.5995835],[5.6536451,5.5783148],[5.6719556,5.561347],[5.6706536,5.5286037],[5.6881666,5.5123887],[5.6788892,5.5038031],[5.6968905,5.4705756],[5.7296542,5.5035915],[5.7288079,5.4821519],[5.7728996,5.4613389],[5.79,5.4620177]],[[6.8849675,4.7950326],[6.8999993,4.7745835],[6.9058525,4.7841476]],[[6.9058525,4.7841476],[6.8849675,4.7950326]],[[6.7770617,4.8041231],[6.7691073,4.8045966],[6.7566942,4.77]],[[6.8797476,4.75],[6.8474276,4.7648342],[6.8705559,4.7855007],[6.8289381,4.7951809],[6.8201978,4.8049546],[6.7831188,4.8037625]],[[6.6951792,4.8196414],[6.7048658,4.837938],[6.6829326,4.8370674]],[[6.7964999,4.9420762],[6.7723137,4.9610175],[6.7635572,4.9396958],[6.7802239,4.9298163],[6.7864413,4.9110175],[6.7999993,4.9079169],[6.7964999,4.9420762]],[[6.7558749,4.9928371],[6.7314934,4.9687364],[6.7583326,4.9662502],[6.7558749,4.9928371]],[[6.6759931,5.0270037],[6.6700001,5.0300002]],[[6.6700001,5.0300002],[6.6700001,5.025902]],[[6.6700001,5.025902],[6.6759931,5.0270037]],[[6.7500806,4.3532131],[6.7102043,4.368126],[6.7136711,4.3527126],[6.7425646,4.3452971],[6.7500806,4.3532131]],[[6.6885409,4.6918036],[6.6639478,4.6875922],[6.6733554,4.6698269],[6.6916659,4.6662502],[6.6885409,4.6918036]],[[6.71,4.7782942],[6.7290032,4.7804266],[6.71,4.7980341]],[[6.7144544,6.0833634],[6.7251571,6.0999999],[6.7045077,6.1107163],[6.6971998,6.0868475],[6.7144544,6.0833634]],[[6.6454582,6.1855332],[6.6210442,6.1944281],[6.6051588,6.169953],[6.6499993,6.1662502],[6.6454582,6.1855332]],[[6.7199998,6.2489659],[6.6749993,6.2443793],[6.6384595,6.2489243],[6.6351718,6.2225165],[6.6737948,6.2031561],[6.6870435,6.1866237],[6.7323723,6.1503241],[6.7283196,6.1177191],[6.7362344,6.1187037]],[[6.73,6.1900001],[6.7199998,6.23],[6.7199998,6.2489659]],[[6.6557121,6.4342637],[6.639843,6.4189439],[6.6583326,6.4162502],[6.6557121,6.4342637]],[[7.7769198,5.7829169],[7.751692,5.7772609],[7.7550285,5.7623765],[7.7833326,5.7579169],[7.7769198,5.7829169]],[[7.8499992,5.7912502],[7.8461878,5.8290608]],[[7.8461878,5.8290608],[7.8205071,5.815827],[7.8210767,5.7874782],[7.8063144,5.7443548],[7.8642896,5.7455389],[7.8613236,5.7600002],[7.8600001,5.7664531],[7.859085,5.7709152]],[[7.859085,5.7709152],[7.8554166,5.7745835]],[[7.8554166,5.7745835],[7.8499992,5.7912502]],[[7.8212883,5.7637396],[7.8359693,5.7778672],[7.8416659,5.7579169],[7.8212883,5.7637396]],[[7.8111321,5.8551174],[7.8221998,5.8607163],[7.8225904,5.8857163],[7.7945305,5.8720119],[7.7888664,5.8535142],[7.8111321,5.8551174]],[[7.6849237,5.902462],[7.7068712,5.9065642]],[[8.1690486,6.3209517],[8.1541659,6.3176133],[8.1443189,6.3439113],[8.0983879,6.3611029],[8.0549309,6.3467759],[8.0715976,6.3211818],[8.0784009,6.2863186],[8.0965976,6.2795152],[8.1034009,6.2529852],[8.1166659,6.2495835],[8.1219882,6.2622463],[8.1114739,6.2783799],[8.1146802,6.2926581],[8.1688306,6.3065537],[8.1741969,6.3158033],[8.1690486,6.3209517]],[[8.0120578,6.3780854],[8.0416659,6.3745835],[8.037662,6.3872422],[8.0206488,6.3912947]],[[8.9223788,6.492597],[8.9065097,6.4772772],[8.9249992,6.4745835],[8.9223788,6.492597]],[[8.8693026,6.6195339],[8.8546216,6.6054063],[8.8749992,6.5995835],[8.8693026,6.6195339]],[[8.7916659,6.6412502],[8.7777987,6.6384507],[8.7721998,6.6177639],[8.7916659,6.6079169],[8.7916659,6.6412502]],[[8.7916659,6.6412502],[8.8111972,6.6462632],[8.8249992,6.6662502],[8.8057353,6.6738235],[8.7961119,6.6674078],[8.7916659,6.6412502]],[[8.9119621,6.6876206],[8.9285311,6.7004055],[8.9079745,6.7115464],[8.8963697,6.6921494],[8.9119621,6.6876206]],[[8.9960767,6.7855536],[8.9802239,6.7624375],[8.9999992,6.7579169],[8.9960767,6.7855536]],[[7.295573,5.0599999],[7.3299999,5.0599999],[7.3400002,5.0700002],[7.3600001,5.0700002],[7.3699999,5.0900002],[7.3699999,5.1199999],[7.3400002,5.1500001]],[[7.3400002,5.1500001],[7.3299999,5.1500001],[7.3079674,5.1339836]],[[7.3079674,5.1339836],[7.3000002,5.1204175],[7.2938822,5.1100001],[7.3048983,5.0870835],[7.295573,5.0599999]],[[7.2525002,4.8412502],[7.2666659,4.8483329],[7.2666659,4.8579169],[7.2166659,4.8579169],[7.2166659,4.841667],[7.2174996,4.8412502],[7.2525002,4.8412502]],[[7.2770338,4.9618068],[7.2460604,4.951321],[7.2666659,4.9329169],[7.2770338,4.9618068]],[[7.3599949,5.1799946],[7.3454257,5.1781805],[7.3315097,5.2111883],[7.2846835,5.1739691],[7.3079674,5.1339836]],[[7.3400002,5.1500001],[7.3400002,5.1599998],[7.3599949,5.1799946]],[[7.3090181,5.2990183],[7.2999993,5.2899981]],[[7.2999993,5.2899981],[7.2999993,5.2745835],[7.3166659,5.2745835],[7.3090181,5.2990183]],[[5.5471793,6.3571793],[5.5599999,6.3699999],[5.5700002,6.3899999],[5.6100001,6.4000001],[5.6162701,6.4062701]],[[5.6162701,6.4062701],[5.5805657,6.4115464],[5.5429192,6.3860052],[5.5471793,6.3571793]],[[5.6055331,6.446784],[5.5955396,6.4607163],[5.5888664,6.4260972],[5.6083326,6.4162502],[5.6055331,6.446784]],[[2.8639641,6.8957261],[2.8396152,6.9113185],[2.8299309,6.8884426],[2.8499993,6.8745835],[2.8639641,6.8957261]],[[3.0084954,7.4115464],[2.9961418,7.3916042],[3.0249993,7.3829169],[3.0084954,7.4115464]],[[2.8552564,7.4543117],[2.8439446,7.4613185],[2.8215976,7.4402045],[2.8499993,7.4329169],[2.8552564,7.4543117]],[[7.7833326,5.0162502],[7.79,5.0143777]],[[7.79,5.0298891],[7.7833326,5.0162502]],[[7.6706038,5.0006038],[7.6890617,5.0176255],[7.6837395,5.0413275],[7.6500001,5.0209263]],[[7.6500001,5.0209263],[7.6700001,5]],[[7.6700001,5],[7.6706038,5.0006038]],[[7.7833326,5.0162502],[7.7619784,5.0217312],[7.7444654,5.0685207],[7.7482414,5.0853216],[7.7392001,5.0992002]],[[7.7392001,5.0992002],[7.7199998,5.0799999],[7.7199998,5.0721066]],[[7.7199998,5.0721066],[7.7389478,5.0413112],[7.736718,5.0283514],[7.7694166,4.9883164],[7.7515617,4.9594834],[7.7800002,4.962659]],[[7.79,5.009909],[7.7833326,5.0162502]],[[7.7800002,5.0955663],[7.7800002,5.0999999],[7.7600002,5.1199999]],[[7.7600002,5.1199999],[7.75,5.1134192]],[[7.75,5.1134192],[7.7686679,5.1102484],[7.7800002,5.0955663]],[[10.0062004,7.253738],[9.9952304,7.2762233],[9.9695305,7.2636786],[9.9638664,7.2445624],[9.9999992,7.2412502],[10.0062004,7.253738]],[[6.9666659,5.7329169],[6.9609001,5.73]],[[6.9609001,5.73],[6.9671252,5.73]],[[6.9671252,5.73],[6.9666659,5.7329169]],[[6.9666659,5.7329169],[6.9708899,5.73]],[[6.9708899,5.73],[6.9899998,5.7199998],[7.0300002,5.7399998]],[[7.0300002,5.7399998],[7.0599999,5.7600002]],[[7.0599999,5.7600002],[7.0700002,5.77],[7.0599999,5.8000002],[7.0300002,5.8000002],[7.0300002,5.8200002]],[[7.0300002,5.8200002],[7.0300002,5.8284907]],[[7.0300002,5.8284907],[7.0300002,5.8557734]],[[7.0300002,5.8557734],[7.0300002,5.8699999],[7.02,5.876934],[7.0183188,5.8800001],[6.9999993,5.8912502],[6.9890079,5.9009919],[6.98,5.9099998]],[[6.98,5.9099998],[6.9699998,5.9099998]],[[6.9699998,5.9099998],[6.98,5.9000001],[6.98,5.8699999],[6.9699998,5.8499999],[6.9699998,5.8099999],[6.96,5.8000002],[6.96,5.7600002],[6.9499998,5.75]],[[6.9499998,5.75],[6.9499998,5.7425369]],[[6.9499998,5.7425369],[6.9676262,5.766531],[6.9943677,5.7518662],[6.9666659,5.7329169]],[[6.9916659,5.8412502],[7.0044914,5.866946],[7.0186841,5.8214056],[6.9988925,5.8295152],[6.9916659,5.8412502],[6.9720533,5.8454698],[6.9812493,5.8602647],[6.9916659,5.8412502]],[[4.4284946,7.73],[4.4754691,7.7327346]],[[4.4754691,7.7327346],[4.4461256,7.7440171],[4.4374993,7.7547878],[4.4270338,7.7417181],[4.4284946,7.73]],[[4.5164767,7.7964767],[4.5071675,7.7928327]],[[4.5100002,7.79],[4.5164767,7.7964767]],[[4.3662102,7.803034],[4.3543938,7.7809434],[4.3749993,7.7745835],[4.3662102,7.803034]],[[4.4670417,7.797042],[4.4640455,7.7818711],[4.4916659,7.7745835],[4.4960116,7.8014431],[4.5263664,7.8232082],[4.5334534,7.8330935]],[[4.5334534,7.8330935],[4.52,7.8400002]],[[4.52,7.8400002],[4.5,7.8299999],[4.4670417,7.797042]],[[4.3859693,7.8612005],[4.3712883,7.8470729],[4.3916659,7.8412502],[4.3859693,7.8612005]],[[7.2546092,5.9373045],[7.2586744,5.9771226],[7.2371086,5.9950303],[7.2264315,6.0196682],[7.209358,5.9991115],[7.221272,5.9455593],[7.219677,5.9299872],[7.232895,5.9276316]],[[7.232895,5.9276316],[7.2546092,5.9373045]],[[7.1671154,5.9200001],[7.182177,5.9398138],[7.1700839,5.9632961],[7.1540194,5.9787217],[7.1691236,6.0080186],[7.1500001,6.0201491],[7.1491136,6.0191135],[7.1268384,5.9744818],[7.1162184,5.977563]],[[7.1162184,5.977563],[7.1300001,5.96],[7.1199999,5.9200001]],[[7.1199999,5.9200001],[7.1399327,5.9200001],[7.1567288,5.9200001],[7.1671154,5.9200001]],[[7.2838743,5.9977484],[7.29,6.0100002],[7.3099999,6.02],[7.3264448,6.02]],[[7.3264448,6.02],[7.3205559,6.0360948],[7.2958326,6.0187323],[7.2801588,6.029739],[7.2563144,6.0360948],[7.2691724,5.9948431],[7.2838743,5.9977484]],[[4.7223788,6.9759304],[4.7065097,6.9606105],[4.7249993,6.9579169],[4.7223788,6.9759304]],[[4.8654289,6.9926296],[4.8345045,7.0115464],[4.8391757,6.979918],[4.8583326,6.9745835],[4.8654289,6.9926296]],[[4.8666659,7.1162502],[4.7869947,7.1212185],[4.8029127,7.0617621],[4.8220045,7.0617661],[4.8377271,7.0275132],[4.8645175,7.0574937],[4.8618157,7.1027289],[4.8666659,7.1162502]],[[4.8666659,7.1162502],[4.8835935,7.1311979],[4.8709142,7.1300001],[4.8666659,7.1162502]],[[4.9555331,7.1618475],[4.9749993,7.1579169],[4.981463,7.1714631]],[[4.981463,7.1714631],[4.9555331,7.1618475]],[[7.3615064,4.879739],[7.378108,4.8899685],[7.3490552,4.9027614],[7.3384921,4.8868109],[7.3615064,4.879739]],[[7.4773626,4.9473625],[7.4848297,4.9596593]],[[7.4848297,4.9596593],[7.4749993,4.9662502],[7.4773626,4.9473625]],[[7.3542109,5],[7.3374939,5]],[[7.3374939,5],[7.3231768,4.9931766]],[[7.3231768,4.9931766],[7.2879802,4.9899998]],[[7.2879802,4.9899998],[7.3041659,4.9803046],[7.3249993,4.9777126],[7.3518384,4.9810533],[7.3542109,5]],[[3.4057111,7.158578],[3.3900001,7.1900001],[3.3699999,7.1999998],[3.3599999,7.1900001],[3.337417,7.2212913]],[[3.337417,7.2212913],[3.3166659,7.1876532],[3.2874993,7.2043565],[3.2658847,7.1919745],[3.2545566,7.1533636],[3.2350416,7.1371568],[3.2712232,7.1291367],[3.2972486,7.0977891],[3.2909087,7.0809087]],[[3.2909087,7.0809087],[3.3099999,7.1100001],[3.3315998,7.1100001]],[[3.3315998,7.1100001],[3.3601916,7.1150958],[3.3834562,7.1244854],[3.3962232,7.136697],[3.4057111,7.158578]],[[5.1909986,7.9441026],[5.1713697,7.9338161],[5.1833326,7.9245835],[5.1909986,7.9441026]],[[5.2600002,7.9631042],[5.2100416,7.9653062],[5.2225904,7.9434068],[5.25,7.9353624]],[[5.25,7.9353624],[5.2600002,7.9499998],[5.2600002,7.9631042]],[[5.1321163,7.938942],[5.1573993,7.9263003]],[[5.1573993,7.9263003],[5.1521314,7.9370957],[5.1583326,7.9495835],[5.1787753,7.9791367],[5.2108717,7.9885524],[5.1767245,8.011697],[5.1626295,7.9947333],[5.142317,8.0063666],[5.0911451,8.0011501],[5.0712232,7.9746975],[5.0999993,7.9662502],[5.1027987,7.952383],[5.1146038,7.9499998],[5.1213649,7.9486349],[5.1321163,7.938942]],[[5.0599999,8.0143155],[5.0749993,8.0079169],[5.0691464,8.04],[5.0599999,8.04]],[[7.0680168,7.9027655],[7.054703,7.8877793],[7.0833326,7.8829169],[7.0680168,7.9027655]],[[8.0166659,6.0412502],[8.0104858,6.0395145],[8.0149328,6.0350681],[8.0166659,6.0412502]],[[8.1249992,6.0329169],[8.1388664,6.0357163],[8.1444654,6.0591864],[8.1182935,6.0464056],[8.1249992,6.0329169]],[[8.1205233,6.0774766],[8.0968905,6.0618964],[8.1249992,6.0579169],[8.1205233,6.0774766]],[[8.0089727,6.0789722],[8.0049309,6.0660223],[8.0166659,6.0579169],[8.0218417,6.0790187],[8.0175103,6.0875092],[8.0089727,6.0789722]],[[8.1620435,6.10421],[8.1915194,6.1278184],[8.1690259,6.1366237],[8.1462883,6.1008897],[8.1620435,6.10421]],[[5.9717603,5.6419704],[5.9546868,5.652383],[5.9471998,5.6301906],[5.9749993,5.6162502],[5.9717603,5.6419704]],[[6.0500002,5.6362017],[6.0283521,5.6533636],[6.0128899,5.622252],[6.0333326,5.6162502],[6.0500002,5.6315021],[6.0500002,5.6362017]],[[5.9097816,5.6700728],[5.9194234,5.6388466]],[[5.9194234,5.6388466],[5.9398267,5.6421983],[5.9368645,5.6622015],[5.9416659,5.6829169],[5.9097816,5.6700728]],[[5.9388664,5.7384507],[5.9205233,5.7477281],[5.9055331,5.7343695],[5.9416659,5.7162502],[5.9388664,5.7384507]],[[6.0081129,5.7518873],[6.002053,5.7579473]],[[6.002053,5.7579473],[6,5.7574869]],[[6,5.7574869],[6,5.75],[5.9699998,5.75],[5.9628995,5.7428993]],[[5.9628995,5.7428993],[5.9749993,5.7245835],[5.9976718,5.7281561],[6.0081129,5.7518873]],[[8.0100002,4.7260683],[7.9960604,4.7118475],[7.9789381,4.7039862],[7.9664321,4.6900001]],[[7.9664321,4.6900001],[7.98,4.6900001]],[[8.0217126,4.6999998],[8.0273433,4.7026568]],[[7.9634649,4.6900001],[7.9376946,4.7040106],[7.9205396,4.7029893],[7.922509,4.7360297],[7.9103508,4.7468898],[7.9132317,4.8118719],[7.904135,4.8200002]],[[7.8499999,4.8000002],[7.8485703,4.7871407]],[[7.8485703,4.7871407],[7.8533358,4.744953],[7.8400002,4.7454826]],[[7.8400002,4.7454826],[7.8400002,4.7199998]],[[7.8400002,4.7199998],[7.8600001,4.7199998],[7.8743304,4.7056695]],[[7.8743304,4.7056695],[7.8873365,4.71376],[7.8621737,4.7370835],[7.8709953,4.7452582],[7.8790032,4.7789211],[7.890136,4.7784816],[7.9048495,4.7167385],[7.9042171,4.6900001]],[[7.9042171,4.6900001],[7.9230007,4.6900001],[7.9300131,4.6900001],[7.9634649,4.6900001]],[[5.3899999,7.7360305],[5.3899999,7.7612001]],[[5.3899999,7.7612001],[5.379703,7.7377793],[5.3899999,7.7360305]],[[5.2565931,7.7834072],[5.2620435,7.7975775],[5.25,7.8026507]],[[5.25,7.8026507],[5.25,7.79]],[[5.25,7.79],[5.2565931,7.7834072]],[[5.3978409,7.8156819],[5.3806308,7.827383],[5.3721998,7.8107163],[5.3194654,7.8051174],[5.3138664,7.7943304],[5.3749993,7.7912502],[5.3947334,7.809467],[5.3978409,7.8156819]],[[5.332649,7.9269273],[5.3046217,7.9325628],[5.3308098,7.8816107],[5.3499993,7.8662502],[5.332649,7.9269273]],[[5.25,7.9353624],[5.2583326,7.9329169],[5.2700676,7.9641302],[5.2600002,7.9631042]],[[4.4499993,7.6079169],[4.4499993,7.6412502],[4.4333326,7.6412502],[4.4333326,7.6079169],[4.4499993,7.6079169]],[[4.5390455,7.6592637],[4.5231763,7.6439439],[4.5416659,7.6412502],[4.5390455,7.6592637]],[[4.5141166,7.7458834],[4.4941073,7.7255682],[4.4754691,7.7327346]],[[4.4284946,7.73],[4.4304192,7.7145615],[4.4537102,7.6699571],[4.4667961,7.6625433],[4.4870435,7.6958767],[4.5331511,7.7136978]],[[8.0635897,6.9460028],[8.0347323,6.9613185],[8.0215976,6.9471991],[8.0465976,6.9378485],[8.0583326,6.9245835],[8.0635897,6.9460028]],[[7.8943026,5.6695339],[7.8796216,5.6554063],[7.8999992,5.6495835],[7.8943026,5.6695339]],[[8.0473788,5.7509304],[8.0315097,5.7356105],[8.0499992,5.7329169],[8.0473788,5.7509304]],[[11.2614413,6.7365668],[11.2378085,6.7131822],[11.2666659,6.7079169],[11.2614413,6.7365668]],[[11.1193026,6.9695339],[11.1046216,6.9554063],[11.1249992,6.9495835],[11.1193026,6.9695339]],[[6.5823479,6.2676521],[6.5900002,6.2600002],[6.6058358,6.27]],[[6.6058358,6.27],[6.5823479,6.2676521]],[[6.361038,6.282076],[6.3953769,6.3017442],[6.3699999,6.3189402]],[[6.4870453,6.3070454],[6.4916008,6.3162014],[6.4834465,6.3328762],[6.4611972,6.3220119],[6.4555331,6.303091],[6.4800034,6.3000036],[6.4870453,6.3070454]],[[6.4254713,6.3361558],[6.404703,6.3127793],[6.4333326,6.3079169],[6.4254713,6.3361558]],[[7.5583326,4.4745835],[7.5812796,4.45951],[7.5833963,4.48]],[[7.5749993,4.48],[7.5583326,4.4745835]],[[7.5583326,4.4829169],[7.5700002,4.4829169]],[[7.5583326,4.4899998],[7.5583326,4.4829169]],[[7.5583326,4.4829169],[7.5551284,4.4899998]],[[7.4075236,4.5100002],[7.3833326,4.4912502],[7.3712232,4.5013129],[7.3829063,4.5185469]],[[7.3287456,4.54],[7.3416659,4.5079169],[7.3705233,4.5026516],[7.3585767,4.4780625],[7.3309563,4.4802801],[7.3284478,4.4489331],[7.3465162,4.4600856],[7.3851718,4.4749945],[7.4166659,4.4687689],[7.4378573,4.4695217],[7.4546542,4.4801866],[7.4583326,4.4662502],[7.4368157,4.4544379],[7.436182,4.4405961],[7.4657054,4.4506731],[7.5253139,4.4547219],[7.5044752,4.4640977],[7.5230461,4.4800564],[7.5583326,4.4745835]],[[7.5583326,4.4745835],[7.5583326,4.4829169]],[[9.6443026,7.2445339],[9.6296216,7.2304063],[9.6499992,7.2245835],[9.6443026,7.2445339]],[[9.361425,7.5221055],[9.3400058,7.5189398],[9.329703,7.4975287],[9.3666659,7.4912502],[9.361425,7.5221055]],[[9.3193026,7.7278672],[9.3046216,7.7137396],[9.3249992,7.7079169],[9.3193026,7.7278672]],[[7.2259921,4.4298773],[7.1869621,4.4532131],[7.1749504,4.4687811],[7.1312655,4.4109035],[7.1504384,4.3850451],[7.1945953,4.3883273],[7.189371,4.401614],[7.2259921,4.4298773]],[[7.0583326,4.5412502],[7.0583326,4.5662502],[7.0416659,4.5662502],[7.0416659,4.5412502],[7.0583326,4.5412502]],[[7,4.549379],[7.0083326,4.5412502],[7.0187818,4.5622788],[7,4.5667589],[7,4.549379]],[[7.1528937,4.5876314],[7.1812167,4.5888942],[7.1786926,4.5999999]],[[7.1786926,4.5999999],[7.1528937,4.5876314]],[[6.2460767,4.335399],[6.2299309,4.2964016],[6.2495606,4.2961875],[6.2460767,4.335399]],[[6.4225578,4.537466],[6.3998039,4.5610175],[6.3885572,4.528563],[6.4166659,4.5245835],[6.4225578,4.537466]],[[6.2908521,4.6279201],[6.2545565,4.6318264],[6.2833326,4.6079169],[6.2908521,4.6279201]],[[6.3218905,4.6875311],[6.3049309,4.6743557],[6.3166659,4.6662502],[6.3218905,4.6875311]],[[6.3630201,4.7258409],[6.3523756,4.6946153],[6.3666659,4.6912502],[6.3630201,4.7258409]],[[6.3499993,4.8495835],[6.350987,4.8419744],[6.353793,4.8475862],[6.3499993,4.8495835]],[[6.2805168,4.8369045],[6.2806145,4.8542385],[6.2667147,4.8694281],[6.2551588,4.8368109],[6.2749993,4.8245835],[6.2805168,4.8369045]],[[6.3806468,4.8812936],[6.3797519,4.8918606],[6.3634107,4.9009833],[6.3716561,4.8716561]],[[6.2758312,4.8889576],[6.2784661,4.8711208],[6.313248,4.8870835],[6.312115,4.9060573]],[[3.7998365,7.1611477],[3.7715162,7.1465643],[3.7916659,7.1412502],[3.7998365,7.1611477]],[[3.8277401,7.2574201],[3.8648105,7.2169338],[3.8873365,7.2220933],[3.8609761,7.25]],[[3.8609761,7.25],[3.8499999,7.25]],[[3.8499999,7.25],[3.8277401,7.2574201]],[[9.1838548,6.6700001],[9.1869621,6.6763169],[9.1599998,6.6890895]],[[9.1599998,6.6890895],[9.1599998,6.6599998],[9.1700001,6.6599998]],[[9.2450676,6.8795152],[9.2646965,6.8868557],[9.2334628,6.9084173],[9.2215976,6.8797349],[9.2450676,6.8795152]],[[9.504817,6.9092718],[9.4876295,6.9189724],[9.4806145,6.8946397],[9.5083326,6.8912502],[9.504817,6.9092718]],[[9.2610207,6.9610205],[9.2594206,6.9597102],[9.2462883,6.9470729],[9.2666659,6.9412502],[9.2610207,6.9610205]],[[3.4057111,7.158578],[3.4146152,7.1791123],[3.3655917,7.219835],[3.3417799,7.2283636],[3.337417,7.2212913]],[[7.0500002,5.6399999],[7.0300002,5.6399999],[7.02,5.6300001],[7,5.6300001],[6.98,5.6199999],[6.9524003,5.6199999]],[[6.9524003,5.6199999],[6.9562004,5.6061143],[6.9794752,5.5957261],[6.98719,5.5678249],[6.9457024,5.5791815],[6.9294752,5.568419],[6.9538892,5.5450588],[6.9716952,5.5464911],[6.9845295,5.5177353],[6.9975695,5.5112155],[6.9947909,5.545836],[7.014078,5.5442857],[7.0113278,5.5100002]],[[7.0113278,5.5100002],[7.02,5.5100002],[7.0300002,5.5300002],[7.04,5.5300002],[7.0500002,5.5500002]],[[7.1100001,5.6100001],[7.0999999,5.6199999],[7.0799999,5.6199999],[7.0650317,5.6274842],[7.0598177,5.6301823],[7.0500002,5.6399999]],[[4.0296379,7.2856187],[4.0218905,7.2563625],[4.0333326,7.2495835],[4.0296379,7.2856187]],[[3.98,7.3029561],[4.0236321,7.3046861],[4.0137967,7.3400002]],[[4.0137967,7.3400002],[4,7.3400002]],[[4,7.3400002],[3.99,7.3400002],[3.98,7.3200002],[3.98,7.3029561]],[[6.4443026,7.4112005],[6.4296217,7.3970729],[6.4499993,7.3912502],[6.4443026,7.4112005]],[[6.1666659,7.4662502],[6.1730787,7.4412502],[6.1983065,7.4469061],[6.19497,7.4617906],[6.1666659,7.4662502]],[[6.1666659,7.4662502],[6.1703769,7.47921],[6.1853508,7.4866237],[6.2161776,7.4481187],[6.2199998,7.4495883],[6.2210701,7.4499998],[6.251825,7.4618249]],[[6.251825,7.4618249],[6.2600002,7.4699998],[6.29,7.4699998],[6.3099999,7.46],[6.3600001,7.4099998],[6.3846557,7.3899999]],[[6.3846557,7.3899999],[6.3527825,7.4190334],[6.3372877,7.455805],[6.2861158,7.4773667],[6.2651197,7.5035956],[6.279996,7.528917],[6.2601971,7.5499017]],[[6.2601971,7.5499017],[6.25,7.5700002],[6.23,7.5799999],[6.2052239,7.5799999]],[[6.2052239,7.5799999],[6.198742,7.5700002]],[[6.1628739,7.562874],[6.1666941,7.54]],[[6.1666941,7.54],[6.1599998,7.52],[6.1443996,7.5]],[[6.1443996,7.5],[6.1506666,7.4928086],[6.1399999,7.4709795],[6.1399999,7.4696133],[6.1666659,7.4662502]],[[5.0137037,7.5040391],[4.9914381,7.5279852],[4.9724276,7.5004624],[5.0083326,7.4912502],[5.0137037,7.5040391]],[[5.0810865,7.4993597],[5.0767733,7.5185655],[5.0581047,7.5279852],[5.0383131,7.499319],[5.0617343,7.4779852],[5.0749993,7.4745835],[5.0810865,7.4993597]],[[5.088807,7.6111932],[5.0819491,7.6090562],[5.0942701,7.5694851],[5.1249993,7.5662502],[5.1222269,7.5925911]],[[5.1100001,7.6100001],[5.088807,7.6111932]],[[3.4336722,6.4204369],[3.5203515,6.4157263],[3.6012474,6.4194707],[3.6122714,6.421959],[3.5877271,6.4461493],[3.6201978,6.4442124],[3.6299635,6.4551459],[3.6627271,6.4701809],[3.6706047,6.4775173],[3.6200839,6.4869452],[3.6204583,6.5142971],[3.5999999,6.5130769]],[[3.5999999,6.5130769],[3.5999999,6.5],[3.5790406,6.4945202]],[[3.5790406,6.4945202],[3.5691073,6.4762518],[3.5107415,6.4494615],[3.4713885,6.46],[3.4694922,6.4605079],[3.4444591,6.464459]],[[3.4444591,6.464459],[3.4300001,6.4499998],[3.4336722,6.4204369]],[[7.4123727,5.5700002],[7.4043287,5.6372422],[7.3910149,5.6623887],[7.362662,5.6631496],[7.3855136,5.6843247],[7.3711163,5.6911164]],[[7.3711163,5.6911164],[7.3455555,5.6900001]],[[7.3455555,5.6900001],[7.3466952,5.661225],[7.3099999,5.6616284]],[[7.3099999,5.6616284],[7.3099999,5.6399999],[7.3000002,5.6199999],[7.2600002,5.5999999]],[[7.2600002,5.5999999],[7.27,5.5799999]],[[7.27,5.5799999],[7.29,5.5799999],[7.3099999,5.5900002],[7.3200002,5.5799999],[7.3499999,5.5799999],[7.3600001,5.5700002],[7.4123727,5.5700002]],[[8.9916659,6.6579169],[9.006233,6.6366115],[9.0022779,6.6136379],[9.0509921,6.62202],[9.036246,6.6458278],[8.9916659,6.6579169]],[[9.1128818,6.6300001],[9.1030754,6.6033677],[9.1166659,6.5995835],[9.1258456,6.6114813],[9.1491529,6.6210191],[9.1789355,6.6599998]],[[9.1700001,6.6599998],[9.1400003,6.6300001],[9.1128818,6.6300001]],[[8.9916659,6.6579169],[8.9888969,6.6677944],[8.9849071,6.6598151],[8.9916659,6.6579169]],[[6.9400001,6.1100001],[6.9299998,6.1399999],[6.9000001,6.1700001],[6.9000001,6.1799998]],[[6.9000001,6.1799998],[6.8699999,6.1599998],[6.8200002,6.1599998],[6.8000002,6.1700001]],[[6.75,6.0900002],[6.75,6.0599999],[6.7631455,6.0368547]],[[6.7631455,6.0368547],[6.780647,6.0948798],[6.8048821,6.0710598],[6.7993553,6.0300002]],[[6.7993553,6.0300002],[6.8200002,6.0300002],[6.8499999,6.04],[6.8600001,6.0599999],[6.8699999,6.0599999],[6.9200001,6.0100002]],[[6.9200001,6.0100002],[6.9499998,6.0100002]],[[7.4999993,4.9329169],[7.4999993,4.9199993]],[[7.4999993,4.9199993],[7.5083326,4.9283323]],[[7.5083326,4.9283323],[7.4999993,4.9329169]],[[7.4999993,4.9329169],[7.5054354,4.9458441],[7.4848297,4.9596593]],[[7.4773626,4.9473625],[7.4801262,4.9252753],[7.4999993,4.9329169]],[[7.5514408,4.96],[7.5790538,4.96]],[[7.5790538,4.96],[7.5581047,4.9696519],[7.5514408,4.96]],[[7.6500001,5.0209263],[7.6227369,5.0107245],[7.5937492,5.0172227],[7.5926588,4.9854071],[7.6083326,4.9745835],[7.6140292,4.9968125],[7.6568026,5.0113186],[7.6522616,4.9910671],[7.6599998,4.9871912]],[[7.6599998,4.9871912],[7.6700001,5]],[[7.5513664,5.0449815],[7.5147291,5.0250718],[7.5043938,5.0065375],[7.5416659,4.9995835],[7.5513664,5.0449815]],[[7.5799999,5.042012],[7.5760348,5.0639653],[7.5635572,5.0457709],[7.5799999,5.042012]],[[7.9583326,6.1412502],[7.978287,6.1469549],[7.9641594,6.1616237],[7.9583326,6.1412502]],[[7.9292941,6.1607056],[7.9291334,6.1845852],[7.9134047,6.1799998],[7.9292941,6.1607056]],[[8.0447584,6.1768011],[8.0219394,6.1863186],[8.0132642,6.1547349],[8.0333326,6.1495835],[8.0447584,6.1768011]],[[7.9748365,6.2028143],[7.9465162,6.188231],[7.9666659,6.1829169],[7.9748365,6.2028143]],[[8.0083326,6.2245835],[7.984065,6.2218003],[7.994091,6.2055935],[8.0275709,6.2113796],[8.0083326,6.2245835]],[[8.0333326,6.3079169],[8.0394748,6.3010505],[8.0364841,6.3070318],[8.0333326,6.3079169]],[[3.4319901,6.6999998],[3.4413497,6.7440486]],[[3.4413497,6.7440486],[3.4300001,6.7199998],[3.4300001,6.6999998]],[[3.4300001,6.6999998],[3.4319901,6.6999998]],[[3.5382074,6.6999998],[3.5299309,6.7357245],[3.5599765,6.7564764],[3.5322909,6.7696519],[3.5130852,6.7360174],[3.50358,6.7381496],[3.4844719,6.7046901],[3.4719375,6.6999998]],[[3.4719375,6.6999998],[3.5382074,6.6999998]],[[3.5749993,6.8912502],[3.5540846,6.8704982],[3.554345,6.8577541],[3.5790846,6.8705023],[3.6110507,6.8698513],[3.5749993,6.8912502]],[[3.5749993,6.8912502],[3.5734627,6.8967314],[3.5669959,6.8934979],[3.5749993,6.8912502]],[[3.7307122,6.942597],[3.714843,6.9272772],[3.7333326,6.9245835],[3.7307122,6.942597]],[[3.6583326,6.9662502],[3.6286288,6.945954],[3.6213697,6.9228501],[3.6463697,6.9126206],[3.6565911,6.8993679],[3.6524895,6.8715847],[3.6202955,6.8626206],[3.6125644,6.8259426],[3.5799635,6.800792],[3.6083326,6.8049831],[3.6333326,6.8012884],[3.6564934,6.8047105],[3.6715976,6.858987],[3.6926588,6.8698797],[3.7124993,6.8441839],[3.729703,6.8615464],[3.7369622,6.9019313],[3.7073398,6.9115464],[3.6831047,6.8801621],[3.667024,6.870954],[3.6816073,6.9080593],[3.6770989,6.9386257],[3.6532219,6.9350938],[3.6583326,6.9662502]],[[3.6583326,6.9662502],[3.6850416,6.9495795],[3.6995273,7.0133856],[3.6631015,7.0130397],[3.6583326,6.9662502]],[[6.6776197,5.189708],[6.6669752,5.2026109],[6.6553052,5.1727281],[6.6666659,5.1662502],[6.6776197,5.189708]],[[6.6009758,5.2695909],[6.5833326,5.239586],[6.6041659,5.2193793],[6.617968,5.2366237],[6.6416659,5.1995835],[6.6537427,5.2293199],[6.6703769,5.2272528],[6.658886,5.2690171],[6.6406568,5.2462591],[6.6009758,5.2695909]],[[6.6953769,5.4023667],[6.6582024,5.4116237],[6.6352532,5.3313299],[6.6583326,5.2995835],[6.6712883,5.3199571],[6.6868157,5.3567897],[6.6702629,5.3700384],[6.6879224,5.3781805],[6.6953769,5.4023667]],[[6.6836079,5.46],[6.6792473,5.4479844],[6.6999993,5.4412502],[6.714866,5.4525668]],[[6.6082187,5.5524766],[6.5939446,5.5613186],[6.5715976,5.5402045],[6.5999993,5.5329169],[6.6082187,5.5524766]],[[6.6628952,5.741776],[6.6467792,5.7458051]],[[6.6467792,5.7458051],[6.6416659,5.7412502]],[[6.6416659,5.7412502],[6.6333326,5.7412502]],[[6.6333326,5.7412502],[6.6249993,5.7412502],[6.6249993,5.7162502],[6.6166659,5.7162502],[6.6200676,5.7029852],[6.6336744,5.6961818],[6.6628952,5.741776]],[[6.6416659,5.7412502],[6.6403397,5.747415],[6.6349487,5.7487628],[6.6333326,5.7412502]],[[3.3800001,6.5799999],[3.4000001,6.5999999],[3.4000001,6.6500001],[3.3900001,6.6700001]],[[3.3900001,6.6700001],[3.3699999,6.6599998]],[[3.3699999,6.6599998],[3.3699999,6.6300001],[3.3499999,6.5999999]],[[3.3299999,6.5999999],[3.3099999,6.6300001],[3.3099999,6.6599998],[3.29,6.6700001],[3.29,6.71]],[[3.29,6.71],[3.23,6.71],[3.22,6.6900001],[3.22,6.6700001],[3.2047601,6.64714]],[[3.2047601,6.64714],[3.2,6.6370825],[3.1960515,6.6300001],[3.1920403,6.6228054],[3.1786829,6.5556586]],[[3.1786829,6.5556586],[3.22,6.5300002],[3.25,6.52],[3.28,6.52],[3.3,6.5300002]],[[7.2399998,5.7399998],[7.1999998,5.7399998],[7.1700001,5.7199998],[7.1399999,5.7199998]],[[7.1399999,5.7199998],[7.1300001,5.71],[7.1199999,5.6799998],[7.0999999,5.6700001],[7.0799999,5.6700001],[7.0500002,5.6500001],[7.0500002,5.6399999]],[[7.1399999,5.5999999],[7.1500001,5.6300001],[7.1799998,5.6300001],[7.1999998,5.6399999],[7.233534,5.643534],[7.2393853,5.6493856],[7.2399998,5.6700001],[7.25,5.6900001],[7.2399998,5.6999998],[7.2399998,5.7399998]],[[7.2249993,5.6579169],[7.1960604,5.6668524],[7.2188469,5.677855],[7.2249993,5.6579169]],[[6.7993553,6.0300002],[6.8083326,5.9912502],[6.7756274,5.9943726]],[[6.7756274,5.9943726],[6.7800002,5.9776803]],[[6.7800002,5.9776803],[6.8153476,5.9600124],[6.8128187,5.9285905]],[[6.8128187,5.9285905],[6.8299999,5.9200001]],[[6.8299999,5.9200001],[6.8299999,5.9299998],[6.8499999,5.9499998],[6.8699999,5.96],[6.8899999,5.98],[6.9099998,5.9899998],[6.9200001,6.0100002]],[[5.8576948,5.4200001],[5.8534986,5.4446722],[5.829703,5.4242214],[5.8448644,5.4200001],[5.8576948,5.4200001]],[[5.8788829,5.5999999],[5.8690911,5.6144517],[5.8375806,5.6036647],[5.7790845,5.6038356],[5.73094,5.5850653],[5.7100579,5.6059271],[5.6873871,5.6026128]],[[5.79,5.4620177],[5.8038567,5.4625677],[5.8290194,5.445246],[5.8383131,5.4456162],[5.8369459,5.4803452],[5.8629875,5.5035915],[5.8631666,5.4327582],[5.8693354,5.4293354]],[[5.8933832,5.4466914],[5.9000001,5.4537499],[5.9000001,5.4662491],[5.8784498,5.4730739],[5.8795233,5.5002384]],[[5.8600001,5.5122835],[5.8600001,5.5184068]],[[5.8497782,5.5402216],[5.8457838,5.5216335],[5.8309888,5.5308254],[5.8491922,5.5408077]],[[5.8400002,5.5700002],[5.8400002,5.5900002],[5.8499999,5.5999999],[5.8788829,5.5999999]],[[5.9097816,5.6700728],[5.8927401,5.6485093],[5.8536288,5.6376206],[5.8463697,5.6268459],[5.9194234,5.6388466]],[[5.7609693,5.6945339],[5.7462883,5.6804063],[5.7666659,5.6745835],[5.7609693,5.6945339]],[[5.5086907,7.2616237],[5.4997714,7.233458],[5.5384595,7.2171535],[5.561897,7.1983832],[5.5745924,7.1682928],[5.6030103,7.1718288],[5.6333326,7.1579169],[5.6202955,7.2035671],[5.6238599,7.2322658],[5.612662,7.2462469],[5.594677,7.2356716],[5.5791659,7.2376003],[5.5325676,7.231806],[5.5086907,7.2616237]],[[5.438606,7.2876898],[5.4234693,7.2946519],[5.4049309,7.2707261],[5.4333326,7.2662502],[5.438606,7.2876898]],[[7.3699999,5.46],[7.3800001,5.4699998],[7.4000001,5.5100002]],[[7.4000001,5.5100002],[7.2800002,5.5100002]],[[7.2800002,5.5100002],[7.2800002,5.5]],[[7.2800002,5.5],[7.2800002,5.4899998],[7.2600002,5.4699998],[7.2399998,5.46],[7.2399998,5.4400001],[7.2600002,5.4099998],[7.27,5.4099998],[7.2947432,5.3852568]],[[7.2947432,5.3852568],[7.2926099,5.4062038],[7.31455,5.3936387],[7.3569166,5.4446478],[7.360425,5.4404249]],[[7.360425,5.4404249],[7.3699999,5.46]],[[3.3802076,8.0001369],[3.3556145,7.9959255],[3.3650221,7.9781602],[3.3833326,7.9745835],[3.3802076,8.0001369]],[[3.3912102,8.0191433],[3.401399,7.9944077],[3.4249993,7.9912502],[3.4124993,8.0103664],[3.3912102,8.0191433]],[[3.3249993,8.0662502],[3.3322747,8.0234564],[3.3574374,8.0042873],[3.3812981,8.0351996],[3.3783033,8.0554673],[3.3545891,8.051968],[3.3463697,8.0626206],[3.3249993,8.0662502]],[[3.3249993,8.0662502],[3.328401,8.0711818],[3.3632642,8.0779852],[3.3730624,8.1041815],[3.3414381,8.1113185],[3.3150546,8.0731146],[3.3249993,8.0662502]],[[7.27,5.5799999],[7.27,5.54],[7.2800002,5.5300002],[7.2800002,5.5100002]],[[7.4000001,5.5100002],[7.4091097,5.5282199]],[[7.4091097,5.5282199],[7.4157576,5.5457577]],[[7.4157576,5.5457577],[7.4299998,5.5618855]],[[7.4299998,5.5618855],[7.4123727,5.5700002]],[[6.1900001,7.5912502],[6.1916659,7.5883342]],[[6.1985679,7.5814319],[6.2052239,7.5799999]],[[6.2601971,7.5499017],[6.2546217,7.564944],[6.2717777,7.5799999]],[[6.3117957,7.6035913],[6.317496,7.5964748],[6.3370435,7.6208767],[6.3614413,7.6404201],[6.3411776,7.6566473],[6.3299999,7.6500755]],[[6.6883306,7.8116694],[6.6683749,7.8091864],[6.6301099,7.8238918],[6.6277499,7.8049302],[6.6539381,7.7948675],[6.6921379,7.797549],[6.7006958,7.7906959]],[[6.7006958,7.7906959],[6.71,7.8000002]],[[6.71,7.8000002],[6.6883306,7.8116694]],[[6.5763502,7.8360988],[6.5630364,7.8211127],[6.5916659,7.8162502],[6.5763502,7.8360988]],[[4.5700002,7.8099999],[4.5774342,7.8348686]],[[4.5774342,7.8348686],[4.5555494,7.8107001],[4.5349276,7.7941839],[4.5164767,7.7964767]],[[4.5207442,7.779256],[4.5297814,7.7702187]],[[4.5700002,7.79],[4.5700002,7.8099999]],[[4.5334534,7.8330935],[4.5534172,7.8609401],[4.5417961,7.8780625],[4.5257154,7.8556138],[4.52,7.8592417]],[[4.52,7.8592417],[4.52,7.8400002]],[[8.2666659,4.6495835],[8.2666659,4.6662502],[8.2416659,4.6662502],[8.2416659,4.6495835],[8.2666659,4.6495835]],[[8.177636,4.6695339],[8.162955,4.6554063],[8.1833326,4.6495835],[8.177636,4.6695339]],[[8.3239871,4.6499842],[8.3072095,4.6695786],[8.2883456,4.6372666],[8.3166659,4.6329169],[8.3239871,4.6499842]],[[8.2705233,4.7108099],[8.2468905,4.6952297],[8.2749992,4.6912502],[8.2705233,4.7108099]],[[3.3152987,7.4269069],[3.2788892,7.458279],[3.2628085,7.434162],[3.3083326,7.4079169],[3.3152987,7.4269069]],[[3.2553704,7.5063747],[3.2331698,7.4955349],[3.2583326,7.4829169],[3.2553704,7.5063747]],[[3.1885898,7.6906317],[3.1721998,7.6760972],[3.1916659,7.6662502],[3.1885898,7.6906317]],[[3.9328769,7.717947],[3.8991204,7.727912],[3.9050123,7.7045721],[3.9249993,7.6995835],[3.9328769,7.717947]],[[3.9332374,7.79],[3.9200001,7.79],[3.8818547,7.8181455]],[[3.8818547,7.8181455],[3.8763502,7.809695],[3.8930331,7.7855251],[3.9096184,7.7892401],[3.9200676,7.7613185],[3.9332374,7.79]],[[6.0760409,5.302973],[6.0632642,5.2884426],[6.0833326,5.2745835],[6.0760409,5.302973]],[[6.0693026,5.4112006],[6.0546217,5.397073],[6.0749993,5.3912502],[6.0693026,5.4112006]],[[5.9583326,5.5245835],[5.9325956,5.5425958]],[[5.9132847,5.5167152],[5.9299992,5.5100002],[5.9437363,5.5100002],[5.9583326,5.5245835]],[[5.9583326,5.5245835],[5.9606088,5.5153046]],[[6,5.4704143],[6.0208,5.4614366],[6.0530266,5.4738186],[6.0284172,5.4935288],[6.0301425,5.5074367],[6.0886386,5.5320868],[6.0865064,5.5492458],[6.0310865,5.52532],[6.0166659,5.5433213],[5.9977206,5.5196641],[5.9583326,5.5245835]],[[5.8720149,5.5679852],[5.8954257,5.5755845],[5.8788829,5.5999999]],[[6.1609693,5.6528672],[6.1462883,5.6387396],[6.1666659,5.6329169],[6.1609693,5.6528672]],[[6.0081129,5.7518873],[6.0116824,5.7600002],[6.0112082,5.7600002],[6.002053,5.7579473]],[[6.1333326,5.8162502],[6.1336416,5.8163585]],[[6.1336416,5.8163585],[6.1333828,5.8166173]],[[6.1333828,5.8166173],[6.1333326,5.8162502]],[[6.1333326,5.8162502],[6.1199999,5.8214926]],[[6.1199999,5.8214926],[6.1100001,5.8000002],[6.09058,5.8000002]],[[6.09058,5.8000002],[6.0900002,5.7994322]],[[6.0900002,5.7994322],[6.0900002,5.79],[6.0742612,5.7800002]],[[6.0742612,5.7800002],[6.1005038,5.7692613],[6.1259921,5.7730251],[6.1333326,5.8162502]],[[7.96,5.9846668],[7.9521672,5.98]],[[7.9521672,5.98],[7.96,5.98]],[[8.0161637,6.02],[8.0104647,6.0282904],[7.9842598,6.02]],[[7.8083326,6.1079169],[7.7966301,6.0985459],[7.8092115,6.0625433],[7.8537102,6.1205023],[7.8245598,6.1366237],[7.8083326,6.1079169]],[[7.7995435,6.1697007],[7.7877271,6.1476101],[7.8083326,6.1412502],[7.7995435,6.1697007]],[[7.7113781,6.0313783],[7.6876132,6.0433986],[7.684434,6.0327832]],[[7.684434,6.0327832],[7.6999998,6.02]],[[7.5166659,6.3079169],[7.5617994,6.3005031],[7.5702955,6.3192368],[7.5323397,6.3282131],[7.5166659,6.3079169]],[[7.481311,6.288689],[7.4863599,6.2875433],[7.4953769,6.32921],[7.5097812,6.3537217],[7.5462883,6.3616237],[7.5547681,6.3817165],[7.5716627,6.39525],[7.5668562,6.4034281]],[[7.5668562,6.4034281],[7.5300002,6.3800001],[7.5100002,6.3800001],[7.4549843,6.3950156]],[[7.4549843,6.3950156],[7.4620435,6.3782904],[7.481233,6.3629136],[7.4693189,6.3533718],[7.4724927,6.3278509],[7.4612603,6.3087397]],[[7.4612603,6.3087397],[7.481311,6.288689]],[[7.4486306,6.4013693],[7.4400001,6.4099998],[7.4400001,6.4299998]],[[7.4308983,6.4117968],[7.4486306,6.4013693]],[[6.75,6.2140462],[6.75,6.2354947]],[[6.75,6.2354947],[6.7416659,6.2412502],[6.75,6.2140462]],[[6.75,6.1999998],[6.75,6.2016581]],[[6.75,6.2016581],[6.7287102,6.2282904],[6.7199998,6.2489659]],[[6.8249993,6.3412502],[6.8297844,6.3231105],[6.8703118,6.3311184],[6.8832024,6.3131496],[6.8899999,6.3221141],[6.8886691,6.3326615],[6.8479485,6.3562689],[6.8249993,6.3412502]],[[6.7930657,6.4351914],[6.7713697,6.4141953],[6.8083326,6.4079169],[6.7930657,6.4351914]],[[6.7367668,6.4635484],[6.7111646,6.4603623],[6.713427,6.4421901],[6.7249993,6.4329169],[6.7367668,6.4635484]],[[6.6804955,6.5],[6.6999993,6.4745835],[6.7069328,6.4918361],[6.703108,6.5140529],[6.6871428,6.5114287],[6.6804955,6.5]],[[3.9456377,7.3121812],[3.9100001,7.3299999],[3.9000001,7.3400002],[3.8800001,7.3400002]],[[3.8800001,7.3400002],[3.8599999,7.3299999],[3.8699999,7.3099999],[3.8599999,7.3000002],[3.8599999,7.2600002],[3.8499999,7.25]],[[3.8609761,7.25],[3.876692,7.2948716],[3.9052239,7.3035915],[3.9257642,7.2814235],[3.9456377,7.3121812]],[[7.4245831,5.234583],[7.4200839,5.2525946],[7.390787,5.2612453],[7.3968417,5.2372422],[7.4231942,5.2331941],[7.4245831,5.234583]],[[7.4014153,5.2942084],[7.3880201,5.302383],[7.3805331,5.280215],[7.3916659,5.2745835],[7.4014153,5.2942084]],[[7.3090181,5.2990183],[7.2958721,5.3158721]],[[7.2958721,5.3158721],[7.2833326,5.3033326]],[[7.2833326,5.3033326],[7.2833326,5.2912502],[7.2999993,5.2899981]],[[7.4162102,5.3447007],[7.4043938,5.3226101],[7.4249993,5.3162502],[7.4162102,5.3447007]],[[7.4020175,5.3683091],[7.3622714,5.3706773],[7.3543938,5.3535142],[7.3301099,5.3187364],[7.3698072,5.3211005],[7.3833326,5.3162502],[7.4020175,5.3683091]],[[7.4467115,5.4015367],[7.4139478,5.3959255],[7.4235344,5.3778184],[7.4499993,5.3745835],[7.4467115,5.4015367]],[[7.48,5.4400001],[7.4707015,5.4400001]],[[7.4707015,5.4400001],[7.4688795,5.4221381],[7.48,5.4157715]],[[7.360425,5.4404249],[7.3775383,5.4198269],[7.4202792,5.4192002],[7.4197746,5.4432928],[7.4253455,5.4499998]],[[7.4253455,5.4499998],[7.4081545,5.4499998],[7.4059713,5.4499998],[7.3800001,5.4499998],[7.3699999,5.46]],[[6.502636,7.1028672],[6.487955,7.0887396],[6.5083326,7.0829169],[6.502636,7.1028672]],[[6.73,7.1176162],[6.7183912,7.0985093],[6.7016269,7.0875433],[6.7047356,7.1125067],[6.6839348,7.1199571],[6.6885409,7.0829169],[6.6869296,7.0700384],[6.6966627,7.0622504],[6.6823235,7.0378485],[6.7058634,7.0317269]],[[6.7058634,7.0317269],[6.71,7.0599999],[6.7199998,7.0599999],[6.7199998,7.0799999],[6.73,7.0999999],[6.73,7.1176162]],[[6.4579582,7.1256659],[6.4301588,7.1201442],[6.4499993,7.1079169],[6.4579582,7.1256659]],[[5.5044101,7.7272202],[5.4885572,7.7041042],[5.5083326,7.6995835],[5.5044101,7.7272202]],[[5.3899999,7.7360305],[5.4083326,7.7329169],[5.3899999,7.7612001]],[[5.5386549,7.804035],[5.5142733,7.8140122],[5.4880364,7.7981878],[5.479703,7.780862],[5.5166659,7.7745835],[5.5386549,7.804035]],[[5.7112817,7.785641],[5.7199998,7.7917435]],[[5.7199998,7.7917435],[5.6811516,7.8145778],[5.662955,7.7994574],[5.7112817,7.785641]],[[5.477636,7.9362005],[5.462955,7.9220729],[5.4833326,7.9162502],[5.477636,7.9362005]],[[6.9058525,4.7841476],[6.9170077,4.8023749],[6.8849675,4.7950326]],[[7.0300002,4.79],[7.04,4.79]],[[7.0900002,4.8699999],[7.0500002,4.8899999],[7.0300002,4.8899999],[7.0100002,4.9000001]],[[7.0100002,4.9000001],[6.9299998,4.8600001],[6.90583,4.8600001]],[[6.90583,4.8600001],[6.9200839,4.8481553],[6.8878899,4.8341905],[6.895442,4.8200303],[6.9166659,4.8162502],[6.9230299,4.8368475],[6.9451164,4.8250352],[6.9166659,4.8162502],[6.9292654,4.7892655]],[[5.0118157,7.5961045],[5.0273105,7.607217],[5.0061028,7.6280625],[4.9715162,7.582099],[4.9999993,7.5745835],[5.0118157,7.5961045]],[[4.9099998,7.647749],[4.9369622,7.645954],[4.9471021,7.7077053],[4.9246412,7.7198797],[4.9200001,7.703213],[4.9191053,7.6999998],[4.9099998,7.667301],[4.9099998,7.647749]],[[5.0629688,7.6970315],[5.0332615,7.7267388]],[[5.0332615,7.7267388],[5.0215976,7.7378485],[4.9987623,7.7446519],[4.9882642,7.72532],[5.0215976,7.7128485],[5.0249993,7.6912502],[5.0461256,7.6772935],[5.0629688,7.6970315]],[[4.9699998,7.806404],[4.9609693,7.82178],[4.9454582,7.8198513],[4.9303215,7.8387437],[4.912955,7.8258856],[4.9666659,7.7829169],[4.9699998,7.7916001],[4.9699998,7.806404]],[[2.8499993,6.5299999],[2.8499993,6.5412502],[2.8333326,6.5412502],[2.8333326,6.5216664],[2.8499993,6.5299999]],[[2.7583326,6.5995835],[2.7616041,6.563878],[2.7833,6.5744655],[2.7724114,6.5967393],[2.7583326,6.5995835]],[[2.7583326,6.5995835],[2.7637688,6.6326686],[2.7608391,6.6524359],[2.7749993,6.6829169]],[[2.7749993,6.6829169],[2.752459,6.6656818],[2.7314279,6.630785],[2.745442,6.6033636],[2.7583326,6.5995835]],[[2.8609693,6.7028672],[2.8462883,6.6887396],[2.8666659,6.6829169],[2.8609693,6.7028672]],[[2.7749993,6.6829169],[2.8143873,6.6864203],[2.7946119,6.7113186],[2.7749993,6.6829169]],[[2.9391757,6.7051703],[2.8882642,6.7165839],[2.8957187,6.6925889],[2.9125318,6.6963568],[2.9333326,6.6912502],[2.9391757,6.7051703]],[[2.9949862,6.6795884],[3.0142408,6.6865708],[3.0033196,6.702912],[2.9946933,6.7267198],[2.9550123,6.7045436],[2.971679,6.6795681],[2.9949862,6.6795884]],[[2.7999993,6.7662502],[2.7999993,6.7912502],[2.7833326,6.7912502],[2.7833326,6.7662502],[2.7999993,6.7662502]],[[3.0384921,6.8871486],[3.0073398,6.9198797],[2.9860995,6.8923732],[2.988899,6.8734645],[3.0166659,6.8579169],[3.0384921,6.8871486]],[[3.5999999,6.5130769],[3.5784335,6.5117906],[3.5790406,6.4945202]],[[3.4087878,6.54],[3.3900001,6.54]],[[3.3399999,6.5300002],[3.3399999,6.5100002],[3.3299999,6.4899998]],[[3.3299999,6.4899998],[3.3699999,6.4899998],[3.3800001,6.5],[3.4009637,6.4990364]],[[3.4009637,6.4990364],[3.4087878,6.54]],[[3.5849173,6.5549175],[3.6304355,6.5620103],[3.6375705,6.5700002]],[[3.6375705,6.5700002],[3.5999999,6.5700002],[3.5849173,6.5549175]],[[3.5700297,6.545015],[3.54,6.54],[3.52,6.5500002],[3.5,6.5500002],[3.49,6.5599999],[3.49,6.6100001],[3.4812696,6.6100001]],[[3.4812696,6.6100001],[3.4774895,6.5464707],[3.4887525,6.5364121],[3.5601881,6.5339951],[3.5700297,6.545015]],[[6.9699998,5.9099998],[6.9419562,5.9059781]],[[6.9419562,5.9059781],[6.9728834,5.9057969],[6.9749993,5.8829169],[6.9602206,5.8850694],[6.9403549,5.9051775]],[[6.9403549,5.9051775],[6.9299998,5.9000001]],[[6.9299998,5.9000001],[6.9499998,5.8600001],[6.9400001,5.8200002],[6.9200001,5.8099999],[6.9200001,5.8000002]],[[6.9200001,5.8000002],[6.9400001,5.7800002],[6.9400001,5.7600002],[6.9499998,5.75]],[[6.1990252,5.6619495],[6.2166659,5.6579169],[6.2251132,5.676382],[6.2082838,5.6943508],[6.1976781,5.6646437],[6.1990252,5.6619495]],[[6.4462222,5.6900001],[6.4390943,5.7128688],[6.4196607,5.7194281],[6.408194,5.6870485]],[[6.1336416,5.8163585],[6.1617994,5.8199489],[6.1935377,5.8785915],[6.1705226,5.8705224],[6.1690322,5.8699999],[6.1599998,5.8668332]],[[6.1599998,5.8668332],[6.1399999,5.8499999],[6.1365814,5.8400002]],[[6.1365814,5.8400002],[6.1333828,5.8166173]],[[6.21,5.9066076],[6.2333326,5.8995835],[6.2452141,5.9319606],[6.2313979,5.9420969]],[[6.2313979,5.9420969],[6.23,5.9299998],[6.21,5.9066076]],[[3.8603193,7.46],[3.8543287,7.4285915],[3.8431704,7.4068294]],[[3.8699999,7.3499999],[3.8800001,7.3400002]],[[3.8800001,7.3400002],[3.9000001,7.3600001],[3.9200001,7.3600001],[3.9400001,7.3800001],[3.97,7.3899999],[3.98,7.4000001]],[[4.2249993,7.6329169],[4.2292794,7.6246398]],[[4.2292794,7.6246398],[4.2423662,7.6311833]],[[4.2423662,7.6311833],[4.2249993,7.6329169]],[[4.2249993,7.6329169],[4.2105136,7.6688625],[4.1721312,7.6709014]],[[4.1721312,7.6709014],[4.21,7.6399999],[4.2176049,7.6247899]],[[4.2176049,7.6247899],[4.2249993,7.6329169]],[[4.252636,7.7195339],[4.237955,7.7054063],[4.2583326,7.6995835],[4.252636,7.7195339]],[[8.243619,6.4119452],[8.2211744,6.4190497],[8.2138664,6.3951809],[8.2333326,6.3912502],[8.243619,6.4119452]],[[8.1743319,6.5191026],[8.154703,6.5088161],[8.1666659,6.4995835],[8.1743319,6.5191026]],[[8.5554192,7.6898667],[8.60358,7.7095729],[8.6119621,7.7242377],[8.5525383,7.7367783],[8.5713534,7.7513006],[8.5717603,7.7948797],[8.5291496,7.763292],[8.5213697,7.7532131],[8.4842766,7.7380357],[8.4890455,7.7057725],[8.5189446,7.6935329],[8.531412,7.6630926],[8.5499992,7.6579169],[8.5554192,7.6898667]],[[3.4100001,6.6999998],[3.4300001,6.6999998]],[[3.4413497,6.7440486],[3.4213209,6.7578721],[3.4119622,6.7328436],[3.394384,6.7207058],[3.4050795,6.6950793]],[[3.4050795,6.6950793],[3.4100001,6.6999998]],[[3.4653288,6.8029931],[3.462483,6.8279852],[3.4215976,6.8198187],[3.4284823,6.7943304],[3.4587903,6.7931855],[3.4653288,6.8029931]],[[3.2909087,7.0809087],[3.2849518,7.0650482],[3.2887973,7.0612027],[3.3037753,7.0624701],[3.3136549,7.1068019],[3.3315998,7.1100001]],[[7.5749993,5.1412502],[7.5422681,5.1492906],[7.5183586,5.1439276],[7.519856,5.1201971],[7.5262362,5.1045152],[7.5416659,5.1329169],[7.5601229,5.1291897],[7.5700839,5.1094834],[7.5861321,5.1188544],[7.5749993,5.1412502]],[[7.7600002,5.1199999],[7.7664136,5.1399999]],[[7.7664136,5.1399999],[7.7530277,5.1399999]],[[7.7530277,5.1399999],[7.73,5.1500001]],[[7.73,5.1500001],[7.7199998,5.1399999],[7.689994,5.1400059]],[[7.689994,5.1400059],[7.6964511,5.1210272],[7.7136386,5.0979071],[7.7104322,5.0792222],[7.7199998,5.0721066]],[[7.7392001,5.0992002],[7.7333326,5.1162502],[7.75,5.1134192]],[[7.658674,5.1500001],[7.6389305,5.1610693]],[[7.6389305,5.1610693],[7.6203769,5.15421],[7.6083326,5.1412502]],[[7.6083326,5.1412502],[7.5945142,5.1304551],[7.5843254,5.0977036],[7.6061841,5.0908962],[7.6220696,5.1166937],[7.6416659,5.1079169],[7.6360019,5.1532904],[7.6531731,5.1409287],[7.6554029,5.1229966],[7.6416659,5.1079169],[7.6659823,5.0876939],[7.6617017,5.1125555],[7.6754875,5.1228176],[7.658674,5.1500001]],[[7.6083326,5.1412502],[7.6023756,5.1644842],[7.56844,5.1568752],[7.5749993,5.1412502]],[[7.5749993,5.1412502],[7.5873039,5.1464178],[7.6083326,5.1412502]],[[7.5827637,5.1772361],[7.5628153,5.1764075]],[[7.5628153,5.1764075],[7.5773756,5.1628485],[7.5827637,5.1772361]],[[6.8193026,7.1195339],[6.8046216,7.1054063],[6.8249993,7.0995835],[6.8193026,7.1195339]],[[6.7058634,7.0317269],[6.7333326,7.0245835],[6.7537102,7.0958767],[6.7630526,7.1117824],[6.7613599,7.1254136],[6.787955,7.1366237],[6.8037102,7.1496649],[6.740787,7.1353705],[6.73,7.1176162]],[[6.8347486,7.1775417],[6.8213534,7.1857163],[6.8138664,7.1635484],[6.8249993,7.1579169],[6.8347486,7.1775417]],[[7.2399998,7.3200002],[7.2399998,7.3167181]],[[7.2399998,7.3167181],[7.240678,7.3197741]],[[6.6873039,7.5523057],[6.6549309,7.5445502],[6.6916659,7.5245835],[6.6873039,7.5523057]],[[6.6469231,7.573965],[6.6305331,7.5594305],[6.6499993,7.5495835],[6.6469231,7.573965]],[[6.744319,7.77],[6.71,7.79],[6.71,7.8000002]],[[6.7006958,7.7906959],[6.7277825,7.7690049],[6.737662,7.7344712],[6.7499993,7.7245835],[6.744319,7.77]],[[8.0619486,4.8819484],[8.039349,4.8903254],[8.04,4.8887452],[8.0461263,4.8738738]],[[8.0499992,4.8995835],[8.0499992,4.9329169],[8.0249992,4.9329169],[8.0249992,4.8995835],[8.0499992,4.8995835]],[[7.9971324,4.9000001],[7.9793938,4.9662136],[7.9892571,4.9616075],[8.010953,4.9373195],[8.0151034,4.9556993],[8.0038078,4.9872056],[7.9939446,5.0042792],[8.0372714,5.0429877],[8.0291171,5.0457505],[8.0041659,5.0321926],[7.9793938,5.0456529],[7.9590308,5.0519387]],[[7.9438301,5.0638302],[7.9356112,5.0730373],[7.9020759,5.0710381]],[[7.9020759,5.0710381],[7.9000001,5.0700002]],[[3.7665032,7.4028143],[3.7381829,7.388231],[3.7583326,7.3829169],[3.7665032,7.4028143]],[[5.7379713,5.793952],[5.7302239,5.7646958],[5.7416659,5.7579169],[5.7379713,5.793952]],[[5.5700002,5.9000001],[5.5700002,5.896978]],[[5.5700002,5.896978],[5.5900002,5.9020439]],[[5.6583326,5.9245835],[5.6499993,5.9329169]],[[5.6499993,5.9329169],[5.6372388,5.9289781],[5.6380201,5.9158067],[5.6043938,5.8987901],[5.6456047,5.8785142],[5.6722974,5.8702744],[5.6872714,5.8535142],[5.7086907,5.8436835],[5.7313957,5.8079657],[5.7567807,5.8516097]],[[5.723394,5.893303],[5.7176168,5.8961916]],[[5.7134953,5.8982524],[5.7016431,5.8932766],[5.6622226,5.918952],[5.6583326,5.9245835]],[[5.6583326,5.9245835],[5.6737101,5.9262898]],[[5.6280287,5.9470427],[5.640494,5.9472194],[5.6499993,5.9329169]],[[4.8062054,6.3790515],[4.7546217,6.384223],[4.7716586,6.3704146]],[[4.7716586,6.3704146],[4.8062054,6.3790515]],[[4.7302564,6.448965],[4.7138664,6.4344305],[4.7333326,6.4245835],[4.7302564,6.448965]],[[4.8858157,6.5016315],[4.8774244,6.5176337],[4.8441887,6.4959987],[4.8555657,6.4785345],[4.8674758,6.4774755]],[[4.827636,6.5195339],[4.812955,6.5054063],[4.8333326,6.4995835],[4.827636,6.5195339]],[[4.6897454,6.5236558],[4.6713697,6.505862],[4.7083326,6.4995835],[4.6897454,6.5236558]],[[4.7991529,6.5252183],[4.7538079,6.5210882],[4.7380364,6.5088161],[4.766845,6.480215],[4.7999993,6.4745835],[4.804817,6.4868394],[4.7991529,6.5252183]],[[4.6548983,6.5305528],[4.6537265,6.5881374],[4.620914,6.5861883],[4.6376295,6.5537502],[4.6212069,6.5218736],[4.6499993,6.5162502],[4.6548983,6.5305528]],[[4.7567701,6.5938137],[4.743147,6.6113186],[4.7299309,6.5801092],[4.7499993,6.5662502],[4.7567701,6.5938137]],[[7.73,5.1500001],[7.7199998,5.1500001],[7.7199998,5.1900001],[7.71,5.21],[7.6599998,5.2600002],[7.6599998,5.267677]],[[7.6599998,5.267677],[7.6546216,5.259223],[7.6783196,5.2402492],[7.6616692,5.2119167],[7.6712883,5.20421],[7.6787102,5.1757758],[7.6389305,5.1610693]],[[7.658674,5.1500001],[7.6961744,5.1545274],[7.689994,5.1400059]],[[7.6083326,5.2162502],[7.6479973,5.2072414],[7.6447909,5.2329169],[7.6473951,5.2537502],[7.6443189,5.2783718],[7.6544943,5.2865171],[7.653139,5.2905831],[7.6094068,5.2851426],[7.6250806,5.2443711],[7.6023918,5.247191],[7.6131666,5.2288479],[7.6083326,5.2162502]],[[7.6083326,5.2162502],[7.5769687,5.2314439],[7.5819654,5.2537502],[7.5753736,5.2831895],[7.5888176,5.3038316],[7.5760897,5.3196519],[7.5632642,5.2696519],[7.5450676,5.2628485],[7.5382642,5.2524929],[7.5821607,5.2019476],[7.5553052,5.1834011],[7.5628153,5.1764075]],[[7.5827637,5.1772361],[7.5903801,5.1975734],[7.6044249,5.1944248],[7.6049866,5.1949865],[7.6083326,5.2162502]],[[4.1721312,7.6709014],[4.1380364,7.6249212],[4.1769953,7.5969954]],[[4.1769953,7.5969954],[4.2124941,7.6162471]],[[4.2124941,7.6162471],[4.2176049,7.6247899]],[[7.452636,5.7862006],[7.437955,5.7720729],[7.4583326,5.7662502],[7.452636,5.7862006]],[[7.4200001,5.8223507],[7.4333326,5.8162502],[7.4446444,5.8409654],[7.4200001,5.8325033]],[[7.4200001,5.8325033],[7.4200001,5.8223507]],[[7.4139315,5.9106512],[7.4305331,5.9190497],[7.4309237,5.9357163],[7.4028801,5.922016],[7.4139315,5.9106512]],[[7.3232903,5.9462347],[7.3100578,5.9529242],[7.2971998,5.9368475],[7.3166659,5.9329169],[7.3232903,5.9462347]],[[7.3944654,5.9634507],[7.4150383,5.9693874],[7.4084465,5.9828762],[7.3862134,5.972016],[7.3944654,5.9634507]],[[7.2838743,5.9977484],[7.3051588,6.0027614],[7.3264448,6.02]],[[4,7.3400002],[4,7.3800001],[3.98,7.4000001]],[[3.9456377,7.3121812],[3.98,7.3029561]],[[7.3031568,6.1385117],[7.285009,6.1362575],[7.2896477,6.0989732],[7.3166659,6.0912502],[7.3031568,6.1385117]],[[7.1598487,6.2501512],[7.1535066,6.2635067]],[[7.2657484,6.2642518],[7.2465976,6.2575384],[7.2760409,6.2378485],[7.2793321,6.2506681]],[[4.1916659,7.2995835],[4.1943189,7.3283718],[4.2046217,7.3366237],[4.221386,7.3701157],[4.2214023,7.3875108],[4.1809563,7.399079],[4.1526523,7.3588202],[4.1027011,7.3780259],[4.1052401,7.3576157],[4.160953,7.3416856],[4.1395989,7.3245835],[4.1499993,7.3162502],[4.1583326,7.3162502],[4.1736809,7.3123114],[4.16844,7.288878],[4.1916659,7.2829169],[4.1916659,7.2912502],[4.1916659,7.2995835]],[[8.7380364,5.9792873],[8.7186028,5.9865464],[8.704703,5.9539048],[8.7499992,5.9495835],[8.7380364,5.9792873]],[[8.8771802,6.027855],[8.8543938,6.0168524],[8.8833326,6.0079169],[8.8771802,6.027855]],[[5.6668407,6.0500002],[5.6730299,6.0647528],[5.6683098,6.0858506],[5.6382642,6.0568711],[5.6650421,6.0500002],[5.6668407,6.0500002]],[[5.6495435,6.178034],[5.6377271,6.1559434],[5.6583326,6.1495835],[5.6495435,6.178034]],[[5.6367574,6.4032426],[5.6162701,6.4062701]],[[5.5471793,6.3571793],[5.5362623,6.3454169],[5.5473951,6.3368272],[5.5380364,6.3032131],[5.5295721,6.3008563]],[[5.5295721,6.3008563],[5.5159921,6.261984]],[[5.5159921,6.261984],[5.519384,6.2452541],[5.5531568,6.2314317],[5.5630364,6.2115464],[5.5705885,6.238642],[5.5904452,6.2129095],[5.604703,6.2365464],[5.6213697,6.2542873],[5.6369621,6.2115464],[5.6471021,6.241002],[5.6439446,6.2623358],[5.6930982,6.2727077],[5.6964999,6.2957424],[5.6847161,6.3152574],[5.6992017,6.3520982],[5.6928408,6.3671592],[5.6825891,6.3774109],[5.6695272,6.3899999]],[[5.6695272,6.3899999],[5.6500001,6.3899999],[5.6367574,6.4032426]],[[7.2324073,7.3200002],[7.2399998,7.3167181]],[[6.7240493,7.4329753],[6.71,7.428219],[6.71,7.4213137],[6.7249993,7.4079169],[6.7329242,7.4299998],[6.7240493,7.4329753]],[[6.7547268,6.1952732],[6.75,6.2016581]],[[6.75,6.2140462],[6.7617343,6.2273911],[6.75,6.2354947]],[[6.9000001,6.1799998],[6.9000001,6.185855],[6.9000001,6.1875203],[6.9200001,6.21],[6.9200001,6.2259875],[6.9200001,6.232593],[6.9200001,6.2794858]],[[6.9200001,6.2794858],[6.9132154,6.2769476],[6.9049309,6.2446519],[6.8948072,6.2291205],[6.8937167,6.1984483],[6.8618157,6.2192206],[6.8465976,6.207689],[6.8673007,6.1933864],[6.8164055,6.1643378],[6.8049309,6.1773911],[6.8249993,6.1912502],[6.804052,6.2217108],[6.7952304,6.2007839],[6.7810869,6.1894567]],[[7.0118319,6.5446722],[6.9880364,6.5242214],[7.0166659,6.5162502],[7.0118319,6.5446722]],[[6.9618157,6.4961045],[6.9784823,6.5184759],[6.9351718,6.5530625],[6.9455722,6.5003973],[6.9618157,6.4961045]],[[6.966552,6.6108099],[6.9522779,6.6196519],[6.9299309,6.5985378],[6.9583326,6.5912502],[6.966552,6.6108099]],[[7.21,4.6406162],[7.21,4.6500001]],[[7.0099332,4.6899666],[7.0453769,4.6366237],[7.0601067,4.6248236],[7.1033847,4.6302069],[7.146272,4.5959051],[7.1528937,4.5876314]],[[7.1786926,4.5999999],[7.1749993,4.6162502],[7.1916659,4.6162502],[7.1916659,4.6329169],[7.1549309,4.6432969],[7.177815,4.6529852],[7.1916659,4.6329169],[7.21,4.6406162]],[[7.1399999,5.7399998],[7.0900002,5.7399998],[7.0700002,5.7600002],[7.0599999,5.7600002]],[[7.0300002,5.7399998],[7.04,5.71],[7.04,5.6500001],[7.0500002,5.6399999]],[[7.1399999,5.7199998],[7.1399999,5.7399998]],[[6.0109693,5.1528672],[5.9962883,5.1387396],[6.0166659,5.1329169],[6.0109693,5.1528672]],[[5.8999993,5.1829169],[5.9034009,5.1613186],[5.9135246,5.1457871],[5.9099998,5.1189222]],[[5.9099998,5.1189222],[5.9200001,5.1399999],[5.9330883,5.1530884]],[[5.9330883,5.1530884],[5.9381503,5.1666083],[5.9758131,5.1581651],[5.9504387,5.1863186],[5.9122714,5.1777655],[5.8999993,5.1829169]],[[5.8999993,5.1829169],[5.894856,5.2029852],[5.8715976,5.1834743],[5.878759,5.1777004],[5.8999993,5.1829169]],[[5.7916659,5.1912502],[5.7916659,5.2079169]],[[5.7916659,5.2079169],[5.7838456,5.202309],[5.7880944,5.1938113],[5.7916659,5.1912502]],[[5.7916659,5.1912502],[5.8137064,5.1799998],[5.815027,5.1799998],[5.8114739,5.1957953],[5.8200002,5.2086899]],[[5.8200002,5.2162502],[5.7916659,5.2162502],[5.7916659,5.2079169]],[[6.1900001,5.2201523],[6.1900001,5.2206814]],[[6.1999998,5.2403179],[6.1889641,5.2440497],[6.1756991,5.2178127],[6.1900001,5.2080876]],[[5.8478932,5.2378931],[5.8527987,5.2534003],[5.8304783,5.2602394],[5.828469,5.2584692],[5.8249993,5.2412502],[5.8333326,5.2266662]],[[4.7199998,7.6500001],[4.7381345,7.6681346]],[[4.7381345,7.6681346],[4.7177727,7.6601304],[4.7136265,7.6500001]],[[4.7397128,7.7874253],[4.7273105,7.802383],[4.7138664,7.7785142],[4.7333326,7.7745835],[4.7397128,7.7874253]],[[4.5931734,7.7168266],[4.6080071,7.7225287],[4.635953,7.7190537],[4.6249993,7.739586],[4.6453769,7.77921],[4.6787102,7.7982774],[4.6477007,7.8231021]],[[4.6477007,7.8231021],[4.6414764,7.8044297]],[[4.6414764,7.8044297],[4.6365507,7.7896523]],[[4.6365507,7.7896523],[4.6300001,7.77],[4.5900002,7.7399998]],[[4.5799999,7.7199998],[4.5931734,7.7168266]],[[4.7807122,7.8259304],[4.764843,7.8106105],[4.7833326,7.8079169],[4.7807122,7.8259304]],[[4.8416659,7.8329169],[4.8451827,7.8424087],[4.8444321,7.842784],[4.8416659,7.8329169]],[[7.6288037,4.483041],[7.6012037,4.4924465],[7.6054336,4.4788608],[7.6288037,4.483041]],[[7.6223788,4.5342637],[7.6065097,4.5189439],[7.6249992,4.5162502],[7.6223788,4.5342637]],[[7.7758494,4.5383016],[7.7516757,4.5525092],[7.7327225,4.5075396],[7.7642021,4.5104508],[7.783856,4.5161437]],[[7.5599999,4.5515182],[7.6108228,4.5687038],[7.6288567,4.6002875],[7.5793287,4.5867336],[7.5599999,4.5882895]],[[7.6610507,4.5968614],[7.6770012,4.6046006],[7.6642082,4.6287502],[7.6759107,4.6508286],[7.6472812,4.6459255],[7.6603345,4.6212673],[7.644384,4.613528],[7.6389478,4.5950384],[7.6610507,4.5968614]],[[4.52,7.8592417],[4.4881829,7.8794378],[4.470149,7.8863959],[4.4524895,7.8830918],[4.4566399,7.8620835],[4.4513827,7.8355332],[4.4717603,7.8209336],[4.4670417,7.797042]],[[4.7960767,6.1605536],[4.7802239,6.1374375],[4.7999993,6.1329169],[4.7960767,6.1605536]],[[4.9955396,6.2769436],[4.9713697,6.2805161],[4.9786776,6.2530625],[5.0166659,6.2495835],[4.9955396,6.2769436]],[[4.6304192,6.2810126],[4.5908684,6.3034409],[4.6089185,6.2710923],[4.6249993,6.2662502],[4.6304192,6.2810126]],[[4.5499993,6.3079169],[4.5343581,6.3034452],[4.5330039,6.3018719],[4.5499993,6.3079169]],[[4.9288567,6.3524766],[4.9052239,6.3368964],[4.9333326,6.3329169],[4.9288567,6.3524766]],[[4.8702629,6.3691392],[4.854703,6.3569159],[4.8749993,6.3412502],[4.8702629,6.3691392]],[[4.7716586,6.3704146],[4.7915194,6.3456284],[4.8166659,6.3412502],[4.812011,6.3784694],[4.8062054,6.3790515]],[[4.5438957,6.4281724],[4.5128085,6.4127834],[4.5499993,6.4079169],[4.5438957,6.4281724]],[[4.9086768,6.4186765],[4.9333326,6.4079169],[4.92927,6.4330899]],[[6.1982903,7.1462347],[6.1783521,7.1563218],[6.1721998,7.1427639],[6.1916659,7.1329169],[6.1982903,7.1462347]],[[6.1596835,7.1860988],[6.1463697,7.1711127],[6.1749993,7.1662502],[6.1596835,7.1860988]],[[6.1416659,7.2829169],[6.1114088,7.2863592],[6.1135409,7.2958604],[6.1003899,7.3113185],[6.0882642,7.2768052],[6.1220533,7.2545152],[6.1416659,7.2829169]],[[6.2307121,7.3509304],[6.214843,7.3356105],[6.2333326,7.3329169],[6.2307121,7.3509304]],[[6.2682935,7.4196356],[6.2523105,7.427383],[6.2388664,7.4035142],[6.2583326,7.3995835],[6.2682935,7.4196356]],[[6.1744459,7.4338202],[6.1555331,7.4197577],[6.1833326,7.4162502],[6.1744459,7.4338202]],[[6.0899895,7.4438788],[6.0481926,7.4530625],[6.0691887,7.4199815],[6.0833326,7.4162502],[6.0899895,7.4438788]],[[6.1230461,7.454092],[6.1106438,7.4690497],[6.0971998,7.4451809],[6.1166659,7.4412502],[6.1230461,7.454092]],[[6.251825,7.4618249],[6.2633131,7.466242],[6.2870435,7.4366237],[6.3046217,7.42921],[6.3342603,7.4005072],[6.357356,7.3716579],[6.3846557,7.3899999]],[[6.1249993,7.5329169],[6.1277987,7.5190497],[6.1443996,7.5]],[[6.1666941,7.54],[6.1249993,7.5329169]],[[6.1249993,7.5329169],[6.1201069,7.54],[6.1199999,7.5401549],[6.1168938,7.5446519],[6.0799309,7.5363104],[6.0897779,7.5242661],[6.1249993,7.5329169]],[[8.0943026,5.7695339],[8.0796216,5.7554063],[8.0999992,5.7495835],[8.0943026,5.7695339]],[[8.0707299,5.8207297],[8.062662,5.7967881],[8.0916659,5.7912502],[8.103759,5.8257635],[8.0815805,5.8347416],[8.0707299,5.8207297]],[[8.1609693,5.8362006],[8.1462883,5.8220729],[8.1666659,5.8162502],[8.1609693,5.8362006]],[[8.1955233,5.8858099],[8.1718905,5.8702297],[8.1999992,5.8662502],[8.1955233,5.8858099]],[[8.1300123,5.8986761],[8.1052239,5.8957465],[8.1138339,5.8707098],[8.1333326,5.8662502],[8.1300123,5.8986761]],[[8.3299634,4.8444281],[8.3163939,4.8352282],[8.3339691,4.815363],[8.3499992,4.8079169],[8.3299634,4.8444281]],[[8.3969753,4.933951],[8.3999996,4.9400001],[8.4285807,4.9495266]],[[8.4285807,4.9495266],[8.3880364,4.9555161],[8.3969753,4.933951]],[[8.2689052,4.8995061],[8.2832675,4.8603868],[8.2948886,4.8712347],[8.2974114,4.9025946],[8.3378085,4.9117743],[8.3802727,4.9709174],[8.3704842,5.0704845]],[[8.3704842,5.0704845],[8.3500004,5.0500002],[8.3299999,5.0100002],[8.3132308,4.9932305]],[[8.3132308,4.9932305],[8.321272,4.9788153],[8.3070468,4.940058],[8.2970468,4.9370467]],[[8.2970468,4.9370467],[8.29,4.9200001],[8.2689052,4.8995061]],[[3.1245028,6.5345029],[3.1367128,6.54]],[[3.1367128,6.54],[3.1179517,6.5617743],[3.108121,6.5486151],[3.1245028,6.5345029]],[[3.0616176,6.5300002],[3.0955917,6.5300002]],[[3.0955917,6.5300002],[3.0974277,6.5944077],[3.0697584,6.6045681],[3.0722812,6.5732123],[3.0590162,6.5370835],[3.0616176,6.5300002]],[[2.9573398,6.5899685],[2.9490553,6.6113186],[2.9215976,6.5801092],[2.9416659,6.5662502],[2.9573398,6.5899685]],[[3.29,6.71],[3.27,6.75],[3.25,6.75],[3.24,6.7399998],[3.22,6.7399998],[3.2,6.73],[3.1734864,6.7399998]],[[3.1734864,6.7399998],[3.1544752,6.7224147],[3.16219,6.7117743],[3.1871412,6.7006374],[3.1288567,6.6873928],[3.0711418,6.6684027],[3.0845859,6.6423407],[3.1206047,6.6624375],[3.1533521,6.6636908],[3.1700188,6.6443467],[3.2047601,6.64714]],[[8.7917798,6.7180487],[8.7749504,6.7360174],[8.7635572,6.7041042],[8.7833326,6.6995835],[8.7917798,6.7180487]],[[4.5700002,7.8099999],[4.5900002,7.8200002],[4.5999999,7.8400002],[4.6133872,7.8400002]],[[4.6133872,7.8400002],[4.6166497,7.8662258],[4.5774342,7.8348686]],[[4.580468,7.9275336],[4.5627271,7.9001857],[4.5916659,7.8912502],[4.580468,7.9275336]],[[4.656862,7.8768621],[4.6700001,7.8899999],[4.6900001,7.9269029]],[[4.6900001,7.9269029],[4.6744459,7.9486029],[4.6547,7.9447],[4.6364399,7.93822],[4.6480787,7.8799831],[4.656862,7.8768621]],[[3.29,6.71],[3.3099999,6.71],[3.3299999,6.6799998],[3.3499999,6.6599998],[3.3699999,6.6599998]],[[3.3900001,6.6700001],[3.4100001,6.6700001]],[[3.4100001,6.6700001],[3.4100001,6.6999998]],[[3.4050795,6.6950793],[3.3968092,6.6711818],[3.3882642,6.7045152],[3.3700676,6.7113186],[3.3632642,6.7295152],[3.3249993,6.7579169],[3.2976881,6.7628973],[3.2877271,6.7960231],[3.2594719,6.7802598],[3.2461093,6.7957749],[3.2290194,6.7943996],[3.2211418,6.8290594],[3.21219,6.8367743],[3.2010409,6.8617743],[3.1788079,6.8540432],[3.1764641,6.7993801],[3.1895338,6.7759751],[3.1734864,6.7399998]],[[8.4394524,6.8696885],[8.4364576,6.8900091],[8.4083651,6.8858588],[8.4131177,6.8537502],[8.4106275,6.8369208],[8.4249992,6.8329169],[8.4394524,6.8696885]],[[8.3702629,6.9774725],[8.354703,6.9652492],[8.3749992,6.9495835],[8.3702629,6.9774725]],[[8.3416659,7.0329169],[8.3290032,7.0382351],[8.3061679,7.023371],[8.3343742,7.0045152],[8.3416659,7.0329169]],[[6,5.7574869],[5.9592929,5.7483588],[5.9628995,5.7428993]],[[6.0900002,5.7994322],[6.0742612,5.7800002]],[[6.1199999,5.8214926],[6.114664,5.8235907],[6.09058,5.8000002]],[[6.1599998,5.8668332],[6.1392571,5.8595607],[6.1365814,5.8400002]],[[6.2313979,5.9420969],[6.2272942,5.9451076],[6.2044752,5.9082709],[6.21,5.9066076]],[[6.0839319,6.283932],[6.0635735,6.2897447],[6.0546217,6.276968],[6.0799999,6.2714769]],[[6.0307121,6.3009304],[6.014843,6.2856105],[6.0333326,6.2829169],[6.0307121,6.3009304]],[[5.6695272,6.3899999],[5.6622063,6.3994818],[5.6367574,6.4032426]],[[4.0137967,7.3400002],[4.0220045,7.3555202],[4.0709791,7.3535793],[4.0833163,7.366885],[4.0546054,7.3959296],[4.0286451,7.3949001],[4.0294993,7.4164997]],[[7.8859693,7.7528672],[7.8712883,7.7387396],[7.8916659,7.7329169],[7.8859693,7.7528672]],[[8.2277987,7.5910915],[8.196386,7.6027614],[8.1884921,7.5703517],[8.2166659,7.5662502],[8.2277987,7.5910915]],[[5.1199999,7.771487],[5.1237297,7.7866685],[5.1126421,7.8047159]],[[5.1126421,7.8047159],[5.1199999,7.79],[5.1199999,7.771487]],[[5.1611321,7.7801174],[5.1804355,7.789883],[5.1809237,7.8107163],[5.1528801,7.797016],[5.1611321,7.7801174]],[[5.2083326,7.8329169],[5.202522,7.7863592],[5.2280266,7.7895331],[5.2378727,7.777873]],[[5.2378727,7.777873],[5.25,7.79]],[[5.25,7.8026507],[5.2279452,7.8119411],[5.25,7.8357569],[5.25,7.8423809],[5.2083326,7.8329169]],[[5.101914,7.8261719],[5.1277987,7.8476711],[5.0962096,7.8613711]],[[5.0962096,7.8613711],[5.101914,7.8261719]],[[5.0999993,7.8829169],[5.0900002,7.885849]],[[5.0900002,7.885849],[5.0941877,7.8674372]],[[5.0941877,7.8674372],[5.0999993,7.8829169]],[[5.2083326,7.8329169],[5.2010735,7.8589911],[5.1869622,7.8698797],[5.1717766,7.8895453],[5.1630364,7.8782131],[5.1380364,7.8589178],[5.1467929,7.8520453],[5.162955,7.8544338],[5.1787265,7.8280544],[5.2083326,7.8329169]],[[5.0999993,7.8829169],[5.1249993,7.8893337],[5.1193515,7.9145534],[5.1044589,7.9112168],[5.0999993,7.8829169]],[[5.1321163,7.938942],[5.1361321,7.9190497],[5.1573993,7.9263003]],[[5.6193026,4.8945339],[5.6046217,4.8804063],[5.6249993,4.8745835],[5.6193026,4.8945339]],[[5.6499993,4.9829169],[5.6300448,4.9772121],[5.6441724,4.9625433],[5.6499993,4.9829169]],[[5.7521802,4.9861883],[5.7293938,4.9751857],[5.7583326,4.9662502],[5.7521802,4.9861883]],[[5.9099998,5.1189222],[5.9212395,5.1214423],[5.9330883,5.1530884]],[[6.8299999,5.9200001],[6.8400002,5.9200001],[6.8800001,5.9000001],[6.9193526,5.8899999]],[[6.9193526,5.8899999],[6.9166659,5.8995835],[6.926751,5.8967511]],[[6.926751,5.8967511],[6.9299998,5.9000001]],[[6.9403549,5.9051775],[6.9419562,5.9059781]],[[6.98,5.9099998],[6.9899998,5.9200001],[7.0219875,5.9200001]],[[7.0219875,5.9200001],[7.0300002,5.930173]],[[7.0300002,5.930173],[7.04,5.9499998],[7.02,5.9699998],[6.9699998,5.9899998],[6.96,6.0100002]],[[6.9971998,5.9368475],[7.0038404,5.9585028],[7.0166659,5.9329169],[6.9971998,5.9368475]],[[4.2930819,7.8192084],[4.2796868,7.827383],[4.2721998,7.805215],[4.2833326,7.7995835],[4.2930819,7.8192084]],[[4.3099999,7.9258233],[4.3068815,7.9268813],[4.3031106,7.9231105],[4.2887851,7.8929266],[4.3249993,7.8745835],[4.3299999,7.8811575]],[[6.8128187,5.9285905],[6.8128573,5.895128],[6.79,5.8849299]],[[6.79,5.8849299],[6.79,5.8699999],[6.7803642,5.8507279]],[[6.7803642,5.8507279],[6.7912916,5.8311468],[6.8082187,5.8508002],[6.8194652,5.7770232]],[[6.8194652,5.7770232],[6.8600001,5.7600002],[6.8800001,5.7600002],[6.896042,5.7840283],[6.8991136,5.786076],[6.9200001,5.8000002]],[[6.926751,5.8967511],[6.9193526,5.8899999]],[[7.8400002,4.7454826],[7.821565,4.7285549],[7.8084465,4.7290757],[7.8113566,4.71],[7.8269321,4.71],[7.8310465,4.7110466]],[[7.8200002,4.8829433],[7.7967115,4.8662502],[7.8083326,4.8579169],[7.8054517,4.8107937],[7.7887851,4.7892889],[7.7978671,4.7706203],[7.8249992,4.7579169],[7.8374504,4.78758],[7.8485703,4.7871407]],[[7.7817817,4.8899999],[7.7916659,4.8829169],[7.811067,4.8991807],[7.79,4.9188677]],[[7.7907999,4.9608],[7.8027499,4.9587429],[7.8137801,4.9724398]],[[7.0300002,5.8200002],[7.0470169,5.8200002]],[[7.0470169,5.8200002],[7.0300002,5.8284907]],[[7.1798193,5.8299999],[7.1458326,5.8455389],[7.1350774,5.8400002]],[[7.1350774,5.8400002],[7.1500001,5.8400002],[7.1700001,5.8299999]],[[7.1700001,5.8299999],[7.1798193,5.8299999]],[[7.0300002,5.8557734],[7.0421542,5.8787502],[7.0219875,5.9200001]],[[7.1199999,5.9200001],[7.0900002,5.9299998],[7.0508925,5.925223]],[[7.0508925,5.925223],[7.0712395,5.9099351],[7.0697421,5.8720241],[7.0793938,5.8537827],[7.067852,5.8200002]],[[7.067852,5.8200002],[7.0900002,5.8200002],[7.0999999,5.8299999],[7.1218066,5.8359033]],[[7.1218066,5.8359033],[7.1103508,5.8478176],[7.1210279,5.8790025],[7.1542473,5.8788356],[7.172037,5.8696682],[7.1900001,5.8511853]],[[7.1900001,5.8511853],[7.1900001,5.879465]],[[7.1900001,5.879465],[7.1671154,5.9200001]],[[7.8583326,5.7745835],[7.8554166,5.7745835]],[[7.859085,5.7709152],[7.8583326,5.7745835]],[[7.8583326,5.7745835],[7.8871249,5.7802069],[7.8700839,5.8132961],[7.8461878,5.8290608]],[[7.8499992,5.7912502],[7.8583326,5.7745835]],[[7.9597205,5.9088816],[7.9208326,5.9031358],[7.9124992,5.9198024],[7.9307121,5.9224921],[7.9280917,5.9401923],[7.8940585,5.9532131],[7.8965162,5.9365912],[7.8702955,5.9292873],[7.8630364,5.9088161],[7.8822095,5.8940212],[7.8993645,5.8965521],[7.9202955,5.8615464],[7.9353758,5.8553759]],[[7.9521672,5.98],[7.9293938,5.9476101],[7.9499992,5.9412502],[7.9699998,5.9575364]],[[7.9020759,5.0710381],[7.8872877,5.0701564],[7.861718,5.0947862],[7.86372,5.1285142],[7.8304843,5.1140936],[7.8461256,5.0704779],[7.8416659,5.0495835],[7.8416659,5.0412502],[7.8413357,5.04]],[[7.9333326,5.1912502],[7.9008782,5.2043239],[7.8873365,5.2218614],[7.879703,5.2032131],[7.8600416,5.1880357],[7.8872063,5.161225],[7.9191724,5.1737901],[7.9287427,5.161404],[7.9441724,5.1636867],[7.9333326,5.1912502]],[[7.979703,5.2042873],[7.9630364,5.2319118],[7.9487948,5.1971177],[7.9833326,5.1912502],[7.979703,5.2042873]],[[7.8916659,5.2579169],[7.8883619,5.2732408],[7.86372,5.2834011],[7.8703117,5.2302517],[7.8779452,5.2549668],[7.8916659,5.2579169]],[[7.7602421,4.6402418],[7.737955,4.6303005],[7.7371412,4.6201483],[7.7654289,4.5913438],[7.77,4.5952806]],[[7.7161125,4.6588202],[7.6971998,4.6447577],[7.7249992,4.6412502],[7.7161125,4.6588202]],[[7.7057121,4.7009304],[7.689843,4.6856106],[7.7083326,4.6829169],[7.7057121,4.7009304]],[[7.7333326,4.7662502],[7.7166659,4.7662502],[7.7166659,4.7495835],[7.7333326,4.7495835],[7.7333326,4.7662502]],[[7.7333326,4.7662502],[7.7450676,4.7928575],[7.7243157,4.8029852],[7.7333326,4.7662502]],[[7.7583326,4.8579169],[7.7432639,4.853264],[7.7394908,4.849491],[7.749397,4.8289862],[7.7583326,4.8579169]],[[7.8230461,7.354092],[7.8106438,7.3690497],[7.7971998,7.3451809],[7.8166659,7.3412502],[7.8230461,7.354092]],[[7.6538567,7.4132879],[7.6363762,7.4294867],[7.637662,7.4622219],[7.6327955,7.4702582],[7.6117994,7.4257635],[7.6129062,7.3727199],[7.6333326,7.3662502],[7.6538567,7.4132879]],[[7.6359693,7.5112005],[7.6212883,7.4970729],[7.6416659,7.4912502],[7.6359693,7.5112005]],[[8.9302076,6.9251369],[8.9056145,6.9209255],[8.915022,6.9031602],[8.9333326,6.8995835],[8.9302076,6.9251369]],[[8.4795071,7.2890141],[8.4916659,7.2829169],[8.4979973,7.295661],[8.489074,7.3081483]],[[8.489074,7.3081483],[8.4795071,7.2890141]],[[6.9708899,5.73],[6.9950676,5.7133042],[6.9708651,5.7062486],[6.9671252,5.73]],[[6.9609001,5.73],[6.9499993,5.7162502],[6.9303866,5.7204698],[6.9417829,5.7399998]],[[6.9417829,5.7399998],[6.9200001,5.73],[6.9400001,5.6999998],[6.9400001,5.6878877]],[[6.9400001,5.6878877],[6.9689608,5.6855577],[6.9935702,5.6992824],[7.0038567,5.6850856],[6.9857252,5.6694729],[6.9680819,5.6299261],[6.9499998,5.6509246],[6.9499998,5.6287713],[6.9524003,5.6199999]],[[4.6469348,7.3761304],[4.6699862,7.3828924],[4.6717603,7.4003404],[4.6537753,7.436697],[4.6402011,7.482986],[4.618261,7.5093858],[4.5873039,7.5210231],[4.5785478,7.5104842]],[[4.6310275,7.4034586],[4.6494459,7.4171535],[4.6583326,7.3995835],[4.6313404,7.4029892]],[[4.5799999,7.7117626],[4.5931734,7.7168266]],[[5.6818076,7.3159037],[5.6782219,7.3346828],[5.6543287,7.3134548],[5.6706696,7.3103347],[5.6818076,7.3159037]],[[5.790022,7.3797186],[5.772623,7.3857163],[5.7638664,7.3701809],[5.7833326,7.3662502],[5.790022,7.3797186]],[[5.74108,7.376378],[5.7246249,7.3946519],[5.7049309,7.3652045],[5.7333326,7.3579169],[5.74108,7.376378]],[[5.9132642,7.4446519],[5.9200676,7.469306],[5.8800937,7.4383246],[5.8999993,7.4245835],[5.9132642,7.4446519]],[[5.8579094,7.443541],[5.884065,7.4615993],[5.8572909,7.4696519],[5.8430006,7.4139878],[5.8666659,7.4079169],[5.8579094,7.443541]],[[5.7393744,7.4964581],[5.7288567,7.4873928],[5.7172356,7.4613674],[5.689371,7.4636094],[5.6461418,7.4422837],[5.6939446,7.4342311],[5.7104973,7.4534287],[5.7209954,7.4185492],[5.7333326,7.4079169],[5.7372388,7.4377142],[5.7624993,7.4236192],[5.78719,7.4373928],[5.83719,7.4465155],[5.8042148,7.4793158],[5.7686028,7.4540594],[5.7483228,7.4646673],[5.7665604,7.5055202]],[[5.7665604,7.5055202],[5.7393744,7.4964581]],[[7.0100002,4.9000001],[7.0115897,4.9215895]],[[7.0115897,4.9215895],[7.02,4.9374858]],[[7.02,4.9374858],[7.02,4.9499998],[7.0105497,4.9689008]],[[7.0105497,4.9689008],[6.966845,4.9724107],[7.0101067,4.9453151],[6.9578443,4.8821438],[6.9455559,4.8964016],[6.9288892,4.8950588],[6.9185702,4.9070542],[6.9249993,4.9245835],[6.9065422,4.9208563],[6.8971998,4.902383],[6.8792961,4.8933213],[6.8583326,4.8912502],[6.8606036,4.8800001],[6.8775588,4.8800001],[6.8916659,4.8745835],[6.90583,4.8600001]],[[6.9166659,4.9912502],[6.9084953,4.9713527],[6.9368157,4.9859361],[6.9166659,4.9912502]],[[6.6759931,5.0270037],[6.6811462,5.0434389]],[[6.6811462,5.0434389],[6.6700001,5.0300002]],[[6.7385409,5.0668036],[6.7139478,5.0625922],[6.7233554,5.0448269],[6.7416659,5.0412502],[6.7385409,5.0668036]],[[6.821386,5.1150783],[6.7971998,5.0945624],[6.8333326,5.0912502],[6.821386,5.1150783]],[[6.752636,5.2445339],[6.737955,5.2304063],[6.7583326,5.2245835],[6.752636,5.2445339]],[[6.9200001,5.6171315],[6.9233955,5.6199999],[6.906599,5.6199999],[6.9113419,5.6186579],[6.9200001,5.6171315]],[[6.8740377,5.6199999],[6.8540845,5.6563951],[6.8486122,5.6413877]],[[6.852636,5.6945339],[6.837955,5.6804063],[6.8583326,5.6745835],[6.852636,5.6945339]],[[6.8008969,5.6891033],[6.8249993,5.6829169],[6.848746,5.7324611],[6.7933749,5.7188625],[6.7998063,5.690194],[6.8008969,5.6891033]],[[6.7999993,5.7829169],[6.7964167,5.79],[6.7770086,5.79],[6.7999993,5.7829169]],[[6.8194652,5.7770232],[6.8210442,5.7666652],[6.8544752,5.7457261],[6.8633619,5.735403],[6.8619621,5.7179877],[6.8955233,5.6867743],[6.9128085,5.6790594],[6.9290194,5.6602484],[6.9400001,5.6878877]],[[6.9417829,5.7399998],[6.9499998,5.7425369]],[[8.489074,7.3081483],[8.4638664,7.2968573],[8.4795071,7.2890141]],[[8.6041334,7.5830715],[8.5803541,7.602912],[8.5883456,7.5712388],[8.6083326,7.5662502],[8.6041334,7.5830715]],[[8.5720187,7.6360092],[8.561585,7.6307924],[8.5641757,7.6132513],[8.5833326,7.6079169],[8.5720187,7.6360092]],[[8.75,7.75],[8.7409967,7.75],[8.75,7.7436312]],[[8.75,7.7436312],[8.75,7.75]],[[5.7577252,7.5559085],[5.8013569,7.5678392]],[[5.8013569,7.5678392],[5.8288567,7.5922674],[5.8038567,7.5873928],[5.76219,7.5707261],[5.7577252,7.5559085]],[[5.7184288,7.5571904],[5.7229322,7.5766221],[5.7028476,7.5887355],[5.6870761,7.586404],[5.6741041,7.6032131],[5.654703,7.5916083],[5.6674635,7.5680731],[5.6878573,7.5710842],[5.702709,7.5599999],[5.7184288,7.5571904]],[[5.8749993,7.6329169],[5.8519036,7.6150905],[5.8380364,7.592418],[5.8688957,7.5969794],[5.8749993,7.6329169]],[[5.7196282,7.6526963],[5.6881177,7.6396267],[5.7083326,7.6245835],[5.7196282,7.6526963]],[[5.7787265,7.6566799],[5.7446119,7.6532009],[5.7469394,7.6303737],[5.7666659,7.6245835],[5.7787265,7.6566799]],[[5.7609693,7.6862005],[5.7462883,7.6720729],[5.7666659,7.6662502],[5.7609693,7.6862005]],[[5.9193677,7.6919623],[5.8904289,7.6846706],[5.8800123,7.6706],[5.9083326,7.6662502],[5.9193677,7.6919623]],[[7.677636,4.8612006],[7.662955,4.847073],[7.6833326,4.8412502],[7.677636,4.8612006]],[[7.6815229,4.961523],[7.7166659,4.9579169],[7.7101718,4.9688666],[7.6821104,4.9621105],[7.6815229,4.961523]],[[7.3099999,5.6616284],[7.2705722,5.6512966],[7.2715976,5.6774156],[7.2521151,5.7248602],[7.2544225,5.7399998]],[[7.2544225,5.7399998],[7.2399998,5.7399998]],[[7.1999998,5.5799999],[7.211367,5.5856836]],[[7.211367,5.5856836],[7.2091789,5.6072292],[7.2251132,5.6264268],[7.2448821,5.5900002]],[[7.2448821,5.5900002],[7.2600002,5.5999999]],[[3.6834465,6.6680487],[3.6666171,6.6860174],[3.6552239,6.6541042],[3.6749993,6.6495835],[3.6834465,6.6680487]],[[3.4719375,6.6999998],[3.4461256,6.6860093],[3.4319901,6.6999998]],[[3.4100001,6.6700001],[3.4150922,6.6700001]],[[3.4150922,6.6700001],[3.4327604,6.6686199]],[[3.4327604,6.6686199],[3.47,6.6500001],[3.48,6.6500001],[3.49,6.6300001],[3.47,6.6300001],[3.47935,6.6106501]],[[3.47935,6.6106501],[3.4812696,6.6100001]],[[3.5700297,6.545015],[3.5849173,6.5549175]],[[3.6375705,6.5700002],[3.6464999,6.5799994],[3.6447909,6.6087388],[3.5956047,6.6201809],[3.5916659,6.6329169],[3.6337883,6.661404],[3.6117343,6.6696519],[3.5888502,6.6863186],[3.5604322,6.6678086],[3.5382074,6.6999998]],[[7.7105819,5.9099998],[7.7199998,5.9187194],[7.7199998,5.9190009],[7.6799998,5.9275848]],[[7.684434,6.0327832],[7.6805331,6.0197577],[7.6999998,6.0173015]],[[7.5859693,6.0435288],[7.5570631,6.0485052],[7.5384595,6.0184312],[7.5542636,6.0211493],[7.5749993,6.0162502],[7.5859693,6.0435288]],[[7.4911939,6.0538845],[7.4983879,6.0859686],[7.5236321,6.0954169],[7.5189446,6.1163316],[7.490494,6.1099514],[7.4640292,6.0716172],[7.4716952,6.0373765],[7.4999993,6.0329169],[7.4911939,6.0538845]],[[7.629703,6.095954],[7.616845,6.1172634],[7.5963697,6.0978054],[7.6333326,6.0829169],[7.629703,6.095954]],[[7.5555331,6.1051174],[7.5383293,6.1397325],[7.5221998,6.1303127],[7.5397453,6.0950018],[7.5555331,6.1051174]],[[7.5013838,6.2515406],[7.4721835,6.2696519],[7.4387851,6.2212673],[7.4583326,6.2162502],[7.465136,6.2261094],[7.5015104,6.2512241],[7.5013838,6.2515406]],[[7.4612603,6.3087397],[7.4532219,6.2950629],[7.481311,6.288689]],[[7.127636,4.9862006],[7.112955,4.972073],[7.1333326,4.9662502],[7.127636,4.9862006]],[[7.02,4.9374858],[7.0294589,4.9367255],[7.0418775,4.9645819],[7.027164,4.9867743],[7.0105497,4.9689008]],[[7.1688632,4.9972398],[7.1297844,5.0062933],[7.1464836,4.9793117],[7.1749993,4.9745835],[7.1688632,4.9972398]],[[7.1639336,4.8600001],[7.134358,4.9293606],[7.095442,4.9533636],[7.0795565,4.9791368],[7.0795565,4.9950303],[7.0871086,5.0100246],[7.0683912,5.036697],[7.0538404,5.0191758],[7.0372063,5.0208726],[7.0212232,5.0096462],[7.0545565,4.9791368],[7.0787753,4.936697],[7.0998039,4.9275783],[7.1121086,4.9100002],[7.0727694,4.9110093],[7.0833326,4.8829169],[7.0916659,4.8829169],[7.0833326,4.8829169],[7.0689608,4.8872422],[7.0358228,4.9212876],[7.0115897,4.9215895]],[[7.1249993,5.1412502],[7.1398267,5.1213243],[7.1535474,5.1527289],[7.1249993,5.1412502]],[[7.5333326,4.8912502],[7.5361321,4.877383],[7.562662,4.8469468],[7.5861321,4.8603176],[7.5723951,4.8884344],[7.5333326,4.8912502]],[[7.5333326,4.8912502],[7.5166659,4.9079169],[7.5166659,4.8912502],[7.5333326,4.8912502]],[[7.4999993,4.9199993],[7.5083326,4.9162502],[7.5083326,4.9283323]],[[7.5514408,4.96],[7.5465976,4.9529852],[7.5666659,4.9412502],[7.5790538,4.96]],[[7.6599998,4.9871912],[7.6706038,5.0006038]],[[7.5416659,5.6412502],[7.5453606,5.6128404],[7.5790032,5.6092759],[7.553108,5.6535915],[7.5416659,5.6412502]],[[7.5745272,5.7237331],[7.5545077,5.7357163],[7.5471998,5.7118475],[7.5666659,5.7079169],[7.5745272,5.7237331]],[[7.6499992,5.6995835],[7.6632821,5.703282],[7.6635062,5.7035062],[7.6536288,5.7198798],[7.6457187,5.7482611],[7.579703,5.7343288],[7.598095,5.7172837],[7.6367506,5.7324774],[7.6499992,5.6995835]],[[7.3711163,5.6911164],[7.3543124,5.7039211],[7.3455555,5.6900001]],[[7.1700001,5.8299999],[7.1700001,5.8099999],[7.1500001,5.7800002],[7.1500001,5.75],[7.1399999,5.7399998]],[[7.2544225,5.7399998],[7.2600976,5.7399998],[7.2805579,5.7294423],[7.309358,5.7492539],[7.2800285,5.7764146],[7.2554192,5.828559],[7.2416659,5.8329169],[7.2333326,5.8329169],[7.2206698,5.8289089],[7.1980298,5.8044745],[7.1916659,5.8245835],[7.1798193,5.8299999]],[[7.2299309,5.7985378],[7.2444817,5.8113104],[7.2583326,5.7912502],[7.2299309,5.7985378]],[[7.4200001,5.8325033],[7.3885572,5.8410101],[7.3957024,5.8160793],[7.4200001,5.8223507]],[[7.3697421,5.8339423],[7.3532545,5.8445013],[7.346093,5.8648423],[7.3282545,5.8463324],[7.3103834,5.8112534],[7.3583326,5.8079169],[7.3697421,5.8339423]],[[7.1900001,5.8511853],[7.1962558,5.8451687],[7.220914,5.8453314],[7.2367994,5.8618679],[7.2624179,5.8793443],[7.1900001,5.879465]],[[7.3833326,5.8579169],[7.3833326,5.8829169],[7.3583326,5.8829169],[7.3583326,5.8579169],[7.3833326,5.8579169]],[[7.232895,5.9276316],[7.2499993,5.9245835],[7.2546092,5.9373045]],[[5.5912916,7.5673325],[5.5634921,7.5618109],[5.5833326,7.5495835],[5.5912916,7.5673325]],[[5.5302076,7.6001369],[5.5056145,7.5959255],[5.515022,7.5781602],[5.5333326,7.5745835],[5.5302076,7.6001369]],[[5.1116835,7.6108418],[5.088807,7.6111932]],[[5.4950839,7.6109279],[5.465787,7.6195786],[5.4718417,7.5955755],[5.4999993,7.5912502],[5.4950839,7.6109279]],[[5.4083326,7.6329169],[5.3777987,7.6301174],[5.3721998,7.6205633],[5.3984856,7.6134507],[5.4083326,7.6329169]],[[5.4083326,7.6329169],[5.4290357,7.6226304],[5.4361321,7.6450669],[5.4122551,7.652383],[5.4083326,7.6329169]],[[5.568261,7.6528916],[5.5447421,7.6647894],[5.5388664,7.6368475],[5.5583326,7.6329169],[5.568261,7.6528916]],[[5.1609693,7.6695339],[5.1462883,7.6554063],[5.1666659,7.6495835],[5.1609693,7.6695339]],[[5.1381503,7.6759385],[5.1209628,7.685639],[5.1139478,7.6613063],[5.1416659,7.6579169],[5.1381503,7.6759385]],[[5.2582926,7.6682925],[5.2380689,7.6870021],[5.2074537,7.6673081],[5.1874301,7.6368575]],[[5.3942701,7.6929266],[5.3634921,7.6868109],[5.3897616,7.6706244],[5.4083326,7.6662502],[5.3942701,7.6929266]],[[5.643619,7.6869452],[5.6211744,7.6940497],[5.6138664,7.6701809],[5.6333326,7.6662502],[5.643619,7.6869452]],[[5.3083326,7.6995835],[5.3043287,7.7181789],[5.28872,7.7103379],[5.3083326,7.6995835]],[[5.1557121,7.7259304],[5.139843,7.7106105],[5.1583326,7.7079169],[5.1557121,7.7259304]],[[5.2718743,7.729149],[5.2596672,7.7446519],[5.2465976,7.7130682],[5.2666659,7.7079169],[5.2718743,7.729149]],[[5.2378727,7.777873],[5.2517733,7.7708767],[5.2565931,7.7834072]],[[5.7112817,7.785641],[5.7029615,7.7342678],[5.7049309,7.718419],[5.7416659,7.7079169],[5.7455396,7.7476792],[5.762955,7.7616237],[5.7703769,7.7776068],[5.7287102,7.7866237],[5.7199998,7.7917435]],[[6.0271802,6.8111883],[6.0043938,6.8001857],[6.0333326,6.7912502],[6.0271802,6.8111883]],[[6.0448886,6.9846828],[6.0209954,6.9634548],[6.0499993,6.9579169],[6.0448886,6.9846828]],[[5.9159986,7.0107692],[5.8963697,7.0004828],[5.9083326,6.9912502],[5.9159986,7.0107692]],[[6.0159986,7.2107692],[5.9963697,7.2004828],[6.0083326,7.1912502],[6.0159986,7.2107692]],[[5.5295721,6.3008563],[5.508414,6.2949652],[5.5032545,6.2601019],[5.5159921,6.261984]],[[6.6478345,4.9663845],[6.6246737,4.9779852],[6.6312981,4.9484076],[6.6416659,4.9412502],[6.6478345,4.9663845]],[[6.6388664,5.0384507],[6.6138664,5.0388495],[6.6275871,5.0107611],[6.6416659,5.0079169],[6.6388664,5.0384507]],[[6.6811462,5.0434389],[6.6548495,5.0298977],[6.6700001,5.025902]],[[6.5418124,5.0729681],[6.5557772,5.1041571],[6.5483065,5.1110948],[6.5301588,5.0777614],[6.4971021,5.0699733],[6.5240552,5.0533596],[6.5499993,5.0495835],[6.5723788,5.0612819],[6.5685377,5.0735988],[6.5418124,5.0729681]],[[6.6877677,5.0633032],[6.6809726,5.0817409],[6.6549309,5.1046983],[6.6133456,5.118419],[6.6305657,5.0782823],[6.6192213,5.0707383],[6.6308424,5.053327],[6.6831976,5.0495932],[6.6877677,5.0633032]],[[6.3864235,4.9771526],[6.3984368,5.003323],[6.4293938,4.9706529],[6.4332548,4.9499998]],[[6.4338345,4.9499998],[6.4464022,4.9730088],[6.470442,4.9966498],[6.4359856,4.9931382],[6.4384107,5.0168483],[6.456233,5.0479722],[6.4950839,5.064822],[6.4833326,5.0745835],[6.4940911,5.0866278],[6.5206047,5.0987901],[6.4898105,5.1244981],[6.4622714,5.0956529],[6.4543938,5.0784898],[6.4368645,5.0795314],[6.4150296,5.0550889]],[[6.627636,5.1445339],[6.612955,5.1304063],[6.6333326,5.1245835],[6.627636,5.1445339]],[[6.5401569,5.1803137],[6.5718254,5.1630723],[6.5781731,5.1444281],[6.5979485,5.1710231],[6.5719556,5.1798773],[6.5626295,5.2072577],[6.5430902,5.1861802],[6.5401569,5.1803137]],[[5.5650117,5.9000001],[5.5700002,5.896978]],[[5.46,6.0183602],[5.4212883,5.9970729],[5.4453769,5.9958767],[5.4864088,6.0047552],[5.4721174,6.0121177],[5.46,6.0183602]],[[5.8510409,7.552973],[5.8382642,7.5384426],[5.8583326,7.5245835],[5.8510409,7.552973]],[[5.7577252,7.5559085],[5.7523105,7.537938],[5.7128085,7.5380642],[5.7213046,7.5182766],[5.7393744,7.4964581]],[[5.7665604,7.5055202],[5.76997,7.5131577],[5.7948398,7.5111599],[5.804524,7.5285183],[5.8013569,7.5678392]],[[5.9529615,7.644363],[5.9214511,7.6312933],[5.9416659,7.6162502],[5.9529615,7.644363]],[[7.0139204,5.4039203],[7.0156243,5.4279852],[6.9915156,5.3857578]],[[7.1243257,5.4286516],[7.1161288,5.42744],[7.072216,5.4537014],[7.1259663,5.4640336]],[[7.1259663,5.4640336],[7.1199999,5.4699998]],[[7.0113278,5.5100002],[7.0104322,5.4988348],[6.9784335,5.478799],[7.0027987,5.457807],[7.0127922,5.4354315],[7.0522942,5.4386094],[7.0706047,5.4283962],[7.0893873,5.4299058],[7.1035123,5.4135123]],[[7.21,4.6406162],[7.2152499,4.6428208],[7.2465976,4.6211818],[7.2552727,4.5979681],[7.2708651,4.5944769],[7.29,4.5991745]],[[7.2916659,4.6033317],[7.2939585,4.6079169]],[[4.6333326,7.8079169],[4.6414764,7.8044297]],[[4.6477007,7.8231021],[4.6333326,7.8079169]],[[4.6333326,7.8079169],[4.6109693,7.8205633],[4.6133872,7.8400002]],[[4.6365507,7.7896523],[4.6333326,7.8079169]],[[4.803689,7.9134222],[4.7965976,7.8992783],[4.8340162,7.8878485],[4.8263484,7.9190872]],[[4.7013871,7.9386128],[4.6900001,7.9269029]],[[4.656862,7.8768621],[4.6988762,7.861933],[4.715459,7.8600001],[4.7333786,7.8583108],[4.7427094,7.9172904]],[[4.7399998,7.9299998],[4.71,7.9299998],[4.7013871,7.9386128]],[[7.0701338,6.1101337],[7.0599999,6.0999999]],[[7.0300002,6.0500002],[7.0599999,6.04],[7.0799999,6.04],[7.108289,6.0017111]],[[7.108289,6.0017111],[7.1209791,6.0204331],[7.11219,6.0288845],[7.1373202,6.0776719],[7.0916659,6.0579169],[7.0611321,6.0736314],[7.0633619,6.0888006],[7.0795891,6.086404],[7.0905917,6.1006577],[7.1106275,6.1161159],[7.0701338,6.1101337]],[[9.0416659,7.3412502],[9.0618808,7.3733262],[8.9824862,7.3652329],[8.9619296,7.3178249],[8.9569172,7.3000002],[8.9624226,7.2983851],[8.9876295,7.2863999],[8.9961581,7.2966579],[9.0127759,7.2949652],[9.0301587,7.3049221],[9.0538404,7.3025091],[9.0679192,7.3194484],[9.0416659,7.3412502]],[[8.9916659,7.3995835],[8.9858065,7.4223944],[8.9580071,7.4363185],[8.9652987,7.403738],[8.9916659,7.3995835]],[[8.8900003,7.5508434],[8.8900003,7.580851]],[[8.8900003,7.580851],[8.8820468,7.5908677],[8.8638664,7.5805161],[8.8775871,7.5524074],[8.8900003,7.5508434]],[[8.75,7.7436312],[8.7558342,7.75],[8.75,7.75]],[[2.7257642,6.3722438],[2.7706047,6.3860907],[2.7087364,6.3957319],[2.7095554,6.3703297],[2.7257642,6.3722438]],[[2.8570631,6.4084377],[2.7895012,6.3950873],[2.8499993,6.3912502],[2.8570631,6.4084377]],[[3.0999993,6.4162502],[3.0916659,6.4162502],[3.0916659,6.4079169],[3.0999993,6.4162502]],[[3.1166659,6.4245835],[3.1197992,6.4165575]],[[3.1197992,6.4165575],[3.1198679,6.4245835]],[[3.1198679,6.4245835],[3.1166659,6.4245835]],[[3.1166659,6.4245835],[3.1199397,6.4329694]],[[3.1199397,6.4329694],[3.1199999,6.5],[3.1267668,6.5067669]],[[3.1267668,6.5067669],[3.0955917,6.5300002]],[[3.0616176,6.5300002],[3.0738599,6.496666],[3.0286451,6.4930324],[3.0301425,6.5117743],[2.9889641,6.4996893],[2.9705234,6.4784409],[2.9572747,6.5367743],[2.9412916,6.5149522],[2.96219,6.4580552],[2.9544752,6.4534409],[2.8718092,6.4450059],[2.8699049,6.4214138],[2.9010084,6.4040594],[2.963899,6.4119086],[2.9818678,6.4082831],[3.0250318,6.4212754],[2.9961418,6.4373928],[2.9699211,6.4452907],[3.0048658,6.4703884],[2.9878085,6.4850856],[3.0035637,6.4897976],[3.0205885,6.4700222],[3.0790683,6.479092],[3.0877271,6.4783962],[3.1117831,6.4918158],[3.1132154,6.4740057],[3.0831861,6.4606105],[3.0961418,6.4373928],[3.0999993,6.4162502]],[[3.0999993,6.4162502],[3.1166659,6.4245835]],[[3.1382343,6.5382342],[3.1367128,6.54]],[[3.1245028,6.5345029],[3.1282112,6.5282112]],[[3.1282112,6.5282112],[3.1382343,6.5382342]],[[7.7770687,6.6454137],[7.7828606,6.6570664],[7.762841,6.6690497],[7.7555331,6.6451809],[7.7656701,6.643134],[7.7770687,6.6454137]],[[7.4916043,6.8470989],[7.5038078,6.8708767],[7.561539,6.8649929],[7.5453769,6.8784247],[7.5440422,6.9087469],[7.555175,6.9383612],[7.5289889,6.9644944]],[[7.4400001,6.8800001],[7.4499998,6.8800001],[7.4499998,6.8600001],[7.4916043,6.8470989]],[[3.3299999,6.4899998],[3.3299999,6.4699998],[3.3499999,6.4499998],[3.3599999,6.4499998],[3.3731234,6.3949483]],[[3.3731234,6.3949483],[3.3965705,6.3989337],[3.3916659,6.4412502],[3.3833326,6.4495835],[3.3916659,6.4412502],[3.413134,6.4192124],[3.4336722,6.4204369]],[[3.4444591,6.464459],[3.3933098,6.4704494],[3.4009637,6.4990364]],[[6.5364413,6.1714829],[6.5468905,6.1776841],[6.553108,6.2014105],[6.5052239,6.1957464],[6.5138339,6.1707098],[6.5364413,6.1714829]],[[6.4602532,6.2495835],[6.4350253,6.2439276],[6.4383619,6.2290432],[6.4666659,6.2245835],[6.4602532,6.2495835]],[[6.5823479,6.2676521],[6.590022,6.2531602],[6.6083326,6.2495835],[6.6058358,6.27]],[[6.0885084,4.6540188],[6.0715976,4.6410223],[6.0833326,4.6329169],[6.0885084,4.6540188]],[[6.0968417,4.7123521],[6.0799309,4.6993557],[6.0916659,4.6912502],[6.0968417,4.7123521]],[[6.0916659,4.8079169],[6.0854973,4.8284287],[6.067675,4.8077419],[6.0811679,4.7873928],[6.0916659,4.7995835],[6.0916659,4.8079169]],[[6.1742506,4.830451],[6.1520989,4.8254828],[6.1562981,4.8067409],[6.1666659,4.7995835],[6.1742506,4.830451]],[[5.9764153,4.8275417],[5.9630201,4.8357163],[5.9555331,4.8135484],[5.9666659,4.8079169],[5.9764153,4.8275417]],[[6.1111483,4.8363104],[6.0965976,4.8235378],[6.1249993,4.8162502],[6.1111483,4.8363104]],[[6.1397128,4.879092],[6.1273105,4.8940497],[6.1138664,4.8701809],[6.1333326,4.8662502],[6.1397128,4.879092]],[[6.1111655,5.0029449],[6.0963697,4.9782131],[6.0814771,4.9667263],[6.1128689,4.9613933]],[[6.9654929,6.125493],[6.98,6.1387668]],[[7.0100002,6.1599998],[7.0100002,6.1799998],[7,6.1900001],[7,6.2245841]],[[7,6.2245841],[6.9702466,6.2278103],[6.9606438,6.2527085],[6.9699998,6.2565606]],[[6.9692658,6.271468],[6.9499993,6.2745835],[6.9475206,6.3024794],[6.9434556,6.3065444],[6.9382642,6.2863186],[6.9200001,6.2794858]],[[7.0300002,5.930173],[7.0508925,5.925223]],[[7.1162184,5.977563],[7.095914,5.983454],[7.108289,6.0017111]],[[3.8023826,7.3788087],[3.7920566,7.3716823],[3.8299309,7.3461818],[3.8499993,7.3162502],[3.8394849,7.3022202],[3.8277401,7.2574201]],[[3.1249993,6.4245835],[3.1198679,6.4245835]],[[3.1197992,6.4165575],[3.1249993,6.4245835]],[[3.1786829,6.5556586],[3.180761,6.5297593],[3.1540032,6.5199326],[3.1382343,6.5382342]],[[3.1282112,6.5282112],[3.1296385,6.5103618],[3.1296921,6.5096922],[3.1267668,6.5067669]],[[3.1199397,6.4329694],[3.1249993,6.4245835]],[[3.1249993,6.4245835],[3.1583326,6.4079169],[3.1666659,6.4079169],[3.1884921,6.4202948],[3.1712232,6.4346462],[3.2241041,6.4440334],[3.2333326,6.4329169],[3.2166659,6.4329169],[3.2166659,6.4079169],[3.2249993,6.4079169],[3.2290032,6.4035915],[3.3731234,6.3949483]],[[3.2549309,6.411819],[3.3008456,6.4187567],[3.3083326,6.4079169],[3.2549309,6.411819]],[[7.8569166,5.5640733],[7.824511,5.5775336],[7.8346835,5.5528794],[7.8499992,5.5495835],[7.8569166,5.5640733]],[[7.8609693,5.6362006],[7.8462883,5.6220729],[7.8666659,5.6162502],[7.8609693,5.6362006]],[[7.8449862,5.6472723],[7.8218742,5.6700303],[7.8128899,5.622252],[7.8333326,5.6162502],[7.8449862,5.6472723]],[[7.7545403,5.7290432],[7.7288078,5.7367743],[7.7128085,5.6896999],[7.7499992,5.6829169],[7.7545403,5.7290432]],[[7.8800001,4.6034937],[7.9038567,4.6059271],[7.8872551,4.6384955],[7.874249,4.645751]],[[7.8666321,4.6500001],[7.8400002,4.6648568]],[[7.9664321,4.6900001],[7.9634649,4.6900001]],[[7.9042171,4.6900001],[7.9064934,4.6323635],[7.9448723,4.6075873],[7.9528594,4.5814298]],[[7.9699998,4.5964972],[7.9543287,4.6214829],[7.96,4.6267367]],[[7.8499999,4.6905888],[7.8743304,4.7056695]],[[7.2749993,5.3162502],[7.2539706,5.3267035],[7.2499868,5.3099999],[7.2625572,5.3058143],[7.2749993,5.3162502]],[[7.2749993,5.3162502],[7.2833326,5.3033326]],[[7.2958721,5.3158721],[7.2947432,5.3852568]],[[7.2800002,5.5],[7.25,5.5],[7.2399998,5.4899998],[7.2199998,5.5],[7.1999998,5.4899998],[7.1799998,5.4899998]],[[7.1259663,5.4640336],[7.1688469,5.4722764],[7.179703,5.4542873],[7.1864711,5.4299998],[7.1909078,5.4286383],[7.2359205,5.4352891],[7.2391594,5.4133978],[7.2272291,5.3936428],[7.2377922,5.3678697],[7.2749993,5.3162502]],[[6.1313795,5.5124253],[6.1189771,5.527383],[6.1055331,5.5035142],[6.1249993,5.4995835],[6.1313795,5.5124253]],[[6.2396574,5.5300002],[6.2553378,5.5527126],[6.2526848,5.5645534],[6.2135457,5.5532272]],[[8.2833326,4.9329169],[8.2689052,4.8995061]],[[8.2970468,4.9370467],[8.2833326,4.9329169]],[[8.2833326,4.9329169],[8.2795565,4.9458034],[8.2600578,4.9533636],[8.2440259,4.934048],[8.2452995,4.9215342]],[[8.2599423,4.9050587],[8.2632154,4.9162014],[8.2833326,4.9329169]],[[8.3704842,5.0704845],[8.3691236,5.0843247],[8.3469231,5.0951076],[8.3378085,5.0451076],[8.310188,5.0701076],[8.3135084,5.0287502],[8.3132308,4.9932305]],[[7.9134513,5.3800001],[7.9000001,5.3800001],[7.8633844,5.3933843]],[[7.8633844,5.3933843],[7.9061679,5.3623928],[7.9134513,5.3800001]],[[7.295573,5.0599999],[7.2971672,5.0138861],[7.2879802,4.9899998]],[[7.3231768,4.9931766],[7.3416659,5.0162502],[7.3374939,5]],[[7.3542109,5],[7.3583326,5.0329169],[7.3795728,5.0365139],[7.4025058,5.0805121],[7.4212395,5.0781805],[7.4287102,5.0958767],[7.443733,5.1079169],[7.4287102,5.1199571],[7.4038078,5.1510443],[7.3762037,5.1626776],[7.3599949,5.1799946]],[[7.7666659,5.1412502],[7.7664136,5.1399999]],[[7.7800002,5.0955663],[7.7874992,5.0858506],[7.8085767,5.1062038],[7.7916171,5.1343003],[7.7666659,5.1412502]],[[7.7666659,5.1412502],[7.7593254,5.1603664],[7.7718742,5.1704169],[7.7546216,5.1875433],[7.6961907,5.2245225],[7.687955,5.2625433],[7.6720533,5.2866237],[7.6599998,5.267677]],[[7.7530277,5.1399999],[7.7666659,5.1412502]],[[7.7287753,5.2624701],[7.7621086,5.2769191],[7.7287753,5.286697],[7.7096509,5.2976548],[7.6962232,5.2743475],[7.7249992,5.2579169],[7.7287753,5.2624701]],[[7.332064,6.9200001],[7.3141757,6.9004421],[7.3642408,6.8875921],[7.3382642,6.8540635],[7.3450676,6.8279852],[7.3715976,6.8211818],[7.3867343,6.7946519],[7.4284009,6.7865179],[7.4252968,6.7788244]],[[7.4435834,6.7800002],[7.4916043,6.8470989]],[[8.5336414,4.7760922],[8.5401522,4.8079047],[8.5042473,4.7918483],[8.5336414,4.7760922]],[[8.3969753,4.933951],[8.4267082,4.9160101],[8.4416659,4.9329169],[8.4471184,4.9467881],[8.4285807,4.9495266]],[[9.1599998,6.6890895],[9.1464511,6.6787502],[9.1426425,6.6529649],[9.1128818,6.6300001]],[[9.0880364,6.7876206],[9.0692212,6.8021389],[9.054703,6.820954],[9.029703,6.8235825],[9.0463697,6.795954],[9.0560539,6.7723008],[9.0916659,6.7662502],[9.0880364,6.7876206]],[[9.1495435,6.8947007],[9.1377271,6.8726101],[9.1583326,6.8662502],[9.1495435,6.8947007]],[[9.043619,7.0202785],[9.0211744,7.027383],[9.0138664,7.0035142],[9.0333326,6.9995835],[9.043619,7.0202785]],[[4.9050123,7.4820095],[4.8802239,7.4790798],[4.8888339,7.4540432],[4.9083326,7.4495835],[4.9050123,7.4820095]],[[4.77,7.5794882],[4.7796542,7.5780625],[4.7869622,7.6042873],[4.804703,7.6115464],[4.8119622,7.6292873],[4.8325513,7.6451768],[4.8452955,7.6638495],[4.8159986,7.6595241],[4.804703,7.6448797],[4.7845045,7.6376206],[4.7881829,7.6625881],[4.7464348,7.6713975],[4.7381345,7.6681346]],[[4.8359368,7.6901556],[4.8081373,7.7026841],[4.7968905,7.6702297],[4.8249993,7.6662502],[4.8359368,7.6901556]],[[6.317496,7.1008897],[6.2925611,7.1198797],[6.2663404,7.0858994],[6.2354159,7.0904689],[6.2521314,7.0479681],[6.2916659,7.0412502],[6.3155592,7.0542425],[6.2947909,7.0702704],[6.317496,7.1008897]],[[4.2038404,7.5668361],[4.1971998,7.5451809],[4.2166659,7.5412502],[4.2038404,7.5668361]],[[4.1769953,7.5969954],[4.1842278,7.5876206],[4.201578,7.5980007],[4.2124941,7.6162471]],[[4.2292794,7.6246398],[4.2394524,7.6049668],[4.2661125,7.6150132],[4.2607089,7.6293524],[4.2423662,7.6311833]],[[4.0042251,6.9080749],[4.0196458,6.9148228]],[[4.0196458,6.9148228],[4.0327304,6.9303371],[4.0190748,6.9643378],[4.025748,7.0031398],[3.9868808,6.9960272],[3.9738925,6.9633286],[3.9556308,6.9601833],[3.9360507,6.9723008],[3.8986158,6.9574204],[3.8924635,6.9217149],[3.9379713,6.9295477],[3.9458326,6.9189805],[3.9583326,6.9329169],[3.9633293,6.952912],[4.0149732,6.9391669],[4.0042251,6.9080749]],[[7.9249992,5.4079169],[7.9346819,5.4106362],[7.9340752,5.4118495],[7.9249992,5.4079169]],[[7.9249992,5.4079169],[7.921173,5.4288269],[7.9200001,5.4500842],[7.8921216,5.4345323],[7.9047193,5.4119533],[7.8938306,5.4040594],[7.8757642,5.4250311],[7.8633844,5.3933843]],[[7.9134513,5.3800001],[7.9249992,5.4079169]],[[7.8995232,5.4914304],[7.878759,5.5025336],[7.8720533,5.4538031],[7.8916659,5.4495835],[7.8979647,5.4627956],[7.884065,5.4704169],[7.905295,5.4820575],[7.8995232,5.4914304]],[[7.6399663,5.5400335],[7.6448072,5.5701402],[7.6234665,5.563067],[7.6399663,5.5400335]],[[7.7463403,5.607319],[7.7302239,5.5896958],[7.7416659,5.5829169],[7.7524353,5.5926943],[7.7463403,5.607319]],[[3.4327604,6.6686199],[3.4365878,6.6528347],[3.4589348,6.6449733],[3.4499993,6.6245835],[3.4239576,6.6384548],[3.4150922,6.6700001]],[[3.4087878,6.54],[3.4122714,6.5623195],[3.4410963,6.5880804],[3.47935,6.6106501]],[[3.7253196,6.8079794],[3.7416659,6.7912502],[3.7492994,6.8066026],[3.7319808,6.8179712],[3.7253196,6.8079794]],[[3.7714511,6.8558376],[3.7465976,6.8318711],[3.7749993,6.8245835],[3.7714511,6.8558376]],[[3.9833326,6.8579169],[3.9708489,6.8641262],[3.954996,6.8563828],[3.94497,6.8761786],[3.9138665,6.8607163],[3.8999993,6.8579169],[3.8858391,6.8358588],[3.8881666,6.8200913],[3.8784986,6.8040757],[3.881412,6.7843369],[3.9111809,6.7887355],[3.9288404,6.7780869],[3.9537428,6.776968],[3.9740553,6.8032823],[3.9833326,6.8579169]],[[3.9833326,6.8579169],[4.0047844,6.8614732],[4.0118808,6.8793605],[4.0216301,6.8866115],[4.0196458,6.9148228]],[[4.0042251,6.9080749],[3.9833326,6.8579169]],[[9.0364901,7.1335638],[9.0212395,7.1444281],[9.0051587,7.1201442],[9.0249992,7.1079169],[9.0364901,7.1335638]],[[9.3075365,7.1675362],[9.2887185,7.1524784]],[[9.2887185,7.1524784],[9.2999992,7.1495835],[9.3075365,7.1675362]],[[4.73,8.1198614],[4.7399998,8.1300001],[4.7399998,8.1599998],[4.7248253,8.1851745]],[[4.7248253,8.1851745],[4.6900001,8.1653631]],[[4.6900001,8.1653631],[4.6945284,8.1309432]],[[4.6945284,8.1309432],[4.7057451,8.1199999]],[[4.7057451,8.1199999],[4.7129757,8.117024]],[[4.7129757,8.117024],[4.73,8.1198614]],[[4.7458288,7.9329144],[4.7496249,7.9519273],[4.7013871,7.9386128]],[[4.5723788,7.9759304],[4.5565097,7.9606105],[4.5749993,7.9579169],[4.5723788,7.9759304]],[[4.5300002,7.9636314],[4.5499993,7.9579169],[4.5443026,7.9778672],[4.5300002,7.9641039],[4.5300002,7.9636314]],[[4.7088046,7.9861558],[4.6880364,7.9627793],[4.7166659,7.9579169],[4.7088046,7.9861558]],[[4.6083326,8.0079169],[4.5798821,7.9991319],[4.6019687,7.9873195],[4.6083326,8.0079169]],[[4.6083326,8.0079169],[4.6333326,7.9995835],[4.6263502,8.0279852],[4.6585605,8.0203151],[4.6465976,8.0029852],[4.6333326,7.9995835],[4.6383619,7.97001],[4.666731,7.9542873],[4.6606601,7.9954169],[4.679703,8.0032131],[4.6869622,8.020954],[4.7036288,8.0400824],[4.6708326,8.0352362],[4.6499993,8.0383164],[4.6129875,8.0353094],[4.6083326,8.0079169]],[[4.7600002,8.0600004],[4.7545403,8.0500002]],[[4.7545403,8.0500002],[4.7471998,8.0364243],[4.77,8.0335476]],[[6.0387851,6.7666042],[6.035953,6.7474921],[6.0628248,6.7460801],[6.0788404,6.7364203],[6.1012037,6.7397243],[6.1202955,6.7282131],[6.1666659,6.7245835],[6.1738111,6.7427598],[6.1495761,6.7573797],[6.1208,6.7531317],[6.0387851,6.7666042]],[[8.202001,4.7199998],[8.2127759,4.7116319],[8.2239431,4.7180284]],[[8.1520338,4.7201402],[8.1210604,4.7096543],[8.1416659,4.6912502],[8.1520338,4.7201402]],[[8.177164,4.7540513],[8.1461418,4.7607163],[8.1388664,4.7364244],[8.1666659,4.7329169],[8.177164,4.7540513]],[[7.5668562,6.4034281],[7.5481763,6.4352118],[7.5872063,6.4543076],[7.6030103,6.4523382],[7.6221998,6.4636175],[7.6197746,6.5081366],[7.5568352,6.5199571],[7.5456861,6.4935085],[7.5327792,6.5531683],[7.4983554,6.5329331],[7.4709953,6.5063625],[7.462955,6.4782904],[7.4479322,6.4662502],[7.463427,6.4538438],[7.4400001,6.4329163]],[[7.4486306,6.4013693],[7.4549843,6.3950156]],[[7.5701327,6.6219468],[7.555647,6.6366237],[7.5462883,6.6008897],[7.5583326,6.5912502],[7.5701327,6.6219468]],[[5.0629688,7.6970315],[5.0727043,7.7037502],[5.0549309,7.7211818],[5.0332615,7.7267388]],[[5.1126421,7.8047159],[5.0995435,7.7623114],[5.1166659,7.7579169],[5.1199999,7.771487]],[[5.0962096,7.8613711],[5.0941877,7.8674372]],[[5.0900002,7.885849],[5.0659335,7.8988308],[5.0545566,7.8649766],[5.088427,7.8502875],[5.0867994,7.8344549],[5.0247551,7.8518052],[5.0128899,7.8352606],[5.0462232,7.8208034],[5.0574862,7.782396],[5.0969719,7.8050116],[5.101914,7.8261719]],[[8.7930168,6.4527655],[8.779703,6.4377793],[8.8083326,6.4329169],[8.7930168,6.4527655]],[[7.5436378,5.5100002],[7.537662,5.5455552],[7.5286776,5.5625596],[7.5037265,5.5615708],[7.4833326,5.583576],[7.4708326,5.5700873],[7.462662,5.5789089],[7.4345673,5.583702],[7.4319544,5.5758637],[7.4299998,5.5618855]],[[7.4157576,5.5457577],[7.4465976,5.5378485],[7.4499993,5.5245835],[7.4091097,5.5282199]],[[7.4253455,5.4499998],[7.4460604,5.4533026],[7.473095,5.4634629],[7.4707015,5.4400001]],[[7.5100002,5.4903916],[7.5100002,5.4947371]],[[7.4677076,5.5285915],[7.4757805,5.5089138],[7.4666659,5.4829169],[7.4459953,5.4894639],[7.4677076,5.5285915]],[[7.43955,5.5141302],[7.4416659,5.4995835],[7.4184726,5.501732],[7.4062167,5.5144273],[7.43955,5.5141302]],[[7.4898783,5.6001213],[7.4807546,5.6092455],[7.4555331,5.6039374],[7.461718,5.5930039],[7.4898783,5.6001213]],[[7.4400001,5.6064889],[7.4499993,5.5995835],[7.4567701,5.6271633],[7.4400001,5.6185901],[7.4400001,5.6064889]],[[7.4337437,5.6262563],[7.4385572,5.662641],[7.4163404,5.6779852],[7.4233698,5.6466299],[7.4337437,5.6262563]],[[7.4229615,5.6985191],[7.4204935,5.6997531],[7.4200001,5.6992596],[7.4200001,5.6926542],[7.4229615,5.6985191]],[[9.3075365,7.1675362],[9.3109856,7.1757513],[9.2805168,7.1946519],[9.2570142,7.1606146],[9.2887185,7.1524784]],[[9.215966,7.2482692],[9.1970045,7.2607163],[9.1888664,7.2427639],[9.2083326,7.2329169],[9.215966,7.2482692]],[[9.202636,7.4695339],[9.187955,7.4554063],[9.2083326,7.4495835],[9.202636,7.4695339]],[[8.8900003,7.5508434],[8.8971998,7.571784],[8.8900003,7.580851]],[[6.6628952,5.741776],[6.6700676,5.7980495],[6.6544589,5.7945502],[6.6467792,5.7458051]],[[6.79,5.8849299],[6.7803642,5.8507279]],[[6.7756274,5.9943726],[6.7666139,6.0133863],[6.7649107,6.0249107],[6.7631455,6.0368547]],[[6.7401095,6.0999999],[6.7320305,6.0935288],[6.7414706,6.0176052],[6.7287102,5.9958767],[6.7212883,5.9616237],[6.7120435,5.9458767],[6.7046216,5.9032904],[6.6999993,5.8995835],[6.6962883,5.8866237],[6.663134,5.8412258],[6.6820305,5.82921],[6.6916659,5.8412502],[6.73719,5.9540594],[6.7558424,5.979621],[6.7800002,5.9776803]],[[8.0896151,7.2248724],[8.1045565,7.2124701],[8.1137688,7.1708848],[8.1499992,7.1662502],[8.1643873,7.197667],[8.1618645,7.2224758],[8.1374992,7.2199937],[8.0896151,7.2248724]],[[8.0603671,7.3618068],[8.0293938,7.351321],[8.0499992,7.3329169],[8.0603671,7.3618068]],[[7.8930168,7.3694322],[7.879703,7.354446],[7.9083326,7.3495835],[7.8930168,7.3694322]],[[7.9876946,7.469306],[7.9590976,7.4594834],[7.9640129,7.4451646],[7.9916659,7.4412502],[7.9876946,7.469306]],[[8.0609693,7.4862005],[8.0462883,7.4720729],[8.0666659,7.4662502],[8.0609693,7.4862005]],[[7.8859693,7.5445339],[7.8712883,7.5304063],[7.8916659,7.5245835],[7.8859693,7.5445339]],[[7.038757,6.2600002],[7.0496412,6.2521999],[7.0431959,6.2195705],[7.0185051,6.2044379],[7.021744,6.2208441],[7.0084628,6.2363959],[7,6.2245841]],[[7.0701338,6.1101337],[7.0666659,6.1245835],[7.0460605,6.1309434],[7.0578769,6.153034],[7.0666659,6.1245835],[7.0832349,6.1289577],[7.0782707,6.1541286],[7.0991433,6.1391433],[7.1111451,6.15229],[7.0800448,6.1745835],[7.0981926,6.1876003],[7.0949049,6.204267],[7.1199999,6.2293845]],[[7.0708006,6.2445996],[7.0608562,6.2495718]],[[3.4374504,7.5332139],[3.4592929,7.5472032],[3.451399,7.561168],[3.4125806,7.550259],[3.4050774,7.5204738],[3.4333326,7.5162502],[3.4374504,7.5332139]],[[3.4661939,7.5987331],[3.4461744,7.6107163],[3.4388665,7.5868475],[3.4583326,7.5829169],[3.4661939,7.5987331]],[[7.1999998,5.5671738],[7.212955,5.5700466],[7.211367,5.5856836]],[[7.2448821,5.5900002],[7.2111972,5.5338812],[7.1916659,5.5162502],[7.1799998,5.5069168]],[[5.9760409,7.7196397],[5.9632642,7.7051092],[5.9833326,7.6912502],[5.9760409,7.7196397]],[[5.8816887,7.8380519],[5.8642896,7.8440497],[5.8555331,7.8285142],[5.8749993,7.8245835],[5.8816887,7.8380519]],[[5.9951653,8.0040554],[6.0051913,8.0207017],[5.9904615,8.0282131],[5.979703,7.9802354],[5.9999993,7.9745835],[5.9951653,8.0040554]],[[4.981463,7.1714631],[4.9642896,7.177383],[4.9555331,7.1618475]],[[4.6890026,7.1790024],[4.7083326,7.1745835],[4.7053808,7.1953808]],[[4.8916008,7.2165838],[4.8711907,7.2446519],[4.8632642,7.1967759],[4.8833326,7.1829169],[4.8916008,7.2165838]],[[4.8950676,7.3045152],[4.9051913,7.3457017],[4.8968092,7.3613185],[4.8825839,7.3058539],[4.8950676,7.3045152]],[[4.9626783,7.3693508],[4.9218905,7.3552313],[4.9284498,7.3437404],[4.9471672,7.3501695],[4.9666659,7.3412502],[4.9626783,7.3693508]],[[5.001578,7.3281805],[5.0284172,7.339822],[5.0075676,7.3571478],[4.9902336,7.3780015],[4.9775546,7.3487534],[4.9798658,7.3260524],[4.9916659,7.3162502],[5.001578,7.3281805]],[[4.9968939,7.391553],[4.9982577,7.3789862],[5.0185314,7.3899999]],[[7.1350774,5.8400002],[7.1218066,5.8359033]],[[7.067852,5.8200002],[7.0470169,5.8200002]],[[7.0598625,5.8113186],[7.1132642,5.7878485],[7.1166659,5.7745835],[7.0652011,5.7875474],[7.0598625,5.8113186]],[[8.2794493,6.0105507],[8.2465976,5.9714016],[8.2666659,5.9662502],[8.2708814,5.9826483],[8.2947258,5.9991197],[8.2841849,6.0079076],[8.2794493,6.0105507]],[[7.0246249,6.7423325],[6.9968254,6.7368109],[7.0166659,6.7245835],[7.0246249,6.7423325]],[[7.4473238,7.0999999],[7.446272,7.1099921],[7.4191357,7.0999999]],[[4.127636,11.1945339],[4.112955,11.1804063],[4.1333326,11.1745835],[4.127636,11.1945339]],[[4.2302564,11.4156317],[4.2138665,11.4010972],[4.2333326,11.3912502],[4.2302564,11.4156317]],[[5.5627922,12.6777207],[5.5384921,12.661762],[5.5749993,12.6579168],[5.5627922,12.6777207]],[[5.3333326,12.8745835],[5.3270175,12.8361517],[5.3574049,12.8359889],[5.3524895,12.869249],[5.3333326,12.8745835]],[[5.2663241,11.1367214],[5.2459954,11.0967881],[5.2749993,11.0912502],[5.2663241,11.1367214]],[[5.2794101,11.1938869],[5.2635572,11.1707708],[5.2833326,11.1662502],[5.2794101,11.1938869]],[[9.7763502,10.0277655],[9.7630364,10.0127793],[9.7916659,10.0079168],[9.7763502,10.0277655]],[[10.1916659,10.1662502],[10.1916659,10.1829168],[10.1666659,10.1829168],[10.1666659,10.1662502],[10.1916659,10.1662502]],[[9.7359693,10.2278672],[9.7212883,10.2137396],[9.7416659,10.2079168],[9.7359693,10.2278672]],[[9.8789706,10.3629014],[9.8286776,10.3619004],[9.8288567,10.3332749],[9.7623365,10.3205755],[9.7543287,10.3113063],[9.7921542,10.2934556],[9.765787,10.2551377],[9.7873365,10.2539089],[9.8207837,10.2706325],[9.8595533,10.2604681],[9.8706698,10.2955755],[9.9034498,10.3059515],[9.8786776,10.3288967],[9.8789706,10.3629014]],[[9.7846835,8.7444321],[9.7713697,8.729446],[9.7999992,8.7245835],[9.7846835,8.7444321]],[[6.5553215,10.6622463],[6.5404615,10.6850734],[6.5215976,10.6568711],[6.5499993,10.6495835],[6.5553215,10.6622463]],[[7.48,10.5],[7.46,10.5100002],[7.46,10.54],[7.4699998,10.5600004]],[[7.4699998,10.5600004],[7.46,10.5500002],[7.4400001,10.5100002],[7.4299998,10.4799995],[7.4200001,10.4799995],[7.4000001,10.46]],[[7.4000001,10.46],[7.4000001,10.4399996],[7.3899999,10.4399996],[7.3899999,10.4200001],[7.4000001,10.4099998],[7.4221985,10.4099998]],[[7.4221985,10.4099998],[7.4488669,10.4288673]],[[7.4488669,10.4288673],[7.4400001,10.4399996],[7.4400001,10.46],[7.48,10.5]],[[7.8359693,11.3778672],[7.8212883,11.3637396],[7.8416659,11.3579168],[7.8359693,11.3778672]],[[7.8666659,11.3912502],[7.8702955,11.3698797],[7.8869925,11.3569924],[7.8931077,11.3631075],[7.9036288,11.3849717],[7.8666659,11.3912502]],[[7.8443026,11.4528672],[7.8296216,11.4387396],[7.8499992,11.4329168],[7.8443026,11.4528672]],[[7.7576653,11.4941025],[7.7380364,11.4838161],[7.7499992,11.4745835],[7.7576653,11.4941025]],[[7.8300123,11.5681707],[7.8054517,11.556924],[7.8144849,11.5368475],[7.8333326,11.5329168],[7.8300123,11.5681707]],[[8.0553215,11.6955796],[8.0373039,11.7232367],[8.0299309,11.6967759],[8.0499992,11.6829168],[8.0553215,11.6955796]],[[7.9635572,11.7291571],[7.9577792,11.7363185],[7.9382642,11.7130682],[7.9583326,11.7079168],[7.9635572,11.7291571]],[[8.0366529,11.7938381],[8.003759,11.8057806],[7.9966789,11.7862453],[7.971744,11.7545558],[7.9916659,11.7495835],[8.0035637,11.7674831],[8.0299146,11.7608425],[8.0366529,11.7938381]],[[6.0760409,9.7446397],[6.0632642,9.7301092],[6.0833326,9.7162502],[6.0760409,9.7446397]],[[5.98,9.0493885],[6.0083326,9.0412502],[6.0282695,9.075865]],[[6.0282695,9.075865],[6.0100002,9.0900002],[5.9899998,9.0900002],[5.98,9.0699997],[5.98,9.0493885]],[[12.0359693,11.2112005],[12.0212883,11.1970729],[12.0416659,11.1912502],[12.0359693,11.2112005]],[[12.0109693,11.2862005],[11.9962883,11.2720729],[12.0166659,11.2662502],[12.0109693,11.2862005]],[[10.426285,11.5353867],[10.4049309,11.5152044],[10.4333326,11.5079168],[10.426285,11.5353867]],[[10.5188469,11.6611883],[10.4960604,11.6501857],[10.5249992,11.6412502],[10.5188469,11.6611883]],[[10.2040031,11.6455755],[10.2123202,11.6622381],[10.2295565,11.670368],[10.1827304,11.7119248],[10.162662,11.6569647],[10.1999992,11.6412502],[10.2040031,11.6455755]],[[8.2742884,11.764288],[8.3024605,11.7924602]],[[8.3024605,11.7924602],[8.2799146,11.7861232],[8.2742884,11.764288]],[[8.2666659,11.7995835],[8.2480787,11.7955837],[8.2559075,11.7799668],[8.2666659,11.7995835]],[[8.1583326,11.8662502],[8.1639478,11.8374538],[8.2014966,11.8567979],[8.1829094,11.8746608],[8.1583326,11.8662502]],[[8.1409986,11.9024359],[8.1213697,11.8921494],[8.1333326,11.8829168],[8.1409986,11.9024359]],[[8.04,11.9399996],[8.04,11.9398241]],[[8.04,11.9398241],[8.0402719,11.9397277]],[[8.0402719,11.9397277],[8.04,11.9399996]],[[8.1242822,11.9399996],[8.1099997,11.9399996],[8.0892217,11.9492213]],[[8.0892217,11.9492213],[8.1188632,11.9304917],[8.1242822,11.9399996]],[[9.1943026,11.4195339],[9.1796216,11.4054063],[9.1999992,11.3995835],[9.1943026,11.4195339]],[[9.0266718,11.4700003],[9.0499992,11.4579168],[9.04,11.482597],[9.0266718,11.4700003]],[[9.3098387,11.4698386],[9.3197584,11.4934719],[9.2882642,11.4714015],[9.3066756,11.4666755],[9.3098387,11.4698386]],[[9.3359693,11.5028672],[9.3212883,11.4887396],[9.3416659,11.4829168],[9.3359693,11.5028672]],[[9.3666659,11.5079168],[9.362662,11.5265122],[9.3470533,11.5186712],[9.3666659,11.5079168]],[[9.2263036,11.5473926],[9.2134107,11.5294134],[9.2365878,11.5296657],[9.283082,11.5410274]],[[9.283082,11.5410274],[9.2299995,11.54],[9.2263036,11.5473926]],[[9.3201506,11.5500002],[9.3155601,11.5500002],[9.304703,11.5377793],[9.3333326,11.5329168],[9.3201506,11.5500002]],[[9.0866583,11.5866583],[9.0855461,11.5575669],[9.1166659,11.5495835],[9.1132642,11.5878485],[9.0927601,11.5927601],[9.0866583,11.5866583]],[[9.4416659,12.0412502],[9.4416659,12.0579168],[9.4166659,12.0579168],[9.4166659,12.0412502],[9.4416659,12.0412502]],[[9.646858,12.0783718],[9.6435539,12.0931097],[9.5904127,12.0811997],[9.6187004,12.0616725],[9.6333326,12.0579168],[9.646858,12.0783718]],[[9.5443026,12.1612005],[9.5296216,12.1470729],[9.5499992,12.1412502],[9.5443026,12.1612005]],[[7.7182538,12.6665078],[7.7332187,12.638231],[7.7453606,12.646137],[7.7462395,12.6847642],[7.7231592,12.679478],[7.7182538,12.6665078]],[[7.8214836,12.6759385],[7.8042961,12.685639],[7.7972811,12.6613063],[7.8249992,12.6579168],[7.8214836,12.6759385]],[[7.9006912,12.7606913],[7.9147075,12.7841231]],[[7.9147075,12.7841231],[7.8955559,12.806806],[7.8834465,12.771312],[7.9006912,12.7606913]],[[8.3199997,9.5880734],[8.3306746,9.6006745]],[[8.3306746,9.6006745],[8.3080559,9.6099676],[8.2631828,9.5806911],[8.2881828,9.5627712],[8.291757,9.5535142]],[[8.291757,9.5535142],[8.3081102,9.5740549]],[[8.3081102,9.5740549],[8.3199997,9.5880734]],[[8.2871086,9.7708034],[8.3117505,9.7814886],[8.2880689,9.8011623],[8.2712232,9.7763128],[8.2871086,9.7708034]],[[4.6539706,12.5105536],[4.6246737,12.5196519],[4.6313469,12.4898423],[4.6583326,12.4829168],[4.6539706,12.5105536]],[[9.6249992,11.7745835],[9.6287102,11.7616237],[9.6499996,11.750026],[9.6626147,11.7626151],[9.652522,11.7613592],[9.6556308,11.7863592],[9.6249992,11.7745835]],[[9.6249992,11.7745835],[9.6211581,11.793008],[9.602343,11.8024603],[9.588785,11.7780015],[9.6249992,11.7745835]],[[10.4217766,11.0093166],[10.4038078,11.0189723],[10.3972811,10.9863063],[10.4249992,10.9829168],[10.4217766,11.0093166]],[[10.4748853,11.1524766],[10.4606112,11.1613185],[10.4382642,11.1402044],[10.4666659,11.1329168],[10.4748853,11.1524766]],[[10.5769524,11.2536118],[10.5545077,11.2607163],[10.5471998,11.2368475],[10.5666659,11.2329168],[10.5769524,11.2536118]],[[10.6833326,11.3412502],[10.6833326,11.3662502],[10.6666659,11.3662502],[10.6666659,11.3412502],[10.6833326,11.3412502]],[[10.8166659,11.4162502],[10.8166659,11.4412502],[10.7999992,11.4412502],[10.7999992,11.4162502],[10.8166659,11.4162502]],[[8.1719231,9.198965],[8.1555331,9.1844305],[8.1749992,9.1745835],[8.1719231,9.198965]],[[8.4666659,9.2162502],[8.4666659,9.2412502],[8.4499992,9.2412502],[8.4499992,9.2162502],[8.4666659,9.2162502]],[[8.2416659,9.3329168],[8.2416659,9.3579168],[8.2249992,9.3579168],[8.2249992,9.3329168],[8.2416659,9.3329168]],[[8.2109693,9.3945339],[8.1962883,9.3804063],[8.2166659,9.3745835],[8.2109693,9.3945339]],[[8.5859693,9.3945339],[8.5712883,9.3804063],[8.5916659,9.3745835],[8.5859693,9.3945339]],[[8.3800001,9.4829168],[8.3749992,9.4579168],[8.3999992,9.4579168],[8.3999992,9.4829168],[8.3858344,9.4829168],[8.3800001,9.4829168]],[[8.291757,9.5535142],[8.3050448,9.5535101],[8.3081102,9.5740549]],[[11.0827792,9.3754868],[11.0638664,9.3614243],[11.0916659,9.3579168],[11.0827792,9.3754868]],[[9.4463697,9.3292873],[9.431705,9.3406032],[9.4130364,9.3225287],[9.4499992,9.3162502],[9.4463697,9.3292873]],[[9.4051099,9.348021],[9.3741366,9.3609442],[9.3891268,9.3288438],[9.4083326,9.3245835],[9.4051099,9.348021]],[[9.4109693,9.3862005],[9.3962883,9.3720729],[9.4166659,9.3662502],[9.4109693,9.3862005]],[[9.0816887,10.0630519],[9.0642896,10.0690497],[9.0555331,10.0535142],[9.0749992,10.0495835],[9.0816887,10.0630519]],[[9.140022,10.0713853],[9.1226229,10.077383],[9.1138664,10.0618475],[9.1333326,10.0579168],[9.140022,10.0713853]],[[8.9527662,10.4938462],[8.9297844,10.4750921],[8.9416659,10.4662502],[8.9527662,10.4938462]],[[6.4718905,12.9374904],[6.4661125,12.9446519],[6.4465976,12.9214015],[6.4666659,12.9162502],[6.4718905,12.9374904]],[[6.4999993,12.9745835],[6.4999993,12.9995835],[6.4833326,12.9995835],[6.4833326,12.9745835],[6.4999993,12.9745835]],[[6.527636,13.0112005],[6.512955,12.9970729],[6.5333326,12.9912502],[6.527636,13.0112005]],[[6.427636,13.0695339],[6.412955,13.0554063],[6.4333326,13.0495835],[6.427636,13.0695339]],[[6.5272616,13.0782375],[6.4913404,13.0863185],[6.4979647,13.0567409],[6.5083326,13.0495835],[6.5272616,13.0782375]],[[6.4534547,13.1999998],[6.4496563,13.1999998],[6.437955,13.1887396],[6.4583326,13.1829168],[6.4534547,13.1999998]],[[6.4221958,13.2039019],[6.4000772,13.216615],[6.3882642,13.1880682],[6.4083326,13.1829168],[6.4221958,13.2039019]],[[6.8166659,9.7412502],[6.8166659,9.7662502],[6.7999993,9.7662502],[6.7999993,9.7412502],[6.8166659,9.7412502]],[[8.7788567,9.9519557],[8.754703,9.9694281],[8.7468254,9.9367621],[8.7833326,9.9329168],[8.7788567,9.9519557]],[[8.9659621,10.0189909],[8.9615878,10.0360256],[8.9215976,10.0202582],[8.9580606,10.0170155],[8.9659621,10.0189909]],[[8.8615968,9.9836975],[8.8529127,10.0370021],[8.8367668,10.0186061],[8.83785,9.9658875]],[[8.83785,9.9658875],[8.8615968,9.9836975]],[[9.0013766,10.0356881],[9.0067538,10.0465073],[8.9808261,10.052383],[8.9721998,10.0364243],[8.9966733,10.0333365],[9.0013766,10.0356881]],[[9.1827792,9.2754868],[9.1638664,9.2614243],[9.1916659,9.2579168],[9.1827792,9.2754868]],[[9.0103671,9.3118068],[8.9793938,9.301321],[8.9999992,9.2829168],[9.0103671,9.3118068]],[[9.1943026,9.3195339],[9.1796216,9.3054063],[9.1999992,9.2995835],[9.1943026,9.3195339]],[[9.1347974,9.3781968],[9.1042473,9.3563177],[9.1249992,9.3495835],[9.1347974,9.3781968]],[[9.2963697,9.395954],[9.2792473,9.4132066],[9.2630364,9.3978054],[9.2999992,9.3829168],[9.2963697,9.395954]],[[9.2249992,9.3995835],[9.2249992,9.4162502],[9.1999992,9.4162502],[9.1999992,9.3995835],[9.2249992,9.3995835]],[[9.1632642,9.4878485],[9.1514804,9.5059474],[9.1302564,9.5011948],[9.1215976,9.4778184],[9.1666659,9.4662502],[9.1632642,9.4878485]],[[9.0995435,9.5363674],[9.0877271,9.5142767],[9.1083326,9.5079168],[9.0995435,9.5363674]],[[9.2166659,9.5912502],[9.2410474,9.5943264],[9.2265129,9.6107163],[9.2166659,9.5912502]],[[10.7886874,10.8206651],[10.7689445,10.8446519],[10.7549309,10.8152044],[10.7833326,10.8079168],[10.7886874,10.8206651]],[[9.0943026,8.6945339],[9.0796216,8.6804063],[9.0999992,8.6745835],[9.0943026,8.6945339]],[[9.3034986,8.7280056],[9.279703,8.7075547],[9.3083326,8.6995835],[9.3034986,8.7280056]],[[9.3052239,8.7881496],[9.2914706,8.8026841],[9.2802239,8.7702297],[9.3083326,8.7662502],[9.3052239,8.7881496]],[[9.2927076,8.9196397],[9.2799309,8.9051092],[9.2999992,8.8912502],[9.2927076,8.9196397]],[[9.277636,9.0445339],[9.262955,9.0304063],[9.2833326,9.0245835],[9.277636,9.0445339]],[[7.3416659,11.3162502],[7.3416659,11.3329168],[7.3166659,11.3329168],[7.3166659,11.3162502],[7.3416659,11.3162502]],[[7.3499993,11.3495835],[7.3499993,11.3745835],[7.3333326,11.3745835],[7.3333326,11.3495835],[7.3499993,11.3495835]],[[7.26219,11.4290594],[7.2839836,11.4478379],[7.2738762,11.4617743],[7.2378085,11.4307643],[7.26219,11.4290594]],[[7.1399999,11.4511693],[7.1666659,11.4412502],[7.1464674,11.4780625],[7.1399999,11.476764]],[[7.1399999,11.476764],[7.1399999,11.4511693]],[[7.3499999,11.5435701],[7.3379224,11.5544297],[7.3062981,11.5497544],[7.2963697,11.5626206],[7.2713697,11.5698268],[7.2963697,11.5126206],[7.3036288,11.4865464],[7.3249993,11.4745835],[7.3308423,11.5089585],[7.3575375,11.5249255]],[[7.3575375,11.5249255],[7.3499999,11.5435701]],[[7.2411668,11.5705832],[7.2666659,11.5662502],[7.2600002,11.5805296]],[[7.2600002,11.5805296],[7.2411668,11.5705832]],[[8.5395338,10.028738],[8.5326815,10.0427801],[8.5138664,10.0260972],[8.5333326,10.0162502],[8.5395338,10.028738]],[[8.5911939,10.1737331],[8.5711744,10.1857163],[8.5638664,10.1618475],[8.5833326,10.1579168],[8.5911939,10.1737331]],[[8.5694003,10.2773179],[8.5448397,10.2897406],[8.5388664,10.2695624],[8.5749992,10.2662502],[8.5694003,10.2773179]],[[8.5666659,10.3745835],[8.5867343,10.3884344],[8.5739576,10.4029852],[8.5666659,10.3745835]],[[8.6454094,10.4543198],[8.637955,10.4314113],[8.6654615,10.4198228],[8.6839999,10.3966701],[8.7083326,10.3829168],[8.7028964,10.4264308],[8.6762037,10.4376776],[8.6628736,10.4543158],[8.6454094,10.4543198]],[[8.6858672,10.5441327],[8.6799309,10.5301092],[8.6999992,10.5162502],[8.703381,10.5299997],[8.6858672,10.5441327]],[[9.8964836,11.2842718],[9.8792961,11.2939723],[9.8722811,11.2696397],[9.8999992,11.2662502],[9.8964836,11.2842718]],[[9.7828606,11.3320664],[9.762841,11.3440497],[9.7555331,11.3201808],[9.7749992,11.3162502],[9.7828606,11.3320664]],[[9.8614413,11.3449001],[9.8378085,11.3215155],[9.8666659,11.3162502],[9.8614413,11.3449001]],[[9.8943026,11.3612005],[9.8796216,11.3470729],[9.8999992,11.3412502],[9.8943026,11.3612005]],[[9.8743319,11.3857692],[9.854703,11.3754828],[9.8666659,11.3662502],[9.8743319,11.3857692]],[[5.0749993,9.2995835],[5.0535312,9.304857],[5.0382642,9.2892035],[5.0611483,9.2795152],[5.0749993,9.2995835]],[[3.7617343,8.8211818],[3.7882642,8.8279852],[3.7950676,8.8436346],[3.7700676,8.8529852],[3.7507317,8.8696519],[3.7382642,8.8363185],[3.722509,8.8254421],[3.7583326,8.8162502],[3.7617343,8.8211818]],[[13.3371086,10.5624701],[13.3615227,10.5827419],[13.3433912,10.5950303],[13.3099439,10.5620835],[13.3371086,10.5624701]],[[13.3950676,10.5961818],[13.4167473,10.6241563],[13.4002271,10.6495347],[13.3702629,10.6300238],[13.3604647,10.6038397],[13.3916659,10.5829168],[13.3950676,10.5961818]],[[6.927636,8.6778672],[6.912955,8.6637396],[6.9333326,8.6579168],[6.927636,8.6778672]],[[6.9999993,8.7662502],[6.9999993,8.7912502],[6.9833326,8.7912502],[6.9833326,8.7662502],[6.9999993,8.7662502]],[[7.0617343,8.8391302],[7.0349439,8.8363999],[7.0128899,8.8126654],[7.0499993,8.8079168],[7.0617343,8.8391302]],[[7.1416659,8.9829168],[7.1039869,8.9614935],[7.0897128,8.9934556],[7.0625644,8.9783026],[7.0499993,8.9829168]],[[7.0499993,8.9829168],[7.0436679,8.947724],[7.0200513,8.9371812],[7.0566724,8.897488],[7.0538078,8.8618353],[7.0999999,8.9127526]],[[7.0999999,8.9127526],[7.0999999,8.9200001],[7.1185058,8.9385058]],[[7.1185058,8.9385058],[7.1299222,8.9499219],[7.1384661,8.9584662],[7.1416659,8.9829168]],[[7.0499993,8.9829168],[7.044856,9.0029323],[7.0098625,9.0113185],[7.0153476,8.9868557],[7.0499993,8.9829168]],[[7.1416659,8.9829168],[7.1581276,8.9881275],[7.171103,9.001103],[7.1706373,9.01282],[7.1900001,9.0311172]],[[7.1900001,9.0311172],[7.1900001,9.0500002],[7.1999998,9.0699997],[7.1999998,9.0900002]],[[7.1999998,9.0900002],[7.1953457,9.0934907]],[[7.1953457,9.0934907],[7.1961907,9.0784938],[7.1621412,9.0373399],[7.1628573,9.0284816],[7.1456861,9.0136948],[7.1416659,8.9829168]],[[7.1617544,9.1186839],[7.1599998,9.1199999]],[[7.1599998,9.1199999],[7.1462329,9.1303251]],[[7.1462329,9.1303251],[7.1387037,9.1168321],[7.1617544,9.1186839]],[[13.065984,11.8359838],[13.1293938,11.7956528],[13.1372714,11.7784898],[13.2035311,11.7799546],[13.2193677,11.7622259],[13.2333326,11.7579168],[13.2201327,11.7877183],[13.2195468,11.8379054],[13.2377271,11.8368231],[13.2546216,11.8705837],[13.2289055,11.8785223],[13.2301425,11.8993597],[13.1801587,11.9342718],[13.1690747,11.8866034],[13.1542473,11.8700099],[13.1232577,11.8868475],[13.1139803,11.8594305],[13.1298495,11.8452419],[13.0668098,11.8368097],[13.065984,11.8359838]],[[13.2603391,11.9300003],[13.2382256,11.9399996]],[[13.2382256,11.9399996],[13.2250481,11.9209092],[13.2465975,11.9128485],[13.2666659,11.8995835],[13.2784009,11.9211818],[13.2891677,11.9252084]],[[13.2891677,11.9252084],[13.2670326,11.9300003]],[[13.2670326,11.9300003],[13.2603391,11.9300003]],[[8.4198723,8.9322251],[8.3860832,8.9192368],[8.3887851,8.8975531],[8.4249992,8.8912502],[8.4198723,8.9322251]],[[8.602815,8.9529771],[8.5882642,8.9402044],[8.6166659,8.9329168],[8.602815,8.9529771]],[[11.9453931,12.9066799],[11.9112785,12.9032009],[11.913606,12.8803737],[11.9333326,12.8745835],[11.9453931,12.9066799]],[[11.3745888,8.8708225],[11.3999992,8.8662502],[11.4118482,8.8957139],[11.3782219,8.936876],[11.3907707,8.9680812],[11.381705,8.9781398],[11.3547844,8.9614732],[11.3285474,8.9543605],[11.3248881,8.9451116]],[[11.3248881,8.9451116],[11.3299999,8.9399996],[11.3745888,8.8708225]],[[5.6599998,13.4485222],[5.6664869,13.4296291],[5.7099276,13.445901],[5.6878248,13.4610174],[5.6599998,13.45146],[5.6599998,13.4485222]],[[5.7446282,13.4776963],[5.7131177,13.4646266],[5.7333326,13.4495835],[5.7446282,13.4776963]],[[8.3199997,9.5880734],[8.3711907,9.577855],[8.410188,9.6026149],[8.4368157,9.642833],[8.3696119,9.6224188],[8.3731926,9.6042669],[8.354524,9.5908758],[8.3306746,9.6006745]],[[8.3943026,9.6695339],[8.3796216,9.6554063],[8.3999992,9.6495835],[8.3943026,9.6695339]],[[8.501824,9.6700001],[8.4968905,9.6642564],[8.5249992,9.6495835],[8.5215162,9.6929266],[8.5100002,9.6795193],[8.501824,9.6700001]],[[4.9833326,10.3079168],[4.9833326,10.3245835],[4.9583326,10.3245835],[4.9583326,10.3079168],[4.9833326,10.3079168]],[[5.1538567,10.5024766],[5.1302239,10.4868963],[5.1583326,10.4829168],[5.1538567,10.5024766]],[[4.7499993,10.8579168],[4.7398756,10.8509263],[4.7299309,10.8094509],[4.746386,10.8131415],[4.7543938,10.8015529],[4.7694817,10.8418849],[4.7499993,10.8579168]],[[6.3372551,13.5688706],[6.3135572,13.5776841],[6.3052239,13.5533229],[6.3416659,13.5495835],[6.3372551,13.5688706]],[[9.527636,8.6445339],[9.512955,8.6304063],[9.5333326,8.6245835],[9.527636,8.6445339]],[[9.6777824,8.8136257],[9.6543124,8.827383],[9.6471998,8.8010972],[9.6666659,8.7912502],[9.6777824,8.8136257]],[[9.5515943,8.8925034],[9.5373365,8.9029852],[9.5132642,8.8702582],[9.5583326,8.8662502],[9.5515943,8.8925034]],[[9.8166659,8.9329168],[9.8166659,8.9495835],[9.7916659,8.9495835],[9.7916659,8.9329168],[9.8166659,8.9329168]],[[8.575162,11.1365464],[8.5628085,11.1166042],[8.5916659,11.1079168],[8.575162,11.1365464]],[[8.5208,11.2012518],[8.4965976,11.1941961],[8.5249992,11.1745835],[8.5208,11.2012518]],[[8.3743319,11.2274359],[8.354703,11.2171494],[8.3666659,11.2079168],[8.3743319,11.2274359]],[[8.4118157,11.2377712],[8.4274732,11.2490016],[8.4059563,11.2697292],[8.3798495,11.237523],[8.4083326,11.2329168],[8.4118157,11.2377712]],[[8.3583326,11.2579168],[8.352636,11.2778672],[8.337955,11.2637396],[8.3583326,11.2579168]],[[8.386425,11.3000881],[8.3715976,11.3110947],[8.3634921,11.2816758],[8.3749992,11.2745835],[8.386425,11.3000881]],[[8.727636,11.4028672],[8.712955,11.3887396],[8.7333326,11.3829168],[8.727636,11.4028672]],[[12.7995435,12.5012803],[12.765787,12.5112453],[12.7716789,12.4879054],[12.7916659,12.4829168],[12.7995435,12.5012803]],[[5.4083326,13.1579168],[5.4083326,13.1745835],[5.3833326,13.1745835],[5.3833326,13.1579168],[5.4083326,13.1579168]],[[5.4478671,13.2370713],[5.4410149,13.2511134],[5.4221998,13.2344305],[5.4416659,13.2245835],[5.4478671,13.2370713]],[[8.7416659,12.0662502],[8.7211093,12.0450588],[8.7049797,12.0463568],[8.6743808,12.0292832],[8.6628085,12.051736],[8.6961907,12.0617865],[8.6954257,12.0713893],[8.6526848,12.0679551],[8.654524,12.0451279],[8.6375641,12.0375637]],[[8.6375641,12.0375637],[8.6199999,12.0200005],[8.6000004,12.0200005],[8.5900002,12]],[[8.5900002,12],[8.5900002,11.96]],[[8.5900002,11.96],[8.6199999,11.9399996]],[[8.6199999,11.9399996],[8.6305693,11.9499998]],[[8.6305693,11.9499998],[8.6213697,11.9652492],[8.6286288,11.9792873],[8.6456373,11.9963934],[8.6738111,11.9793971],[8.6684726,12.0155096],[8.6994947,12.0109279],[8.7241529,12.021019],[8.7370761,12.037763],[8.7583326,12.0412502],[8.7416659,12.0662502]],[[8.7416659,12.0662502],[8.764248,12.0678759]],[[8.764248,12.0678759],[8.7600002,12.0745835]],[[8.7600002,12.0745835],[8.7416659,12.0662502]],[[8.7228671,12.078738],[8.7120598,12.1008897],[8.7055331,12.0718817],[8.7228671,12.078738]],[[8.7600002,12.1069121],[8.7444328,12.1164048],[8.7393222,12.0857489],[8.7600002,12.0836072]],[[8.7600002,12.0836072],[8.7600002,12.1069121]],[[8.8391106,11.479271],[8.81455,11.4863185],[8.8049309,11.4630682],[8.8249992,11.4579168],[8.8391106,11.479271]],[[8.9245435,11.603034],[8.9127271,11.5809434],[8.9333326,11.5745835],[8.9245435,11.603034]],[[8.8227206,11.6473415],[8.7971184,11.6696519],[8.7882642,11.6402044],[8.8166659,11.6329168],[8.8227206,11.6473415]],[[8.8827304,11.6951808],[8.8788892,11.6618923],[8.9039543,11.6368231],[8.9249992,11.6329168],[8.9346998,11.6783148],[8.904052,11.6616603],[8.8827304,11.6951808]],[[8.7943026,11.7528672],[8.7796216,11.7387396],[8.7999992,11.7329168],[8.7943026,11.7528672]],[[8.8958194,11.7412714],[8.8900003,11.7555777],[8.8789706,11.7690497],[8.8721998,11.7368475],[8.8916659,11.7329168],[8.8958194,11.7412714]],[[8.8353573,11.8207147],[8.8299999,11.79],[8.8199997,11.788179]],[[8.8199997,11.788179],[8.8269198,11.785346],[8.848925,11.7568426],[8.8502759,11.7843491],[8.8991529,11.8043524],[8.9155917,11.8256577],[8.9355222,11.8410449],[8.9380263,11.8460535],[8.9378085,11.8532131],[8.8787427,11.8186346],[8.8499992,11.8228786],[8.8353573,11.8207147]],[[8.8585645,11.8778473],[8.8722483,11.8900003]],[[8.8722483,11.8900003],[8.8599997,11.8900003]],[[8.8599997,11.8900003],[8.8585645,11.8778473]],[[8.7846835,11.2944321],[8.7713697,11.279446],[8.7999992,11.2745835],[8.7846835,11.2944321]],[[9.0300936,11.2919704],[9.0130201,11.302383],[9.0055331,11.2801906],[9.0333326,11.2662502],[9.0300936,11.2919704]],[[8.9109693,11.3612005],[8.8962883,11.3470729],[8.9166659,11.3412502],[8.9109693,11.3612005]],[[8.8496249,11.3756659],[8.8218254,11.3701442],[8.8416659,11.3579168],[8.8496249,11.3756659]],[[9.0008437,11.3936145],[8.9879761,11.3920238],[8.9804517,11.3765448],[8.9999992,11.3662502],[9.008886,11.3844875],[9.0008437,11.3936145]],[[8.9589234,11.5510769],[8.9296216,11.5219264],[8.9749992,11.5162502],[8.9712883,11.5375433],[8.963267,11.5500002],[8.9589234,11.5510769]],[[4.5232089,11.4422308],[4.4970207,11.452912],[4.5074049,11.4117173],[4.5416659,11.4079168],[4.5232089,11.4422308]],[[7.0999999,8.9127526],[7.1533847,8.9084621],[7.1185058,8.9385058]],[[7.2219394,8.9877142],[7.2062818,9.0029852],[7.1965976,8.9801092],[7.2166659,8.9662502],[7.2219394,8.9877142]],[[7.1900001,9.0311172],[7.2043287,9.0452582],[7.2186217,9.0713778]],[[7.2186217,9.0713778],[7.1999998,9.0900002]],[[7.6061425,9.0507129],[7.6024895,9.0535915],[7.5633131,9.032864],[7.537662,9.0872422],[7.5206698,9.1119411],[7.5213046,9.12803],[7.5043287,9.1789089],[7.487662,9.1619248],[7.4531405,9.135639],[7.3950351,9.1379421],[7.396386,9.1718451],[7.412662,9.1869248],[7.4290032,9.2251247],[7.4040032,9.2369248],[7.3947885,9.2947887]],[[7.3947885,9.2947887],[7.3619254,9.2536683]],[[7.3619254,9.2536683],[7.3786614,9.2392523],[7.3813957,9.205097],[7.3561679,9.1790594],[7.3330884,9.201203],[7.2961418,9.1534409],[7.278336,9.1454937]],[[7.278336,9.1454937],[7.2334521,9.0874085]],[[7.2334521,9.0874085],[7.2706698,9.0879014],[7.3276848,9.0590806],[7.3373365,9.0285915],[7.3630689,9.0204494],[7.3370435,9.0029201],[7.3382154,8.9730739],[7.2989088,8.9606268],[7.2709953,8.9637599],[7.2941724,9.0075751],[7.2852043,9.0369248],[7.2537102,9.0029201],[7.2543287,8.9869411],[7.2372388,8.9621039],[7.2459953,8.9455755],[7.2540032,8.9029323],[7.2286776,8.9039333],[7.228108,8.9369248],[7.196858,8.9032131],[7.1959953,8.8872422],[7.2150383,8.8600368],[7.2753085,8.8624253],[7.2587558,8.8936916],[7.2746086,8.9388983],[7.3302239,8.9205755],[7.3534335,8.9456122],[7.3900058,8.9460109],[7.4207024,8.9622544],[7.4296542,8.9619004],[7.4308423,8.9289089],[7.4799797,8.9535915],[7.4790032,8.9286078],[7.4914706,8.9122422],[7.5206698,8.9872422],[7.5474439,9.0119248],[7.5335442,8.9321071],[7.5542798,8.9116319],[7.5623365,8.9622422],[7.5837883,9.0057155],[7.5999999,9.0050725]],[[7.5999999,9.0050725],[7.6061425,9.0507129]],[[7.3392408,9.1054958],[7.3142408,9.1115016],[7.3329908,9.1266668],[7.3458326,9.1174139],[7.355761,9.1245672],[7.3583326,9.0829168],[7.344091,9.0853379],[7.3392408,9.1054958]],[[8.4416659,12.0162502],[8.4359693,12.0362005],[8.4212883,12.0220729],[8.4416659,12.0162502]],[[8.4949999,12.105],[8.4799995,12.0799999],[8.4499998,12.0500002]],[[8.4499998,12.0500002],[8.4476992,12.0488498]],[[8.4476992,12.0488498],[8.4569328,12.0350246],[8.4416659,12.0162502]],[[8.4416659,12.0162502],[8.4351555,11.9909084],[8.4224295,11.9851412]],[[8.4224295,11.9851412],[8.4300003,11.9700003],[8.4245225,11.9490445]],[[8.4245225,11.9490445],[8.4300003,11.9460745]],[[8.4300003,11.9460745],[8.46,11.9799995],[8.4700003,12]],[[8.4700003,12],[8.46,12.0200005],[8.4700003,12.0299997],[8.4899998,12.0299997],[8.5,12.0200005],[8.5200014,12.0200005],[8.5600004,12],[8.5900002,12]],[[8.6375641,12.0375637],[8.5961418,12.0390814],[8.6251946,12.0641058],[8.5737623,12.0599758],[8.5632586,12.0767414],[8.5410873,12.098913],[8.5291659,12.0850734],[8.5166659,12.0995835],[8.4949999,12.105]],[[8.5193026,12.0778672],[8.5249992,12.0579168],[8.5046216,12.0637396],[8.5193026,12.0778672]],[[3.6615878,11.837999],[3.6862135,11.8537624],[3.6473625,11.8695013],[3.6384107,11.8456691],[3.6615878,11.837999]],[[10.1770337,11.3951401],[10.1460604,11.3846543],[10.1666659,11.3662502],[10.1770337,11.3951401]],[[10.2128899,11.4103623],[10.1819491,11.4007228],[10.1888339,11.3786362],[10.2166659,11.3745835],[10.2128899,11.4103623]],[[10.0284009,11.3961818],[10.039371,11.4037502],[10.0090324,11.4246893],[9.9965975,11.3985378],[10.0249992,11.3912502],[10.0284009,11.3961818]],[[9.9728834,11.4307969],[9.93955,11.4310939],[9.9518059,11.4183986],[9.9749992,11.4162502],[9.9728834,11.4307969]],[[10.0645988,11.45386],[10.0527011,11.477383],[10.0305331,11.4623114],[10.0364901,11.44289],[10.0583326,11.4412502],[10.0645988,11.45386]],[[10.2193026,11.5695339],[10.2046216,11.5554063],[10.2249992,11.5495835],[10.2193026,11.5695339]],[[8.1006136,11.9712269],[8.1099997,11.96],[8.1282293,11.96]],[[8.1282293,11.96],[8.1249992,11.9745835],[8.1006136,11.9712269]],[[8.1400003,11.96],[8.1641443,11.9620722]],[[8.1641443,11.9620722],[8.1553052,11.9692775],[8.1385764,11.96]],[[8.1385764,11.96],[8.1400003,11.96]],[[8.0052638,12.0447364],[8.0156731,12.0752996],[7.9899998,12.0673045]],[[7.9899998,12.0673045],[8.0052638,12.0447364]],[[8.1979427,12.122057],[8.1868673,12.1331327],[8.1659498,12.1402614],[8.1748853,12.1115749],[8.1999992,12.1079168],[8.1979427,12.122057]],[[8.1551965,12.1624016],[8.1425205,12.16874],[8.117789,12.1631943],[8.1216952,12.1457098],[8.1499992,12.1412502],[8.1551965,12.1624016]],[[8.0597738,12.1499996],[8.0703931,12.115884],[8.0976555,12.1282782],[8.1115064,12.1581162],[8.0970045,12.1694281],[8.0819015,12.1519012]],[[8.0819015,12.1519012],[8.0597738,12.1499996]],[[7.8188469,9.452855],[7.7960604,9.4418524],[7.8249992,9.4329168],[7.8188469,9.452855]],[[7.7038567,9.5024766],[7.6802239,9.4868963],[7.7083326,9.4829168],[7.7038567,9.5024766]],[[7.4495272,9.5737331],[7.4295077,9.5857163],[7.4221998,9.5618475],[7.4416659,9.5579168],[7.4495272,9.5737331]],[[7.9666659,9.8579168],[7.961425,9.8887722],[7.9441073,9.8862127],[7.947509,9.8632513],[7.9666659,9.8579168]],[[7.6324176,11.04],[7.6292473,11.0365138],[7.6624179,11.0036647],[7.6877597,11.0038397],[7.6875046,11.016248]],[[7.6875046,11.016248],[7.6500001,11.04],[7.6324176,11.04]],[[7.77,11.0203154],[7.77,11.0500002],[7.7600002,11.0600004]],[[7.7600002,11.0600004],[7.7466978,11.0366978]],[[7.7466978,11.0366978],[7.77,11.0203154]],[[11.9700676,11.7295151],[11.9882642,11.7363185],[11.9950676,11.7586248],[11.9555168,11.7696519],[11.9346835,11.739472],[11.9583326,11.7079168],[11.9700676,11.7295151]],[[11.7847486,12.160875],[11.7713534,12.1690496],[11.7638664,12.1468817],[11.7749992,12.1412502],[11.7847486,12.160875]],[[4.3609693,12.4195339],[4.3462883,12.4054063],[4.3666659,12.3995835],[4.3609693,12.4195339]],[[4.2938469,12.427855],[4.2710605,12.4168524],[4.2999993,12.4079168],[4.2938469,12.427855]],[[4.2786288,12.4838649],[4.2573398,12.4948797],[4.2262037,12.4761094],[4.1853671,12.4821437],[4.1610995,12.4507065],[4.1640618,12.4307277],[4.1999993,12.4162502],[4.2213697,12.4282131],[4.2385898,12.4505275],[4.2365878,12.4640651],[4.26608,12.4597072],[4.2786288,12.4838649]],[[4.3114413,12.5199001],[4.2878085,12.4965155],[4.3166659,12.4912502],[4.3114413,12.5199001]],[[4.3447747,12.5282334],[4.3211418,12.5048488],[4.3499993,12.4995835],[4.3447747,12.5282334]],[[11.6042883,10.3599997],[11.5971998,10.3368475],[11.6166659,10.3329168],[11.6245272,10.3487331],[11.605705,10.3599997],[11.6042883,10.3599997]],[[11.8563794,10.504092],[11.8439771,10.5190497],[11.8305331,10.4951808],[11.8499992,10.4912502],[11.8563794,10.504092]],[[11.6202629,10.5691392],[11.604703,10.5569159],[11.6249992,10.5412502],[11.6202629,10.5691392]],[[12.2080884,10.6237697],[12.1783033,10.6447292],[12.1631828,10.6163845],[12.1928866,10.5950954],[12.2166659,10.5912502],[12.2080884,10.6237697]],[[12.1538567,10.7441432],[12.1302238,10.728563],[12.1583326,10.7245835],[12.1538567,10.7441432]],[[13.8405266,13.1038844],[13.813785,13.1113185],[13.8049309,13.0818711],[13.8333326,13.0745835],[13.8405266,13.1038844]],[[7.5916659,12.8829168],[7.5914246,12.8828491],[7.5857871,12.875787],[7.5916659,12.8829168]],[[7.6499992,12.9162502],[7.6451327,12.9038885],[7.6488762,12.8877525]],[[7.6488762,12.8877525],[7.6609984,12.8973325]],[[7.6609984,12.8973325],[7.6499992,12.9162502]],[[7.5916659,12.8829168],[7.6281568,12.9077012],[7.6100001,12.9212112]],[[7.6100001,12.9212112],[7.5916002,12.8832002]],[[7.5916002,12.8832002],[7.5916659,12.8829168]],[[7.6916659,12.9412502],[7.6930882,12.9361766],[7.6951375,12.9402752],[7.6916659,12.9412502]],[[7.6499992,12.9162502],[7.6644524,12.9530218],[7.6608391,12.9774359],[7.6740064,12.999258],[7.6819096,12.9980902]],[[7.6819096,12.9980902],[7.6700001,13.0184473]],[[7.6700001,13.0184473],[7.662606,13.0299997],[7.6500001,13.0433155],[7.5941399,13.0189072],[7.5787427,13.0388657],[7.5510572,13.0347764],[7.566731,12.9948879],[7.5639491,12.9760507]],[[7.5639491,12.9760507],[7.5700002,12.9534444]],[[7.5700002,12.9534444],[7.5963375,12.928169]],[[7.5963375,12.928169],[7.6075504,12.9300003]],[[7.6075504,12.9300003],[7.6195956,12.9513739],[7.6404452,12.9233587],[7.6499992,12.9162502]],[[8.4666659,12.5829168],[8.4693469,12.5606538]],[[8.4693469,12.5606538],[8.4700003,12.5600004]],[[8.4700003,12.5600004],[8.4788821,12.5600004]],[[8.4788821,12.5600004],[8.4955233,12.5776515],[8.4666659,12.5829168]],[[8.4666659,12.5829168],[8.4666659,12.6079168],[8.4416659,12.6079168]],[[8.4416659,12.6079168],[8.4467766,12.5880234],[8.4666659,12.5829168]],[[8.4416659,12.6079168],[8.4337069,12.6515732],[8.4097323,12.6722275],[8.3628085,12.6672674],[8.3948199,12.6375904],[8.4160847,12.6239152],[8.4416659,12.6079168]],[[8.5096835,12.7777655],[8.4963697,12.7627793],[8.5249992,12.7579168],[8.5096835,12.7777655]],[[8.3927216,12.8100004],[8.3833,12.7913682],[8.3999992,12.7829168],[8.4085279,12.8000636],[8.4026502,12.8100004],[8.3927216,12.8100004]],[[4.6397128,10.229092],[4.6273105,10.2440497],[4.6138664,10.2201808],[4.6333326,10.2162502],[4.6397128,10.229092]],[[4.7909986,10.7607692],[4.7713697,10.7504828],[4.7833326,10.7412502],[4.7909986,10.7607692]],[[4.5162102,12.153034],[4.5043938,12.1309434],[4.5249993,12.1245835],[4.5162102,12.153034]],[[4.3999993,12.1995835],[4.4087883,12.171133],[4.4206047,12.1932236],[4.3999993,12.1995835]],[[4.3999993,12.1995835],[4.3948886,12.2203802],[4.3981763,12.2350164],[4.3581911,12.251809]],[[4.3581911,12.251809],[4.3600001,12.2200003],[4.3699999,12.1725939]],[[4.3699999,12.1725939],[4.3802401,12.178152],[4.3762688,12.1958441],[4.3999993,12.1995835]],[[4.4772291,12.3031724],[4.4461418,12.2877834],[4.4833326,12.2829168],[4.4772291,12.3031724]],[[13.6331047,12.6756374],[13.6052401,12.6860174],[13.5968905,12.6618963],[13.6249992,12.6579168],[13.6331047,12.6756374]],[[6.621093,12.434756],[6.5970207,12.4445786],[6.6072421,12.4040106],[6.6249993,12.3995835],[6.621093,12.434756]],[[6.5927076,12.477973],[6.5799309,12.4634426],[6.5999993,12.4495835],[6.5927076,12.477973]],[[6.5666659,12.5079168],[6.5527987,12.5051174],[6.5471998,12.4857611],[6.5777987,12.485521],[6.5666659,12.5079168]],[[6.7118319,12.5530055],[6.6880364,12.5325547],[6.7166659,12.5245835],[6.7118319,12.5530055]],[[6.8214836,12.5509385],[6.8042961,12.560639],[6.7972812,12.5363063],[6.8249993,12.5329168],[6.8214836,12.5509385]],[[6.6038575,12.6020478],[6.5700002,12.6099997]],[[6.5700002,12.6099997],[6.5661714,12.6099997]],[[6.5661714,12.6099997],[6.5546216,12.5705511],[6.6083326,12.5662502],[6.6038575,12.6020478]],[[9.7742994,10.6899359],[9.7553378,10.702383],[9.7471998,10.6844305],[9.7666659,10.6745835],[9.7742994,10.6899359]],[[10.3161939,10.7820664],[10.2961744,10.7940497],[10.2888664,10.7701808],[10.3083326,10.7662502],[10.3161939,10.7820664]],[[9.8446281,10.9110296],[9.8131177,10.89796],[9.8333326,10.8829168],[9.8446281,10.9110296]],[[12.8521802,10.877855],[12.8293938,10.8668524],[12.8583326,10.8579168],[12.8521802,10.877855]],[[12.7631177,11.1725042],[12.7382642,11.1485378],[12.7666659,11.1412502],[12.7631177,11.1725042]],[[4.0718743,11.6584702],[4.0472812,11.6542588],[4.0566887,11.6364935],[4.0749993,11.6329168],[4.0718743,11.6584702]],[[4.1859693,11.9362005],[4.1712883,11.9220729],[4.1916659,11.9162502],[4.1859693,11.9362005]],[[12.073049,9.062197],[12.0562818,9.0696519],[12.0465975,9.0467759],[12.0699997,9.0408597],[12.073049,9.062197]],[[5.25,13.0100002],[5.27,13.0100002],[5.29,13.04],[5.29,13.0699997],[5.2800002,13.0900002],[5.2646698,13.1053303]],[[5.2646698,13.1053303],[5.2574862,13.096019],[5.2306145,13.0850205],[5.2137562,13.0875126]],[[5.2137562,13.0875126],[5.1999998,13.0600004],[5.21,13.0299997],[5.25,13.0100002]],[[9.5577955,10.0333604],[9.5078443,10.0154364],[9.4960604,9.9809434],[9.5166659,9.9745835],[9.5577955,10.0333604]],[[8.3247698,11.3173848],[8.3213697,11.3341986],[8.2984856,11.352383],[8.3029615,11.3177923],[8.3237466,11.3168732],[8.3247698,11.3173848]],[[8.2853671,11.4201401],[8.2543938,11.4096543],[8.2749992,11.3912502],[8.2853671,11.4201401]],[[8.1916659,11.4745835],[8.1833977,11.4579657],[8.191552,11.4412909],[8.2138013,11.4521551],[8.2194654,11.471076],[8.1916659,11.4745835]],[[8.3526685,11.5019232],[8.3387199,11.4783229],[8.3666659,11.4745835],[8.3526685,11.5019232]],[[8.1916659,11.4745835],[8.1781405,11.5033799],[8.1802564,11.5127468],[8.1577792,11.5196519],[8.1382642,11.4964015],[8.1715976,11.4878485],[8.1916659,11.4745835]],[[8.1645338,11.5370713],[8.1576815,11.5511135],[8.1388664,11.5344305],[8.1583326,11.5245835],[8.1645338,11.5370713]],[[8.3909986,11.5524359],[8.3713697,11.5421494],[8.3833326,11.5329168],[8.3909986,11.5524359]],[[8.2752271,11.559459],[8.2642896,11.5696519],[8.2491041,11.529092],[8.2666659,11.5245835],[8.2752271,11.559459]],[[8.1576653,11.5941025],[8.1380364,11.5838161],[8.1499992,11.5745835],[8.1576653,11.5941025]],[[8.1951653,11.6696722],[8.1713697,11.6492214],[8.1999992,11.6412502],[8.1951653,11.6696722]],[[8.2679517,11.6853867],[8.2465976,11.6652044],[8.2749992,11.6579168],[8.2679517,11.6853867]],[[8.1166659,11.6912502],[8.1550936,11.6849351],[8.1556959,11.7098944],[8.1215325,11.7198797],[8.1166659,11.6912502]],[[5.4745761,11.2612534],[5.4460605,11.244424],[5.4833326,11.2329168],[5.4745761,11.2612534]],[[5.9466789,11.3098374],[5.9221184,11.2985907],[5.9311516,11.2785142],[5.9499993,11.2745835],[5.9466789,11.3098374]],[[5.8166659,11.3579168],[5.8166659,11.3829168],[5.7999993,11.3829168],[5.7999993,11.3579168],[5.8166659,11.3579168]],[[5.4999993,11.3829168],[5.4999993,11.4079168],[5.4749993,11.4079168],[5.4749993,11.3829168],[5.4999993,11.3829168]],[[5.3693026,11.5528672],[5.3546217,11.5387396],[5.3749993,11.5329168],[5.3693026,11.5528672]],[[9.9457796,12.3471868],[9.9322095,12.3612453],[9.9249734,12.3333155]],[[9.9249734,12.3333155],[9.9457796,12.3471868]],[[10.1316887,12.5380519],[10.1142896,12.5440496],[10.1055331,12.5285142],[10.1249992,12.5245835],[10.1316887,12.5380519]],[[9.8789401,12.5478802],[9.9036288,12.5560654],[9.8978726,12.5678726]],[[9.8978726,12.5678726],[9.8789401,12.5478802]],[[7.4699998,10.5600004],[7.4699998,10.5799999],[7.46,10.6000004],[7.4299998,10.6000004],[7.4099998,10.5699997],[7.4099998,10.5500002],[7.3899999,10.5],[7.3899999,10.4799995],[7.3800001,10.4799995]],[[7.3800001,10.4799995],[7.4000001,10.46]],[[11.7723625,8.9873032],[11.7610018,9.0034816],[11.7255852,9.0110947],[11.7359367,8.9778184],[11.7666659,8.9745835],[11.7723625,8.9873032]],[[8.7666659,12.0829168],[8.7600002,12.0745835]],[[8.764248,12.0678759],[8.7749992,12.0829168],[8.7666659,12.0829168]],[[8.863313,12.0844427],[8.8514478,12.0609889],[8.8666659,12.0579168],[8.863313,12.0844427]],[[8.7600002,12.0836072],[8.7666659,12.0829168]],[[8.7666659,12.0829168],[8.7749992,12.0912502],[8.7723788,12.1165187],[8.7600002,12.1069121]],[[8.8984205,12.1282131],[8.8804843,12.1168483],[8.8762362,12.0881333],[8.9166659,12.0829168],[8.8984205,12.1282131]],[[8.9083326,12.1912502],[8.9019524,12.1784084],[8.9143547,12.1634507],[8.9277987,12.1873195],[8.9083326,12.1912502]],[[10.2405121,12.6905124],[10.2583326,12.6745835],[10.2694491,12.696959],[10.2566724,12.7044482]],[[10.2566724,12.7044482],[10.2405121,12.6905124]],[[10.4298169,12.7342718],[10.4126294,12.7439723],[10.4056145,12.7196397],[10.4333326,12.7162502],[10.4298169,12.7342718]],[[13.6174882,10.8999996],[13.6423877,10.8999996]],[[13.6423877,10.8999996],[13.6300611,10.9179185],[13.6174882,10.8999996]],[[13.6916659,11.0579168],[13.7144198,11.0615016],[13.7284009,11.0936346],[13.6889478,11.108397],[13.6715975,11.0882879],[13.6916659,11.0579168]],[[10.3048169,12.1342718],[10.2876294,12.1439723],[10.2806145,12.1196397],[10.3083326,12.1162502],[10.3048169,12.1342718]],[[10.3835508,12.2871012],[10.3492343,12.3033026],[10.3378085,12.2799546],[10.3640868,12.2720438]],[[10.3640868,12.2720438],[10.3835508,12.2871012]],[[9.023453,11.6279201],[9.0176587,11.6021063],[9.0297193,11.6048081],[9.0499992,11.5829168],[9.068733,11.598432],[9.023453,11.6279201]],[[8.9625643,11.6269802],[8.9411776,11.6358669],[8.9513502,11.6112127],[8.9666659,11.6079168],[8.9625643,11.6269802]],[[9.1581373,11.6772975],[9.1372714,11.6976141],[9.1248365,11.6643744],[9.1499992,11.6579168],[9.1581373,11.6772975]],[[4.7416659,12.1162502],[4.7416659,12.1412502],[4.7249993,12.1412502],[4.7249993,12.1162502],[4.7416659,12.1162502]],[[4.7701653,12.1863389],[4.7463697,12.165888],[4.7749993,12.1579168],[4.7701653,12.1863389]],[[4.6077792,12.2338202],[4.5888664,12.2197577],[4.6166659,12.2162502],[4.6077792,12.2338202]],[[4.6385467,12.4192735],[4.6302239,12.3952297],[4.6583326,12.3912502],[4.6664381,12.4089707],[4.6386467,12.4193235],[4.6385467,12.4192735]],[[4.815022,12.4713853],[4.797623,12.477383],[4.7888664,12.4618475],[4.8083326,12.4579168],[4.815022,12.4713853]],[[4.8409986,12.5191025],[4.8213697,12.5088161],[4.8333326,12.4995835],[4.8409986,12.5191025]],[[4.8596835,12.7110988],[4.8463697,12.6961126],[4.8749993,12.6912502],[4.8596835,12.7110988]],[[11.4576652,10.1691026],[11.4380363,10.1588161],[11.4499992,10.1495835],[11.4576652,10.1691026]],[[11.3846835,10.2277655],[11.3713697,10.2127793],[11.3999992,10.2079168],[11.3846835,10.2277655]],[[11.2333326,10.2912502],[11.21,10.2912502]],[[11.21,10.2912502],[11.21,10.2551195]],[[11.21,10.2551195],[11.2427401,10.2688666],[11.2333326,10.2912502]],[[11.3029615,10.2914536],[11.2718254,10.2784776],[11.2916659,10.2662502],[11.3029615,10.2914536]],[[11.5215975,10.3029852],[11.4965975,10.2910223],[11.5083326,10.2829168],[11.5215975,10.3029852]],[[11.2333326,10.2912502],[11.2699699,10.2956244],[11.2525546,10.3389593],[11.2309514,10.3352379],[11.2281326,10.3345332],[11.21,10.3101584]],[[11.21,10.3101584],[11.21,10.3070807]],[[11.21,10.3070807],[11.2333326,10.2912502]],[[7.0916659,11.7745835],[7.0916659,11.7912502],[7.0666659,11.7912502],[7.0666659,11.7745835],[7.0916659,11.7745835]],[[6.9301913,11.9672267],[6.9123853,11.977383],[6.9055331,11.9468573],[6.9333326,11.9329168],[6.9301913,11.9672267]],[[7.942897,12.3114488],[7.9492088,12.3146045]],[[7.9492088,12.3146045],[7.9416659,12.3162502],[7.942897,12.3114488]],[[7.8662102,12.3363674],[7.8543938,12.3142767],[7.8749992,12.3079168],[7.8662102,12.3363674]],[[7.9909986,12.3524359],[7.9713697,12.3421494],[7.9833326,12.3329168],[7.9909986,12.3524359]],[[7.902636,12.3695339],[7.887955,12.3554063],[7.9083326,12.3495835],[7.902636,12.3695339]],[[7.952636,12.4278672],[7.937955,12.4137396],[7.9583326,12.4079168],[7.952636,12.4278672]],[[7.9917798,12.4680487],[7.9749504,12.4860174],[7.9635572,12.4541042],[7.9833326,12.4495835],[7.9917798,12.4680487]],[[7.7443026,12.5195339],[7.7296216,12.5054063],[7.7499992,12.4995835],[7.7443026,12.5195339]],[[7.8290845,12.5288315],[7.8611972,12.5444159],[7.8267082,12.5703355],[7.8042473,12.5313177],[7.8290845,12.5288315]],[[9.283082,11.5410274],[9.276399,11.5528346],[9.2416659,11.5430731],[9.2263036,11.5473926]],[[9.2353671,11.6284735],[9.2043938,11.6179876],[9.2249992,11.5995835],[9.2353671,11.6284735]],[[8.97658,11.6599998],[8.9989628,11.6644814],[8.9956698,11.6853379],[8.9591464,11.6615505],[8.97658,11.6599998]],[[9.252636,11.6945339],[9.237955,11.6804063],[9.2583326,11.6745835],[9.252636,11.6945339]],[[8.9621737,11.7335028],[8.9555331,11.7118475],[8.9749992,11.7079168],[8.9621737,11.7335028]],[[8.9456047,11.7771144],[8.9223788,11.7860174],[8.9305005,11.7623765],[8.9499992,11.7579168],[8.9456047,11.7771144]],[[8.9749992,11.8579168],[8.9881828,11.8544378],[9.0138664,11.8381374],[9.0284823,11.8666245],[8.9894361,11.8780625],[8.9749992,11.8579168]],[[8.977636,11.9028672],[8.962955,11.8887396],[8.9833326,11.8829168],[8.977636,11.9028672]],[[8.8722483,11.8900003],[8.8694654,11.9088161],[8.851827,11.898173]],[[8.851827,11.898173],[8.8599997,11.8900003]],[[9.0499992,11.9579168],[9.0499992,11.9745835],[9.0249992,11.9745835],[9.0249992,11.9579168],[9.0499992,11.9579168]],[[4.9119622,13.2126206],[4.9285312,13.2254054],[4.9079745,13.2365464],[4.8963697,13.2171494],[4.9119622,13.2126206]],[[8.12521,12.8000002],[8.1305982,12.8106512],[8.1521965,12.8215724],[8.1390617,12.8440496],[8.1000644,12.8246608],[8.1109205,12.8024277],[8.1229367,12.8000002],[8.12521,12.8000002]],[[8.1928943,12.9010538],[8.1713697,12.8825547],[8.1954137,12.8758602],[8.1928943,12.9010538]],[[8.165022,12.9630519],[8.1476229,12.9690496],[8.1388664,12.9535142],[8.1583326,12.9495835],[8.165022,12.9630519]],[[8.0966627,12.9818304],[8.0880526,12.9693589],[8.0715976,12.9611517],[8.1166659,12.9495835],[8.1311353,12.9621567],[8.0966627,12.9818304]],[[7.9166659,12.9829168],[7.9429354,12.9558945],[7.9707024,12.9705877],[8.0281405,12.9683091],[7.9703606,12.9866074],[7.953108,13.0052272],[7.9166659,12.9829168]],[[12.5205579,9.2399998],[12.5100002,9.2399998],[12.4799995,9.2600002],[12.4700003,9.2799997],[12.4559087,9.2940913]],[[12.4559087,9.2940913],[12.414257,9.2978257],[12.3965975,9.2863185],[12.3657382,9.2784002],[12.3882642,9.2628485],[12.3952792,9.2526922],[12.4161125,9.2573635],[12.4100904,9.2305121],[12.4249992,9.1995835],[12.4515292,9.1927761],[12.4702792,9.1656195],[12.5044263,9.169424],[12.5333326,9.1829168],[12.5385409,9.204096],[12.5191724,9.2338324],[12.5205579,9.2399998]],[[10.8995435,9.853034],[10.8877271,9.8309434],[10.9083326,9.8245835],[10.8995435,9.853034]],[[10.352994,10.2759588],[10.3350904,10.2862453],[10.3133456,10.264826],[10.3416659,10.2495835],[10.352994,10.2759588]],[[8.4916659,11.8579168],[8.478195,11.8559025]],[[8.478195,11.8559025],[8.4881661,11.8509172]],[[8.4881661,11.8509172],[8.4916659,11.8579168]],[[8.4333326,11.8662502],[8.4300003,11.867677]],[[8.4300003,11.867677],[8.4300003,11.8599997]],[[8.4300003,11.8599997],[8.4386445,11.8599997]],[[8.4386445,11.8599997],[8.4333326,11.8662502]],[[8.5916659,11.8745835],[8.5874308,11.86581],[8.5893894,11.8664629],[8.5916659,11.8745835]],[[8.5916659,11.8745835],[8.6000004,11.8800904]],[[8.6000004,11.8800904],[8.6199342,11.9198686]],[[8.6199342,11.9198686],[8.6199999,11.9256022]],[[8.6199999,11.9256022],[8.6199999,11.9399996]],[[8.5900002,11.96],[8.5799999,11.9399996]],[[8.5799999,11.9399996],[8.5600004,11.9200001],[8.5299997,11.9200001],[8.5200014,11.9099998],[8.4899998,11.9099998],[8.4700003,11.9300003]],[[8.4700003,11.9300003],[8.4375455,11.9324544]],[[8.4375455,11.9324544],[8.4351178,11.9348821]],[[8.4351178,11.9348821],[8.4302893,11.9397106]],[[8.4302893,11.9397106],[8.4099998,11.9212105]],[[8.4099998,11.9212105],[8.4152378,11.8947622]],[[8.4152378,11.8947622],[8.4196924,11.890308]],[[8.4196924,11.890308],[8.4261143,11.877772]],[[8.4261143,11.877772],[8.4333326,11.8662502]],[[8.4333326,11.8662502],[8.445621,11.8713039],[8.4881828,11.8627712],[8.4916659,11.8579168]],[[8.4916659,11.8579168],[8.4978797,11.85394]],[[8.4978797,11.85394],[8.5200014,11.8599997],[8.5299997,11.8500004]],[[8.5299997,11.8500004],[8.5500002,11.8599997],[8.565108,11.8599997]],[[8.565108,11.8599997],[8.5621412,11.8957057],[8.5961907,11.9122137],[8.5916659,11.8745835]],[[8.4499992,11.9079168],[8.4303866,11.9186712],[8.4459953,11.9265122],[8.4499992,11.9079168]],[[8.3749992,11.6079168],[8.3565585,11.6041937],[8.3495784,11.5904217],[8.3542878,11.585712],[8.3777987,11.5940497],[8.3749992,11.6079168]],[[8.4464836,11.6092718],[8.4292961,11.6189723],[8.4222811,11.5946397],[8.4499992,11.5912502],[8.4464836,11.6092718]],[[8.3754713,11.7028224],[8.354703,11.679446],[8.3833326,11.6745835],[8.3754713,11.7028224]],[[8.4710442,11.7534409],[8.4461418,11.7422674],[8.4666659,11.7245835],[8.4710442,11.7534409]],[[8.2742884,11.764288],[8.271744,11.7544134],[8.2916659,11.7495835],[8.3024605,11.7924602]],[[8.5252586,11.7657742],[8.5299997,11.7970747]],[[8.5299997,11.7970747],[8.5134921,11.791828],[8.5252586,11.7657742]],[[8.4749992,11.8079168],[8.4227857,11.798611],[8.4099276,11.7831406],[8.4133456,11.7495835],[8.4137362,11.712409],[8.3983065,11.6995835],[8.412955,11.687409],[8.4105624,11.6638495],[8.3909986,11.6297145],[8.4203769,11.6208034],[8.4305168,11.7113063],[8.4272291,11.7436387],[8.4462883,11.7701279],[8.4445468,11.7872056],[8.4712232,11.7950303],[8.4749992,11.8079168]],[[8.3199997,11.8106091],[8.3333326,11.8079168],[8.339703,11.8298514]],[[8.339703,11.8298514],[8.3199997,11.8199997],[8.3199997,11.8106091]],[[8.4833326,11.8412502],[8.4881661,11.8509172]],[[8.478195,11.8559025],[8.4833326,11.8412502]],[[8.4201239,11.8501242],[8.4317538,11.8424383],[8.4534009,11.8498114],[8.4386445,11.8599997]],[[8.4300003,11.8599997],[8.4201239,11.8501242]],[[8.4749992,11.8079168],[8.4961744,11.8027166],[8.5117343,11.8128485],[8.5299997,11.8164137]],[[8.5299997,11.8164137],[8.5299997,11.8199997]],[[8.5299997,11.8199997],[8.4899998,11.8400002],[8.5200014,11.8400002],[8.5299997,11.8500004]],[[8.4978797,11.85394],[8.4833326,11.8412502]],[[8.4833326,11.8412502],[8.4749992,11.8079168]],[[6.1666659,12.5245835],[6.1658415,12.5275245],[6.1650156,12.525047],[6.1666659,12.5245835]],[[6.1666659,12.5245835],[6.1706698,12.5102118],[6.1919752,12.5133612],[6.2036288,12.5306545],[6.1666659,12.5245835]],[[6.1676658,12.5446684],[6.1871249,12.5466538],[6.2037753,12.5589422],[6.1379034,12.5720962]],[[6.1379034,12.5720962],[6.1599998,12.5600004],[6.1676658,12.5446684]],[[6.5700002,12.6099997],[6.5700002,12.6114607]],[[6.5700002,12.6114607],[6.5661714,12.6099997]],[[12.0939414,8.4519705],[12.0672356,8.4487372],[12.0452304,8.4641953],[12.0377492,8.4422505]],[[12.0377492,8.4422505],[12.0699997,8.4399996],[12.0939414,8.4519705]],[[12.3916659,8.5662502],[12.3916659,8.5829169],[12.3666659,8.5829169],[12.3666659,8.5662502],[12.3916659,8.5662502]],[[12.1631665,8.772313],[12.1382642,8.7525295],[12.1666659,8.7329168],[12.1631665,8.772313]],[[7.2697746,12.7673569],[7.252994,12.7778346],[7.2300774,12.7454738],[7.2583326,12.7412502],[7.2697746,12.7673569]],[[7.2829582,12.9589992],[7.2551588,12.9534775],[7.2749993,12.9412502],[7.2829582,12.9589992]],[[7.2718905,12.9875311],[7.2549309,12.9743556],[7.2666659,12.9662502],[7.2718905,12.9875311]],[[4.5171379,9.9028224],[4.4963697,9.879446],[4.5249993,9.8745835],[4.5171379,9.9028224]],[[9.5930819,12.3692083],[9.5796867,12.377383],[9.5721998,12.355215],[9.5833326,12.3495835],[9.5930819,12.3692083]],[[9.5859693,12.4112005],[9.5712883,12.3970729],[9.5916659,12.3912502],[9.5859693,12.4112005]],[[9.3719667,12.6439338],[9.3631177,12.6123195],[9.3999992,12.6079168],[9.4197909,12.6384466],[9.3762869,12.6525737],[9.3719667,12.6439338]],[[10.0909986,9.3691026],[10.0713697,9.3588161],[10.0833326,9.3495835],[10.0909986,9.3691026]],[[9.9781568,9.3752305],[9.9629061,9.3860947],[9.9468254,9.3618109],[9.9666659,9.3495835],[9.9781568,9.3752305]],[[7.128108,11.1949001],[7.1044752,11.1715155],[7.1333326,11.1662502],[7.128108,11.1949001]],[[7.1399999,11.476764],[7.0881828,11.46636],[7.1238437,11.4409165],[7.1399999,11.4511693]],[[7.2600002,11.5805296],[7.2452955,11.5865464],[7.2348951,11.6000148],[7.2130364,11.6069159],[7.234244,11.5717596],[7.2411668,11.5705832]],[[7.0385409,11.7334702],[7.0139478,11.7292588],[7.0233554,11.7114935],[7.0416659,11.7079168],[7.0385409,11.7334702]],[[8.1359693,12.2028672],[8.1212883,12.1887396],[8.1416659,12.1829168],[8.1359693,12.2028672]],[[8.3249992,12.1995835],[8.3333326,12.1995835],[8.3249992,12.2079168],[8.3249992,12.1995835]],[[8.3249992,12.1995835],[8.3021151,12.2017035],[8.28955,12.2141302],[8.2749992,12.2162502]],[[8.2749992,12.2162502],[8.2833977,12.1996486],[8.3055331,12.1884507],[8.3083326,12.1745835],[8.3388069,12.1647018]],[[8.3388069,12.1647018],[8.3611805,12.1711809]],[[8.3611805,12.1711809],[8.3333326,12.1912502],[8.3249992,12.1995835]],[[8.2749992,12.2162502],[8.2549309,12.2461818],[8.2249992,12.2495835],[8.2213697,12.2365464],[8.2380201,12.2101751],[8.2749992,12.2162502]],[[8.3824822,12.2812408],[8.3726229,12.261758],[8.3916659,12.2579168],[8.4055331,12.2690496],[8.4111321,12.2865586],[8.4009482,12.29]],[[8.4009482,12.29],[8.3824822,12.2812408]],[[8.1749992,12.2995835],[8.1782219,12.2747381],[8.2012688,12.25504],[8.2112134,12.2686794],[8.189078,12.280333],[8.1749992,12.2995835]],[[8.1749992,12.2995835],[8.1724248,12.3199997]],[[8.1724248,12.3199997],[8.1445068,12.3272534]],[[8.1445068,12.3272534],[8.1564283,12.3033351],[8.1749992,12.2995835]],[[8.8256473,9.6343527],[8.8346509,9.6370428],[8.8013827,9.6524603],[8.793868,9.6238679]],[[8.793868,9.6238679],[8.8199997,9.6400003],[8.8256473,9.6343527]],[[8.7859693,9.6862005],[8.7712883,9.6720729],[8.7916659,9.6662502],[8.7859693,9.6862005]],[[8.8499992,9.6995835],[8.8534335,9.6722927],[8.8712395,9.6809881],[8.8749992,9.6995835]],[[8.8749992,9.6995835],[8.8499992,9.6995835]],[[8.7515292,9.6927761],[8.7301099,9.7075628],[8.7215976,9.6923447],[8.7515292,9.6927761]],[[8.8749992,9.6995835],[8.8850578,9.7092393],[8.8664543,9.7453355],[8.9046054,9.7284002],[8.9040845,9.7538275],[8.9155103,9.7760199],[8.895914,9.7948472],[8.904231,9.8040025],[8.9289055,9.803502],[8.9300936,9.8613633],[8.9166659,9.8742499],[8.9540845,9.9115139],[8.9458651,9.9205593],[8.9289055,9.9118231],[8.9294101,9.9369452],[8.9040845,9.9703395],[8.9045077,9.9916815],[8.8637199,9.9706651],[8.8615968,9.9836975]],[[8.83785,9.9658875],[8.838427,9.9378037],[8.8232089,9.9231838],[8.8540845,9.9082057],[8.845914,9.8953314],[8.8289055,9.8956773],[8.8287427,9.8539902],[8.8459302,9.8374823],[8.845914,9.8120062],[8.8372551,9.7951768],[8.8377434,9.7708441],[8.8215324,9.7539658],[8.7792473,9.733454],[8.7940422,9.7097031],[8.8202629,9.7370021],[8.8292473,9.7288316],[8.8374179,9.7036688],[8.8499992,9.6995835]],[[8.8499992,9.6995835],[8.8499992,9.7079168],[8.8749992,9.7079168],[8.8749992,9.6995835]],[[5.7720045,8.7289536],[5.7606112,8.7446519],[5.7382642,8.7235378],[5.7666659,8.7162502],[5.7720045,8.7289536]],[[5.4313795,8.854092],[5.4189771,8.8690497],[5.4055331,8.8451808],[5.4249993,8.8412502],[5.4313795,8.854092]],[[4.0294752,12.1011297],[4.0083651,12.1110947],[3.9968254,12.0784287],[4.0333326,12.0745835],[4.0294752,12.1011297]],[[4.1262851,12.1353867],[4.1049309,12.1152044],[4.1333326,12.1079168],[4.1262851,12.1353867]],[[4.224039,12.3327134],[4.196386,12.3527614],[4.1884921,12.3203517],[4.2166659,12.3162502],[4.224039,12.3327134]],[[8.1647128,10.579092],[8.1523104,10.5940497],[8.1388664,10.5701808],[8.1583326,10.5662502],[8.1647128,10.579092]],[[10.5499992,12.1495835],[10.5219393,12.1456081],[10.5317701,12.1170151],[10.5460767,12.1219346],[10.5499992,12.1495835]],[[10.3640868,12.2720438],[10.3833326,12.2662502],[10.3835508,12.2871012]],[[10.7004712,12.3361558],[10.679703,12.3127793],[10.7083326,12.3079168],[10.7004712,12.3361558]],[[12.2396866,9.2829168],[12.2499992,9.2966664],[12.2249992,9.2995835],[12.2249992,9.2829168],[12.2396866,9.2829168]],[[12.0249992,9.4829168],[12.0139478,9.4528184],[12.0437655,9.4373928],[12.0705233,9.4566717],[12.0249992,9.4829168]],[[12.0202629,9.5358058],[12.004703,9.5235825],[12.0249992,9.5079168],[12.0202629,9.5358058]],[[11.8993319,9.5774359],[11.879703,9.5671494],[11.8916659,9.5579168],[11.8993319,9.5774359]],[[7.6467766,11.4763617],[7.6309563,11.4450913],[7.6499992,11.4412502],[7.6467766,11.4763617]],[[7.6749992,11.5245835],[7.6825513,11.4974676],[7.7119621,11.509695],[7.6749992,11.5245835]],[[7.6999992,11.6329168],[7.6999992,11.6579168],[7.6833326,11.6579168],[7.6833326,11.6329168],[7.6999992,11.6329168]],[[7.8609693,11.7028672],[7.8462883,11.6887396],[7.8666659,11.6829168],[7.8609693,11.7028672]],[[7.5668612,11.7500636],[7.5556308,11.7690497],[7.5392896,11.736758],[7.5583326,11.7329168],[7.5668612,11.7500636]],[[7.6282545,11.7713324],[7.6384107,11.7778346],[7.6449211,11.800499],[7.6219231,11.8152248],[7.596744,11.8009832],[7.6051588,11.7710638],[7.6282545,11.7713324]],[[7.7078606,11.9737331],[7.687841,11.9857163],[7.6805331,11.9618475],[7.6999992,11.9579168],[7.7078606,11.9737331]],[[12.5066887,11.8130519],[12.4892896,11.8190496],[12.4805331,11.8035142],[12.4999992,11.7995835],[12.5066887,11.8130519]],[[12.8263501,12.1277655],[12.8130363,12.1127793],[12.8416659,12.1079168],[12.8263501,12.1277655]],[[10.2566724,12.7044482],[10.2459791,12.7107163],[10.2405121,12.6905124]],[[10.2455233,12.8024766],[10.2218905,12.7868963],[10.2499992,12.7829168],[10.2455233,12.8024766]],[[7.6500001,11.1867424],[7.6500001,11.1800003],[7.6199999,11.1800003]],[[7.6199999,11.1800003],[7.6100001,11.1700001]],[[7.6100001,11.1700001],[7.6199999,11.1700001],[7.625681,11.1543187]],[[7.625681,11.1543187],[7.6621249,11.1273016],[7.6587006,11.1206495]],[[7.6587006,11.1206495],[7.6799998,11.1300001],[7.6900001,11.1400003],[7.7199998,11.1400003],[7.7399998,11.1000004],[7.77,11.0799999]],[[7.77,11.0799999],[7.7876437,11.0838217]],[[7.7876437,11.0838217],[7.7874016,11.0956691],[7.7707512,11.0953314],[7.7620923,11.1043483],[7.7629224,11.1455104],[7.7583326,11.1662502],[7.7457512,11.1621649],[7.679052,11.1608058],[7.6795891,11.187348],[7.6500001,11.1867424]],[[7.7749992,11.1912502],[7.8107089,11.1945257],[7.8019361,11.2124945],[7.7833326,11.2162502],[7.7749992,11.1912502]],[[8.0256125,11.2343884],[8.0139476,11.2521062]],[[8.0139476,11.2521062],[8.0055331,11.236229],[8.0256125,11.2343884]],[[7.8999992,11.3329168],[7.8809888,11.322492],[7.8957838,11.3133001],[7.8999992,11.3329168]],[[7.8999992,11.3329168],[7.9290194,11.338585],[7.9121412,11.3703355],[7.8999992,11.3329168]],[[6.9999993,9.2329168],[6.9800448,9.2272121],[6.9941724,9.2125433],[6.9999993,9.2329168]],[[6.9999993,9.2329168],[7.0195631,9.2373887],[7.0039869,9.2610174],[6.9999993,9.2329168]],[[7.2109693,9.2778672],[7.1962883,9.2637396],[7.2166659,9.2579168],[7.2109693,9.2778672]],[[7.1847032,9.2147035],[7.1885409,9.2625026],[7.1789381,9.2617295],[7.142203,9.2822251],[7.124039,9.2665716],[7.1450513,9.2093491],[7.1461907,9.1951483],[7.1369133,9.1871568],[7.1598788,9.1547796],[7.1462329,9.1303251]],[[7.1599998,9.1199999],[7.1700001,9.1499996],[7.1700001,9.1999998],[7.1847032,9.2147035]],[[6.9960767,9.2938869],[6.9802239,9.2707709],[6.9999993,9.2662502],[6.9960767,9.2938869]],[[7.2743237,9.3299999],[7.2839348,9.3525335],[7.2539869,9.3401922],[7.2470533,9.3275335],[7.2309075,9.3186834],[7.2175937,9.2943996],[7.2499993,9.2912502],[7.2534986,9.3173651],[7.27,9.3264155],[7.2743237,9.3299999]],[[8.0819015,12.1519012],[8.0752434,12.1627142],[8.0551588,12.164826],[8.0597738,12.1499996]],[[8.0202629,12.2024725],[8.004703,12.1902492],[8.0249992,12.1745835],[8.0202629,12.2024725]],[[8.4009482,12.29],[8.3889641,12.2940496],[8.3824822,12.2812408]],[[7.942897,12.3114488],[7.9476229,12.2930161],[7.9628736,12.2964341],[7.9784009,12.2863185],[8.002815,12.2795151],[8.0200676,12.3045151],[8.0416659,12.3162502],[7.9727369,12.3094712],[7.9492088,12.3146045]],[[8.1249992,12.3329168],[8.1249992,12.3495835],[8.0916659,12.3495835],[8.0916659,12.3329168],[8.1249992,12.3329168]],[[8.1724248,12.3199997],[8.1611321,12.327383],[8.1555331,12.346784],[8.1319817,12.352383],[8.1445068,12.3272534]],[[8.3599997,12.4368513],[8.3469719,12.4608262],[8.3382642,12.4318711],[8.3599997,12.426294]],[[8.3599997,12.426294],[8.3599997,12.4368513]],[[8.2833326,12.4912502],[8.2833326,12.5079168],[8.2499992,12.5079168],[8.2499992,12.4912502],[8.2833326,12.4912502]],[[13.2148428,10.4499998],[13.2299995,10.4667986]],[[13.2299995,10.4667986],[13.1878085,10.4732896],[13.2148428,10.4499998]],[[12.9109693,10.6612005],[12.8962883,10.6470729],[12.9166659,10.6412502],[12.9109693,10.6612005]],[[11.1013501,9.5944321],[11.0880363,9.579446],[11.1166659,9.5745835],[11.1013501,9.5944321]],[[11.3609693,9.8362005],[11.3462883,9.8220729],[11.3666659,9.8162502],[11.3609693,9.8362005]],[[11.3367343,9.8216213],[11.319384,9.8417303],[11.2817212,9.8276353],[11.277522,9.8089138],[11.298632,9.8136419],[11.3166659,9.7912502],[11.3367343,9.8216213]],[[7.9833326,9.4245835],[8.0049309,9.4211818],[8.0266269,9.4070461],[8.0198072,9.4374538],[8.0301913,9.4533799],[8.0250969,9.4760443],[7.9915845,9.4685288],[7.996858,9.4450384],[7.9833326,9.4245835]],[[8.1764197,9.4941048],[8.1813144,9.5039414],[8.1713534,9.5190497],[8.1638664,9.4968817],[8.1716924,9.492923],[8.1764197,9.4941048]],[[8.127636,9.5612005],[8.112955,9.5470729],[8.1333326,9.5412502],[8.127636,9.5612005]],[[9.9749992,11.8412502],[9.9749992,11.8662502],[9.9583326,11.8662502],[9.9583326,11.8412502],[9.9749992,11.8412502]],[[5.7409986,10.2941026],[5.7213697,10.2838161],[5.7333326,10.2745835],[5.7409986,10.2941026]],[[5.4827141,10.3835353],[5.5086256,10.4058661],[5.5023105,10.4284409],[5.4211418,10.4017523],[5.4406894,10.3849147],[5.4749993,10.3745835],[5.4827141,10.3835353]],[[5.3661125,10.8088202],[5.3471998,10.7947577],[5.3749993,10.7912502],[5.3661125,10.8088202]],[[5.840022,10.8380519],[5.822623,10.8440497],[5.8138664,10.8285142],[5.8333326,10.8245835],[5.840022,10.8380519]],[[10.0083326,12.2422214],[10.013653,12.2457683]],[[10.013653,12.2457683],[10.0083326,12.2495835],[10.0083326,12.2422214]],[[9.8923489,12.2299995],[9.9306007,12.2296994]],[[9.9306007,12.2296994],[9.9276034,12.2537502],[9.9305494,12.2773504],[9.8999992,12.2579168],[9.8923489,12.2299995]],[[9.9249734,12.3333155],[9.9216789,12.3205999],[9.9499992,12.3162502],[9.9457796,12.3471868]],[[10.0503573,12.4865464],[10.0202955,12.4792873],[10.0130363,12.4532131],[9.9963697,12.4255845],[10.0037102,12.4113999],[10.0295891,12.411404],[10.0452955,12.3948797],[10.0584628,12.4216294],[10.0712558,12.4197373],[10.0858879,12.4386948],[10.1106275,12.4577826],[10.0710604,12.4519354],[10.0503573,12.4865464]],[[8.3819334,12.4200001],[8.3900003,12.4325502]],[[8.3900003,12.4325502],[8.3749992,12.4245835],[8.3819334,12.4200001]],[[8.3599997,12.426294],[8.3666659,12.4245835],[8.3599997,12.4368513]],[[8.4693469,12.5606538],[8.4694873,12.5594875]],[[8.4694873,12.5594875],[8.4700003,12.5600004]],[[8.2537102,12.6458766],[8.2831698,12.6542995],[8.2728671,12.6782904],[8.2296216,12.6492295],[8.2499992,12.6329168],[8.2537102,12.6458766]],[[8.3529452,12.7799668],[8.3314446,12.7942002],[8.3220533,12.7783229],[8.3499992,12.7745835],[8.3529452,12.7799668]],[[11.2200513,10.0527166],[11.1894361,10.0612453],[11.2050123,10.0379014],[11.2249992,10.0329168],[11.2200513,10.0527166]],[[6.7093784,12.1764597],[6.6700001,12.1599998],[6.6585031,12.1427545]],[[6.6585031,12.1427545],[6.6625806,12.1363429],[6.722216,12.1398993],[6.7416659,12.1329168],[6.7477017,12.1391931],[6.7433614,12.1565538],[6.7155429,12.1630234],[6.7093784,12.1764597]],[[13.4333326,10.7995835],[13.4372063,10.7867254],[13.4701652,10.785464],[13.4749992,10.8329168],[13.4527987,10.8301174],[13.4333326,10.7995835]],[[13.6174882,10.8999996],[13.6055331,10.893952],[13.6115227,10.8762355],[13.6333326,10.8745835],[13.6423877,10.8999996]],[[8.5799999,11.9399996],[8.5600004,11.9499998],[8.54,11.9499998],[8.5100002,11.9700003]],[[8.5100002,11.9700003],[8.4700003,11.9300003]],[[13.2249992,9.5829168],[13.2336744,9.5898586],[13.2453768,9.6719142],[13.2164218,9.6683132],[13.2223951,9.6204168],[13.2194979,9.5972194],[13.2249992,9.5829168]],[[13.1938469,10.0695217],[13.1710604,10.0585191],[13.1999992,10.0495835],[13.1938469,10.0695217]],[[7.9006912,12.7606913],[7.9079908,12.7561956],[7.9448397,12.7692409],[7.9166659,12.7829168],[7.9147075,12.7841231]],[[7.9578769,12.7863674],[7.9460604,12.7642767],[7.9666659,12.7579168],[7.9578769,12.7863674]],[[7.8109693,12.8445339],[7.7962883,12.8304063],[7.8166659,12.8245835],[7.8109693,12.8445339]],[[7.8852532,12.8662502],[7.8600253,12.8605942],[7.8633619,12.8457098],[7.8916659,12.8412502],[7.8852532,12.8662502]],[[7.7499992,12.9412502],[7.7552239,12.953681],[7.75,12.9686245]],[[7.75,12.9686245],[7.7499992,12.9412502]],[[7.8352483,13.0090068],[7.8291185,13.0308812],[7.8130364,13.0127793],[7.8352483,13.0090068]],[[7.6199999,11.1800003],[7.6168709,11.1831291]],[[7.6168709,11.1831291],[7.6076706,11.1676705]],[[7.6076706,11.1676705],[7.6100001,11.1700001]],[[7.5647453,11.2113145],[7.5459953,11.1983791],[7.5833326,11.1912502],[7.5647453,11.2113145]],[[7.4770338,11.2701401],[7.4460604,11.2596543],[7.4666659,11.2412502],[7.4770338,11.2701401]],[[7.4202629,11.2941392],[7.404703,11.2819159],[7.4249993,11.2662502],[7.4202629,11.2941392]],[[8.4748825,12.25],[8.4700003,12.2575931],[8.4700003,12.2509875],[8.4735163,12.25],[8.4748825,12.25]],[[8.5723405,12.2399998],[8.6078992,12.2426328]],[[8.6078992,12.2426328],[8.6203768,12.2689072],[8.5723405,12.2399998]],[[8.5268156,12.2399998],[8.5450676,12.2717759],[8.5242668,12.2824041],[8.5132642,12.2529852],[8.4941671,12.2452775]],[[8.4941671,12.2452775],[8.5100002,12.2399998]],[[8.5100002,12.2399998],[8.5268156,12.2399998]],[[8.6409986,12.2857692],[8.6213697,12.2754828],[8.6333326,12.2662502],[8.6409986,12.2857692]],[[8.6636974,12.29],[8.6861159,12.29],[8.6952141,12.3131537],[8.6813469,12.3282131],[8.6636974,12.29]],[[8.5188143,12.3610093],[8.5042473,12.3256862],[8.5333326,12.3162502],[8.5188143,12.3610093]],[[8.4950513,12.3701157],[8.4749992,12.3492498],[8.4999992,12.3245835],[8.4950513,12.3701157]],[[8.3819334,12.4200001],[8.4083326,12.4079168],[8.3971998,12.4301174],[8.3900003,12.4325502]],[[8.4166659,12.4079168],[8.4621412,12.4166001],[8.4221998,12.4369248],[8.4166659,12.4079168]],[[8.4694873,12.5594875],[8.4704745,12.5368149],[8.4794752,12.5290594],[8.5062981,12.4583888],[8.4933586,12.4231634],[8.5249504,12.4040594],[8.53719,12.4474147],[8.5204745,12.4618149],[8.5211907,12.4706488],[8.5049797,12.4996812],[8.4961418,12.5290594],[8.4788821,12.5600004]],[[7.3859693,10.3278672],[7.3712883,10.3137396],[7.3916659,10.3079168],[7.3859693,10.3278672]],[[7.7264153,10.4025417],[7.7130201,10.4107163],[7.7055331,10.3885484],[7.7166659,10.3829168],[7.7264153,10.4025417]],[[7.3800001,10.4799995],[7.3702219,10.4702222]],[[7.3702219,10.4702222],[7.3885572,10.4516262],[7.3862297,10.4287502],[7.3893873,10.3976711],[7.4221985,10.4099998]],[[7.4805831,10.5005831],[7.48,10.5]],[[7.4488669,10.4288673],[7.4615064,10.4275783],[7.4805819,10.4385036],[7.4774407,10.4076361],[7.5062492,10.3874701],[7.5037265,10.4123032],[7.5083326,10.4245835],[7.5268547,10.4176255],[7.545442,10.4341904],[7.5009433,10.4534898],[7.4712232,10.475674],[7.4805831,10.5005831]],[[7.2359693,10.6278672],[7.2212883,10.6137396],[7.2416659,10.6079168],[7.2359693,10.6278672]],[[7.9833326,11.8412502],[7.9906242,11.8128607],[8.0034009,11.8273911],[7.9833326,11.8412502]],[[7.8833326,11.8579168],[7.8833326,11.8745835],[7.8583326,11.8745835],[7.8583326,11.8579168],[7.8833326,11.8579168]],[[7.905645,11.915645],[7.9258456,11.8960191],[7.9463697,11.8876206],[7.9586093,11.8717555],[7.9833326,11.8579168],[7.9777011,11.8910671],[7.9616366,11.9034653],[7.9716952,11.9290553],[7.9660229,11.9330115]],[[7.9660229,11.9330115],[7.9400001,11.9300003],[7.9299998,11.9200001],[7.905645,11.915645]],[[8.04,11.9399996],[8.0395051,11.9399996]],[[8.0395051,11.9399996],[8.04,11.9398241]],[[6.0282695,9.075865],[6.0372714,9.096959],[6.0185377,9.1136867],[5.9789869,9.1123439],[5.9543938,9.101321],[5.9712395,9.0703355],[5.9544426,9.055333],[5.98,9.0493885]],[[8.4077079,12.8245835],[8.3999996,12.8400002],[8.4083326,12.8566653]],[[8.4083326,12.8566653],[8.3916659,12.8579168],[8.3916659,12.8245835],[8.4077079,12.8245835]],[[8.3749992,12.9162502],[8.3657219,12.8941717],[8.3893873,12.8795151],[8.4034009,12.9089626],[8.3749992,12.9162502]],[[8.2605136,12.9195217],[8.2377271,12.908519],[8.2666659,12.8995835],[8.2605136,12.9195217]],[[8.303108,12.9282334],[8.2794752,12.9048488],[8.3083326,12.8995835],[8.303108,12.9282334]],[[8.3619459,12.929804],[8.320914,12.9281805],[8.3375806,12.9121649],[8.3416659,12.8829168],[8.3619459,12.929804]],[[8.2666659,12.9912502],[8.2296379,12.985167],[8.2121737,12.9877467],[8.1843417,12.9709539],[8.2212558,12.9544297],[8.2483228,12.9782131],[8.2619621,12.9448797],[8.2824374,12.9292873],[8.3015617,12.9540757],[8.2702955,12.9782131],[8.2666659,12.9912502]],[[8.3749992,12.9995835],[8.3816075,12.995178]],[[8.3816075,12.995178],[8.3767988,13.0032013]],[[8.3767988,13.0032013],[8.3749992,12.9995835]],[[8.2666659,12.9912502],[8.2833326,12.9912502],[8.2833326,13.0079168]],[[8.2833326,13.0079168],[8.2666659,13.0079168],[8.2666659,12.9912502]],[[8.1666659,13.0245835],[8.1562981,13.0193385],[8.1627271,12.996784],[8.1861321,13.0106187],[8.1666659,13.0245835]],[[8.3699999,13.0187796],[8.3600284,13.0499428]],[[8.3600284,13.0499428],[8.3238436,13.0552109],[8.3041008,13.0798651],[8.287955,13.0532904],[8.2749992,13.0495835],[8.2833326,13.0079168]],[[8.2833326,13.0079168],[8.3129713,13.0127834],[8.323925,12.9860093],[8.3503248,12.942243],[8.3783358,12.9591375],[8.3529289,12.9787502],[8.3749992,12.9995835]],[[8.3749992,12.9995835],[8.3499992,13.0079168],[8.3538404,13.0269517],[8.3699999,13.0187796]],[[8.2495435,13.1846136],[8.215787,13.1945786],[8.2216789,13.1712388],[8.2416659,13.1662502],[8.2495435,13.1846136]],[[7.0416659,8.5245835],[7.0416659,8.5495835],[7.0249993,8.5495835],[7.0249993,8.5245835],[7.0416659,8.5245835]],[[11.3833326,11.0912502],[11.3833326,11.1162502],[11.3666659,11.1162502],[11.3666659,11.0912502],[11.3833326,11.0912502]],[[11.3214836,11.2926052],[11.3042961,11.3023057],[11.2972811,11.277973],[11.3249992,11.2745835],[11.3214836,11.2926052]],[[11.2285962,11.3024725],[11.2130363,11.2902492],[11.2333326,11.2745835],[11.2285962,11.3024725]],[[5.2494133,11.3972886],[5.273274,11.4368434],[5.2536288,11.4448797],[5.2107252,11.4865464],[5.2187818,11.4320623],[5.2392896,11.3798854],[5.2583326,11.3745835],[5.2494133,11.3972886]],[[4.9970858,11.5541693],[4.9809888,11.5652899],[4.9632642,11.5485378],[4.9916659,11.5412502],[4.9970858,11.5541693]],[[7.2562004,13.085049],[7.2864413,13.1029689],[7.27615,13.1075482],[7.231693,13.1109205],[7.208532,13.0918367],[7.2177239,13.0733872],[7.2562004,13.085049]],[[9.9666659,9.0829168],[9.9666659,9.1079168],[9.9499992,9.1079168],[9.9499992,9.0829168],[9.9666659,9.0829168]],[[8.4700003,12],[8.4899998,11.9899998],[8.5100002,11.9899998],[8.5100002,11.9700003]],[[13.4034009,10.2271022],[13.3773918,10.2363185],[13.3465975,10.207689],[13.3583326,10.1995835],[13.3741366,10.2224758],[13.3949211,10.2178208],[13.4034009,10.2271022]],[[13.4333326,10.2079168],[13.4037753,10.2041367],[13.3863599,10.1941555],[13.3883293,10.1747788],[13.3413078,10.1924424],[13.3639641,10.1609605],[13.3840324,10.1630031],[13.3954419,10.136697],[13.4169079,10.132055],[13.4300285,10.1663234],[13.4614413,10.192418],[13.4622078,10.2305651],[13.4333326,10.2079168]],[[13.3159335,10.256867],[13.2975415,10.2948065],[13.2297844,10.2812933],[13.2583326,10.2329168],[13.2684725,10.2465399],[13.2925448,10.2423936],[13.3159335,10.256867]],[[13.4443026,10.4362005],[13.4296216,10.4220729],[13.4499992,10.4162502],[13.4443026,10.4362005]],[[12.0298332,9.8867458],[12.0271477,9.9049098],[11.9845044,9.9282131],[11.9860669,9.8898708],[12.0166659,9.8662502],[12.0298332,9.8867458]],[[11.9730825,9.9769173],[11.9700003,9.9737259],[11.9700003,9.9681922],[11.9830092,9.9710034]],[[11.9830092,9.9710034],[11.9730825,9.9769173]],[[12.5205579,9.2399998],[12.5073072,9.2681138],[12.5135734,9.2960598],[12.4950676,9.3029852],[12.4835604,9.3196519],[12.4525383,9.3126491],[12.4559087,9.2940913]],[[12.5247225,9.3494696],[12.5025057,9.3607936],[12.488785,9.3365383],[12.5166659,9.3329168],[12.5247225,9.3494696]],[[12.5552076,9.3751369],[12.5306145,9.3709255],[12.540022,9.3531602],[12.5583326,9.3495835],[12.5552076,9.3751369]],[[12.5916659,9.4912502],[12.5916659,9.5079168],[12.5666659,9.5079168],[12.5666659,9.4912502],[12.5916659,9.4912502]],[[12.6366854,9.8357489],[12.608007,9.8446519],[12.6146314,9.8150742],[12.6249992,9.8079168],[12.6366854,9.8357489]],[[5.6246125,8.9761624],[5.6416659,8.9745835],[5.63955,8.9891302],[5.6193352,9.0095689],[5.6172594,8.9954811],[5.6246125,8.9761624]],[[8.1359693,8.8612005],[8.1212883,8.8470729],[8.1416659,8.8412502],[8.1359693,8.8612005]],[[7.8212558,8.873314],[7.8041659,8.869481],[7.7880364,8.8730983],[7.7799309,8.8611517],[7.8249992,8.8495835],[7.8212558,8.873314]],[[7.8869621,8.820954],[7.9199048,8.8501817],[7.8805657,8.8737046],[7.8512362,8.869367],[7.8559726,8.8373683],[7.8833326,8.8162502],[7.8869621,8.820954]],[[7.7138664,8.9134507],[7.6952141,8.9228867],[7.6888664,8.9135239],[7.7166659,8.8995835],[7.7138664,8.9134507]],[[7.5999999,9.0050725],[7.6559075,9.002855],[7.6788567,8.978091],[7.6885897,8.9885972],[7.6873202,9.0209051],[7.62469,9.0200751],[7.6061425,9.0507129]],[[4.1494622,8.7591335],[4.1177239,8.7696519],[4.1049309,8.7551092],[4.1437004,8.7283392],[4.1583326,8.7245835],[4.1494622,8.7591335]],[[3.8707512,9.0934841],[3.8443352,9.1114732],[3.8214511,9.0896266],[3.8383619,9.062291],[3.8749993,9.0579168],[3.8707512,9.0934841]],[[7.6587006,11.1206495],[7.6457512,11.0954942],[7.645914,11.0536688],[7.6324176,11.04]],[[7.6875046,11.016248],[7.7041659,11.0119126],[7.7201327,11.0285345],[7.7466978,11.0366978]],[[7.7600002,11.0600004],[7.77,11.0799999]],[[7.6076706,11.1676705],[7.625681,11.1543187]],[[11.6868319,9.9863389],[11.6630363,9.965888],[11.6916659,9.9579168],[11.6868319,9.9863389]],[[10.4527987,12.8551174],[10.4705233,12.8640814],[10.4777987,12.8856187],[10.4485995,12.9003892],[10.4166659,12.8725653],[10.4320468,12.8532049],[10.4527987,12.8551174]],[[12.9483065,10.2379299],[12.9353345,10.2440497],[12.9138664,10.228091],[12.9416659,10.2245835],[12.9483065,10.2379299]],[[13.2148428,10.4499998],[13.2249992,10.4412502],[13.2299995,10.4667986]],[[7.9944817,10.6946437],[7.9799309,10.6818711],[8.0083326,10.6745835],[7.9944817,10.6946437]],[[8.1605136,10.8111883],[8.1377271,10.8001857],[8.1666659,10.7912502],[8.1605136,10.8111883]],[[8.2141757,10.8602769],[8.1877271,10.851321],[8.2083326,10.8329168],[8.2141757,10.8602769]],[[8.0697584,10.9971055],[8.0442864,10.9933416],[8.0471509,10.9740057],[8.0749992,10.9662502],[8.0697584,10.9971055]],[[7.77,11.0203154],[7.7795891,11.0205104],[7.7789218,11.0535101],[7.7879061,11.0709743],[7.7876437,11.0838217]],[[13.9313306,12.0373276],[13.9205721,12.052383],[13.8971997,12.0385239],[13.9249992,12.0245835],[13.9313306,12.0373276]],[[4.3359693,12.6278672],[4.3212883,12.6137396],[4.3416659,12.6079168],[4.3359693,12.6278672]],[[4.3614413,12.6615667],[4.3378085,12.6381821],[4.3666659,12.6329168],[4.3614413,12.6615667]],[[4.5546217,12.7532904],[4.5563144,12.769957],[4.5101067,12.7521917],[4.513427,12.7255234],[4.5249993,12.7162502],[4.5546217,12.7532904]],[[7.6983554,13.0547186],[7.6809563,13.0607163],[7.6721998,13.0451808],[7.6916659,13.0412502],[7.6983554,13.0547186]],[[7.730506,13.0710116],[7.7508626,13.1000004]],[[7.7508626,13.1000004],[7.722802,13.0914495],[7.730506,13.0710116]],[[7.813606,13.3126898],[7.7984693,13.3196519],[7.7799309,13.2957261],[7.8083326,13.2912502],[7.813606,13.3126898]],[[8.6653857,11.6446143],[8.6544919,11.6610155]],[[8.6544919,11.6610155],[8.6377597,11.6494655],[8.6299309,11.6243556],[8.6362371,11.6199999],[8.6442523,11.6199999],[8.6624504,11.6331854],[8.6653857,11.6446143]],[[8.7131503,11.7009385],[8.6959628,11.710639],[8.6889478,11.6863063],[8.7166659,11.6829168],[8.7131503,11.7009385]],[[8.5564934,11.6987331],[8.5415683,11.7197292],[8.5215162,11.6904323],[8.5499992,11.6829168],[8.5564934,11.6987331]],[[8.5499992,11.7579168],[8.558886,11.7403469],[8.5777987,11.7544094],[8.5499992,11.7579168]],[[8.5499992,11.7579168],[8.5365064,11.7694281],[8.5299997,11.7970747]],[[8.5252586,11.7657742],[8.5323723,11.750023],[8.5499992,11.7579168]],[[8.5341607,11.8172259],[8.5299997,11.8199997]],[[8.5299997,11.8164137],[8.5341607,11.8172259]],[[11.2083326,10.3079168],[11.21,10.3070807]],[[11.21,10.3101584],[11.2083326,10.3079168]],[[11.2083326,10.3079168],[11.1836581,10.3242254],[11.1514641,10.317007],[11.1299309,10.3029852],[11.1034009,10.2961818],[11.0965975,10.2880682],[11.1449211,10.2756659],[11.1534009,10.2529852],[11.1677889,10.2430568],[11.1956047,10.2547349],[11.21,10.2551195]],[[11.21,10.2912502],[11.2083326,10.3079168]],[[11.102636,10.3945339],[11.087955,10.3804063],[11.1083326,10.3745835],[11.102636,10.3945339]],[[11.102636,10.4862005],[11.087955,10.4720729],[11.1083326,10.4662502],[11.102636,10.4862005]],[[9.5631503,9.7676052],[9.5459628,9.7773057],[9.5389478,9.752973],[9.5666659,9.7495835],[9.5631503,9.7676052]],[[12.8857193,9.1056261],[12.8885409,9.1251369],[12.8639478,9.1209255],[12.8733553,9.1031602],[12.8857193,9.1056261]],[[12.6638664,9.2301174],[12.64344,9.2357163],[12.6305331,9.2111192],[12.6749992,9.2079168],[12.6638664,9.2301174]],[[12.6609693,9.2862005],[12.6462883,9.2720729],[12.6666659,9.2662502],[12.6609693,9.2862005]],[[8.7576327,12.8399359],[8.7386711,12.852383],[8.7305331,12.8344305],[8.7499992,12.8245835],[8.7576327,12.8399359]],[[8.8021802,12.852855],[8.7793938,12.8418524],[8.8083326,12.8329168],[8.8021802,12.852855]],[[8.8359693,12.8528672],[8.8212883,12.8387396],[8.8416659,12.8329168],[8.8359693,12.8528672]],[[8.4077079,12.8245835],[8.4083326,12.8566653]],[[8.4443026,12.9445339],[8.4296216,12.9304063],[8.4499992,12.9245835],[8.4443026,12.9445339]],[[8.3999992,12.9829168],[8.3928624,12.9671381],[8.3991676,12.9608326],[8.4285474,12.9616766],[8.3999992,12.9829168]],[[8.3999992,12.9829168],[8.4069654,13.0010199],[8.3860507,13.0296372],[8.3880689,13.0458604],[8.3600284,13.0499428]],[[8.3699999,13.0187796],[8.3767988,13.0032013]],[[8.3816075,12.995178],[8.3999992,12.9829168]],[[8.4749992,13.0412502],[8.487662,13.035932],[8.5063632,13.0481105],[8.5021602,13.0668735],[8.4788404,13.0684067],[8.4618319,13.0537502],[8.4749992,13.0412502]],[[4.8678883,13.0500002],[4.8395976,13.0500002],[4.8295566,13.0330308],[4.8583326,13.0245835],[4.8678883,13.0500002]],[[8.8860995,9.4021795],[8.8631177,9.3834255],[8.8749992,9.3745835],[8.8860995,9.4021795]],[[8.9145337,9.5370713],[8.905761,9.5550482],[8.8872877,9.5607163],[8.8805331,9.528091],[8.9083326,9.5245835],[8.9145337,9.5370713]],[[8.7409986,9.6274359],[8.7213697,9.6171494],[8.7333326,9.6079168],[8.7409986,9.6274359]],[[8.793868,9.6238679],[8.8256473,9.6343527]],[[8.8952629,9.6524725],[8.879703,9.6402492],[8.8999992,9.6245835],[8.8952629,9.6524725]],[[10.1245272,12.0903997],[10.1045077,12.102383],[10.0971998,12.0785142],[10.1166659,12.0745835],[10.1245272,12.0903997]],[[9.8923489,12.2299995],[9.8916659,12.2245835],[9.9306007,12.2296994]],[[10.0083326,12.2422214],[10.0083326,12.2329168],[10.013653,12.2457683]],[[8.6813795,11.3957586],[8.6689771,11.4107163],[8.6555331,11.3868475],[8.6749992,11.3829168],[8.6813795,11.3957586]],[[8.4666659,11.4245835],[8.4700676,11.4113185],[8.4831698,11.3961818],[8.4950676,11.4315619],[8.4666659,11.4245835]],[[8.6583326,11.5079168],[8.6522453,11.4831406],[8.655647,11.4679469],[8.6867343,11.4748114],[8.6689608,11.4870835],[8.6834628,11.4970933],[8.6745761,11.5367336],[8.6454745,11.5476222],[8.6382642,11.5217759],[8.6583326,11.5079168]],[[8.5611569,11.5611569],[8.5548495,11.5455389],[8.5916659,11.5412502],[8.6032545,11.5694606],[8.5733739,11.5767481],[8.5611569,11.5611569]],[[8.6084953,11.6032131],[8.5961418,11.5832708],[8.6249992,11.5745835],[8.6084953,11.6032131]],[[11.0130869,12.8715433],[11.0418077,12.8918075]],[[11.0418077,12.8918075],[10.9998528,12.8800156],[11.0130869,12.8715433]],[[7.4666659,11.8745835],[7.4770826,11.855569],[7.4862785,11.8703639],[7.4666659,11.8745835]],[[7.4666659,11.8745835],[7.4622714,11.8937811],[7.4390455,11.9026841],[7.4471672,11.8790431],[7.4666659,11.8745835]],[[7.4117506,11.9533148],[7.3960604,11.9212347],[7.4333326,11.9162502],[7.4117506,11.9533148]],[[8.0766269,12.6316148],[8.0496412,12.6616237],[8.0296216,12.6366237],[8.0135572,12.6237534],[8.0333326,12.6079168],[8.0460604,12.6198675],[8.0766269,12.6316148]],[[7.9944817,12.7029771],[7.9799309,12.6902044],[8.0083326,12.6829168],[7.9944817,12.7029771]],[[8.0916659,12.7329168],[8.0916659,12.7495835],[8.0666659,12.7495835],[8.0666659,12.7329168],[8.0916659,12.7329168]],[[5.7443026,12.9778672],[5.7296217,12.9637396],[5.7499993,12.9579168],[5.7443026,12.9778672]],[[6.1969556,10.0707912],[6.1750644,10.0944484],[6.1631828,10.078327],[6.1916659,10.0579168],[6.1969556,10.0707912]],[[6.2747226,10.1911362],[6.2525058,10.2024603],[6.2387851,10.1782049],[6.2666659,10.1745835],[6.2747226,10.1911362]],[[6.4028476,10.4283189],[6.3810539,10.4047918],[6.4083326,10.3995835],[6.4028476,10.4283189]],[[6.9749179,8.4745266],[6.93719,8.4936102],[6.9305331,8.461229],[6.9666659,8.4579169],[6.9749179,8.4745266]],[[5.2137562,13.0875126],[5.1677727,13.07025],[5.1741204,13.0273626],[5.1880364,13.0042873],[5.1994622,12.9763657],[5.1722974,12.9803818],[5.1915724,12.9484274]],[[5.1915724,12.9484274],[5.2117026,12.9300003]],[[5.2117026,12.9300003],[5.2073723,12.9592759],[5.2233066,12.9998114],[5.2437424,12.9874848]],[[5.2437424,12.9874848],[5.25,13.0100002]],[[7.6500001,12.4686025],[7.6425513,12.4848971]],[[7.6425513,12.4848971],[7.6333326,12.4745835],[7.6500001,12.4686025]],[[7.520149,12.4461045],[7.5300937,12.4532334],[7.5269687,12.4690171],[7.4816073,12.4863958],[7.4715162,12.4370306],[7.5166659,12.4329168],[7.520149,12.4461045]],[[7.5951653,12.5030055],[7.5713697,12.4825547],[7.5999992,12.4745835],[7.5951653,12.5030055]],[[7.502636,12.6028672],[7.487955,12.5887396],[7.5083326,12.5829168],[7.502636,12.6028672]],[[7.4878248,12.6859849],[7.4718254,12.6618109],[7.4916659,12.6495835],[7.4878248,12.6859849]],[[7.4763502,12.9111191],[7.462662,12.8937404],[7.4833326,12.8745835],[7.4763502,12.9111191]],[[7.6100001,12.9212112],[7.6075504,12.9300003]],[[7.5963375,12.928169],[7.5853834,12.9100083],[7.5916002,12.8832002]],[[7.5145989,12.9205348],[7.5056308,12.9357163],[7.4931145,12.9109889],[7.5083326,12.9079168],[7.5145989,12.9205348]],[[7.5639491,12.9760507],[7.5615715,12.9599513],[7.5700002,12.9534444]],[[7.6500001,11.1867424],[7.6289218,11.1956691],[7.6168709,11.1831291]],[[7.664078,11.2865667],[7.6378085,11.2672674],[7.6583326,11.2495835],[7.664078,11.2865667]],[[7.7368319,11.3196722],[7.7130364,11.2992214],[7.7416659,11.2912502],[7.7368319,11.3196722]],[[7.8304412,11.3136272],[7.8243482,11.3261135],[7.8055331,11.3094305],[7.8161157,11.3040773],[7.8304412,11.3136272]],[[7.6447746,11.3865667],[7.6211418,11.3631821],[7.6499992,11.3579168],[7.6447746,11.3865667]],[[7.5714836,11.3842718],[7.5542961,11.3939723],[7.5472812,11.3696397],[7.5749993,11.3662502],[7.5714836,11.3842718]],[[7.3575375,11.5249255],[7.3764153,11.5362168],[7.3499999,11.5435701]],[[7.4389315,11.5780584],[7.3960604,11.5527573],[7.4333326,11.5412502],[7.4389315,11.5780584]],[[7.5089185,11.6690781],[7.4718905,11.653563],[7.4999993,11.6495835],[7.5089185,11.6690781]],[[11.3243319,8.9191026],[11.304703,8.9088161],[11.3166659,8.8995835],[11.3243319,8.9191026]],[[11.3248881,8.9451116],[11.3214511,8.9364243],[11.3513339,8.888117],[11.3745888,8.8708225]],[[9.8134921,9.1534816],[9.8052076,9.1904567],[9.7874341,9.1647243],[9.7748365,9.131041],[9.7999992,9.1245835],[9.8134921,9.1534816]],[[4.9684888,12.5166286],[4.9554517,12.5279852],[4.9465976,12.4985378],[4.9749993,12.4912502],[4.9684888,12.5166286]],[[5.0228345,12.7247178],[4.9996737,12.7363185],[5.0062981,12.7067409],[5.0166659,12.6995835],[5.0228345,12.7247178]],[[5.134651,12.7439886],[5.1222974,12.752383],[5.1097812,12.7276556],[5.1249993,12.7245835],[5.134651,12.7439886]],[[5.1324897,12.8350208],[5.1242668,12.8149196],[5.1399999,12.8144372]],[[5.1399999,12.8144372],[5.1324897,12.8350208]],[[5.1694654,12.7884507],[5.1832349,12.7954168],[5.1548983,12.809752],[5.1471998,12.7927638],[5.1694654,12.7884507]],[[5.2188469,12.8111883],[5.1960605,12.8001857],[5.2249993,12.7912502],[5.2188469,12.8111883]],[[5.1399999,12.8144372],[5.1654452,12.8296535],[5.1618157,12.8541774],[5.1768222,12.8657578],[5.1428378,12.8865464],[5.1464999,12.861758],[5.1324897,12.8350208]],[[5.1915724,12.9484274],[5.1690422,12.9283229],[5.1726067,12.9042384],[5.1999993,12.8995835],[5.2142896,12.9125107],[5.2117026,12.9300003]],[[6.2091119,12.4372588],[6.1895175,12.432868],[6.2087558,12.3870876],[6.2249993,12.3829168],[6.218912,12.407693],[6.2231991,12.426801],[6.2091119,12.4372588]],[[6.1379034,12.5720962],[6.1045565,12.5596462],[6.1166659,12.5495835],[6.1249993,12.5495835],[6.1390618,12.5443019],[6.1676658,12.5446684]],[[6.079703,12.5709539],[6.05358,12.5865464],[6.0380364,12.557278],[6.0833326,12.5495835],[6.079703,12.5709539]],[[8.9764153,12.0942083],[8.9630201,12.102383],[8.9555331,12.080215],[8.9666659,12.0745835],[8.9764153,12.0942083]],[[9.1666659,12.1329168],[9.1806959,12.1450425],[9.1797518,12.1695786],[9.1411451,12.1598537],[9.1466789,12.1379054],[9.1666659,12.1329168]],[[9.3142571,12.2294785],[9.2793449,12.2413763],[9.2718254,12.2200954],[9.3083326,12.2162502],[9.3142571,12.2294785]],[[9.4076653,12.2857692],[9.3880364,12.2754828],[9.3999992,12.2662502],[9.4076653,12.2857692]],[[13.2603391,11.9300003],[13.2458326,11.9510199],[13.2382256,11.9399996]],[[13.2891677,11.9252084],[13.3063306,11.931627],[13.3030917,11.9460597],[13.3219068,11.9531073],[13.3244458,11.9823635],[13.286425,11.9627264],[13.2901685,11.9459743],[13.2670326,11.9300003]],[[3.829817,12.5592718],[3.8126295,12.5689723],[3.8056145,12.5446397],[3.8333326,12.5412502],[3.829817,12.5592718]],[[5.3553052,13.0024928],[5.3465976,12.9735378],[5.3749993,12.9662502],[5.3553052,13.0024928]],[[5.2437424,12.9874848],[5.2623853,12.9762396],[5.2786288,12.9365464],[5.2924309,12.9292873],[5.3036288,12.9736842],[5.2862623,12.9870835],[5.2987297,12.9966986],[5.2951653,13.0207749],[5.3161614,13.0490993],[5.2963697,13.0876206],[5.2741366,13.1176011],[5.2646698,13.1053303]],[[5.2416659,13.1245835],[5.224058,13.1099997],[5.23716,13.1099997],[5.2416659,13.1245835]],[[5.2868808,13.2316595],[5.2529452,13.2282008],[5.2548658,13.2093857],[5.2666659,13.1995835],[5.2868808,13.2316595]],[[5.6666659,13.7412502],[5.6666659,13.7662502],[5.6499993,13.7662502],[5.6499993,13.7412502],[5.6666659,13.7412502]],[[4.4777885,11.6944226],[4.4916659,11.6912502],[4.4877434,11.7188869],[4.4749117,11.7001762],[4.4777885,11.6944226]],[[4.390022,12.0880519],[4.372623,12.0940496],[4.3638665,12.0785142],[4.3833326,12.0745835],[4.390022,12.0880519]],[[4.3581911,12.251809],[4.3464836,12.2276719],[4.3215976,12.2332505],[4.329052,12.2092555],[4.3512851,12.2142401],[4.3699999,12.1725939]],[[4.2859693,12.2612005],[4.2712883,12.2470729],[4.2916659,12.2412502],[4.2859693,12.2612005]],[[5.9443026,12.6695339],[5.9296217,12.6554063],[5.9499993,12.6495835],[5.9443026,12.6695339]],[[6.127636,12.6945339],[6.112955,12.6804063],[6.1333326,12.6745835],[6.127636,12.6945339]],[[5.8777987,12.696784],[5.8899407,12.7029242],[5.8807284,12.72178],[5.8555331,12.7221828],[5.869205,12.6941799],[5.8777987,12.696784]],[[6.6038575,12.6020478],[6.6021802,12.6154648],[6.5700002,12.6114607]],[[6.8289381,12.6206528],[6.8442538,12.634341],[6.8332024,12.6535142],[6.8127271,12.627208],[6.8289381,12.6206528]],[[6.5978671,12.6370713],[6.5982414,12.6545233],[6.5873853,12.6607163],[6.5805331,12.630215],[6.5978671,12.6370713]],[[6.73719,12.7358099],[6.7135572,12.7202297],[6.7416659,12.7162502],[6.73719,12.7358099]],[[6.7963697,12.7792873],[6.7777987,12.8032131],[6.7630364,12.7725287],[6.7999993,12.7662502],[6.7963697,12.7792873]],[[6.4938469,12.8861883],[6.4710605,12.8751857],[6.4999993,12.8662502],[6.4938469,12.8861883]],[[7.0576653,12.9941025],[7.0380364,12.9838161],[7.0499993,12.9745835],[7.0576653,12.9941025]],[[4.6767364,8.3910881],[4.7172431,8.3900003]],[[4.7172431,8.3900003],[4.6888176,8.4072658],[4.6767364,8.3910881]],[[4.6390338,8.3999996],[4.6399999,8.3999996]],[[4.6399999,8.3999996],[4.6415919,8.3999996]],[[4.6415919,8.3999996],[4.6378899,8.4208034],[4.6138176,8.4407945],[4.6416659,8.4567409],[4.6676262,8.4418768],[4.695442,8.4805405],[4.6915014,8.4884983],[4.6900001,8.4915303],[4.686246,8.4991115],[4.6396151,8.4943589],[4.6132642,8.5162502],[4.645442,8.5429795],[4.6208651,8.5458441],[4.5615064,8.5397935],[4.56372,8.5615342],[4.5484693,8.5630886],[4.5133619,8.5414374],[4.5137688,8.4954169],[4.5114901,8.4730576],[4.5341627,8.4363185],[4.5610181,8.439057],[4.5610832,8.4023301],[4.5781379,8.4040686],[4.5973669,8.4026328],[4.6390338,8.3999996]],[[4.7307122,8.5842637],[4.714843,8.5689439],[4.7333326,8.5662502],[4.7307122,8.5842637]],[[4.8076653,8.6274359],[4.7880364,8.6171494],[4.7999993,8.6079168],[4.8076653,8.6274359]],[[5.3249993,13.7245835],[5.3215325,13.7397284],[5.2810163,13.758265],[5.2802239,13.7298162],[5.2878573,13.6964829],[5.3052239,13.7026841],[5.3249993,13.7245835]],[[7.7438469,12.1195217],[7.7210604,12.108519],[7.7499992,12.0995835],[7.7438469,12.1195217]],[[7.5693026,12.1278672],[7.5546216,12.1137396],[7.5749993,12.1079168],[7.5693026,12.1278672]],[[7.6805331,12.1384507],[7.6627922,12.1440496],[7.6555331,12.1195623],[7.6916659,12.1162502],[7.6805331,12.1384507]],[[7.7905917,12.1857936],[7.7805168,12.1946519],[7.7549797,12.1576524],[7.7666659,12.1495835],[7.7905917,12.1857936]],[[7.694384,12.242007],[7.6574537,12.252912],[7.6655754,12.2206773],[7.6833326,12.2162502],[7.694384,12.242007]],[[5.9498853,12.1171657],[5.9231438,12.1276108],[5.9090162,12.1028428],[5.9416659,12.0995835],[5.9498853,12.1171657]],[[6.4302564,12.248965],[6.4138664,12.2344305],[6.4333326,12.2245835],[6.4302564,12.248965]],[[5.4813722,13.2771241],[5.4680168,13.2944321],[5.454703,13.279446],[5.4769847,13.2756616],[5.4813722,13.2771241]],[[5.3735832,13.3110947],[5.3638664,13.3196519],[5.3549309,13.2910223],[5.3666659,13.2829168],[5.3735832,13.3110947]],[[5.4488599,13.2845689],[5.41997,13.3198797],[5.3963697,13.2739447],[5.4416659,13.2662502],[5.4488599,13.2845689]],[[5.3983554,13.3380519],[5.3809563,13.3440496],[5.3721998,13.3285142],[5.3916659,13.3245835],[5.3983554,13.3380519]],[[5.440022,13.3380519],[5.422623,13.3440496],[5.4138664,13.3285142],[5.4333326,13.3245835],[5.440022,13.3380519]],[[5.5038567,13.3207261],[5.522981,13.3372056],[5.517675,13.3617743],[5.4794914,13.3224269],[5.5038567,13.3207261]],[[5.2614088,13.3684312],[5.2388502,13.3779852],[5.2215976,13.3529852],[5.2499993,13.3412502],[5.2614088,13.3684312]],[[5.4249993,13.3662502],[5.4249993,13.3829168],[5.3999993,13.3829168],[5.3999993,13.3662502],[5.4249993,13.3662502]],[[7.9660229,11.9330115],[7.9490064,11.9448797],[7.905645,11.915645]],[[8.0499992,11.9495835],[8.0395051,11.9399996]],[[8.0402719,11.9397277],[8.0499992,11.9495835]],[[8.0499992,11.9495835],[8.0626946,11.9432765],[8.0777987,11.9532253],[8.0556308,11.9607163],[8.0499992,11.9495835]],[[8.1006136,11.9712269],[8.0892217,11.9492213]],[[8.1242822,11.9399996],[8.139188,11.9399996],[8.1400003,11.9399996]],[[8.1400003,11.9399996],[8.1400003,11.96]],[[8.1385764,11.96],[8.1282293,11.96]],[[7.9899998,12.0673045],[7.9801588,12.0400091],[7.9916659,12.0329168],[8.0052638,12.0447364]],[[9.3992017,11.76754],[9.4256015,11.7879177],[9.4016757,11.8032131],[9.3759433,11.7403509],[9.3334628,11.7466294],[9.3153475,11.6815944],[9.3499992,11.6579168],[9.3538892,11.6897202],[9.3735832,11.704918],[9.3992017,11.76754]],[[11.2395012,9.8742458],[11.2277011,9.9147243],[11.2139804,9.9282131],[11.204703,9.8948797],[11.1786288,9.8542873],[11.1673658,9.8138128],[11.1749992,9.8079168],[11.1929517,9.8524725],[11.2085442,9.8645127],[11.2295891,9.861404],[11.2395012,9.8742458]],[[6.6501132,9.4430487],[6.6332838,9.4610174],[6.6218905,9.4291042],[6.6416659,9.4245835],[6.6501132,9.4430487]],[[7.077636,9.5362005],[7.062955,9.5220729],[7.0833326,9.5162502],[7.077636,9.5362005]],[[9.9533521,11.672724],[9.910481,11.6907904],[9.9147942,11.6560899],[9.9333326,11.6412502],[9.9533521,11.672724]],[[10.7860995,12.3855129],[10.7631177,12.3667588],[10.7749992,12.3579168],[10.7860995,12.3855129]],[[10.927636,12.5778672],[10.912955,12.5637396],[10.9333326,12.5579168],[10.927636,12.5778672]],[[10.8109693,12.8028672],[10.7962883,12.7887396],[10.8166659,12.7829168],[10.8109693,12.8028672]],[[10.8662916,12.8173325],[10.8384921,12.8118109],[10.8583326,12.7995835],[10.8662916,12.8173325]],[[10.9109693,12.8528672],[10.8962883,12.8387396],[10.9166659,12.8329168],[10.9109693,12.8528672]],[[11.0130869,12.8715433],[11.0228996,12.8652614],[11.0172518,12.8451523],[11.0365878,12.8463324],[11.0602043,12.8614487],[11.0509432,12.8943752],[11.0418077,12.8918075]],[[6.3359693,9.017947],[6.2965162,9.0116603],[6.3249993,8.9912502],[6.3359693,9.017947]],[[14.3846835,11.9194321],[14.3713697,11.904446],[14.3999992,11.8995835],[14.3846835,11.9194321]],[[14.2031568,12.0335638],[14.1879061,12.0444281],[14.1718254,12.0201442],[14.1916659,12.0079168],[14.2031568,12.0335638]],[[14.2203541,12.3620234],[14.2155018,12.3728676],[14.1991806,12.3840084],[14.1890252,12.3998313],[14.163134,12.3491603],[14.1916659,12.3245835],[14.2247858,12.3592358],[14.2203541,12.3620234]],[[8.4333326,11.9412502],[8.4302893,11.9397106]],[[8.4351178,11.9348821],[8.4333326,11.9412502]],[[8.4333326,11.9412502],[8.4375455,11.9324544]],[[8.4300003,11.9460745],[8.4333326,11.9412502]],[[8.3666636,12.0977761],[8.324869,12.1199286],[8.3128899,12.0996974],[8.3522294,12.088153],[8.3666636,12.0977761]],[[8.3892543,12.0907462],[8.3999996,12.0900002],[8.4140682,12.0718636]],[[8.4140682,12.0718636],[8.4360995,12.0774155],[8.4469309,12.0500002]],[[8.4469309,12.0500002],[8.4499998,12.0500002]],[[8.4949999,12.105],[8.4833326,12.1079168],[8.4833326,12.0912502],[8.4583326,12.0912502],[8.4583326,12.1245835]],[[8.4583326,12.1245835],[8.4333326,12.1162502],[8.4255852,12.127912],[8.4009758,12.1205552],[8.4053703,12.103152],[8.3892543,12.0907462]],[[8.4583326,12.1245835],[8.4776848,12.1343735],[8.4707186,12.1607163],[8.4471998,12.1469793],[8.4583326,12.1245835]],[[8.3388069,12.1647018],[8.3953606,12.1304103],[8.3787427,12.1626613],[8.3611805,12.1711809]],[[8.5023425,12.2029728],[8.5,12.2287492]],[[8.5,12.2287492],[8.4882642,12.2107245],[8.5023425,12.2029728]],[[8.4941671,12.2452775],[8.5023332,12.2323327]],[[8.5023332,12.2323327],[8.5100002,12.2399998]],[[9.601285,11.3687201],[9.5799309,11.3485378],[9.6083326,11.3412502],[9.601285,11.3687201]],[[9.670914,11.3538316],[9.6544263,11.3696844],[9.6292473,11.3462225],[9.6749992,11.3412502],[9.670914,11.3538316]],[[9.4583326,11.4579168],[9.4902011,11.4209255],[9.5038567,11.4381943],[9.477164,11.4784409],[9.4583326,11.4579168]],[[9.4993319,11.5024359],[9.479703,11.4921494],[9.4916659,11.4829168],[9.4993319,11.5024359]],[[9.8768384,12.365709],[9.8300936,12.342361],[9.8499992,12.3245835],[9.8540845,12.3378322],[9.8932447,12.3355007],[9.8768384,12.365709]],[[9.8978726,12.5678726],[9.8887688,12.5865464],[9.8583326,12.5745835],[9.8789401,12.5478802]],[[5.7443026,12.0612005],[5.7296217,12.0470729],[5.7499993,12.0412502],[5.7443026,12.0612005]],[[5.0105136,12.1195217],[4.9877271,12.108519],[5.0166659,12.0995835],[5.0105136,12.1195217]],[[5.1384433,12.1453802],[5.1352206,12.1597764],[5.101692,12.1522609],[5.1063469,12.131509],[5.1333326,12.1245835],[5.1384433,12.1453802]],[[7.4805831,10.5005831],[7.4892896,10.5237534],[7.4862297,10.5787502],[7.487955,10.5956854],[7.4787102,10.611815],[7.4824374,10.6482977],[7.4758131,10.661697],[7.4462232,10.6200303],[7.4224602,10.5948268],[7.3943189,10.5976955],[7.3987948,10.5539333],[7.3589511,10.5451035],[7.371272,10.5123032],[7.3702219,10.4702222]],[[7.752636,10.7195339],[7.737955,10.7054063],[7.7583326,10.6995835],[7.752636,10.7195339]],[[7.5228183,10.697256],[7.5093091,10.7195786],[7.4966789,10.6879054],[7.5166659,10.6829168],[7.5228183,10.697256]],[[7.5781568,10.830447],[7.5537753,10.8294216],[7.5380364,10.8152492],[7.5583326,10.7995835],[7.5781568,10.830447]],[[7.6493319,10.8857692],[7.629703,10.8754828],[7.6416659,10.8662502],[7.6493319,10.8857692]],[[8.8534986,12.4530055],[8.829703,12.4325547],[8.8583326,12.4245835],[8.8534986,12.4530055]],[[8.7416659,12.5912502],[8.7354647,12.5787624],[8.742317,12.5647202],[8.7611321,12.5814032],[8.7416659,12.5912502]],[[9.01219,12.7945827],[8.9961418,12.7646999],[9.0333326,12.7579168],[9.01219,12.7945827]],[[8.9666659,12.8245835],[8.9593469,12.822528],[8.9627779,12.8154629],[8.9666659,12.8245835]],[[13.9150591,11.1780605],[13.9246423,11.2009702],[13.8936353,11.211168],[13.8800773,11.198668],[13.9032544,11.1778346],[13.9150591,11.1780605]],[[13.7967766,11.2346706],[13.7763827,11.244127],[13.763785,11.2182114],[13.788785,11.20504],[13.7967766,11.2346706]],[[14.1371708,11.252655],[14.1634516,11.2627917],[14.1385246,11.2696519],[14.1371708,11.252655]],[[13.6833326,11.5245835],[13.6640129,11.5208075],[13.6732902,11.5032822],[13.7025546,11.4968613],[13.7110507,11.5120062],[13.6833326,11.5245835]],[[9.2409986,12.6774359],[9.2213697,12.6671494],[9.2333326,12.6579168],[9.2409986,12.6774359]],[[9.4448397,12.7880723],[9.4660311,12.8011257],[9.4555364,12.8160636],[9.4259921,12.81813],[9.4358391,12.7865098],[9.4448397,12.7880723]],[[7.6500001,12.4686025],[7.667203,12.4624294],[7.6502922,12.4935573],[7.6425513,12.4848971]],[[7.7127922,12.861054],[7.6884921,12.8450954],[7.7249992,12.8412502],[7.7127922,12.861054]],[[7.6488762,12.8877525],[7.6552239,12.8603908],[7.6744133,12.8632269],[7.6609984,12.8973325]],[[7.75,12.9204172],[7.7416659,12.9169826],[7.7215162,12.9252834],[7.71372,12.9103379],[7.7333326,12.8995835],[7.75,12.9092048],[7.75,12.9204172]],[[7.75,12.9686245],[7.7467278,12.9779852],[7.7215976,12.9608628],[7.7499992,12.9412502]],[[7.6819096,12.9980902],[7.7044914,12.9947536],[7.7202955,13.0042873],[7.754703,13.0115464],[7.7619621,13.0258774],[7.7166659,13.0191839],[7.6958326,13.0222642],[7.6700001,13.0184473]],[[7.730506,13.0710116],[7.7446933,13.0632228],[7.7611809,13.0726263],[7.7508626,13.1000004]],[[7.477636,12.2112005],[7.462955,12.1970729],[7.4833326,12.1912502],[7.477636,12.2112005]],[[7.3357089,12.2778306],[7.312955,12.2552598],[7.3583326,12.2495835],[7.3357089,12.2778306]],[[7.4360019,12.4217189],[7.3971998,12.4221828],[7.4063957,12.4033392],[7.4249993,12.3995835],[7.4360019,12.4217189]],[[7.3109693,12.4612005],[7.2962883,12.4470729],[7.3166659,12.4412502],[7.3109693,12.4612005]],[[11.3542798,11.6787461],[11.3493156,11.6953355],[11.3042473,11.6751816],[11.3499992,11.6662502],[11.3542798,11.6787461]],[[11.6333326,11.6745835],[11.6333326,11.6995835],[11.6083326,11.6995835],[11.6083326,11.6745835],[11.6333326,11.6745835]],[[11.4451652,11.9946722],[11.4213697,11.9742214],[11.4499992,11.9662502],[11.4451652,11.9946722]],[[3.9493319,9.6107692],[3.929703,9.6004828],[3.9416659,9.5912502],[3.9493319,9.6107692]],[[8.339703,11.8298514],[8.3211744,11.8357163],[8.3141902,11.812905],[8.3179577,11.8110214],[8.3199997,11.8106091]],[[8.4083326,11.8579168],[8.3958489,11.8641261],[8.3818026,11.8572658],[8.3949273,11.8424637],[8.4024077,11.8462041],[8.4083326,11.8579168]],[[8.3038567,11.8774766],[8.2802239,11.8618963],[8.3083326,11.8579168],[8.3038567,11.8774766]],[[8.4083326,11.8579168],[8.4201239,11.8501242]],[[8.4300003,11.867677],[8.4261143,11.877772]],[[8.4196924,11.890308],[8.4083326,11.8579168]],[[8.4099998,11.9212105],[8.3999992,11.8995835],[8.4152378,11.8947622]],[[8.1400003,11.9399996],[8.1577403,11.9399996],[8.1641443,11.9620722]],[[8.4224295,11.9851412],[8.3870923,11.969127],[8.3786614,11.9501979],[8.4041659,11.944481],[8.4245225,11.9490445]],[[8.2617343,11.9628485],[8.2724439,11.9792954],[8.2273918,11.9908595],[8.2276034,11.9676255],[8.2465976,11.9545151],[8.2617343,11.9628485]],[[8.3785474,11.9976304],[8.3643547,12.0277166],[8.3271477,12.004682],[8.2881177,11.9941025],[8.2965487,11.9850531],[8.3302401,11.9908555],[8.3499992,11.9829168],[8.3785474,11.9976304]],[[8.4469309,12.0500002],[8.4476992,12.0488498]],[[8.2869621,12.0459539],[8.3033033,12.0585597],[8.2607252,12.0698797],[8.2641757,12.0465846],[8.2869621,12.0459539]],[[8.3892543,12.0907462],[8.4035637,12.0692165],[8.4140682,12.0718636]],[[6.5969791,11.7079168],[6.5999993,11.7199977],[6.5967708,11.7329168],[6.5833326,11.7329168],[6.5833326,11.7079168],[6.5969791,11.7079168]],[[6.8168287,12.1738877],[6.7931145,12.1595892],[6.7964022,12.1374294],[6.8333326,12.1329168],[6.8168287,12.1738877]],[[6.7093784,12.1764597],[6.7013176,12.1940293],[6.6706047,12.2035142],[6.6156731,12.2263617],[6.6372714,12.1701808],[6.6585031,12.1427545]],[[6.6016269,12.2446356],[6.5856438,12.252383],[6.5721998,12.2285142],[6.5916659,12.2245835],[6.6016269,12.2446356]],[[6.5514749,12.2846312],[6.5382642,12.2568711],[6.5666659,12.2495835],[6.5811679,12.2705064],[6.5586284,12.2828427],[6.5514749,12.2846312]],[[11.9830092,9.9710034],[11.9809563,10.0011745],[11.9666008,9.9873032],[11.9730825,9.9769173]],[[12.0694328,10.2021795],[12.0464511,10.1834255],[12.0583326,10.1745835],[12.0694328,10.2021795]],[[12.0717603,10.2229885],[12.0470533,10.2335191],[12.0559074,10.2120225],[12.0749992,10.2079168],[12.0717603,10.2229885]],[[12.3355136,10.5195217],[12.3127271,10.5085191],[12.3416659,10.4995835],[12.3355136,10.5195217]],[[10.4794426,11.3254543],[10.4584302,11.3363185],[10.4465975,11.3006781],[10.4833326,11.2912502],[10.4794426,11.3254543]],[[10.4755526,11.4261541],[10.459716,11.444127],[10.4471184,11.4182114],[10.4666659,11.4079168],[10.4755526,11.4261541]],[[10.3693026,11.4612005],[10.3546216,11.4470729],[10.3749992,11.4412502],[10.3693026,11.4612005]],[[10.5859693,11.4778672],[10.5712883,11.4637396],[10.5916659,11.4579168],[10.5859693,11.4778672]],[[10.6338046,11.4861558],[10.6130363,11.4627793],[10.6416659,11.4579168],[10.6338046,11.4861558]],[[10.8478834,11.5724636],[10.8360344,11.5847275],[10.8312167,11.5523219],[10.8499992,11.5495835],[10.8478834,11.5724636]],[[10.7221998,11.6884507],[10.7018547,11.6940497],[10.6888664,11.6695623],[10.7249992,11.6662502],[10.7221998,11.6884507]],[[9.1787102,12.4208766],[9.2029127,12.4310736],[9.1887199,12.444957],[9.162955,12.4258897],[9.1787102,12.4208766]],[[8.6653857,11.6446143],[8.6720533,11.6705755],[8.6544919,11.6610155]],[[8.6960442,11.7734564],[8.6661776,11.7858669],[8.6727694,11.769896],[8.6960442,11.7734564]],[[8.6675448,11.8026841],[8.6044752,11.8093288],[8.6499992,11.7745835],[8.6675448,11.8026841]],[[8.8353573,11.8207147],[8.8020012,11.8225856],[8.8199997,11.788179]],[[8.7359693,11.8445339],[8.7212883,11.8304063],[8.7416659,11.8245835],[8.7359693,11.8445339]],[[8.5666659,11.8412502],[8.5734693,11.831391],[8.6002597,11.8128932],[8.6153313,11.8347194],[8.5999992,11.8579168],[8.5666659,11.8412502]],[[8.6916659,11.8579168],[8.6637851,11.8531805],[8.6759921,11.8376206],[8.6916659,11.8579168]],[[8.5666659,11.8412502],[8.565108,11.8599997]],[[8.5341607,11.8172259],[8.5469231,11.819717],[8.5429354,11.8375108],[8.5666659,11.8412502]],[[8.6916659,11.8579168],[8.7166659,11.8579168],[8.7166659,11.8745835],[8.6916659,11.8745835]],[[8.6916659,11.8745835],[8.6916659,11.8579168]],[[8.851827,11.898173],[8.8343254,11.8876125],[8.8585645,11.8778473]],[[8.6000004,11.8800904],[8.6124992,11.888349],[8.6327792,11.8751369],[8.6301913,11.9041205],[8.6199342,11.9198686]],[[8.6916659,11.8745835],[8.6691399,11.9047674],[8.6715162,11.9209092],[8.6433912,11.9287461],[8.6305693,11.9499998]],[[8.6199999,11.9256022],[8.6373853,11.9178615],[8.6538892,11.893952],[8.6784009,11.8779852],[8.6916659,11.8745835]],[[11.3730298,10.7064194],[11.3690097,10.724376],[11.3382642,10.7108628],[11.3666659,10.6912502],[11.3730298,10.7064194]],[[11.4532544,10.8605007],[11.4272779,10.8696519],[11.4132642,10.8402044],[11.4416659,10.8329168],[11.4532544,10.8605007]],[[11.2826653,10.9191026],[11.2630363,10.9088161],[11.2749992,10.8995835],[11.2826653,10.9191026]],[[11.4852043,10.9485988],[11.4577466,10.948196],[11.4703931,10.9075506],[11.4833326,10.8995835],[11.49344,10.9221584],[11.4852043,10.9485988]],[[11.3456047,11.1021144],[11.3223788,11.1110174],[11.3305005,11.0873765],[11.3499992,11.0829168],[11.3456047,11.1021144]],[[9.5838534,11.0814845],[9.5681308,11.1033636],[9.5462232,11.0663641],[9.5749992,11.0579168],[9.5838534,11.0814845]],[[9.7696933,11.1849839],[9.7479485,11.1946519],[9.7382642,11.1717759],[9.7583326,11.1579168],[9.7696933,11.1849839]],[[9.6072984,11.2299995],[9.595506,11.2444942],[9.5793287,11.2301214],[9.6072984,11.2299995]],[[12.7527011,10.1744004],[12.7294751,10.1923203],[12.7213697,10.1475287],[12.7583326,10.1412502],[12.7527011,10.1744004]],[[7.278336,9.1454937],[7.2395012,9.12473],[7.2364901,9.1620835],[7.2384758,9.186815],[7.2197584,9.2029404],[7.2211303,9.2200003],[7.2032315,9.2200003],[7.1847032,9.2147035]],[[7.1617544,9.1186839],[7.1976067,9.1215643],[7.1953457,9.0934907]],[[7.2186217,9.0713778],[7.2334521,9.0874085]],[[7.3193026,9.2778672],[7.3046216,9.2637396],[7.3249993,9.2579168],[7.3193026,9.2778672]],[[7.3499993,9.3079168],[7.3549146,9.2597072],[7.3619254,9.2536683]],[[7.3947885,9.2947887],[7.3913241,9.3165431],[7.3779127,9.3020737],[7.3499993,9.3079168]],[[7.3499993,9.3079168],[7.3483608,9.3191802],[7.3318206,9.3109107],[7.3499993,9.3079168]],[[8.29108,10.6847113],[8.2746249,10.7029852],[8.2549309,10.6735378],[8.2833326,10.6662502],[8.29108,10.6847113]],[[8.5993319,10.7441026],[8.579703,10.7338161],[8.5916659,10.7245835],[8.5993319,10.7441026]],[[8.2411125,10.7504868],[8.2221998,10.7364243],[8.2499992,10.7329168],[8.2411125,10.7504868]],[[8.3493319,11.0357692],[8.329703,11.0254828],[8.3416659,11.0162502],[8.3493319,11.0357692]],[[8.2317375,11.1975816],[8.2001132,11.1843003],[8.2051588,11.1617987],[8.2583326,11.1579168],[8.2317375,11.1975816]],[[8.0256125,11.2343884],[8.0355136,11.2450873],[8.0139476,11.2521062]],[[8.0083326,11.3579168],[8.0083326,11.3745835],[7.9833326,11.3745835],[7.9833326,11.3579168],[8.0083326,11.3579168]],[[8.0361321,11.3551174],[8.0489413,11.3615952],[8.0341138,11.377383],[8.0138664,11.3594305],[8.0361321,11.3551174]],[[8.0248365,11.419481],[7.9965162,11.4048976],[8.0166659,11.3995835],[8.0248365,11.419481]],[[8.1499992,11.4245835],[8.1700001,11.4277349],[8.1654047,11.4468926],[8.1499992,11.4245835]],[[8.640022,12.0880519],[8.6226229,12.0940496],[8.6138664,12.0785142],[8.6333326,12.0745835],[8.640022,12.0880519]],[[8.6986321,12.1704168],[8.661246,12.1891587],[8.6253085,12.1972153],[8.6222811,12.1790391],[8.6049309,12.1523911],[8.638134,12.1443141],[8.6461255,12.1656724],[8.6784009,12.1446519],[8.6948397,12.1535182],[8.6986321,12.1704168]],[[8.5023332,12.2323327],[8.5,12.2287492]],[[8.5023425,12.2029728],[8.5208651,12.2130234],[8.5416659,12.2079168],[8.5499992,12.2245835],[8.5249992,12.2329168],[8.5268156,12.2399998]],[[8.5723405,12.2399998],[8.5666659,12.2329168],[8.6055982,12.2377874],[8.6078992,12.2426328]],[[11.1059237,11.7375596],[11.060009,11.7358791],[11.0461418,11.7017523],[11.0705233,11.6784409],[11.0999992,11.6745835],[11.1087232,11.6847153],[11.1550448,11.6952378],[11.1059237,11.7375596]],[[6.5164055,9.6782904],[6.504703,9.6619899],[6.494677,9.6088649],[6.4948723,9.575202],[6.5458326,9.5688625],[6.5701327,9.5718858],[6.5695468,9.5309068],[6.5916659,9.5245835],[6.582828,9.5953436],[6.5889641,9.644717],[6.5621737,9.6448594],[6.5164055,9.6782904]],[[6.4763502,9.6944321],[6.4630364,9.679446],[6.4916659,9.6745835],[6.4763502,9.6944321]],[[3.4478671,7.828738],[3.4368971,7.8512233],[3.4209628,7.8434434],[3.4138665,7.8197577],[3.4416659,7.8162502],[3.4478671,7.828738]],[[3.6296217,7.95421],[3.5999016,8.0047756],[3.5719231,8.0012925],[3.5607415,7.962173],[3.5942375,7.9480536],[3.6333326,7.9412502],[3.6296217,7.95421]],[[3.5242994,8.1316026],[3.5053378,8.1440497],[3.4971998,8.1260972],[3.5166659,8.1162502],[3.5242994,8.1316026]],[[3.4127922,8.2193874],[3.3884921,8.2034287],[3.4249993,8.1995835],[3.4127922,8.2193874]],[[3.4596835,8.2277655],[3.4463697,8.2127793],[3.4749993,8.2079169],[3.4596835,8.2277655]],[[5.6361483,8.2279771],[5.6215976,8.2152044],[5.6499993,8.2079169],[5.6361483,8.2279771]],[[5.5298658,8.2291856],[5.5055982,8.2448797],[5.4880364,8.2041001],[5.5249993,8.1995835],[5.5298658,8.2291856]],[[5.5541171,8.2647406],[5.5306145,8.2442409],[5.5916659,8.2412502],[5.5878899,8.260578],[5.5705233,8.251382],[5.5541171,8.2647406]],[[5.5944329,8.2938462],[5.5714511,8.2750921],[5.5833326,8.2662502],[5.5944329,8.2938462]],[[5.6444817,8.3113104],[5.6299309,8.2985378],[5.6583326,8.2912502],[5.6444817,8.3113104]],[[6.744319,7.77],[6.7499341,7.8242092],[6.7154615,7.799022],[6.7037916,7.8135931],[6.6883306,7.8116694]],[[6.677636,7.8528672],[6.662955,7.8387396],[6.6833326,7.8329169],[6.677636,7.8528672]],[[6.7546216,7.8458767],[6.7207349,7.8628729],[6.7046216,7.8482733],[6.7583326,7.8329169],[6.7546216,7.8458767]],[[6.4359693,7.9362005],[6.4212883,7.9220729],[6.4416659,7.9162502],[6.4359693,7.9362005]],[[9.1562004,8.1120713],[9.1493482,8.1261135],[9.1305331,8.1094305],[9.1499992,8.0995835],[9.1562004,8.1120713]],[[8.8097486,8.1525417],[8.7963534,8.1607163],[8.7888664,8.1385484],[8.7999992,8.1329169],[8.8097486,8.1525417]],[[3.9332374,7.79],[3.9414978,7.7914977],[3.9527353,7.8027352],[3.9559966,7.8059965],[3.9672407,7.8124136],[3.9950676,7.8282945],[3.9822421,7.8619777],[3.9617343,7.8696519],[3.9531894,7.9029852],[3.9269687,7.8957871],[3.9010735,7.8779038],[3.8882642,7.8279852],[3.8818547,7.8181455]],[[4.0132642,7.8946519],[3.9882642,7.882689],[3.9999993,7.8745835],[4.0132642,7.8946519]],[[4.0223788,7.9342637],[4.0065097,7.9189439],[4.0249993,7.9162502],[4.0223788,7.9342637]],[[4.0666659,7.9412502],[4.0583326,7.9579169]],[[4.0583326,7.9579169],[4.0363599,7.9548895],[4.0219719,7.9448146],[4.0601881,7.9298895],[4.0666659,7.9412502]],[[4.0666659,7.9412502],[4.0750978,7.9549021],[4.0635738,7.966426],[4.0583326,7.9579169]],[[7.7197746,8.5381496],[7.7333326,8.5678086],[7.7075513,8.5589544],[7.6968905,8.5291042],[7.7166659,8.5245835],[7.7197746,8.5381496]],[[8.5571607,8.7203965],[8.5356112,8.7279852],[8.5215976,8.6985378],[8.5499992,8.6912502],[8.5571607,8.7203965]],[[12.052636,8.1278672],[12.037955,8.1137396],[12.0583326,8.1079169],[12.052636,8.1278672]],[[12.0377492,8.4422505],[12.0330233,8.428388],[12.0884921,8.4194281],[12.0939414,8.4519705]],[[4.1836477,8.0736476],[4.2044101,8.0695461],[4.2378573,8.0832912],[4.2548495,8.0711045],[4.2652987,8.0565415],[4.2916659,8.0495835],[4.2842278,8.0777492],[4.2582024,8.0877834],[4.270149,8.1044378],[4.3018385,8.1127997],[4.3051099,8.1293402],[4.2850253,8.1370835],[4.2883293,8.1538072],[4.278759,8.2015733],[4.2470859,8.1814683],[4.2202467,8.1796901],[4.2059876,8.1519753],[4.1960039,8.1320081],[4.1900001,8.1150576]],[[4.1900001,8.1150576],[4.1900001,8.0799999],[4.1836477,8.0736476]],[[4.3200002,8.2600002],[4.3170997,8.2600002]],[[4.3170997,8.2600002],[4.3193949,8.2593949]],[[4.3193949,8.2593949],[4.3200002,8.2600002]],[[6.0974439,7.8354966],[6.088427,7.8532131],[6.0483391,7.8234971],[6.0833326,7.7995835],[6.0974439,7.8354966]],[[5.7427076,7.8446397],[5.7299309,7.8301092],[5.7499993,7.8162502],[5.7427076,7.8446397]],[[5.8294426,8.3027614],[5.7968254,8.28452],[5.8055168,8.2752752],[5.8216301,8.2802964],[5.8305331,8.2541693],[5.8499993,8.2495835],[5.8462232,8.2755194],[5.8294426,8.3027614]],[[4.7629177,8.0600004],[4.7603345,8.0607163],[4.7545403,8.0500002]],[[4.7083326,8.1162502],[4.6885572,8.1040594],[4.7044426,8.079739],[4.7198398,8.0905544],[4.7083326,8.1162502]],[[4.7083326,8.1162502],[4.7129757,8.117024]],[[4.7057451,8.1199999],[4.7083326,8.1162502]],[[4.6900001,8.1653631],[4.6799309,8.1410223],[4.6945284,8.1309432]],[[4.73,8.1198614],[4.7583326,8.1245835],[4.7405917,8.1514227],[4.7450676,8.1696519],[4.7381503,8.1881618],[4.7248253,8.1851745]],[[4.1900001,8.1150576],[4.1847812,8.1113145],[4.1775709,8.074848],[4.1836477,8.0736476]],[[4.3200002,8.2600002],[4.3273676,8.2636844]],[[4.3273676,8.2636844],[4.3170997,8.2600002]],[[8.7784986,8.3863389],[8.754703,8.365888],[8.7833326,8.3579169],[8.7784986,8.3863389]],[[8.5699211,8.4105007],[8.5439446,8.4196519],[8.5299309,8.3902044],[8.5583326,8.3829169],[8.5699211,8.4105007]],[[8.7409986,8.4357692],[8.7213697,8.4254828],[8.7333326,8.4162502],[8.7409986,8.4357692]],[[8.7119296,8.4608058],[8.6963697,8.4485825],[8.7166659,8.4329169],[8.7119296,8.4608058]],[[8.5917473,8.4749212],[8.5831047,8.4863185],[8.563313,8.4576524],[8.5749992,8.4495835],[8.5917473,8.4749212]],[[8.5499992,8.5662502],[8.5348788,8.5619289],[8.4925774,8.5090969],[8.4965324,8.4772813],[8.5124992,8.4792669],[8.5450025,8.4752264],[8.5560214,8.5013657],[8.5532382,8.5236436],[8.5364576,8.5370835],[8.5462883,8.5449571],[8.5499992,8.5662502]],[[8.5499992,8.5662502],[8.5699537,8.5719549],[8.5558261,8.5866237],[8.5499992,8.5662502]],[[8.8583326,8.5829169],[8.8583326,8.6079168],[8.8416659,8.6079168],[8.8416659,8.5829169],[8.8583326,8.5829169]],[[10.9813632,7.8564195],[10.9766431,7.8775173],[10.9465975,7.8485378],[10.9749992,7.8412502],[10.9813632,7.8564195]],[[10.3663079,8.2341705],[10.3609693,8.2528672],[10.3462883,8.2387396],[10.3663079,8.2341705]],[[10.5188469,8.402855],[10.4960604,8.3918524],[10.5249992,8.3829169],[10.5188469,8.402855]],[[10.790022,8.6463853],[10.7726229,8.652383],[10.7638664,8.6368475],[10.7833326,8.6329168],[10.790022,8.6463853]],[[5.1051099,8.0680283],[5.0892896,8.036758],[5.1083326,8.0329169],[5.1051099,8.0680283]],[[5.1734693,8.096605],[5.1320631,8.102383],[5.1399244,8.0862901],[5.1666659,8.0829169],[5.1734693,8.096605]],[[4.9576653,8.1024359],[4.9380364,8.0921494],[4.9499993,8.0829169],[4.9576653,8.1024359]],[[5.0948235,8.105447],[5.0611321,8.1004706],[5.0636711,8.0833278],[5.0749993,8.0745835],[5.0948235,8.105447]],[[5.1166659,8.1245835],[5.1219394,8.1460801],[5.0977694,8.1529852],[5.0882642,8.1290594],[5.1166659,8.1245835]],[[4.8749993,8.2162502],[4.9052564,8.2092393],[4.8999993,8.2412502],[4.8697095,8.2378037],[4.8749993,8.2162502]],[[4.7976898,8.2438448],[4.8166659,8.2329169],[4.8242994,8.2482692],[4.8120938,8.2562814],[4.7976898,8.2438448]],[[9.2550123,7.8320095],[9.2302239,7.8290798],[9.2388339,7.8040432],[9.2583326,7.7995835],[9.2550123,7.8320095]],[[9.7869621,7.845954],[9.7963697,7.8532131],[9.809065,7.8842474],[9.7860832,7.9019964],[9.7463697,7.8697821],[9.7833326,7.8412502],[9.7869621,7.845954]],[[10.0816887,8.1047186],[10.0642896,8.1107163],[10.0555331,8.0951808],[10.0749992,8.0912502],[10.0816887,8.1047186]],[[10.1243319,8.1357692],[10.104703,8.1254828],[10.1166659,8.1162502],[10.1243319,8.1357692]],[[4.3474996,7.9412502],[4.3499993,7.9662502],[4.3333326,7.9662502],[4.3333326,7.9483335],[4.3474996,7.9412502]],[[4.3193949,8.2593949],[4.3273676,8.2636844]],[[4.6390338,8.3999996],[4.6399999,8.3998469]],[[4.6399999,8.3998469],[4.6399999,8.3999996]],[[5.2346835,8.3444322],[5.2213697,8.329446],[5.2499993,8.3245835],[5.2346835,8.3444322]],[[4.6767364,8.3910881],[4.7110832,8.3702297],[4.7172431,8.3900003]],[[4.6399999,8.3998469],[4.6415919,8.3999996]],[[8.3706698,8.4110581],[8.3347811,8.4020168],[8.3385735,8.3869574],[8.3749992,8.3829169],[8.3706698,8.4110581]],[[3.3498853,8.4524766],[3.3356112,8.4613185],[3.3132642,8.4402044],[3.3416659,8.4329169],[3.3498853,8.4524766]],[[3.3249993,8.5412502],[3.3471998,8.5301174],[3.3527987,8.5190497],[3.370442,8.5134507],[3.3777987,8.5368353],[3.3527987,8.5440497],[3.3471998,8.5551174],[3.3249993,8.5579169],[3.3249993,8.5412502]],[[3.4469231,8.573965],[3.4305331,8.5594305],[3.4499993,8.5495835],[3.4469231,8.573965]],[[3.3687493,8.6990586],[3.3462883,8.6884059],[3.3810214,8.6293361],[3.4083326,8.6245835],[3.4287102,8.6510891],[3.4032708,8.6618068],[3.4202141,8.6906358],[3.3795403,8.6855739],[3.3687493,8.6990586]],[[6.5700002,9.0366289],[6.5833326,9.0329168],[6.5784986,9.0613389],[6.5650919,9.0498166],[6.5700002,9.0366289]]],"bbox":[2.7087364,4.2961875,14.3999992,13.7662502]}