{"type":"Topology","objects":{"foo":{"type":"GeometryCollection","geometries":[{"type":"Polygon","arcs":[[0]],"properties":{"name":"Catrilo","gaul_code":4664,"targetarea":4.4582618,"totpop":7816.2405355,"country_id":"ARG","targetpop":2268.8536224,"new_mean":0,"totalarea":2435.4845575}},{"type":"Polygon","arcs":[[1,2,3,4,5,6,7,8,9,10]],"properties":{"name":"Esteban Echeverria","gaul_code":4418,"targetarea":326.9571657,"totpop":606634.612863,"country_id":"ARG","targetpop":598058.179298,"new_mean":0,"totalarea":388.7832308}},{"type":"MultiPolygon","arcs":[[[11]],[[12]],[[13]],[[14]]],"properties":{"name":"General Manuel Belgrano","gaul_code":4726,"targetarea":44.6203691,"totpop":83011.963944,"country_id":"ARG","targetpop":53332.2740021,"new_mean":0.0296818,"totalarea":3466.3271236}},{"type":"Polygon","arcs":[[15]],"properties":{"name":"Cachi","gaul_code":4766,"targetarea":3.8145242,"totpop":7238.1917716,"country_id":"ARG","targetpop":1736.7724152,"new_mean":0.0034786,"totalarea":2801.2033205}},{"type":"Polygon","arcs":[[16]],"properties":{"name":"Belgrano","gaul_code":4849,"targetarea":7.6070658,"totpop":10988.1195075,"country_id":"ARG","targetpop":5085.4034576,"new_mean":0.012939,"totalarea":3481.9692758}},{"type":"Polygon","arcs":[[17]],"properties":{"name":"Ayacucho","gaul_code":4387,"targetarea":12.2994338,"totpop":20951.9606708,"country_id":"ARG","targetpop":10940.4163208,"new_mean":0,"totalarea":6751.2940173}},{"type":"Polygon","arcs":[[18]],"properties":{"name":"Yavi","gaul_code":4660,"targetarea":12.0430699,"totpop":20933.1893051,"country_id":"ARG","targetpop":14157.1430054,"new_mean":0.0000075215864,"totalarea":3076.1933481}},{"type":"MultiPolygon","arcs":[[[19]],[[20]],[[21]],[[22]],[[23]],[[24]],[[25]],[[26]],[[27]],[[28]],[[29]]],"properties":{"name":"Las Colonias","gaul_code":4835,"targetarea":79.8146045,"totpop":114047.463762,"country_id":"ARG","targetpop":53949.8293686,"new_mean":0.0002644,"totalarea":6315.9280652}},{"type":"MultiPolygon","arcs":[[[30]],[[31]],[[32]],[[33]],[[34]],[[35]],[[36]],[[37]],[[38]],[[39]],[[40]],[[41]],[[42]]],"properties":{"name":"Union","gaul_code":4593,"targetarea":82.6063298,"totpop":109935.07574,"country_id":"ARG","targetpop":56803.4214935,"new_mean":0.0023685,"totalarea":10693.5575251}},{"type":"MultiPolygon","arcs":[[[43]],[[44]],[[45]]],"properties":{"name":"San Javier","gaul_code":4838,"targetarea":15.2651078,"totpop":32327.4227423,"country_id":"ARG","targetpop":13974.6724548,"new_mean":0.0015765,"totalarea":6813.9790336}},{"type":"MultiPolygon","arcs":[[[46]],[[47]]],"properties":{"name":"Concepcion","gaul_code":4597,"targetarea":13.9229557,"totpop":24541.1317054,"country_id":"ARG","targetpop":10254.1905823,"new_mean":0.0351475,"totalarea":5135.9810187}},{"type":"Polygon","arcs":[[48]],"properties":{"name":"Castelli","gaul_code":4405,"targetarea":4.8658238,"totpop":8640.7893777,"country_id":"ARG","targetpop":3840.7311401,"new_mean":0,"totalarea":2131.3133976}},{"type":"Polygon","arcs":[[49]],"properties":{"name":"Tulumba","gaul_code":4592,"targetarea":8.3532937,"totpop":15597.122828,"country_id":"ARG","targetpop":4393.3406372,"new_mean":0.0047468,"totalarea":10358.1401151}},{"type":"MultiPolygon","arcs":[[[50]],[[51]],[[52]],[[53]]],"properties":{"name":"Leales","gaul_code":4882,"targetarea":31.9117338,"totpop":57953.3624772,"country_id":"ARG","targetpop":22136.1224594,"new_mean":0.01458,"totalarea":1910.9555909}},{"type":"Polygon","arcs":[[54]],"properties":{"name":"Huiliches","gaul_code":4742,"targetarea":11.7600759,"totpop":17391.0617375,"country_id":"ARG","targetpop":11251.371315,"new_mean":0.000012,"totalarea":3896.4864437}},{"type":"Polygon","arcs":[[55]],"properties":{"name":"San Miguel","gaul_code":4615,"targetarea":4.9279619,"totpop":10747.8271025,"country_id":"ARG","targetpop":3845.6688843,"new_mean":0.034972,"totalarea":2941.7993025}},{"type":"MultiPolygon","arcs":[[[56]],[[57]],[[58]],[[59]],[[60]],[[61]],[[62]],[[63]],[[64]],[[65]],[[66]],[[67,68,69,70,71],[72]]],"properties":{"name":"Rosario","gaul_code":4836,"targetarea":573.0080763,"totpop":1266410.76391,"country_id":"ARG","targetpop":1185384.56845,"new_mean":0,"totalarea":1978.2817524}},{"type":"MultiPolygon","arcs":[[[73,74]],[[75]],[[76]],[[77]],[[78]],[[79]],[[80]],[[81]]],"properties":{"name":"Rio Primero","gaul_code":4582,"targetarea":32.9131967,"totpop":51312.2494958,"country_id":"ARG","targetpop":20324.7763062,"new_mean":0.000849,"totalarea":6816.7242796}},{"type":"MultiPolygon","arcs":[[[82]],[[83]],[[84,85,86,87]]],"properties":{"name":"Lujan","gaul_code":4709,"targetarea":151.9541091,"totpop":149030.671182,"country_id":"ARG","targetpop":110893.743744,"new_mean":0.0000117,"totalarea":4850.9875399}},{"type":"MultiPolygon","arcs":[[[88]],[[89]],[[90]],[[91]]],"properties":{"name":"Cainguas","gaul_code":4721,"targetarea":41.935313,"totpop":61330.9562738,"country_id":"ARG","targetpop":35272.4481506,"new_mean":0.0323949,"totalarea":1552.6196975}},{"type":"MultiPolygon","arcs":[[[92]],[[93]],[[94]],[[95]],[[96]],[[97]],[[98]],[[99]],[[100,101,102]],[[103,104]],[[105]],[[106,107]],[[108]],[[109]]],"properties":{"name":"General Roca","gaul_code":4759,"targetarea":276.0461084,"totpop":370265.760302,"country_id":"ARG","targetpop":281170.03096,"new_mean":0,"totalarea":14544.0096439}},{"type":"MultiPolygon","arcs":[[[110]],[[111]],[[112]],[[113]],[[114]],[[115]],[[116]],[[117]],[[118]],[[119]],[[120]],[[121]],[[122]],[[123]],[[124]]],"properties":{"name":"Rio Cuarto","gaul_code":4581,"targetarea":177.1678491,"totpop":265034.353675,"country_id":"ARG","targetpop":177775.275452,"new_mean":0.0010775,"totalarea":18426.8204157}},{"type":"MultiPolygon","arcs":[[[125,126]],[[127]],[[128]]],"properties":{"name":"Patagones","gaul_code":4468,"targetarea":22.0154972,"totpop":33799.8635093,"country_id":"ARG","targetpop":19510.4363098,"new_mean":0,"totalarea":13635.0558949}},{"type":"Polygon","arcs":[[129,130,131]],"properties":{"name":"Ullun","gaul_code":4803,"targetarea":1.6872324,"totpop":5587.9197014,"country_id":"ARG","targetpop":716.7968445,"new_mean":0,"totalarea":4472.4760066}},{"type":"Polygon","arcs":[[132]],"properties":{"name":"Quitilipi","gaul_code":4545,"targetarea":19.4560382,"totpop":35593.9997138,"country_id":"ARG","targetpop":25300.2200012,"new_mean":0.0245549,"totalarea":1550.7174091}},{"type":"Polygon","arcs":[[133,134,135,136,137,138,139]],"properties":{"name":"General Sarmiento","gaul_code":4435,"targetarea":204.360304,"totpop":981079.436462,"country_id":"ARG","targetpop":981079.436462,"new_mean":0,"totalarea":204.360304}},{"type":"MultiPolygon","arcs":[[[140]],[[141,142,143,144]]],"properties":{"name":"Capital","gaul_code":4850,"targetarea":100.7272583,"totpop":230464.28174,"country_id":"ARG","targetpop":206086.559143,"new_mean":0.0083282,"totalarea":2136.3309217}},{"type":"Polygon","arcs":[[145]],"properties":{"name":"Hipolito Yrigoyen","gaul_code":4439,"targetarea":7.9571437,"totpop":10501.6204963,"country_id":"ARG","targetpop":5942.3787994,"new_mean":0,"totalarea":1623.5598081}},{"type":"Polygon","arcs":[[146,147,148,149,150,151]],"properties":{"name":"Berazategui","gaul_code":4394,"targetarea":162.3076658,"totpop":399627.96373,"country_id":"ARG","targetpop":393733.900635,"new_mean":1.4905693e-7,"totalarea":215.5508405}},{"type":"MultiPolygon","arcs":[[[152]],[[153]],[[154]],[[155]],[[156]],[[157,158,159]],[[160]],[[161]]],"properties":{"name":"Constitucion","gaul_code":4829,"targetarea":68.6395649,"totpop":87635.5742173,"country_id":"ARG","targetpop":50241.6463776,"new_mean":0.0007776,"totalarea":3173.5867113}},{"type":"MultiPolygon","arcs":[[[162]],[[163]]],"properties":{"name":"Tinogasta","gaul_code":4524,"targetarea":10.437356,"totpop":22169.1750515,"country_id":"ARG","targetpop":4706.6449432,"new_mean":0.0001876,"totalarea":22322.205211}},{"type":"Polygon","arcs":[[164]],"properties":{"name":"Ralico","gaul_code":4678,"targetarea":12.8088844,"totpop":17526.4825467,"country_id":"ARG","targetpop":6530.4759827,"new_mean":0,"totalarea":2552.899566}},{"type":"Polygon","arcs":[[165]],"properties":{"name":"Picunches","gaul_code":4750,"targetarea":4.9888264,"totpop":7554.2901732,"country_id":"ARG","targetpop":2621.7280579,"new_mean":0.0000513,"totalarea":5954.2773293}},{"type":"Polygon","arcs":[[166]],"properties":{"name":"Matacos","gaul_code":4639,"targetarea":8.4372493,"totpop":17268.8063366,"country_id":"ARG","targetpop":5506.4429321,"new_mean":0.0253801,"totalarea":4087.4815416}},{"type":"MultiPolygon","arcs":[[[167]],[[168,169,170,171]],[[172]],[[173]]],"properties":{"name":"Candelaria","gaul_code":4722,"targetarea":23.5781425,"totpop":32832.7327973,"country_id":"ARG","targetpop":17293.8276062,"new_mean":0.024369,"totalarea":904.5734674}},{"type":"Polygon","arcs":[[174]],"properties":{"name":"Juan F. Ibarra","gaul_code":4857,"targetarea":7.2236031,"totpop":19727.5948292,"country_id":"ARG","targetpop":6101.7839661,"new_mean":0.0181222,"totalarea":9278.9641338}},{"type":"Polygon","arcs":[[175,176,177]],"properties":{"name":"Capital","gaul_code":4516,"targetarea":89.0706958,"totpop":184089.828807,"country_id":"ARG","targetpop":172390.19474,"new_mean":0.0034052,"totalarea":439.6501676}},{"type":"MultiPolygon","arcs":[[[178]],[[179]]],"properties":{"name":"Goya","gaul_code":4603,"targetarea":41.0169246,"totpop":92413.288249,"country_id":"ARG","targetpop":68034.828949,"new_mean":0.0061831,"totalarea":4841.8299247}},{"type":"Polygon","arcs":[[180,181]],"properties":{"name":"Pinamar","gaul_code":4475,"targetarea":41.0161023,"totpop":31189.750421,"country_id":"ARG","targetpop":27948.5891171,"new_mean":0,"totalarea":87.261189}},{"type":"MultiPolygon","arcs":[[[182,183]],[[184]],[[185]]],"properties":{"name":"San Alberto","gaul_code":4585,"targetarea":35.8862969,"totpop":43574.0206421,"country_id":"ARG","targetpop":25536.9126053,"new_mean":0.000622,"totalarea":3280.9596761}},{"type":"MultiPolygon","arcs":[[[186]],[[187]]],"properties":{"name":"La Costa","gaul_code":4442,"targetarea":91.3317084,"totpop":78810.6601008,"country_id":"ARG","targetpop":70403.7513866,"new_mean":0,"totalarea":310.7677544}},{"type":"MultiPolygon","arcs":[[[188,189,190,191,192,193,194]],[[195]],[[196]],[[197]]],"properties":{"name":"San Martin","gaul_code":4714,"targetarea":91.3093254,"totpop":112891.139352,"country_id":"ARG","targetpop":75391.7783127,"new_mean":0,"totalarea":1490.903364}},{"type":"MultiPolygon","arcs":[[[198,199]],[[200]],[[201]],[[202]]],"properties":{"name":"Pirane","gaul_code":4643,"targetarea":37.788979,"totpop":63199.3732299,"country_id":"ARG","targetpop":40231.2137375,"new_mean":0.0190424,"totalarea":8598.9776968}},{"type":"Polygon","arcs":[[203]],"properties":{"name":"Biedma","gaul_code":4550,"targetarea":52.9833538,"totpop":115334.157646,"country_id":"ARG","targetpop":94222.9022141,"new_mean":0,"totalarea":12901.8109107}},{"type":"MultiPolygon","arcs":[[[204,205]],[[206]],[[207]],[[208]],[[209]]],"properties":{"name":"Punilla","gaul_code":4580,"targetarea":179.216212,"totpop":178829.01441,"country_id":"ARG","targetpop":131578.321625,"new_mean":0.0006921,"totalarea":2614.7276171}},{"type":"Polygon","arcs":[[210]],"properties":{"name":"Chapaleufu","gaul_code":4666,"targetarea":8.6969171,"totpop":12602.276968,"country_id":"ARG","targetpop":5023.515213,"new_mean":0.0000476,"totalarea":2546.9452878}},{"type":"Polygon","arcs":[[211]],"properties":{"name":"Laprida","gaul_code":4446,"targetarea":8.1734151,"totpop":10805.8254283,"country_id":"ARG","targetpop":5825.8893433,"new_mean":0,"totalarea":3416.8015058}},{"type":"MultiPolygon","arcs":[[[212]],[[213]],[[214]],[[215,216,-143]],[[217]],[[218]]],"properties":{"name":"Robles","gaul_code":4866,"targetarea":41.4046829,"totpop":56475.5101879,"country_id":"ARG","targetpop":29255.5383453,"new_mean":0.0103285,"totalarea":1340.9154508}},{"type":"Polygon","arcs":[[219]],"properties":{"name":"Graneros","gaul_code":4880,"targetarea":8.0163494,"totpop":14288.4305197,"country_id":"ARG","targetpop":4714.8547058,"new_mean":0.0113341,"totalarea":1727.1037476}},{"type":"MultiPolygon","arcs":[[[-87,220,221]],[[222,223,224,225]],[[226]]],"properties":{"name":"Las Heras","gaul_code":4707,"targetarea":127.4752788,"totpop":227595.04502,"country_id":"ARG","targetpop":177312.752747,"new_mean":0.000021,"totalarea":8874.362641}},{"type":"MultiPolygon","arcs":[[[227]],[[228]],[[229]],[[230]]],"properties":{"name":"Pilcomayo","gaul_code":4642,"targetarea":59.7041442,"totpop":90616.2200716,"country_id":"ARG","targetpop":50976.4600067,"new_mean":0.0223298,"totalarea":5383.7625424}},{"type":"Polygon","arcs":[[231]],"properties":{"name":"Chacabuco","gaul_code":4532,"targetarea":24.0664835,"totpop":33397.7734873,"country_id":"ARG","targetpop":25102.5904846,"new_mean":0.0191048,"totalarea":1359.6926461}},{"type":"MultiPolygon","arcs":[[[232]],[[233]],[[234]],[[235]],[[236]],[[237]]],"properties":{"name":"Calamuchita","gaul_code":4568,"targetarea":57.3923892,"totpop":67944.6741088,"country_id":"ARG","targetpop":29221.4393959,"new_mean":0.0005001,"totalarea":4666.0153482}},{"type":"Polygon","arcs":[[238]],"properties":{"name":"Maipu","gaul_code":4455,"targetarea":8.5384157,"totpop":10285.3834234,"country_id":"ARG","targetpop":5117.65271,"new_mean":0,"totalarea":2594.5993066}},{"type":"MultiPolygon","arcs":[[[239]],[[240]]],"properties":{"name":"Guarani","gaul_code":4727,"targetarea":38.29772,"totpop":80778.493672,"country_id":"ARG","targetpop":47866.0753326,"new_mean":0.0328691,"totalarea":3286.6362121}},{"type":"MultiPolygon","arcs":[[[241]],[[242]]],"properties":{"name":"Chicligasta","gaul_code":4877,"targetarea":54.6177938,"totpop":85167.1748366,"country_id":"ARG","targetpop":59885.9975433,"new_mean":0.0088655,"totalarea":1290.6109124}},{"type":"MultiPolygon","arcs":[[[243]],[[244]],[[245]],[[246]]],"properties":{"name":"Villarino","gaul_code":4507,"targetarea":26.7027682,"totpop":35595.0983089,"country_id":"ARG","targetpop":17328.0275955,"new_mean":0,"totalarea":10139.2915342}},{"type":"MultiPolygon","arcs":[[[247]],[[248,249,250,251]]],"properties":{"name":"Berisso","gaul_code":4395,"targetarea":59.5160243,"totpop":106245.5711,"country_id":"ARG","targetpop":97509.3816528,"new_mean":0.0000073240816,"totalarea":151.7087826}},{"type":"MultiPolygon","arcs":[[[252]],[[253]],[[254]],[[255]],[[256]]],"properties":{"name":"Oran","gaul_code":4781,"targetarea":77.5289723,"totpop":156257.91243,"country_id":"ARG","targetpop":89943.5877838,"new_mean":0.0210754,"totalarea":11883.6326343}},{"type":"MultiPolygon","arcs":[[[257]],[[258]]],"properties":{"name":"Corpen Aike","gaul_code":4815,"targetarea":10.6858207,"totpop":14984.6541444,"country_id":"ARG","targetpop":7603.6540375,"new_mean":0,"totalarea":26440.573876}},{"type":"Polygon","arcs":[[259]],"properties":{"name":"Maraco","gaul_code":4675,"targetarea":44.361555,"totpop":63747.4890654,"country_id":"ARG","targetpop":50988.9523621,"new_mean":0.0000015486529,"totalarea":2492.6723653}},{"type":"Polygon","arcs":[[260]],"properties":{"name":"Valcheta","gaul_code":4764,"targetarea":3.9053237,"totpop":10570.1549453,"country_id":"ARG","targetpop":3324.9822998,"new_mean":0,"totalarea":21169.8041452}},{"type":"MultiPolygon","arcs":[[[261,262]],[[263]],[[264,-75]],[[265]],[[266]],[[267,268,269],[270],[271]],[[272]],[[273,274]]],"properties":{"name":"Colon","gaul_code":4570,"targetarea":266.3257117,"totpop":316718.165224,"country_id":"ARG","targetpop":245243.702217,"new_mean":0.0012726,"totalarea":2346.5815355}},{"type":"Polygon","arcs":[[275,276,277,278,279]],"properties":{"name":"San Isidro","gaul_code":4491,"targetarea":51.9906481,"totpop":297292.921753,"country_id":"ARG","targetpop":297292.921753,"new_mean":0,"totalarea":51.9906481}},{"type":"MultiPolygon","arcs":[[[280]],[[281]]],"properties":{"name":"Bolivar","gaul_code":4396,"targetarea":24.8795132,"totpop":36210.3625054,"country_id":"ARG","targetpop":22665.8568954,"new_mean":0,"totalarea":4913.820022}},{"type":"MultiPolygon","arcs":[[[282]],[[283]],[[284]],[[285]]],"properties":{"name":"Ger Aike","gaul_code":4818,"targetarea":80.5973653,"totpop":139046.008829,"country_id":"ARG","targetpop":98213.1361618,"new_mean":0,"totalarea":33707.405496}},{"type":"Polygon","arcs":[[286]],"properties":{"name":"Anelo","gaul_code":4737,"targetarea":5.7198638,"totpop":17271.4799216,"country_id":"ARG","targetpop":3039.3832245,"new_mean":0,"totalarea":11685.2899094}},{"type":"MultiPolygon","arcs":[[[287,288]],[[289]]],"properties":{"name":"Caldera","gaul_code":4768,"targetarea":16.7500184,"totpop":29859.2270842,"country_id":"ARG","targetpop":21287.1501465,"new_mean":0.0163838,"totalarea":1104.2143629}},{"type":"MultiPolygon","arcs":[[[290]],[[291,292,293]]],"properties":{"name":"Cerrillos","gaul_code":4771,"targetarea":60.7521855,"totpop":56160.5389523,"country_id":"ARG","targetpop":37464.8072357,"new_mean":0.0071853,"totalarea":502.4591673}},{"type":"Polygon","arcs":[[294,295,296,297,298,299,300]],"properties":{"name":"Chimbas","gaul_code":4794,"targetarea":40.0960835,"totpop":54865.4170914,"country_id":"ARG","targetpop":52716.1139374,"new_mean":0,"totalarea":56.025034}},{"type":"MultiPolygon","arcs":[[[301]],[[302]],[[303]]],"properties":{"name":"Garay","gaul_code":4830,"targetarea":13.1705368,"totpop":22178.2406119,"country_id":"ARG","targetpop":8071.8965225,"new_mean":0.0006161,"totalarea":4164.3051543}},{"type":"Polygon","arcs":[[304]],"properties":{"name":"General Alvear","gaul_code":4602,"targetarea":6.3187922,"totpop":7739.0065399,"country_id":"ARG","targetpop":4169.8069153,"new_mean":0.0388175,"totalarea":1980.0516448}},{"type":"MultiPolygon","arcs":[[[305]],[[306]]],"properties":{"name":"Saladas","gaul_code":4611,"targetarea":15.0649489,"totpop":22957.5729663,"country_id":"ARG","targetpop":10753.1125488,"new_mean":0.0267005,"totalarea":1890.297026}},{"type":"Polygon","arcs":[[307,308,-10,309,310,311,312]],"properties":{"name":"Almirante Brown","gaul_code":4384,"targetarea":127.8020407,"totpop":563177.247604,"country_id":"ARG","targetpop":563177.247604,"new_mean":0,"totalarea":127.8339191}},{"type":"MultiPolygon","arcs":[[[313]],[[314]]],"properties":{"name":"Pilagas","gaul_code":4641,"targetarea":9.1665716,"totpop":19284.6717505,"country_id":"ARG","targetpop":5431.3709641,"new_mean":0.0243298,"totalarea":3433.0665111}},{"type":"MultiPolygon","arcs":[[[315]],[[316]]],"properties":{"name":"San Antonio","gaul_code":4763,"targetarea":18.9215193,"totpop":26633.829993,"country_id":"ARG","targetpop":15359.1743469,"new_mean":0,"totalarea":14177.1365431}},{"type":"Polygon","arcs":[[317]],"properties":{"name":"San Javier","gaul_code":4734,"targetarea":15.6076558,"totpop":22909.2767205,"country_id":"ARG","targetpop":12312.5117493,"new_mean":0.0225284,"totalarea":678.0280742}},{"type":"Polygon","arcs":[[318]],"properties":{"name":"Taplquen","gaul_code":4497,"targetarea":8.5856262,"totpop":10208.2944636,"country_id":"ARG","targetpop":5993.7484894,"new_mean":0,"totalarea":4106.4761192}},{"type":"Polygon","arcs":[[319]],"properties":{"name":"Los Lagos","gaul_code":4745,"targetarea":10.4893538,"totpop":16979.3135211,"country_id":"ARG","targetpop":8155.9619446,"new_mean":0,"totalarea":4001.4959866}},{"type":"MultiPolygon","arcs":[[[320]],[[321]]],"properties":{"name":"9 De Julio","gaul_code":4380,"targetarea":35.6947959,"totpop":49597.5439198,"country_id":"ARG","targetpop":30894.8926392,"new_mean":0,"totalarea":4284.5071753}},{"type":"MultiPolygon","arcs":[[[322]],[[323]],[[324,325]]],"properties":{"name":"San Roque","gaul_code":4616,"targetarea":13.7146289,"totpop":18117.3250145,"country_id":"ARG","targetpop":8730.8960877,"new_mean":0.0174088,"totalarea":2476.621239}},{"type":"Polygon","arcs":[[326]],"properties":{"name":"25 De Mayo","gaul_code":4528,"targetarea":17.2717137,"totpop":31272.1765583,"country_id":"ARG","targetpop":20321.9286652,"new_mean":0.0231851,"totalarea":2229.615279}},{"type":"MultiPolygon","arcs":[[[327]],[[328]],[[329]],[[330]]],"properties":{"name":"Almirante Brown","gaul_code":4530,"targetarea":21.3288635,"totpop":39880.7759147,"country_id":"ARG","targetpop":15588.0366058,"new_mean":0.0301142,"totalarea":16801.9893402}},{"type":"MultiPolygon","arcs":[[[331]],[[332]]],"properties":{"name":"Ayacucho","gaul_code":4806,"targetarea":13.9709409,"totpop":22008.0747302,"country_id":"ARG","targetpop":7411.2913666,"new_mean":0.0000603,"totalarea":9422.1657055}},{"type":"MultiPolygon","arcs":[[[333]],[[334]],[[335,336]],[[337]],[[338]],[[339]]],"properties":{"name":"Belgrano","gaul_code":4826,"targetarea":33.1415494,"totpop":44706.6070862,"country_id":"ARG","targetpop":25613.9163666,"new_mean":0.0066388,"totalarea":2300.941645}},{"type":"MultiPolygon","arcs":[[[340]],[[341,342]],[[343]],[[344]],[[345]],[[346]],[[347]],[[348]],[[349]]],"properties":{"name":"La Capital","gaul_code":4834,"targetarea":361.6647311,"totpop":570612.131368,"country_id":"ARG","targetpop":488348.674442,"new_mean":1.23476e-7,"totalarea":3053.7645491}},{"type":"MultiPolygon","arcs":[[[350]],[[351]]],"properties":{"name":"Federal","gaul_code":4623,"targetarea":12.9807151,"totpop":26732.379051,"country_id":"ARG","targetpop":13246.0398102,"new_mean":0,"totalarea":5288.7719295}},{"type":"MultiPolygon","arcs":[[[352]],[[353]],[[354]],[[355]],[[356]],[[357]],[[358,359]],[[360,361]],[[362,-205]],[[-269,363,364]]],"properties":{"name":"Santa Maria","gaul_code":4588,"targetarea":135.1664064,"totpop":149751.040183,"country_id":"ARG","targetpop":91267.6626358,"new_mean":0.0007569,"totalarea":3263.9631963}},{"type":"Polygon","arcs":[[365,-277,366]],"properties":{"name":"San Fernando","gaul_code":4490,"targetarea":23.5426635,"totpop":186514.059541,"country_id":"ARG","targetpop":171020.552246,"new_mean":0,"totalarea":920.7564018}},{"type":"Polygon","arcs":[[367]],"properties":{"name":"Laishi","gaul_code":4638,"targetarea":7.3502853,"totpop":17664.5779037,"country_id":"ARG","targetpop":5590.5334778,"new_mean":0.0146523,"totalarea":3552.2989541}},{"type":"Polygon","arcs":[[368]],"properties":{"name":"Conhello","gaul_code":4668,"targetarea":9.9898947,"totpop":13548.4557026,"country_id":"ARG","targetpop":4907.9827728,"new_mean":0,"totalarea":5140.0741805}},{"type":"MultiPolygon","arcs":[[[369]],[[370]]],"properties":{"name":"Mayor Luis J. Fonta","gaul_code":4542,"targetarea":38.4781416,"totpop":57195.594541,"country_id":"ARG","targetpop":38573.503624,"new_mean":0.0274411,"totalarea":3781.7216044}},{"type":"Polygon","arcs":[[371]],"properties":{"name":"San Lorenzo","gaul_code":4547,"targetarea":8.6579218,"totpop":15382.4975378,"country_id":"ARG","targetpop":7848.3386383,"new_mean":0.0258668,"totalarea":2162.4105473}},{"type":"Polygon","arcs":[[372]],"properties":{"name":"Rio Seco","gaul_code":4583,"targetarea":5.6328874,"totpop":11611.4251517,"country_id":"ARG","targetpop":2835.9347076,"new_mean":0.002915,"totalarea":6134.4220256}},{"type":"Polygon","arcs":[[373]],"properties":{"name":"Colon","gaul_code":4409,"targetarea":22.4091655,"totpop":27039.0937693,"country_id":"ARG","targetpop":19589.1916504,"new_mean":0.0003511,"totalarea":1012.4174145}},{"type":"MultiPolygon","arcs":[[[374]],[[375]],[[376]],[[377]],[[378]],[[379]],[[380]]],"properties":{"name":"Olavarria","gaul_code":4467,"targetarea":93.1006046,"totpop":120910.00875,"country_id":"ARG","targetpop":86073.782814,"new_mean":0,"totalarea":7754.6949425}},{"type":"Polygon","arcs":[[381]],"properties":{"name":"Capital","gaul_code":4596,"targetarea":161.9971464,"totpop":392925.379927,"country_id":"ARG","targetpop":367564.992897,"new_mean":0.0247599,"totalarea":535.7201088}},{"type":"MultiPolygon","arcs":[[[382]],[[383]],[[384]]],"properties":{"name":"Iguazu","gaul_code":4728,"targetarea":70.7459385,"totpop":103225.997053,"country_id":"ARG","targetpop":77313.0488892,"new_mean":0.0279861,"totalarea":2671.8328901}},{"type":"MultiPolygon","arcs":[[[385]],[[386]],[[387]]],"properties":{"name":"Chacabuco","gaul_code":4808,"targetarea":14.4706963,"totpop":23773.3895167,"country_id":"ARG","targetpop":8271.668663,"new_mean":0.0000030144861,"totalarea":2828.8904578}},{"type":"Polygon","arcs":[[388,389,390,391,392,393,394],[395]],"properties":{"name":"General Rodriguez","gaul_code":4433,"targetarea":87.1116315,"totpop":97020.1754847,"country_id":"ARG","targetpop":78882.4344788,"new_mean":0,"totalarea":361.8046175}},{"type":"MultiPolygon","arcs":[[[396,-144,-217]],[[397]],[[398]]],"properties":{"name":"Banda","gaul_code":4848,"targetarea":114.5410196,"totpop":216975.930605,"country_id":"ARG","targetpop":175502.311188,"new_mean":0.0103439,"totalarea":3543.778755}},{"type":"Polygon","arcs":[[399]],"properties":{"name":"Candelaria","gaul_code":4769,"targetarea":3.1056527,"totpop":6219.218488,"country_id":"ARG","targetpop":1673.1573029,"new_mean":0.0098816,"totalarea":1230.6138559}},{"type":"MultiPolygon","arcs":[[[400]],[[401]]],"properties":{"name":"Ischilin","gaul_code":4574,"targetarea":22.3795155,"totpop":32375.8094277,"country_id":"ARG","targetpop":18285.3341064,"new_mean":0.0072668,"totalarea":5037.9770542}},{"type":"MultiPolygon","arcs":[[[402]],[[403]]],"properties":{"name":"Daireaux","gaul_code":4414,"targetarea":14.6206505,"totpop":18223.8157513,"country_id":"ARG","targetpop":10324.5116425,"new_mean":0,"totalarea":3849.5786323}},{"type":"Polygon","arcs":[[404]],"properties":{"name":"Saladillo","gaul_code":4484,"targetarea":22.1755353,"totpop":35035.8211959,"country_id":"ARG","targetpop":21766.1872406,"new_mean":0,"totalarea":2698.5799587}},{"type":"Polygon","arcs":[[405,406,-139,407,-278,-366]],"properties":{"name":"Tigre","gaul_code":4498,"targetarea":191.7259884,"totpop":530825.378871,"country_id":"ARG","targetpop":518553.535629,"new_mean":0,"totalarea":362.839817}},{"type":"Polygon","arcs":[[408]],"properties":{"name":"Alberdi","gaul_code":4845,"targetarea":6.0486597,"totpop":20921.4946492,"country_id":"ARG","targetpop":3017.4304352,"new_mean":0.0283637,"totalarea":13024.6948703}},{"type":"Polygon","arcs":[[409]],"properties":{"name":"Lago Argentino","gaul_code":4820,"targetarea":22.0397815,"totpop":53050.6320941,"country_id":"ARG","targetpop":9537.4139252,"new_mean":0.0000010470912,"totalarea":38831.2077666}},{"type":"Polygon","arcs":[[410,411]],"properties":{"name":"Toay","gaul_code":4680,"targetarea":16.2879804,"totpop":17508.6721278,"country_id":"ARG","targetpop":8469.3188629,"new_mean":0,"totalarea":5099.3622933}},{"type":"MultiPolygon","arcs":[[[412]],[[413]],[[414]]],"properties":{"name":"Anta","gaul_code":4765,"targetarea":21.957727,"totpop":62593.2305005,"country_id":"ARG","targetpop":18204.1982727,"new_mean":0.0187957,"totalarea":22154.742824}},{"type":"MultiPolygon","arcs":[[[415]],[[416]],[[417]]],"properties":{"name":"Rio Chico","gaul_code":4885,"targetarea":41.1502881,"totpop":63294.2301384,"country_id":"ARG","targetpop":42739.6350098,"new_mean":0.017898,"totalarea":606.6151304}},{"type":"MultiPolygon","arcs":[[[418,419]],[[420,421,422,423]],[[424,425]]],"properties":{"name":"Campana","gaul_code":4399,"targetarea":112.2149701,"totpop":111905.388272,"country_id":"ARG","targetpop":83443.327858,"new_mean":0,"totalarea":996.4380048}},{"type":"Polygon","arcs":[[426,-280,427,428]],"properties":{"name":"Vicente Lopez","gaul_code":4505,"targetarea":33.4580165,"totpop":274712.667969,"country_id":"ARG","targetpop":274712.667969,"new_mean":0,"totalarea":33.4580166}},{"type":"Polygon","arcs":[[429]],"properties":{"name":"General Pinto","gaul_code":4431,"targetarea":7.2021309,"totpop":11484.2499274,"country_id":"ARG","targetpop":3964.0453644,"new_mean":0.0001574,"totalarea":2549.3163081}},{"type":"Polygon","arcs":[[430]],"properties":{"name":"Itati","gaul_code":4604,"targetarea":4.136556,"totpop":9321.8650713,"country_id":"ARG","targetpop":5484.9944458,"new_mean":0.0146761,"totalarea":781.5620239}},{"type":"Polygon","arcs":[[431,432,433,-390,434,-395,435,436,437,-134,438]],"properties":{"name":"Pilar","gaul_code":4474,"targetarea":289.6562178,"totpop":383732.482645,"country_id":"ARG","targetpop":368849.578262,"new_mean":0,"totalarea":378.2012749}},{"type":"Polygon","arcs":[[439]],"properties":{"name":"Rio Hondo","gaul_code":4864,"targetarea":39.8671112,"totpop":60136.4227524,"country_id":"ARG","targetpop":43070.0998993,"new_mean":0.0117699,"totalarea":2157.2025377}},{"type":"MultiPolygon","arcs":[[[440]],[[441]]],"properties":{"name":"Tandil","gaul_code":4496,"targetarea":90.4176204,"totpop":144069.556856,"country_id":"ARG","targetpop":111977.31057,"new_mean":0,"totalarea":4850.813233}},{"type":"MultiPolygon","arcs":[[[442]],[[443]]],"properties":{"name":"Sargento Cabral","gaul_code":4548,"targetarea":12.0468828,"totpop":16966.1766919,"country_id":"ARG","targetpop":8430.2486877,"new_mean":0.0249752,"totalarea":1596.5319759}},{"type":"MultiPolygon","arcs":[[[444]],[[445]]],"properties":{"name":"Benito Juarez","gaul_code":4393,"targetarea":14.8983516,"totpop":21105.92922,"country_id":"ARG","targetpop":10375.7280121,"new_mean":0,"totalarea":5307.4456974}},{"type":"Polygon","arcs":[[446]],"properties":{"name":"Salto","gaul_code":4486,"targetarea":23.7479714,"totpop":37044.43999,"country_id":"ARG","targetpop":23122.0920715,"new_mean":0.0000503,"totalarea":1614.1794545}},{"type":"Polygon","arcs":[[-279,-408,-138,447,448,-428]],"properties":{"name":"General San Martin","gaul_code":4434,"targetarea":56.2267576,"totpop":444700.160767,"country_id":"ARG","targetpop":444700.160767,"new_mean":0,"totalarea":56.2267576}},{"type":"Polygon","arcs":[[449]],"properties":{"name":"Mercedes","gaul_code":4458,"targetarea":50.0879903,"totpop":66863.5828954,"country_id":"ARG","targetpop":50172.2658691,"new_mean":0,"totalarea":1050.98519}},{"type":"Polygon","arcs":[[450]],"properties":{"name":"Picun Leufu","gaul_code":4749,"targetarea":2.3568653,"totpop":4864.4266903,"country_id":"ARG","targetpop":885.6925507,"new_mean":0,"totalarea":4495.3153111}},{"type":"MultiPolygon","arcs":[[[451]],[[452]],[[453,454]]],"properties":{"name":"Tunuyan","gaul_code":4717,"targetarea":42.6666585,"totpop":62010.5296556,"country_id":"ARG","targetpop":38329.3745422,"new_mean":0.0000537,"totalarea":3269.6832438}},{"type":"Polygon","arcs":[[455]],"properties":{"name":"Cochinoca","gaul_code":4646,"targetarea":4.4090024,"totpop":12718.0988251,"country_id":"ARG","targetpop":2352.1812286,"new_mean":0.000062,"totalarea":7234.3279231}},{"type":"Polygon","arcs":[[456]],"properties":{"name":"Empedrado","gaul_code":4599,"targetarea":8.5226302,"totpop":16311.1926198,"country_id":"ARG","targetpop":5722.5227966,"new_mean":0.0173328,"totalarea":2064.1400876}},{"type":"MultiPolygon","arcs":[[[457]],[[458]],[[459]],[[460]],[[461]],[[462]],[[463]],[[464]],[[465]],[[466]]],"properties":{"name":"Tercero Arriba","gaul_code":4590,"targetarea":91.4678227,"totpop":111499.285652,"country_id":"ARG","targetpop":69476.1467133,"new_mean":0.0014746,"totalarea":5036.4218459}},{"type":"Polygon","arcs":[[467]],"properties":{"name":"Bragado","gaul_code":4397,"targetarea":33.793414,"totpop":42138.7903451,"country_id":"ARG","targetpop":27446.0556641,"new_mean":0,"totalarea":2194.2964368}},{"type":"Polygon","arcs":[[468]],"properties":{"name":"Humahuaca","gaul_code":4648,"targetarea":7.6213921,"totpop":17732.5793679,"country_id":"ARG","targetpop":3118.528717,"new_mean":0.0003057,"totalarea":3752.2512761}},{"type":"Polygon","arcs":[[469]],"properties":{"name":"San Martin","gaul_code":4800,"targetarea":5.4367464,"totpop":12678.7857576,"country_id":"ARG","targetpop":2730.9079132,"new_mean":0,"totalarea":558.0598623}},{"type":"MultiPolygon","arcs":[[[470]],[[-199,471]],[[472]],[[473]]],"properties":{"name":"Libertador General San Ma","gaul_code":4540,"targetarea":35.9825374,"totpop":66457.4745925,"country_id":"ARG","targetpop":34846.6109924,"new_mean":0.0223131,"totalarea":7387.8520258}},{"type":"Polygon","arcs":[[474,-421,475,-439,-140,-407]],"properties":{"name":"Escobar","gaul_code":4417,"targetarea":188.3249805,"totpop":280769.539213,"country_id":"ARG","targetpop":271247.100304,"new_mean":0,"totalarea":294.2518475}},{"type":"Polygon","arcs":[[476,-136,477,478,479]],"properties":{"name":"Moron","gaul_code":4463,"targetarea":127.671519,"totpop":758288.982544,"country_id":"ARG","targetpop":758288.982544,"new_mean":0,"totalarea":127.6715188}},{"type":"MultiPolygon","arcs":[[[480]],[[481]]],"properties":{"name":"Loberia","gaul_code":4450,"targetarea":13.4565938,"totpop":19145.3184928,"country_id":"ARG","targetpop":8114.6862183,"new_mean":0,"totalarea":4734.5020388}},{"type":"MultiPolygon","arcs":[[[482]],[[483]]],"properties":{"name":"Ganeral Paz","gaul_code":4601,"targetarea":7.9958891,"totpop":14944.7418876,"country_id":"ARG","targetpop":7144.8772278,"new_mean":0.0258583,"totalarea":2588.1626412}},{"type":"MultiPolygon","arcs":[[[484]],[[485,486,487,488,489]]],"properties":{"name":"Pocito","gaul_code":4797,"targetarea":93.2037013,"totpop":88333.4362437,"country_id":"ARG","targetpop":71139.2949982,"new_mean":0,"totalarea":555.6720672}},{"type":"MultiPolygon","arcs":[[[490]],[[491]]],"properties":{"name":"Leandro N. Alem","gaul_code":4729,"targetarea":29.4144867,"totpop":49393.9508964,"country_id":"ARG","targetpop":31505.2806091,"new_mean":0.0260001,"totalarea":1068.1185078}},{"type":"MultiPolygon","arcs":[[[492]],[[493]],[[-184,494]]],"properties":{"name":"San Javier","gaul_code":4586,"targetarea":35.6869063,"totpop":58710.2083211,"country_id":"ARG","targetpop":29980.7699738,"new_mean":0.0006888,"totalarea":1582.3054804}},{"type":"Polygon","arcs":[[495,496]],"properties":{"name":"Loreto","gaul_code":4858,"targetarea":13.5353963,"totpop":22507.995777,"country_id":"ARG","targetpop":13789.1889801,"new_mean":0.0034174,"totalarea":3311.8038777}},{"type":"Polygon","arcs":[[497]],"properties":{"name":"San Pedro","gaul_code":4735,"targetarea":15.3407631,"totpop":42003.2798619,"country_id":"ARG","targetpop":17745.3367233,"new_mean":0.0332473,"totalarea":3614.3882832}},{"type":"Polygon","arcs":[[498]],"properties":{"name":"Las Flores","gaul_code":4447,"targetarea":16.5956352,"totpop":24232.2090175,"country_id":"ARG","targetpop":16568.2793121,"new_mean":0.0000015259277,"totalarea":3366.9019035}},{"type":"MultiPolygon","arcs":[[[499]],[[500]]],"properties":{"name":"Chilecito","gaul_code":4686,"targetarea":49.1773422,"totpop":58817.1710584,"country_id":"ARG","targetpop":35142.5414658,"new_mean":0.0001847,"totalarea":5238.7790502}},{"type":"MultiPolygon","arcs":[[[501]],[[502]],[[503,-71]],[[504]],[[505]],[[506,-69,507]],[[508]],[[509]]],"properties":{"name":"San Lorenzo","gaul_code":4841,"targetarea":172.4429511,"totpop":190088.353843,"country_id":"ARG","targetpop":143058.772078,"new_mean":0.0008448,"totalarea":2076.1941955}},{"type":"Polygon","arcs":[[510]],"properties":{"name":"Puan","gaul_code":4476,"targetarea":8.9701048,"totpop":15108.269215,"country_id":"ARG","targetpop":4956.7021942,"new_mean":0,"totalarea":6418.8878969}},{"type":"MultiPolygon","arcs":[[[511]],[[512]],[[513]]],"properties":{"name":"Magdalena","gaul_code":4454,"targetarea":22.0852449,"totpop":32782.9539094,"country_id":"ARG","targetpop":14378.8918991,"new_mean":0,"totalarea":3549.5423884}},{"type":"MultiPolygon","arcs":[[[514]],[[515]]],"properties":{"name":"25 De Mayo","gaul_code":4788,"targetarea":9.2940693,"totpop":19747.9955891,"country_id":"ARG","targetpop":4401.0071869,"new_mean":0,"totalarea":3992.8775169}},{"type":"Polygon","arcs":[[516,-102,517]],"properties":{"name":"El Cuy","gaul_code":4758,"targetarea":2.5421502,"totpop":8552.0011478,"country_id":"ARG","targetpop":396.6092987,"new_mean":0,"totalarea":21524.034999}},{"type":"Polygon","arcs":[[518]],"properties":{"name":"Chos Malal","gaul_code":4739,"targetarea":11.974781,"totpop":16462.177099,"country_id":"ARG","targetpop":9672.2022324,"new_mean":0.0000162,"totalarea":4408.5912051}},{"type":"Polygon","arcs":[[519]],"properties":{"name":"Pellegrini","gaul_code":4471,"targetarea":3.6742233,"totpop":6338.2479532,"country_id":"ARG","targetpop":2305.8598328,"new_mean":0,"totalarea":1855.7159375}},{"type":"MultiPolygon","arcs":[[[520]],[[521]],[[522]],[[523]],[[524]],[[525]]],"properties":{"name":"General Roca","gaul_code":4572,"targetarea":28.2157653,"totpop":38233.7625482,"country_id":"ARG","targetpop":17267.7435303,"new_mean":0.0000537,"totalarea":12578.1967445}},{"type":"MultiPolygon","arcs":[[[526,-226,527]],[[528]],[[529]]],"properties":{"name":"Lavalle","gaul_code":4708,"targetarea":24.6726042,"totpop":42944.4072574,"country_id":"ARG","targetpop":14995.9389954,"new_mean":0,"totalarea":10305.3621469}},{"type":"MultiPolygon","arcs":[[[530,-489]],[[531,-486,532,533,534]]],"properties":{"name":"Rawson","gaul_code":4798,"targetarea":79.5302461,"totpop":146663.256283,"country_id":"ARG","targetpop":134675.607727,"new_mean":0,"totalarea":298.5338642}},{"type":"MultiPolygon","arcs":[[[535]],[[536]],[[537,-151,538,539,540,-251],[541]]],"properties":{"name":"La Plata","gaul_code":4444,"targetarea":420.6307655,"totpop":745300.362741,"country_id":"ARG","targetpop":716252.520943,"new_mean":0,"totalarea":867.6374705}},{"type":"MultiPolygon","arcs":[[[542]],[[543]],[[544]]],"properties":{"name":"General Donovan","gaul_code":4536,"targetarea":11.096849,"totpop":13848.5360383,"country_id":"ARG","targetpop":6201.3627167,"new_mean":0.0328405,"totalarea":1627.5206939}},{"type":"Polygon","arcs":[[545]],"properties":{"name":"Carlos Casares","gaul_code":4402,"targetarea":15.0277136,"totpop":23507.2573348,"country_id":"ARG","targetpop":12472.6636353,"new_mean":0,"totalarea":2517.7963752}},{"type":"MultiPolygon","arcs":[[[546]],[[547]],[[548]]],"properties":{"name":"12 De Octubre","gaul_code":4526,"targetarea":17.9440372,"totpop":31563.8267381,"country_id":"ARG","targetpop":12331.2030792,"new_mean":0.0207102,"totalarea":3630.3365764}},{"type":"Polygon","arcs":[[549]],"properties":{"name":"Sarmiento","gaul_code":4802,"targetarea":9.734297,"totpop":25906.5482672,"country_id":"ARG","targetpop":8128.0616303,"new_mean":1.23416e-7,"totalarea":2798.2032671}},{"type":"MultiPolygon","arcs":[[[550]],[[-392,551]],[[552]]],"properties":{"name":"Lujan","gaul_code":4453,"targetarea":126.0272261,"totpop":119769.666488,"country_id":"ARG","targetpop":92535.6697617,"new_mean":0,"totalarea":769.4599443}},{"type":"Polygon","arcs":[[553,554,-177]],"properties":{"name":"Valle Viejo","gaul_code":4525,"targetarea":33.53397,"totpop":36244.8113112,"country_id":"ARG","targetpop":27280.8646393,"new_mean":0.005273,"totalarea":612.4309044}},{"type":"Polygon","arcs":[[555]],"properties":{"name":"Alberdi","gaul_code":4874,"targetarea":18.4651415,"totpop":31795.1162418,"country_id":"ARG","targetpop":21449.477005,"new_mean":0.0157338,"totalarea":766.9647259}},{"type":"MultiPolygon","arcs":[[[556]],[[557]]],"properties":{"name":"Tilcara","gaul_code":4657,"targetarea":9.1578968,"totpop":14841.7385223,"country_id":"ARG","targetpop":5998.2961121,"new_mean":0.0093093,"totalarea":2012.1081711}},{"type":"MultiPolygon","arcs":[[[558]],[[559]]],"properties":{"name":"Leonardo N. Alem","gaul_code":4448,"targetarea":11.9910368,"totpop":17243.9097926,"country_id":"ARG","targetpop":8006.328598,"new_mean":0.0000167,"totalarea":1605.5441059}},{"type":"MultiPolygon","arcs":[[[560]],[[561]],[[562]]],"properties":{"name":"Independencia","gaul_code":4538,"targetarea":21.4386885,"totpop":24133.0432914,"country_id":"ARG","targetpop":14700.0900269,"new_mean":0.0262082,"totalarea":1873.9963363}},{"type":"Polygon","arcs":[[-528,-225,563,564,565,566]],"properties":{"name":"Guaymallen","gaul_code":4704,"targetarea":154.0477987,"totpop":232939.456263,"country_id":"ARG","targetpop":230761.772263,"new_mean":0,"totalarea":175.1256432}},{"type":"MultiPolygon","arcs":[[[567]],[[568],[569]],[[570,571,572]]],"properties":{"name":"San Fernando","gaul_code":4546,"targetarea":182.8279371,"totpop":421484.812193,"country_id":"ARG","targetpop":395088.933426,"new_mean":0.0255102,"totalarea":3558.3156738}},{"type":"Polygon","arcs":[[573]],"properties":{"name":"General Paz","gaul_code":4430,"targetarea":6.6421432,"totpop":12266.9150241,"country_id":"ARG","targetpop":4524.7471314,"new_mean":0,"totalarea":1189.581107}},{"type":"MultiPolygon","arcs":[[[574,575]],[[576]],[[577]],[[578]]],"properties":{"name":"General Pueyrredon","gaul_code":4432,"targetarea":327.0637443,"totpop":650059.593319,"country_id":"ARG","targetpop":601593.586821,"new_mean":0,"totalarea":1453.2522589}},{"type":"MultiPolygon","arcs":[[[579]],[[580]],[[581]]],"properties":{"name":"Monte Caseros","gaul_code":4609,"targetarea":23.7736109,"totpop":37875.1369321,"country_id":"ARG","targetpop":21941.1312866,"new_mean":0.0028194,"totalarea":2601.6156597}},{"type":"MultiPolygon","arcs":[[[582]],[[583]],[[584]],[[585,-159,586,587]]],"properties":{"name":"San Nicolas","gaul_code":4492,"targetarea":93.5428038,"totpop":152095.991954,"country_id":"ARG","targetpop":132936.072906,"new_mean":0.0000135,"totalarea":666.0722089}},{"type":"Polygon","arcs":[[588]],"properties":{"name":"Sarmiento","gaul_code":4565,"targetarea":7.1335172,"totpop":15362.0446717,"country_id":"ARG","targetpop":4978.3358002,"new_mean":0,"totalarea":14615.7987243}},{"type":"MultiPolygon","arcs":[[[589]],[[590]],[[591]]],"properties":{"name":"La Capital","gaul_code":4813,"targetarea":177.6425971,"totpop":251912.157299,"country_id":"ARG","targetpop":206932.97464,"new_mean":6.0431707e-7,"totalarea":13280.8150715}},{"type":"MultiPolygon","arcs":[[[592]],[[593,594,595,596,597,598,599,-4,600,-2,601,602,603,-480,604,605]]],"properties":{"name":"La Matanza","gaul_code":4443,"targetarea":303.4178774,"totpop":2415358.38888,"country_id":"ARG","targetpop":2411098.18059,"new_mean":0,"totalarea":324.3564837}},{"type":"MultiPolygon","arcs":[[[606]],[[607]],[[608]],[[609]],[[610]],[[611]],[[612]],[[613]],[[614,615]],[[616]],[[617]],[[618]],[[619]],[[620]],[[621]],[[622]],[[623]],[[624]],[[625]],[[626]],[[627]]],"properties":{"name":"San Justo","gaul_code":4587,"targetarea":165.3722386,"totpop":222609.866259,"country_id":"ARG","targetpop":135846.910736,"new_mean":0.0001617,"totalarea":16161.8878546}},{"type":"Polygon","arcs":[[628]],"properties":{"name":"Esquina","gaul_code":4600,"targetarea":16.1461372,"totpop":31257.116369,"country_id":"ARG","targetpop":16004.1755066,"new_mean":0.0029157,"totalarea":3846.9248172}},{"type":"MultiPolygon","arcs":[[[629]],[[630]],[[631]],[[632]]],"properties":{"name":"Rio Grande","gaul_code":4871,"targetarea":54.6947516,"totpop":85927.4033285,"country_id":"ARG","targetpop":62767.5967102,"new_mean":0,"totalarea":11987.0646802}},{"type":"MultiPolygon","arcs":[[[633]],[[634]],[[635]],[[636]],[[637]],[[638]]],"properties":{"name":"Juarez Celman","gaul_code":4575,"targetarea":48.7369448,"totpop":68830.9152817,"country_id":"ARG","targetpop":37084.8138275,"new_mean":0.0025731,"totalarea":7773.033802}},{"type":"Polygon","arcs":[[639]],"properties":{"name":"Mburucuy","gaul_code":4607,"targetarea":7.2665097,"totpop":9530.5304503,"country_id":"ARG","targetpop":5448.5992584,"new_mean":0.023634,"totalarea":995.0258766}},{"type":"MultiPolygon","arcs":[[[640,641]],[[642]],[[643]],[[644]],[[645]],[[646]],[[647]]],"properties":{"name":"San Rafael","gaul_code":4715,"targetarea":128.2586161,"totpop":208572.339894,"country_id":"ARG","targetpop":138233.389099,"new_mean":0.0000206,"totalarea":31794.2467123}},{"type":"MultiPolygon","arcs":[[[648]],[[649]],[[650]]],"properties":{"name":"Mar Chiquita","gaul_code":4456,"targetarea":26.5852561,"totpop":26478.9244432,"country_id":"ARG","targetpop":13036.1975536,"new_mean":0,"totalarea":3124.1715092}},{"type":"MultiPolygon","arcs":[[[651]],[[652]]],"properties":{"name":"Balcarce","gaul_code":4390,"targetarea":35.4142623,"totpop":45891.8044365,"country_id":"ARG","targetpop":27369.0491028,"new_mean":0,"totalarea":4099.4121623}},{"type":"Polygon","arcs":[[653]],"properties":{"name":"Santa Maria","gaul_code":4522,"targetarea":13.0678751,"totpop":22827.322029,"country_id":"ARG","targetpop":7351.506073,"new_mean":0.0002303,"totalarea":5760.325704}},{"type":"MultiPolygon","arcs":[[[654]],[[655],[656]]],"properties":{"name":"Bahia Blanca","gaul_code":4389,"targetarea":202.0545746,"totpop":319895.756466,"country_id":"ARG","targetpop":298626.103142,"new_mean":0,"totalarea":2284.9632285}},{"type":"MultiPolygon","arcs":[[[657]],[[658]]],"properties":{"name":"Cruz Del Eje","gaul_code":4571,"targetarea":38.8206692,"totpop":65662.7744703,"country_id":"ARG","targetpop":40773.4306717,"new_mean":0.0038476,"totalarea":6537.1509498}},{"type":"MultiPolygon","arcs":[[[659]],[[660]],[[661]]],"properties":{"name":"O. Higgins","gaul_code":4543,"targetarea":16.1514104,"totpop":21183.9648263,"country_id":"ARG","targetpop":11626.1784363,"new_mean":0.0246129,"totalarea":1575.256515}},{"type":"Polygon","arcs":[[662,663,-487,-532,664,-298,665,666,-132]],"properties":{"name":"Rivadavia","gaul_code":4799,"targetarea":63.871407,"totpop":105536.479908,"country_id":"ARG","targetpop":100723.895569,"new_mean":0,"totalarea":117.0566665}},{"type":"Polygon","arcs":[[667]],"properties":{"name":"General Belgrano","gaul_code":4535,"targetarea":8.9773411,"totpop":13940.4412572,"country_id":"ARG","targetpop":9034.2918549,"new_mean":0.0247155,"totalarea":1284.8913775}},{"type":"MultiPolygon","arcs":[[[668]],[[669]],[[670]]],"properties":{"name":"Tala","gaul_code":4632,"targetarea":17.3370201,"totpop":26098.8456122,"country_id":"ARG","targetpop":12508.0266571,"new_mean":0,"totalarea":2783.3199153}},{"type":"Polygon","arcs":[[671]],"properties":{"name":"Tres Lomas","gaul_code":4504,"targetarea":8.1488428,"totpop":10185.2997225,"country_id":"ARG","targetpop":6076.9670258,"new_mean":0,"totalarea":1239.998669}},{"type":"MultiPolygon","arcs":[[[672]],[[673]],[[674]],[[675]],[[676]]],"properties":{"name":"Federacion","gaul_code":4622,"targetarea":54.3917952,"totpop":81002.1701827,"country_id":"ARG","targetpop":51008.7326813,"new_mean":0.0000422,"totalarea":3666.2158435}},{"type":"Polygon","arcs":[[677]],"properties":{"name":"Ojo De Agua","gaul_code":4861,"targetarea":7.8803276,"totpop":14309.1242998,"country_id":"ARG","targetpop":5339.0970306,"new_mean":0.0072933,"totalarea":6208.1641081}},{"type":"Polygon","arcs":[[678]],"properties":{"name":"Andalgala","gaul_code":4512,"targetarea":13.6007353,"totpop":19208.2529349,"country_id":"ARG","targetpop":8402.8729858,"new_mean":0.0024946,"totalarea":4681.192101}},{"type":"MultiPolygon","arcs":[[[679]],[[680]],[[681]],[[682]]],"properties":{"name":"Santo Tome","gaul_code":4617,"targetarea":44.6532066,"totpop":71093.5689021,"country_id":"ARG","targetpop":43368.0399628,"new_mean":0.0249345,"totalarea":7369.4211281}},{"type":"MultiPolygon","arcs":[[[683]],[[684]],[[685]]],"properties":{"name":"Necochea","gaul_code":4466,"targetarea":68.8948321,"totpop":94273.9686647,"country_id":"ARG","targetpop":77834.7818298,"new_mean":0,"totalarea":4512.9794762}},{"type":"Polygon","arcs":[[-135,-438,686,-436,-394,687,688,-478]],"properties":{"name":"Moreno","gaul_code":4462,"targetarea":181.1752447,"totpop":538365.11079,"country_id":"ARG","targetpop":537676.462082,"new_mean":0,"totalarea":183.9819355}},{"type":"MultiPolygon","arcs":[[[689]],[[690]],[[691]]],"properties":{"name":"Metan","gaul_code":4779,"targetarea":24.993315,"totpop":46426.678376,"country_id":"ARG","targetpop":20607.754776,"new_mean":0.0167628,"totalarea":5472.3684889}},{"type":"MultiPolygon","arcs":[[[692]],[[693]]],"properties":{"name":"Chivilcoy","gaul_code":4408,"targetarea":51.3006186,"totpop":68312.7362572,"country_id":"ARG","targetpop":51519.3878021,"new_mean":0,"totalarea":2078.0106215}},{"type":"Polygon","arcs":[[694]],"properties":{"name":"Magallanes","gaul_code":4822,"targetarea":7.0389179,"totpop":13467.6816027,"country_id":"ARG","targetpop":5024.9103394,"new_mean":0,"totalarea":20398.0046662}},{"type":"Polygon","arcs":[[695]],"properties":{"name":"Jimnez","gaul_code":4856,"targetarea":5.4432276,"totpop":15733.601423,"country_id":"ARG","targetpop":3720.3816223,"new_mean":0.01367,"totalarea":5240.5941587}},{"type":"MultiPolygon","arcs":[[[696]],[[697]]],"properties":{"name":"Tornquist","gaul_code":4500,"targetarea":9.4269764,"totpop":14928.0267166,"country_id":"ARG","targetpop":6169.6642456,"new_mean":0,"totalarea":4204.0243313}},{"type":"Polygon","arcs":[[698]],"properties":{"name":"Minas","gaul_code":4577,"targetarea":1.9714803,"totpop":4539.1496817,"country_id":"ARG","targetpop":870.8518219,"new_mean":0.0047603,"totalarea":3588.4564026}},{"type":"Polygon","arcs":[[699]],"properties":{"name":"San Antonio De Areco","gaul_code":4488,"targetarea":19.4713255,"totpop":25170.5840803,"country_id":"ARG","targetpop":15690.1691132,"new_mean":0,"totalarea":869.6179623}},{"type":"Polygon","arcs":[[700]],"properties":{"name":"Maipu","gaul_code":4541,"targetarea":12.9377739,"totpop":25671.9517963,"country_id":"ARG","targetpop":14313.8626404,"new_mean":0.0235819,"totalarea":2813.9856052}},{"type":"Polygon","arcs":[[701]],"properties":{"name":"La Paz","gaul_code":4706,"targetarea":9.7447943,"totpop":10424.6208609,"country_id":"ARG","targetpop":6132.4795685,"new_mean":0,"totalarea":7238.5134794}},{"type":"MultiPolygon","arcs":[[[702]],[[703]],[[704]],[[705]]],"properties":{"name":"San Justo","gaul_code":4840,"targetarea":28.7347662,"totpop":41567.0388601,"country_id":"ARG","targetpop":21679.333725,"new_mean":0.0015314,"totalarea":5583.2850224}},{"type":"MultiPolygon","arcs":[[[706]],[[707]],[[708]]],"properties":{"name":"Obera","gaul_code":4732,"targetarea":67.9229709,"totpop":122500.297692,"country_id":"ARG","targetpop":83540.7496338,"new_mean":0.0276624,"totalarea":1578.7738556}},{"type":"MultiPolygon","arcs":[[[709,710,711]],[[712]]],"properties":{"name":"Gualeguay","gaul_code":4625,"targetarea":33.0763862,"totpop":53789.0292524,"country_id":"ARG","targetpop":31050.8735886,"new_mean":0,"totalarea":6686.1364268}},{"type":"Polygon","arcs":[[713]],"properties":{"name":"San Cayetano","gaul_code":4489,"targetarea":6.2737986,"totpop":8768.9218078,"country_id":"ARG","targetpop":3824.4458923,"new_mean":0,"totalarea":2992.5575279}},{"type":"Polygon","arcs":[[714]],"properties":{"name":"Arauco","gaul_code":4683,"targetarea":15.5243524,"totpop":17449.2797747,"country_id":"ARG","targetpop":8908.7821503,"new_mean":0.0000012599544,"totalarea":2454.2906248}},{"type":"MultiPolygon","arcs":[[[-274,715]],[[716]]],"properties":{"name":"Totoral","gaul_code":4591,"targetarea":19.7209911,"totpop":26025.5969402,"country_id":"ARG","targetpop":12740.7779846,"new_mean":0.0012718,"totalarea":3186.6334732}},{"type":"MultiPolygon","arcs":[[[717]],[[-540,718]]],"properties":{"name":"Brandsen","gaul_code":4398,"targetarea":19.905279,"totpop":33678.7623474,"country_id":"ARG","targetpop":14034.7398529,"new_mean":0,"totalarea":1137.5890847}},{"type":"Polygon","arcs":[[719]],"properties":{"name":"Monte","gaul_code":4460,"targetarea":18.35291,"totpop":25833.6522706,"country_id":"ARG","targetpop":13858.6490135,"new_mean":0,"totalarea":1880.8567408}},{"type":"MultiPolygon","arcs":[[[720]],[[721]],[[722]],[[723]],[[724]],[[725]],[[726]],[[727]],[[728]],[[729]],[[730]],[[731]],[[732]],[[733]],[[734]]],"properties":{"name":"Marcos Juarez","gaul_code":4576,"targetarea":95.0122265,"totpop":111501.4849,"country_id":"ARG","targetpop":64621.7929764,"new_mean":0.0047978,"totalarea":9493.4252631}},{"type":"Polygon","arcs":[[735,736]],"properties":{"name":"Villa Gesell","gaul_code":4506,"targetarea":40.3882043,"totpop":40189.8876669,"country_id":"ARG","targetpop":37726.236515,"new_mean":0,"totalarea":181.9568966}},{"type":"Polygon","arcs":[[737]],"properties":{"name":"Ultracan","gaul_code":4682,"targetarea":8.7735901,"totpop":15150.3060245,"country_id":"ARG","targetpop":4792.5003052,"new_mean":0,"totalarea":12800.3701533}},{"type":"MultiPolygon","arcs":[[[738,739,740]],[[741,742]]],"properties":{"name":"San Antonio","gaul_code":4652,"targetarea":3.7290628,"totpop":10338.4312634,"country_id":"ARG","targetpop":3096.0456696,"new_mean":0.0096727,"totalarea":730.0208144}},{"type":"Polygon","arcs":[[743]],"properties":{"name":"Presidente De La Plaza","gaul_code":4544,"targetarea":8.2222132,"totpop":13176.4553673,"country_id":"ARG","targetpop":7903.7080231,"new_mean":0.0254319,"totalarea":2337.3877138}},{"type":"MultiPolygon","arcs":[[[744]],[[745]]],"properties":{"name":"Lavalle","gaul_code":4606,"targetarea":18.2999727,"totpop":32382.4485907,"country_id":"ARG","targetpop":15523.0410538,"new_mean":0.0097589,"totalarea":1517.6935054}},{"type":"MultiPolygon","arcs":[[[746]],[[747]],[[748]],[[749]],[[750]],[[751]],[[752]],[[753]],[[754]],[[755]]],"properties":{"name":"San Martin","gaul_code":4842,"targetarea":57.5424611,"totpop":66899.9467914,"country_id":"ARG","targetpop":37374.9716949,"new_mean":0.0048711,"totalarea":4829.0132325}},{"type":"Polygon","arcs":[[756,757,-221,-86,758,-565]],"properties":{"name":"Godoy Cruz","gaul_code":4703,"targetarea":48.6772963,"totpop":195776.362385,"country_id":"ARG","targetpop":192685.052643,"new_mean":0,"totalarea":75.1152424}},{"type":"MultiPolygon","arcs":[[[759]],[[760]]],"properties":{"name":"Futaleufu","gaul_code":4557,"targetarea":32.4003615,"totpop":49906.9306288,"country_id":"ARG","targetpop":31637.1735992,"new_mean":0,"totalarea":9120.0279475}},{"type":"MultiPolygon","arcs":[[[761,762,-597,763]],[[764,-595,765]],[[766]],[[767,768]]],"properties":{"name":"Marcos Paz","gaul_code":4457,"targetarea":56.8811482,"totpop":66367.3795438,"country_id":"ARG","targetpop":40829.2119751,"new_mean":0,"totalarea":430.1985841}},{"type":"MultiPolygon","arcs":[[[769]],[[770,771,-310,-9],[772]]],"properties":{"name":"San Vicente","gaul_code":4494,"targetarea":132.961507,"totpop":168838.006096,"country_id":"ARG","targetpop":143160.06604,"new_mean":4.8212766e-7,"totalarea":740.2343019}},{"type":"Polygon","arcs":[[773]],"properties":{"name":"Guatrache","gaul_code":4670,"targetarea":5.9137845,"totpop":8282.8004806,"country_id":"ARG","targetpop":2950.4921112,"new_mean":0,"totalarea":3437.2359126}},{"type":"MultiPolygon","arcs":[[[774]],[[775]],[[776]],[[-293,777,778]]],"properties":{"name":"Rosario De Lerma","gaul_code":4785,"targetarea":43.2060227,"totpop":51223.1778738,"country_id":"ARG","targetpop":23574.3949432,"new_mean":0.0076761,"totalarea":5286.4571164}},{"type":"MultiPolygon","arcs":[[[779,-172,780]],[[781]],[[782,-170,783]]],"properties":{"name":"Capital","gaul_code":4723,"targetarea":161.594168,"totpop":377140.260648,"country_id":"ARG","targetpop":353872.983597,"new_mean":0.0232943,"totalarea":977.8144651}},{"type":"MultiPolygon","arcs":[[[784]],[[785]],[[786]],[[787]],[[788]],[[789]],[[790]],[[791]],[[792]],[[793]],[[794]]],"properties":{"name":"Caseros","gaul_code":4827,"targetarea":74.5650023,"totpop":81610.6680308,"country_id":"ARG","targetpop":53510.2497406,"new_mean":0.0045133,"totalarea":3252.2940793}},{"type":"Polygon","arcs":[[795]],"properties":{"name":"Feliciano","gaul_code":4624,"targetarea":9.7150069,"totpop":15261.4964443,"country_id":"ARG","targetpop":8268.9465485,"new_mean":3.0059295e-7,"totalarea":2929.711065}},{"type":"Polygon","arcs":[[796]],"properties":{"name":"Atreuco","gaul_code":4661,"targetarea":5.047096,"totpop":10118.4620795,"country_id":"ARG","targetpop":3044.1703491,"new_mean":0,"totalarea":3490.471379}},{"type":"Polygon","arcs":[[797,798,-602,-11,-309,799]],"properties":{"name":"Lomas De Zamora","gaul_code":4452,"targetarea":87.9187622,"totpop":630498.979553,"country_id":"ARG","targetpop":630498.979553,"new_mean":0,"totalarea":87.918762}},{"type":"MultiPolygon","arcs":[[[800]],[[801]],[[802]],[[803]],[[804]],[[805]],[[806]]],"properties":{"name":"El Carmen","gaul_code":4647,"targetarea":89.3137446,"totpop":110730.260455,"country_id":"ARG","targetpop":69380.0251465,"new_mean":0.0167905,"totalarea":934.3207813}},{"type":"MultiPolygon","arcs":[[[807]],[[808]]],"properties":{"name":"Moreno","gaul_code":4860,"targetarea":10.63931,"totpop":37596.0861035,"country_id":"ARG","targetpop":8307.5311127,"new_mean":0.0219274,"totalarea":16652.7668137}},{"type":"Polygon","arcs":[[-479,-689,809,-768,810,-605]],"properties":{"name":"Merlo","gaul_code":4459,"targetarea":167.6237549,"totpop":561850.527546,"country_id":"ARG","targetpop":560912.512726,"new_mean":0,"totalarea":172.103974}},{"type":"Polygon","arcs":[[811]],"properties":{"name":"Adolfo Alsina","gaul_code":4381,"targetarea":12.5015157,"totpop":18652.7041498,"country_id":"ARG","targetpop":8205.3846435,"new_mean":0,"totalarea":5959.5695193}},{"type":"Polygon","arcs":[[812]],"properties":{"name":"Rosario Vera Penaloza","gaul_code":4698,"targetarea":11.2226197,"totpop":15582.7607719,"country_id":"ARG","targetpop":8532.2913208,"new_mean":0.0001672,"totalarea":5031.2234694}},{"type":"MultiPolygon","arcs":[[[813]],[[814]],[[815]]],"properties":{"name":"Tres Arroyos","gaul_code":4502,"targetarea":45.6536253,"totpop":56856.400406,"country_id":"ARG","targetpop":37784.102047,"new_mean":0,"totalarea":5983.3968977}},{"type":"MultiPolygon","arcs":[[[816]],[[817,818,819]],[[820,-820]],[[821,-7,822]],[[-598,-763,823]],[[-5,-600,824]]],"properties":{"name":"Canuelas","gaul_code":4400,"targetarea":62.5033264,"totpop":61091.870169,"country_id":"ARG","targetpop":35630.9262009,"new_mean":0,"totalarea":1194.7356816}},{"type":"Polygon","arcs":[[825]],"properties":{"name":"General Lavalle","gaul_code":4692,"targetarea":2.0083637,"totpop":9117.5034102,"country_id":"ARG","targetpop":759.6747284,"new_mean":0.0000169,"totalarea":8137.5972223}},{"type":"MultiPolygon","arcs":[[[826]],[[827]]],"properties":{"name":"Escalante","gaul_code":4553,"targetarea":152.2591683,"totpop":248203.640041,"country_id":"ARG","targetpop":213877.187201,"new_mean":0,"totalarea":14353.41}},{"type":"Polygon","arcs":[[828]],"properties":{"name":"Rivadavia","gaul_code":4480,"targetarea":13.5184514,"totpop":19393.8607618,"country_id":"ARG","targetpop":8903.2839966,"new_mean":0.0002402,"totalarea":3984.0419161}},{"type":"Polygon","arcs":[[829,830,831,832,833,834,835]],"properties":{"name":"Capital","gaul_code":4876,"targetarea":84.2428747,"totpop":504663.963593,"country_id":"ARG","targetpop":504663.963593,"new_mean":0.0126679,"totalarea":84.3772734}},{"type":"Polygon","arcs":[[836]],"properties":{"name":"San Martin","gaul_code":4868,"targetarea":2.1000323,"totpop":8676.723481,"country_id":"ARG","targetpop":1228.513855,"new_mean":0.0091799,"totalarea":1817.1681529}},{"type":"Polygon","arcs":[[-566,-759,-85,837,838,-189,839]],"properties":{"name":"Maipu","gaul_code":4710,"targetarea":215.2643775,"totpop":203032.645805,"country_id":"ARG","targetpop":174693.894753,"new_mean":0,"totalarea":658.6164918}},{"type":"MultiPolygon","arcs":[[[840]],[[841]],[[842,843]],[[844,845]]],"properties":{"name":"Rivadavia","gaul_code":4712,"targetarea":47.0459598,"totpop":62013.2509202,"country_id":"ARG","targetpop":32196.4530716,"new_mean":0,"totalarea":2111.7118858}},{"type":"MultiPolygon","arcs":[[[846]],[[847]],[[848]]],"properties":{"name":"Simoca","gaul_code":4886,"targetarea":11.8653224,"totpop":33035.3111982,"country_id":"ARG","targetpop":10731.8673248,"new_mean":0.0162294,"totalarea":1279.9280158}},{"type":"MultiPolygon","arcs":[[[849]],[[850]]],"properties":{"name":"Santa Barbara","gaul_code":4654,"targetarea":8.2555223,"totpop":20905.0272037,"country_id":"ARG","targetpop":4840.9890747,"new_mean":0.0243653,"totalarea":4344.4837255}},{"type":"MultiPolygon","arcs":[[[851]],[[852]]],"properties":{"name":"Trancas","gaul_code":4889,"targetarea":8.2529191,"totpop":19685.8532024,"country_id":"ARG","targetpop":5184.4397736,"new_mean":0,"totalarea":2966.519707}},{"type":"Polygon","arcs":[[853,854,855,-831]],"properties":{"name":"Yerba Buena","gaul_code":4890,"targetarea":49.3013558,"totpop":85432.6581354,"country_id":"ARG","targetpop":78615.078949,"new_mean":0.0158645,"totalarea":148.6907133}},{"type":"MultiPolygon","arcs":[[[-326,856]],[[857]]],"properties":{"name":"Bella Vista","gaul_code":4594,"targetarea":21.0748241,"totpop":40035.437855,"country_id":"ARG","targetpop":26188.3792725,"new_mean":0.0125835,"totalarea":1896.036333}},{"type":"MultiPolygon","arcs":[[[858]],[[859]],[[860]],[[861]],[[862]],[[863]],[[864]],[[865]],[[866]],[[867]],[[868]],[[869]],[[870]],[[871]],[[872]],[[873]],[[874]],[[875]],[[876]]],"properties":{"name":"General Lopez","gaul_code":4831,"targetarea":151.6126344,"totpop":206586.075926,"country_id":"ARG","targetpop":125861.06234,"new_mean":0.0011646,"totalarea":11438.4819087}},{"type":"Polygon","arcs":[[877]],"properties":{"name":"Coronel Dorrego","gaul_code":4411,"targetarea":10.066968,"totpop":15108.5643426,"country_id":"ARG","targetpop":5995.4963684,"new_mean":0,"totalarea":5831.3769527}},{"type":"Polygon","arcs":[[878]],"properties":{"name":"Capitan Sarmiento","gaul_code":4401,"targetarea":12.226893,"totpop":16557.4970373,"country_id":"ARG","targetpop":9533.9398498,"new_mean":0,"totalarea":553.7406876}},{"type":"Polygon","arcs":[[879,880,-739]],"properties":{"name":"Palpala","gaul_code":4650,"targetarea":40.142693,"totpop":52626.4674811,"country_id":"ARG","targetpop":43224.5164337,"new_mean":0.0091128,"totalarea":459.7300171}},{"type":"Polygon","arcs":[[881]],"properties":{"name":"Junin","gaul_code":4441,"targetarea":61.9485099,"totpop":92355.4288858,"country_id":"ARG","targetpop":68204.6305466,"new_mean":0.0000272,"totalarea":2265.1151035}},{"type":"MultiPolygon","arcs":[[[882]],[[-127,883]],[[884]]],"properties":{"name":"Adolfo Alsina","gaul_code":4754,"targetarea":37.8516791,"totpop":65717.8128143,"country_id":"ARG","targetpop":47824.6565475,"new_mean":0,"totalarea":9047.6657265}},{"type":"MultiPolygon","arcs":[[[885]],[[886,-641]]],"properties":{"name":"General Alvear","gaul_code":4702,"targetarea":36.0959238,"totpop":45930.7908856,"country_id":"ARG","targetpop":29744.436615,"new_mean":0,"totalarea":14374.2601067}},{"type":"MultiPolygon","arcs":[[[887]],[[888]],[[889]],[[890]]],"properties":{"name":"San Pedro","gaul_code":4493,"targetarea":48.28301,"totpop":63497.5947141,"country_id":"ARG","targetpop":41269.7782593,"new_mean":0.0000123,"totalarea":1367.0053404}},{"type":"Polygon","arcs":[[891]],"properties":{"name":"Formosa","gaul_code":4637,"targetarea":115.6338425,"totpop":264082.179603,"country_id":"ARG","targetpop":222662.450188,"new_mean":0.0104856,"totalarea":6517.4660806}},{"type":"MultiPolygon","arcs":[[[892]],[[893]]],"properties":{"name":"Nogoya","gaul_code":4630,"targetarea":22.0323566,"totpop":36731.2182955,"country_id":"ARG","targetpop":17866.375,"new_mean":0,"totalarea":4209.4182961}},{"type":"Polygon","arcs":[[894]],"properties":{"name":"La Cocha","gaul_code":4881,"targetarea":9.8261564,"totpop":22119.4233266,"country_id":"ARG","targetpop":8795.6959992,"new_mean":0.0164414,"totalarea":957.6933988}},{"type":"MultiPolygon","arcs":[[[895]],[[896]]],"properties":{"name":"Saavedra","gaul_code":4483,"targetarea":15.7567482,"totpop":21418.1476931,"country_id":"ARG","targetpop":11302.6400909,"new_mean":0,"totalarea":3489.4609007}},{"type":"MultiPolygon","arcs":[[[897]],[[898]],[[899]],[[900]],[[901]],[[902]],[[903]],[[904]],[[905]],[[906]],[[907]],[[908]]],"properties":{"name":"Parana","gaul_code":4631,"targetarea":219.5795139,"totpop":365785.119235,"country_id":"ARG","targetpop":288982.712128,"new_mean":1.4424662e-7,"totalarea":5193.5150694}},{"type":"MultiPolygon","arcs":[[[909,-844]],[[-845,910]],[[-194,911]],[[912]],[[-192,913]],[[-190,-839,914]]],"properties":{"name":"Junin","gaul_code":4705,"targetarea":43.4637344,"totpop":53077.1377254,"country_id":"ARG","targetpop":31456.6332397,"new_mean":0,"totalarea":257.6629864}},{"type":"Polygon","arcs":[[915,-663,-131]],"properties":{"name":"Zonda","gaul_code":4805,"targetarea":2.6882941,"totpop":6798.7977271,"country_id":"ARG","targetpop":1151.2577972,"new_mean":0,"totalarea":2458.886333}},{"type":"Polygon","arcs":[[916]],"properties":{"name":"General Ocampo","gaul_code":4693,"targetarea":2.9678753,"totpop":6636.4264729,"country_id":"ARG","targetpop":1811.2579651,"new_mean":0,"totalarea":3721.3369112}},{"type":"MultiPolygon","arcs":[[[917]],[[918]],[[919]]],"properties":{"name":"25 De Mayo","gaul_code":4719,"targetarea":13.0580282,"totpop":28602.958347,"country_id":"ARG","targetpop":9896.7607727,"new_mean":0.0292874,"totalarea":1678.6021716}},{"type":"MultiPolygon","arcs":[[[920]],[[921]],[[-105,922,-518,-101,923]],[[924,-108]],[[925]]],"properties":{"name":"Confluencia","gaul_code":4741,"targetarea":264.3574616,"totpop":422680.961301,"country_id":"ARG","targetpop":360499.219536,"new_mean":0,"totalarea":7520.5160467}},{"type":"Polygon","arcs":[[926]],"properties":{"name":"Dolores","gaul_code":4415,"targetarea":21.6864774,"totpop":29240.0124407,"country_id":"ARG","targetpop":19648.8646088,"new_mean":0,"totalarea":1971.1025681}},{"type":"Polygon","arcs":[[927,-429,-449,928,-603,-799,929,930]],"properties":{"name":"Capital Federal","gaul_code":4378,"targetarea":184.658254,"totpop":2843055.00757,"country_id":"ARG","targetpop":2843055.00757,"new_mean":0,"totalarea":184.6582541}},{"type":"Polygon","arcs":[[931]],"properties":{"name":"Aguirre","gaul_code":4844,"targetarea":4.4938093,"totpop":8758.7339787,"country_id":"ARG","targetpop":3395.9364319,"new_mean":0.006223,"totalarea":4332.4852329}},{"type":"MultiPolygon","arcs":[[[932]],[[933]]],"properties":{"name":"San Pedro","gaul_code":4653,"targetarea":42.1508829,"totpop":78898.2676046,"country_id":"ARG","targetpop":49110.900589,"new_mean":0.0206007,"totalarea":2013.435483}},{"type":"Polygon","arcs":[[934]],"properties":{"name":"Cafayate","gaul_code":4767,"targetarea":13.929921,"totpop":17331.2522184,"country_id":"ARG","targetpop":11369.4473114,"new_mean":0.0028405,"totalarea":1376.3952399}},{"type":"MultiPolygon","arcs":[[[935]],[[936]]],"properties":{"name":"Montecarlo","gaul_code":4731,"targetarea":32.6717823,"totpop":39407.6675261,"country_id":"ARG","targetpop":24360.2882843,"new_mean":0.0247001,"totalarea":1737.7966825}},{"type":"MultiPolygon","arcs":[[[937]],[[938]],[[939]],[[940]],[[941]],[[942]],[[943,-616]],[[944]],[[945]],[[946]],[[947]],[[948]],[[949]],[[950]],[[951]],[[952]],[[953]]],"properties":{"name":"Castellanos","gaul_code":4828,"targetarea":139.7610859,"totpop":201737.479703,"country_id":"ARG","targetpop":127577.429039,"new_mean":0.000192,"totalarea":6706.1990494}},{"type":"Polygon","arcs":[[954]],"properties":{"name":"General Belgrano","gaul_code":4424,"targetarea":16.6248101,"totpop":19598.1091043,"country_id":"ARG","targetpop":13805.0698853,"new_mean":0,"totalarea":1832.302848}},{"type":"Polygon","arcs":[[955]],"properties":{"name":"Coronel Pringles","gaul_code":4809,"targetarea":4.4784252,"totpop":14270.1553964,"country_id":"ARG","targetpop":2052.6301727,"new_mean":0.0001283,"totalarea":4093.9674195}},{"type":"Polygon","arcs":[[956]],"properties":{"name":"Victoria","gaul_code":4634,"targetarea":22.3271107,"totpop":40738.4891539,"country_id":"ARG","targetpop":16143.6053224,"new_mean":2.1451367e-7,"totalarea":6656.6678503}},{"type":"MultiPolygon","arcs":[[[957]],[[958]],[[959]],[[960]],[[961]]],"properties":{"name":"Diamante","gaul_code":4621,"targetarea":34.3595032,"totpop":48128.0447049,"country_id":"ARG","targetpop":23644.0764465,"new_mean":0.0000020498223,"totalarea":2524.2117505}},{"type":"MultiPolygon","arcs":[[[962]],[[-834,963]],[[964,-832,-856,965]]],"properties":{"name":"Lules","gaul_code":4883,"targetarea":61.9701033,"totpop":66761.093236,"country_id":"ARG","targetpop":47452.3084488,"new_mean":0.0152686,"totalarea":520.5356176}},{"type":"MultiPolygon","arcs":[[[966]],[[967]]],"properties":{"name":"Tafi Del Valle","gaul_code":4887,"targetarea":12.7688552,"totpop":16491.1101836,"country_id":"ARG","targetpop":5568.0787811,"new_mean":0.0025278,"totalarea":2560.2176026}},{"type":"MultiPolygon","arcs":[[[968,-576]],[[969]],[[970]]],"properties":{"name":"General Alvarado","gaul_code":4421,"targetarea":39.3015892,"totpop":44031.3627409,"country_id":"ARG","targetpop":31440.7392159,"new_mean":0,"totalarea":1639.7241933}},{"type":"Polygon","arcs":[[971]],"properties":{"name":"Rio Chico","gaul_code":4824,"targetarea":3.9902847,"totpop":9676.841328,"country_id":"ARG","targetpop":2690.3301392,"new_mean":0,"totalarea":34016.6866889}},{"type":"MultiPolygon","arcs":[[[972]],[[973]],[[974]]],"properties":{"name":"General Pedernera","gaul_code":4810,"targetarea":112.2940099,"totpop":144736.789356,"country_id":"ARG","targetpop":104094.113472,"new_mean":0.0000362,"totalarea":13873.9438854}},{"type":"MultiPolygon","arcs":[[[975]],[[976]],[[977]]],"properties":{"name":"General Guemes","gaul_code":4537,"targetarea":32.941823,"totpop":72869.0634823,"country_id":"ARG","targetpop":34382.2419586,"new_mean":0.0267579,"totalarea":26447.5067482}},{"type":"MultiPolygon","arcs":[[[978,979,980]],[[981]],[[982]]],"properties":{"name":"Burruyacu","gaul_code":4875,"targetarea":18.0819558,"totpop":46569.2658119,"country_id":"ARG","targetpop":9316.1087112,"new_mean":0.0152577,"totalarea":3790.0275716}},{"type":"Polygon","arcs":[[983]],"properties":{"name":"Alberti","gaul_code":4383,"targetarea":7.3509744,"totpop":11359.6211096,"country_id":"ARG","targetpop":4808.6626892,"new_mean":0,"totalarea":1110.207634}},{"type":"Polygon","arcs":[[-778,-292,984,-288,985]],"properties":{"name":"Capital","gaul_code":4770,"targetarea":256.5365991,"totpop":583270.732624,"country_id":"ARG","targetpop":555254.084152,"new_mean":0.010602,"totalarea":1566.4324645}},{"type":"Polygon","arcs":[[986]],"properties":{"name":"Guamin","gaul_code":4438,"targetarea":6.7104658,"totpop":11649.6456269,"country_id":"ARG","targetpop":3832.1706238,"new_mean":0,"totalarea":4822.1353908}},{"type":"Polygon","arcs":[[987]],"properties":{"name":"General La Madrid","gaul_code":4427,"targetarea":6.3457251,"totpop":10551.8039285,"country_id":"ARG","targetpop":4502.9858856,"new_mean":0,"totalarea":4766.3987825}},{"type":"Polygon","arcs":[[-396]],"properties":{"name":"Name Unknown","gaul_code":4464,"targetarea":10.1744795,"totpop":16375.4147339,"country_id":"ARG","targetpop":0,"new_mean":0,"totalarea":10.1744794}},{"type":"Polygon","arcs":[[988]],"properties":{"name":"Quebrachos","gaul_code":4863,"targetarea":5.2875139,"totpop":9983.5306948,"country_id":"ARG","targetpop":4519.5743713,"new_mean":0.0024786,"totalarea":3714.5280351}},{"type":"Polygon","arcs":[[989]],"properties":{"name":"Pilcaniyeu","gaul_code":4762,"targetarea":2.0981834,"totpop":9226.7923016,"country_id":"ARG","targetpop":1245.0980835,"new_mean":0,"totalarea":10913.8524124}},{"type":"MultiPolygon","arcs":[[[990,-572,991]],[[992]],[[993]]],"properties":{"name":"Libertad","gaul_code":4539,"targetarea":9.2505612,"totpop":12275.9285903,"country_id":"ARG","targetpop":4990.6214752,"new_mean":0.0368925,"totalarea":993.0602154}},{"type":"MultiPolygon","arcs":[[[994]],[[995]],[[996]],[[997]],[[998]],[[999]],[[1000]],[[1001]],[[1002]],[[1003]]],"properties":{"name":"General Obligado","gaul_code":4832,"targetarea":115.1443188,"totpop":188583.977439,"country_id":"ARG","targetpop":120764.212387,"new_mean":0.0075188,"totalarea":11110.1694022}},{"type":"Polygon","arcs":[[1004]],"properties":{"name":"Malarge","gaul_code":4711,"targetarea":16.7532255,"totpop":33113.1008434,"country_id":"ARG","targetpop":9955.2936554,"new_mean":0.0001723,"totalarea":40617.1385036}},{"type":"MultiPolygon","arcs":[[[1005]],[[1006]],[[1007]],[[1008]]],"properties":{"name":"Avellaneda","gaul_code":4755,"targetarea":26.6896214,"totpop":39027.8543399,"country_id":"ARG","targetpop":20671.8255005,"new_mean":0,"totalarea":20033.2750014}},{"type":"Polygon","arcs":[[1009,-152,-538,-250]],"properties":{"name":"Ensenada","gaul_code":4416,"targetarea":50.852634,"totpop":53782.7930775,"country_id":"ARG","targetpop":48874.9564209,"new_mean":0,"totalarea":101.9443581}},{"type":"Polygon","arcs":[[1010,-742,1011,-740,-881]],"properties":{"name":"Capital","gaul_code":4645,"targetarea":137.2914391,"totpop":302200.006475,"country_id":"ARG","targetpop":275005.319893,"new_mean":0.0209254,"totalarea":2038.1986795}},{"type":"MultiPolygon","arcs":[[[1012]],[[1013]]],"properties":{"name":"Adolfo Gonzales Chaves","gaul_code":4382,"targetarea":10.4152436,"totpop":12070.3808685,"country_id":"ARG","targetpop":6353.9873733,"new_mean":0,"totalarea":3801.6348013}},{"type":"MultiPolygon","arcs":[[[1014]],[[1015]],[[1016]],[[1017]],[[1018]]],"properties":{"name":"Libertador General San Ma","gaul_code":4730,"targetarea":37.6968936,"totpop":52493.4648,"country_id":"ARG","targetpop":30093.1326866,"new_mean":0.0268344,"totalarea":1425.7633384}},{"type":"MultiPolygon","arcs":[[[1019]],[[1020]],[[1021]],[[1022]],[[1023]],[[1024]],[[1025]],[[1026]]],"properties":{"name":"Uruguay","gaul_code":4633,"targetarea":71.6697142,"totpop":108969.0813,"country_id":"ARG","targetpop":68203.8381653,"new_mean":0,"totalarea":5149.0833932}},{"type":"Polygon","arcs":[[1027]],"properties":{"name":"Caucete","gaul_code":4793,"targetarea":24.0647676,"totpop":44287.6372169,"country_id":"ARG","targetpop":23248.5205536,"new_mean":0,"totalarea":7798.9358463}},{"type":"MultiPolygon","arcs":[[[1028]],[[1029]]],"properties":{"name":"Rawson","gaul_code":4563,"targetarea":95.513734,"totpop":150083.266537,"country_id":"ARG","targetpop":126952.434044,"new_mean":0,"totalarea":4129.320267}},{"type":"Polygon","arcs":[[1030]],"properties":{"name":"Pulen","gaul_code":4676,"targetarea":5.0110176,"totpop":11735.7776518,"country_id":"ARG","targetpop":3192.9322205,"new_mean":0,"totalarea":13223.5585827}},{"type":"Polygon","arcs":[[-137,-477,-604,-929,-448]],"properties":{"name":"Tres De Febrero","gaul_code":4503,"targetarea":45.5498453,"totpop":364329.069702,"country_id":"ARG","targetpop":364329.069702,"new_mean":0,"totalarea":45.5498455}},{"type":"Polygon","arcs":[[1031]],"properties":{"name":"Santa Rosa","gaul_code":4523,"targetarea":5.0772026,"totpop":13051.7383884,"country_id":"ARG","targetpop":3246.9477997,"new_mean":0.010617,"totalarea":1469.2137862}},{"type":"Polygon","arcs":[[1032]],"properties":{"name":"San Martin","gaul_code":4614,"targetarea":8.1169178,"totpop":14306.6648468,"country_id":"ARG","targetpop":6605.5629578,"new_mean":0.0248328,"totalarea":6693.9409402}},{"type":"Polygon","arcs":[[1033]],"properties":{"name":"La Vina","gaul_code":4777,"targetarea":6.4339546,"totpop":8249.5287291,"country_id":"ARG","targetpop":3035.814682,"new_mean":0.0148231,"totalarea":2137.8251808}},{"type":"Polygon","arcs":[[1034]],"properties":{"name":"Comandante Fernandez","gaul_code":4533,"targetarea":52.9450431,"totpop":107772.276345,"country_id":"ARG","targetpop":90129.8349915,"new_mean":0.0275176,"totalarea":1474.9039501}},{"type":"MultiPolygon","arcs":[[[1035]],[[1036]]],"properties":{"name":"Chascomus","gaul_code":4407,"targetarea":39.369748,"totpop":46742.3366502,"country_id":"ARG","targetpop":27630.7216492,"new_mean":0,"totalarea":4204.8846762}},{"type":"Polygon","arcs":[[1037]],"properties":{"name":"General Alvear","gaul_code":4422,"targetarea":9.8248202,"totpop":11398.4147325,"country_id":"ARG","targetpop":6609.2509842,"new_mean":0,"totalarea":3365.1895795}},{"type":"Polygon","arcs":[[1038]],"properties":{"name":"Loncopue","gaul_code":4744,"targetarea":3.8274583,"totpop":7477.6950889,"country_id":"ARG","targetpop":2457.9822998,"new_mean":0.0001465,"totalarea":5474.8394787}},{"type":"MultiPolygon","arcs":[[[1039]],[[1040]],[[1041]],[[1042]],[[1043]],[[1044]],[[1045]],[[1046]]],"properties":{"name":"Rio Segundo","gaul_code":4584,"targetarea":88.1064526,"totpop":112095.586191,"country_id":"ARG","targetpop":66344.1486206,"new_mean":0.0001413,"totalarea":4892.3659788}},{"type":"Polygon","arcs":[[-930,-798,1047,1048]],"properties":{"name":"Lanus","gaul_code":4445,"targetarea":49.4611579,"totpop":462044.441406,"country_id":"ARG","targetpop":462044.441406,"new_mean":0,"totalarea":49.4611578}},{"type":"Polygon","arcs":[[1049]],"properties":{"name":"1ro. De Mayo","gaul_code":4527,"targetarea":4.3118243,"totpop":12974.1883153,"country_id":"ARG","targetpop":2610.0726929,"new_mean":0.0351778,"totalarea":1397.4913488}},{"type":"Polygon","arcs":[[-300,1050,-534,1051]],"properties":{"name":"Santa Lucia","gaul_code":4801,"targetarea":47.3673988,"totpop":44665.2440872,"country_id":"ARG","targetpop":43856.9243011,"new_mean":0,"totalarea":55.0461084}},{"type":"MultiPolygon","arcs":[[[1052]],[[1053]]],"properties":{"name":"Sata Rosa","gaul_code":4716,"targetarea":8.7842238,"totpop":16753.7283692,"country_id":"ARG","targetpop":4189.0384064,"new_mean":0,"totalarea":8465.8725315}},{"type":"MultiPolygon","arcs":[[[1054]],[[1055]],[[1056]],[[1057]]],"properties":{"name":"Eldorado","gaul_code":4725,"targetarea":62.4344256,"totpop":92066.3563999,"country_id":"ARG","targetpop":64237.6800995,"new_mean":0.0265976,"totalarea":1874.8382116}},{"type":"Polygon","arcs":[[1058]],"properties":{"name":"Alumine","gaul_code":4736,"targetarea":3.9939729,"totpop":10837.5528363,"country_id":"ARG","targetpop":1561.8330383,"new_mean":0.0004356,"totalarea":4655.6363377}},{"type":"Polygon","arcs":[[1059]],"properties":{"name":"Paso De Los Libres","gaul_code":4610,"targetarea":36.9313816,"totpop":51353.219316,"country_id":"ARG","targetpop":34143.892395,"new_mean":0.0112553,"totalarea":5005.2199259}},{"type":"Polygon","arcs":[[1060,-497]],"properties":{"name":"Silipica","gaul_code":4870,"targetarea":2.4869071,"totpop":8256.2776584,"country_id":"ARG","targetpop":1338.8007507,"new_mean":0.0031771,"totalarea":1103.1691747}},{"type":"MultiPolygon","arcs":[[[1061]],[[1062]]],"properties":{"name":"Coronel Suarez","gaul_code":4413,"targetarea":31.6746853,"totpop":39611.0692696,"country_id":"ARG","targetpop":24140.8924866,"new_mean":0,"totalarea":5971.1320814}},{"type":"MultiPolygon","arcs":[[[1063]],[[1064]],[[1065]]],"properties":{"name":"General Villegas","gaul_code":4437,"targetarea":22.5607497,"totpop":33608.689473,"country_id":"ARG","targetpop":16083.0426331,"new_mean":0.0000388,"totalarea":7366.9335357}},{"type":"Polygon","arcs":[[1066]],"properties":{"name":"General Viamonte","gaul_code":4436,"targetarea":12.7035973,"totpop":18376.9984339,"country_id":"ARG","targetpop":10075.5454559,"new_mean":0,"totalarea":2157.7359914}},{"type":"Polygon","arcs":[[1067,1068,-1048,-800,-308,1069,-148]],"properties":{"name":"Quilmes","gaul_code":4477,"targetarea":88.7300115,"totpop":683134.417725,"country_id":"ARG","targetpop":683134.417725,"new_mean":0,"totalarea":88.7300114}},{"type":"MultiPolygon","arcs":[[[1070]],[[1071]]],"properties":{"name":"Junin","gaul_code":4812,"targetarea":38.6993017,"totpop":42317.2109623,"country_id":"ARG","targetpop":26787.9242477,"new_mean":0.0013288,"totalarea":2194.8389681}},{"type":"MultiPolygon","arcs":[[[1072]],[[1073]]],"properties":{"name":"Trenque Lauquen","gaul_code":4501,"targetarea":36.0746009,"totpop":46840.6848161,"country_id":"ARG","targetpop":32412.8154984,"new_mean":0,"totalarea":5460.2264829}},{"type":"MultiPolygon","arcs":[[[1074]],[[1075]],[[1076]],[[1077]],[[1078]],[[1079]]],"properties":{"name":"Concordia","gaul_code":4620,"targetarea":130.8018291,"totpop":189623.560238,"country_id":"ARG","targetpop":140646.728127,"new_mean":6.7087062e-7,"totalarea":3579.9952049}},{"type":"MultiPolygon","arcs":[[[1080]],[[1081]],[[1082]],[[1083]],[[1084]]],"properties":{"name":"Ledesma","gaul_code":4649,"targetarea":52.6816904,"totpop":88512.8941824,"country_id":"ARG","targetpop":57024.928093,"new_mean":0.0208831,"totalarea":2794.8872925}},{"type":"Polygon","arcs":[[1085]],"properties":{"name":"San Luis Del Palmar","gaul_code":4613,"targetarea":7.4396032,"totpop":19228.1367253,"country_id":"ARG","targetpop":8348.1394501,"new_mean":0.0209363,"totalarea":2612.155637}},{"type":"MultiPolygon","arcs":[[[1086]],[[1087]],[[1088]]],"properties":{"name":"Vera","gaul_code":4843,"targetarea":24.7768848,"totpop":51688.6688164,"country_id":"ARG","targetpop":20730.131546,"new_mean":0.0128927,"totalarea":20782.1371737}},{"type":"MultiPolygon","arcs":[[[1089]],[[1090]]],"properties":{"name":"Coronel De Mariana Leonar","gaul_code":4410,"targetarea":44.1134729,"totpop":63019.7760432,"country_id":"ARG","targetpop":51055.5755501,"new_mean":0,"totalarea":1354.4157368}},{"type":"MultiPolygon","arcs":[[[1091]],[[1092]]],"properties":{"name":"Mercedes","gaul_code":4608,"targetarea":28.6083737,"totpop":42643.3315027,"country_id":"ARG","targetpop":25713.6779175,"new_mean":0.0165503,"totalarea":9977.8350872}},{"type":"MultiPolygon","arcs":[[[-711,1093,1094]],[[1095]],[[1096]],[[1097]],[[1098]]],"properties":{"name":"Gualeguaychu","gaul_code":4626,"targetarea":82.6009242,"totpop":118768.401284,"country_id":"ARG","targetpop":76027.1960106,"new_mean":8.6390847e-7,"totalarea":7226.0297948}},{"type":"Polygon","arcs":[[1099]],"properties":{"name":"Ameghino","gaul_code":4385,"targetarea":8.0410885,"totpop":9524.6458077,"country_id":"ARG","targetpop":4981.8148346,"new_mean":0,"totalarea":1838.8882796}},{"type":"Polygon","arcs":[[1100]],"properties":{"name":"Concepcion","gaul_code":4724,"targetarea":8.0705543,"totpop":10012.3756298,"country_id":"ARG","targetpop":5041.925293,"new_mean":0.0242576,"totalarea":777.2959782}},{"type":"MultiPolygon","arcs":[[[1101,1102]],[[1103]]],"properties":{"name":"Ituzaingo","gaul_code":4605,"targetarea":16.2745459,"totpop":32726.111265,"country_id":"ARG","targetpop":10455.0147552,"new_mean":0.0315281,"totalarea":9603.0160628}},{"type":"Polygon","arcs":[[1104]],"properties":{"name":"Belen","gaul_code":4514,"targetarea":14.1682264,"totpop":30755.1096033,"country_id":"ARG","targetpop":9562.3004379,"new_mean":0.0044499,"totalarea":12987.6173608}},{"type":"MultiPolygon","arcs":[[[1105]],[[1106]]],"properties":{"name":"Barioche","gaul_code":4756,"targetarea":116.7291457,"totpop":163802.306145,"country_id":"ARG","targetpop":122984.753143,"new_mean":1.9101467e-7,"totalarea":5457.8483561}},{"type":"Polygon","arcs":[[1107]],"properties":{"name":"General Arenales","gaul_code":4423,"targetarea":10.1142926,"totpop":15005.3301015,"country_id":"ARG","targetpop":4622.7115936,"new_mean":0.0009332,"totalarea":1490.8531745}},{"type":"MultiPolygon","arcs":[[[1108]],[[1109]],[[1110]]],"properties":{"name":"San Cosme","gaul_code":4612,"targetarea":10.5639309,"totpop":15962.8156178,"country_id":"ARG","targetpop":7084.3907318,"new_mean":0.0219013,"totalarea":609.0658379}},{"type":"Polygon","arcs":[[1111]],"properties":{"name":"Conesa","gaul_code":4757,"targetarea":6.0008739,"totpop":8064.7317402,"country_id":"ARG","targetpop":3784.9213104,"new_mean":0,"totalarea":9820.7013918}},{"type":"Polygon","arcs":[[1112]],"properties":{"name":"Chacabuco","gaul_code":4406,"targetarea":39.4466194,"totpop":52464.0824627,"country_id":"ARG","targetpop":35041.7198639,"new_mean":0.000048,"totalarea":2280.5654586}},{"type":"Polygon","arcs":[[1113]],"properties":{"name":"Capayan","gaul_code":4515,"targetarea":7.4490612,"totpop":19893.2793928,"country_id":"ARG","targetpop":4897.2124176,"new_mean":0.0048198,"totalarea":4562.1413666}},{"type":"Polygon","arcs":[[1114]],"properties":{"name":"Salliquello","gaul_code":4485,"targetarea":8.3835472,"totpop":8606.9141747,"country_id":"ARG","targetpop":5523.7151642,"new_mean":0,"totalarea":805.8859193}},{"type":"Polygon","arcs":[[1115]],"properties":{"name":"San Andres De Giles","gaul_code":4487,"targetarea":15.1285514,"totpop":25768.3472511,"country_id":"ARG","targetpop":12222.6577606,"new_mean":0,"totalarea":1123.8705224}},{"type":"Polygon","arcs":[[1116]],"properties":{"name":"Pichi Mahuida","gaul_code":4761,"targetarea":9.1594149,"totpop":14090.7761655,"country_id":"ARG","targetpop":8933.1312866,"new_mean":0,"totalarea":15757.1735405}},{"type":"Polygon","arcs":[[1117]],"properties":{"name":"Baradero","gaul_code":4391,"targetarea":24.0826323,"totpop":36751.2938999,"country_id":"ARG","targetpop":20982.864151,"new_mean":0,"totalarea":1533.4405925}},{"type":"Polygon","arcs":[[1118]],"properties":{"name":"9 De Julio","gaul_code":4529,"targetarea":18.1552428,"totpop":30572.6332869,"country_id":"ARG","targetpop":19522.5277405,"new_mean":0.0232696,"totalarea":2307.2197259}},{"type":"MultiPolygon","arcs":[[[1119]],[[1120,-1102]],[[1121]],[[1122]],[[1123]]],"properties":{"name":"Apostoles","gaul_code":4720,"targetarea":33.935717,"totpop":47909.2034153,"country_id":"ARG","targetpop":29862.1280212,"new_mean":0.0237822,"totalarea":1042.8001367}},{"type":"MultiPolygon","arcs":[[[1124]],[[1125]],[[1126]],[[1127]]],"properties":{"name":"Bermejo","gaul_code":4531,"targetarea":17.1588961,"totpop":26304.1976716,"country_id":"ARG","targetpop":12021.867218,"new_mean":0.0221281,"totalarea":2599.9975668}},{"type":"MultiPolygon","arcs":[[[1128]],[[1129]],[[1130]],[[1131]],[[1132]],[[1133]]],"properties":{"name":"Deseado","gaul_code":4816,"targetarea":103.5246114,"totpop":165434.85574,"country_id":"ARG","targetpop":112179.887888,"new_mean":0,"totalarea":63133.4948098}},{"type":"Polygon","arcs":[[1134]],"properties":{"name":"Lobos","gaul_code":4451,"targetarea":30.5704807,"totpop":39688.9897798,"country_id":"ARG","targetpop":22015.0282593,"new_mean":0,"totalarea":1743.8679578}},{"type":"Polygon","arcs":[[1135]],"properties":{"name":"Suipacha","gaul_code":4495,"targetarea":8.0324705,"totpop":11549.0897689,"country_id":"ARG","targetpop":5110.7741394,"new_mean":0,"totalarea":936.945518}},{"type":"MultiPolygon","arcs":[[[1136]],[[1137]],[[1138]],[[1139]],[[1140]]],"properties":{"name":"San Ignacio","gaul_code":4733,"targetarea":37.5335211,"totpop":60792.4661741,"country_id":"ARG","targetpop":34601.619751,"new_mean":0.0261116,"totalarea":1647.0797064}},{"type":"Polygon","arcs":[[-854,-830,1141,-981,1142]],"properties":{"name":"Tafi Viejo","gaul_code":4888,"targetarea":101.598164,"totpop":212149.710105,"country_id":"ARG","targetpop":194583.426392,"new_mean":0.0136696,"totalarea":1156.4798469}},{"type":"Polygon","arcs":[[1143,-178,-555]],"properties":{"name":"Fray Mamerto Esquiu","gaul_code":4518,"targetarea":5.7236656,"totpop":7312.6815664,"country_id":"ARG","targetpop":2637.6013413,"new_mean":0.01624,"totalarea":237.3273492}},{"type":"Polygon","arcs":[[1144]],"properties":{"name":"Coronel Pringles","gaul_code":4412,"targetarea":16.7330651,"totpop":21891.3860247,"country_id":"ARG","targetpop":13457.8235626,"new_mean":0,"totalarea":5240.2531075}},{"type":"MultiPolygon","arcs":[[[1145]],[[1146]],[[1147]]],"properties":{"name":"La Paz","gaul_code":4629,"targetarea":39.6737884,"totpop":64240.3030819,"country_id":"ARG","targetpop":28619.603447,"new_mean":0.0001578,"totalarea":6531.573642}},{"type":"Polygon","arcs":[[1148]],"properties":{"name":"9 De Julio","gaul_code":4825,"targetarea":16.440135,"totpop":31813.4325077,"country_id":"ARG","targetpop":12465.7774506,"new_mean":0.0086875,"totalarea":17359.9280899}},{"type":"MultiPolygon","arcs":[[[1149]],[[1150]]],"properties":{"name":"Tupungato","gaul_code":4718,"targetarea":21.4202141,"totpop":37614.6512032,"country_id":"ARG","targetpop":13469.1539078,"new_mean":1.7590602e-8,"totalarea":2497.17215}},{"type":"MultiPolygon","arcs":[[[1151]],[[-423,1152,-426,1153]],[[1154]],[[1155]]],"properties":{"name":"Zarate","gaul_code":4509,"targetarea":119.1143349,"totpop":131434.526708,"country_id":"ARG","targetpop":101574.575745,"new_mean":0,"totalarea":1225.6119191}},{"type":"MultiPolygon","arcs":[[[1156]],[[1157]]],"properties":{"name":"Avellaneda","gaul_code":4847,"targetarea":9.4915733,"totpop":21855.0994085,"country_id":"ARG","targetpop":5728.8621979,"new_mean":0.0124838,"totalarea":3731.0515436}},{"type":"MultiPolygon","arcs":[[[-311,-772,1158]],[[-149,-1070,-313,1159]]],"properties":{"name":"Florencio Varela","gaul_code":4420,"targetarea":159.7515844,"totpop":482510.103298,"country_id":"ARG","targetpop":475197.880371,"new_mean":0,"totalarea":203.8303964}},{"type":"Polygon","arcs":[[1160]],"properties":{"name":"Ushuaia","gaul_code":4872,"targetarea":38.296025,"totpop":59867.040334,"country_id":"ARG","targetpop":45301.0071735,"new_mean":0.0000011278629,"totalarea":8850.7108515}},{"type":"MultiPolygon","arcs":[[[1161]],[[1162]],[[1163,-337]],[[1164]],[[1165]],[[1166]],[[1167]],[[1168]],[[1169]]],"properties":{"name":"Iriondo","gaul_code":4833,"targetarea":57.9151167,"totpop":73613.4506517,"country_id":"ARG","targetpop":37226.6100922,"new_mean":0.0052598,"totalarea":3356.2505528}},{"type":"MultiPolygon","arcs":[[[1170]],[[1171]]],"properties":{"name":"Curuzu Cuatia","gaul_code":4598,"targetarea":27.0314369,"totpop":46783.2463499,"country_id":"ARG","targetpop":26745.0950623,"new_mean":0.0136204,"totalarea":8217.2852101}},{"type":"Polygon","arcs":[[1172]],"properties":{"name":"Gobernador Gordillo","gaul_code":4696,"targetarea":9.5174587,"totpop":15040.9727459,"country_id":"ARG","targetpop":8850.9272461,"new_mean":0.0056038,"totalarea":5554.7474169}},{"type":"Polygon","arcs":[[1173]],"properties":{"name":"Rivadavia","gaul_code":4865,"targetarea":3.1540936,"totpop":5084.4265096,"country_id":"ARG","targetpop":1458.4963684,"new_mean":0.0017872,"totalarea":3235.1448654}},{"type":"Polygon","arcs":[[1174]],"properties":{"name":"Carmen De Areco","gaul_code":4404,"targetarea":13.5363873,"totpop":15466.4096129,"country_id":"ARG","targetpop":6717.466568,"new_mean":0,"totalarea":1052.4621749}},{"type":"MultiPolygon","arcs":[[[1175]],[[1176]],[[1177]]],"properties":{"name":"Azul","gaul_code":4388,"targetarea":48.2434713,"totpop":68154.7488516,"country_id":"ARG","targetpop":48107.9343567,"new_mean":0,"totalarea":6563.0282558}},{"type":"Polygon","arcs":[[1178]],"properties":{"name":"Rojas","gaul_code":4481,"targetarea":18.9967432,"totpop":23920.2147488,"country_id":"ARG","targetpop":14003.7616119,"new_mean":0.0006271,"totalarea":2022.9059393}},{"type":"MultiPolygon","arcs":[[[1179]],[[1180]],[[1181]],[[1182]],[[1183]],[[1184]],[[1185]],[[1186]],[[1187]],[[1188]]],"properties":{"name":"General San Martin","gaul_code":4573,"targetarea":108.3200645,"totpop":141027.998583,"country_id":"ARG","targetpop":93670.5083008,"new_mean":0.0006098,"totalarea":4896.8608506}},{"type":"MultiPolygon","arcs":[[[1189]],[[1190]],[[1191]],[[1192]],[[1193]],[[1194]],[[1195]],[[1196]]],"properties":{"name":"San Cristobal","gaul_code":4837,"targetarea":54.0201571,"totpop":73223.8480318,"country_id":"ARG","targetpop":35410.9074402,"new_mean":0.0002511,"totalarea":14387.8423721}},{"type":"MultiPolygon","arcs":[[[1197]],[[1198]],[[1199]]],"properties":{"name":"Gral. Martin M. Guemes","gaul_code":4774,"targetarea":40.4875016,"totpop":55746.9545261,"country_id":"ARG","targetpop":32931.0015869,"new_mean":0.0185951,"totalarea":2314.7994227}},{"type":"MultiPolygon","arcs":[[[1200]],[[1201]]],"properties":{"name":"Pellegrini","gaul_code":4862,"targetarea":6.0304545,"totpop":19336.4705267,"country_id":"ARG","targetpop":3076.328949,"new_mean":0.020398,"totalarea":6943.4129043}},{"type":"MultiPolygon","arcs":[[[1202]],[[1203]],[[1204]],[[1205]],[[1206]],[[1207,-588]]],"properties":{"name":"Ramallo","gaul_code":4478,"targetarea":41.6233929,"totpop":40102.0994893,"country_id":"ARG","targetpop":24729.7854919,"new_mean":0,"totalarea":1086.0891222}},{"type":"MultiPolygon","arcs":[[[1208]],[[1209]]],"properties":{"name":"Lago Buenos Aires","gaul_code":4821,"targetarea":10.674079,"totpop":12751.3976871,"country_id":"ARG","targetpop":5621.8379974,"new_mean":0,"totalarea":28510.3384115}},{"type":"Polygon","arcs":[[1210]],"properties":{"name":"Rauch","gaul_code":4479,"targetarea":10.981939,"totpop":16008.9683383,"country_id":"ARG","targetpop":9921.3058166,"new_mean":0,"totalarea":4269.9974062}},{"type":"Polygon","arcs":[[1211]],"properties":{"name":"Monte Hermoso","gaul_code":4461,"targetarea":8.126594,"totpop":7580.9875269,"country_id":"ARG","targetpop":5959.3239136,"new_mean":0,"totalarea":203.8657511}},{"type":"Polygon","arcs":[[1212]],"properties":{"name":"Sauce","gaul_code":4618,"targetarea":6.6790265,"totpop":8890.8875896,"country_id":"ARG","targetpop":3926.0917206,"new_mean":0.0028186,"totalarea":2418.7717477}},{"type":"Polygon","arcs":[[1213]],"properties":{"name":"Choya","gaul_code":4851,"targetarea":22.6381618,"totpop":35807.6984551,"country_id":"ARG","targetpop":20575.5874329,"new_mean":0.0055649,"totalarea":6095.0103671}},{"type":"MultiPolygon","arcs":[[[1214]],[[1215]],[[1216]]],"properties":{"name":"Presidente Roque S Enz Pe","gaul_code":4579,"targetarea":28.02472,"totpop":39035.9572705,"country_id":"ARG","targetpop":19344.7150116,"new_mean":0.0004636,"totalarea":8496.5686146}},{"type":"MultiPolygon","arcs":[[[-297,1217,-666]],[[-295,1218]]],"properties":{"name":"Albardon","gaul_code":4789,"targetarea":26.0730232,"totpop":24939.6308325,"country_id":"ARG","targetpop":13164.8182297,"new_mean":0,"totalarea":969.966112}},{"type":"Polygon","arcs":[[1219]],"properties":{"name":"Chicoana","gaul_code":4772,"targetarea":19.565305,"totpop":23200.4887908,"country_id":"ARG","targetpop":11349.531723,"new_mean":0.011356,"totalarea":978.3485823}},{"type":"Polygon","arcs":[[1220]],"properties":{"name":"Fray Justo Santa Maria De","gaul_code":4534,"targetarea":6.7800424,"totpop":14661.5062583,"country_id":"ARG","targetpop":6064.4619141,"new_mean":0.0204513,"totalarea":2952.2869773}},{"type":"MultiPolygon","arcs":[[[1221]],[[1222]]],"properties":{"name":"General Taboada","gaul_code":4854,"targetarea":22.6356084,"totpop":40120.5124395,"country_id":"ARG","targetpop":21579.2871857,"new_mean":0.0134461,"totalarea":6058.3511533}},{"type":"Polygon","arcs":[[1223]],"properties":{"name":"Atamisqui","gaul_code":4846,"targetarea":4.5211882,"totpop":11395.8258432,"country_id":"ARG","targetpop":2467.8467712,"new_mean":0.0093042,"totalarea":2266.8125409}},{"type":"Polygon","arcs":[[1224]],"properties":{"name":"Navarro","gaul_code":4465,"targetarea":10.8417014,"totpop":18614.7159979,"country_id":"ARG","targetpop":8955.2164383,"new_mean":0,"totalarea":1608.667395}},{"type":"Polygon","arcs":[[1225]],"properties":{"name":"Gaiman","gaul_code":4558,"targetarea":8.2654289,"totpop":13035.464631,"country_id":"ARG","targetpop":4070.7439423,"new_mean":0,"totalarea":11620.2210844}},{"type":"Polygon","arcs":[[1226,-931,-1049,-1069]],"properties":{"name":"Avellaneda","gaul_code":4386,"targetarea":51.9432527,"totpop":364433.492493,"country_id":"ARG","targetpop":364433.492493,"new_mean":0,"totalarea":51.9432529}},{"type":"Polygon","arcs":[[1227]],"properties":{"name":"General San Martin","gaul_code":4694,"targetarea":1.9632684,"totpop":4661.2906291,"country_id":"ARG","targetpop":802.3854218,"new_mean":0,"totalarea":4530.8811723}},{"type":"Polygon","arcs":[[1228]],"properties":{"name":"Carlos Tejedor","gaul_code":4403,"targetarea":5.7725841,"totpop":11619.5628334,"country_id":"ARG","targetpop":3710.858017,"new_mean":0,"totalarea":3902.6260552}},{"type":"MultiPolygon","arcs":[[[1229]],[[1230]],[[1231]],[[1232]],[[1233]],[[1234]]],"properties":{"name":"Colon","gaul_code":4619,"targetarea":75.5976945,"totpop":87774.0573661,"country_id":"ARG","targetpop":57513.7203064,"new_mean":6.0179831e-7,"totalarea":3357.3591921}},{"type":"MultiPolygon","arcs":[[[1235]],[[1236]]],"properties":{"name":"Lincoln","gaul_code":4449,"targetarea":33.2971848,"totpop":42732.6814442,"country_id":"ARG","targetpop":23380.4010315,"new_mean":0,"totalarea":5756.848345}},{"type":"Polygon","arcs":[[1237]],"properties":{"name":"Jachal","gaul_code":4796,"targetarea":6.5596959,"totpop":22568.3804861,"country_id":"ARG","targetpop":3361.875351,"new_mean":0.0000033931904,"totalarea":14480.9586148}},{"type":"Polygon","arcs":[[1238]],"properties":{"name":"General Belgrano","gaul_code":4689,"targetarea":6.1837791,"totpop":7531.7024927,"country_id":"ARG","targetpop":3164.7619324,"new_mean":0.0029827,"totalarea":2778.1958587}},{"type":"Polygon","arcs":[[1239]],"properties":{"name":"Lacar","gaul_code":4743,"targetarea":30.28765,"totpop":36871.4868165,"country_id":"ARG","targetpop":21488.5061722,"new_mean":0,"totalarea":5027.552721}},{"type":"Polygon","arcs":[[1240]],"properties":{"name":"Valle Fertil","gaul_code":4804,"targetarea":4.0150522,"totpop":7648.5591462,"country_id":"ARG","targetpop":2991.6199646,"new_mean":0.0007736,"totalarea":5527.55571}},{"type":"Polygon","arcs":[[-224,1241,-757,-564]],"properties":{"name":"Capital","gaul_code":4701,"targetarea":54.4053196,"totpop":208298.10228,"country_id":"ARG","targetpop":205674.806564,"new_mean":0,"totalarea":72.7925822}},{"type":"MultiPolygon","arcs":[[[-736,1242]],[[-182,1243]],[[1244]]],"properties":{"name":"General Juan Madariaga","gaul_code":4426,"targetarea":19.2318161,"totpop":25627.2369828,"country_id":"ARG","targetpop":12384.9637756,"new_mean":0,"totalarea":3002.1437283}},{"type":"Polygon","arcs":[[1245]],"properties":{"name":"Bartolome Mitre","gaul_code":4392,"targetarea":21.0780879,"totpop":31071.6038595,"country_id":"ARG","targetpop":20748.163681,"new_mean":0.0000172,"totalarea":1232.7703701}},{"type":"MultiPolygon","arcs":[[[1246]],[[1247]],[[-1051,-299,-665,-535]]],"properties":{"name":"Capital","gaul_code":4792,"targetarea":35.074846,"totpop":122128.454796,"country_id":"ARG","targetpop":112773.426361,"new_mean":0,"totalarea":184.3155209}},{"type":"MultiPolygon","arcs":[[[1248]],[[1249]],[[1250]],[[1251]],[[1252]],[[1253]],[[1254]],[[1255]],[[1256]],[[1257]],[[1258]]],"properties":{"name":"San Jeronimo","gaul_code":4839,"targetarea":64.5106935,"totpop":86044.0483138,"country_id":"ARG","targetpop":42733.272583,"new_mean":0.0005291,"totalarea":4415.5577279}},{"type":"Polygon","arcs":[[-270,-365,1259,-362,1260,-359,1261,-263,1262]],"properties":{"name":"Capital","gaul_code":4569,"targetarea":470.4031405,"totpop":1361138.80637,"country_id":"ARG","targetpop":1346049.66492,"new_mean":5.1326317e-7,"totalarea":576.7120166}},{"type":"MultiPolygon","arcs":[[[1263]],[[1264]]],"properties":{"name":"Pergamino","gaul_code":4472,"targetarea":71.2748238,"totpop":111264.080372,"country_id":"ARG","targetpop":77742.3026276,"new_mean":0.0007326,"totalarea":3046.3807652}},{"type":"MultiPolygon","arcs":[[[1265]],[[1266]]],"properties":{"name":"Zapala","gaul_code":4751,"targetarea":26.2429949,"totpop":37373.180989,"country_id":"ARG","targetpop":24536.566803,"new_mean":0,"totalarea":5234.1944701}},{"type":"MultiPolygon","arcs":[[[1267]],[[1268]],[[1269,-454]]],"properties":{"name":"San Carlos","gaul_code":4713,"targetarea":24.1472455,"totpop":35272.1939972,"country_id":"ARG","targetpop":15056.9905853,"new_mean":0.000024,"totalarea":11606.0719126}},{"type":"Polygon","arcs":[[1270]],"properties":{"name":"Salavina","gaul_code":4867,"targetarea":4.5005744,"totpop":11914.0313563,"country_id":"ARG","targetpop":3622.1484833,"new_mean":0.0047915,"totalarea":3093.0911977}},{"type":"Polygon","arcs":[[1271]],"properties":{"name":"Famailla","gaul_code":4879,"targetarea":30.1988541,"totpop":38320.2125604,"country_id":"ARG","targetpop":25619.9703369,"new_mean":0.0165522,"totalarea":414.0836809}},{"type":"Polygon","arcs":[[1272]],"properties":{"name":"Rosario De La Frontera","gaul_code":4784,"targetarea":20.602201,"totpop":30149.9601732,"country_id":"ARG","targetpop":16019.607933,"new_mean":0.0141837,"totalarea":5346.6686867}},{"type":"Polygon","arcs":[[1273]],"properties":{"name":"Capital","gaul_code":4684,"targetarea":119.766913,"totpop":227190.656975,"country_id":"ARG","targetpop":194930.955551,"new_mean":0.0084644,"totalarea":13494.7202215}},{"type":"Polygon","arcs":[[-411,1274]],"properties":{"name":"Capital","gaul_code":4663,"targetarea":62.6556702,"totpop":115158.44341,"country_id":"ARG","targetpop":94082.0375519,"new_mean":0,"totalarea":2519.2992636}},{"type":"Polygon","arcs":[[1275]],"properties":{"name":"Roque Perez","gaul_code":4482,"targetarea":11.0241612,"totpop":14600.4887686,"country_id":"ARG","targetpop":6706.4606018,"new_mean":0,"totalarea":1559.9254374}},{"type":"Polygon","arcs":[[1276]],"properties":{"name":"General Las Heras","gaul_code":4428,"targetarea":13.4706177,"totpop":16858.665573,"country_id":"ARG","targetpop":7780.9261627,"new_mean":0,"totalarea":752.4648792}},{"type":"MultiPolygon","arcs":[[[1277]],[[1278,-1094,-710]]],"properties":{"name":"Islas Del Ibicuy","gaul_code":4628,"targetarea":8.1359481,"totpop":16168.6570181,"country_id":"ARG","targetpop":4315.9003754,"new_mean":0,"totalarea":4810.3473588}},{"type":"MultiPolygon","arcs":[[[1279]],[[1280]]],"properties":{"name":"Villaguay","gaul_code":4635,"targetarea":30.8221387,"totpop":51591.9317299,"country_id":"ARG","targetpop":27593.3797264,"new_mean":0,"totalarea":7238.4258948}},{"type":"MultiPolygon","arcs":[[[1281]],[[1282]]],"properties":{"name":"Pehuenches","gaul_code":4748,"targetarea":22.6913484,"totpop":45843.8933357,"country_id":"ARG","targetpop":13047.0312195,"new_mean":0,"totalarea":9179.3294572}},{"type":"MultiPolygon","arcs":[[[1283]],[[1284]],[[1285]],[[1286]],[[1287,-979,-1142,-836]]],"properties":{"name":"Cruz Alta","gaul_code":4878,"targetarea":167.7956176,"totpop":216579.894056,"country_id":"ARG","targetpop":175451.607544,"new_mean":0.0154001,"totalarea":1166.3440917}},{"type":"MultiPolygon","arcs":[[[1288]],[[1289]],[[1290]],[[1291]],[[1292]],[[1293]],[[1294]],[[1295]]],"properties":{"name":"General Jose De San Marti","gaul_code":4773,"targetarea":110.5033414,"totpop":180118.239067,"country_id":"ARG","targetpop":108350.324921,"new_mean":0.0240141,"totalarea":15922.5984382}},{"type":"MultiPolygon","arcs":[[[1296]],[[1297]]],"properties":{"name":"La Paz","gaul_code":4519,"targetarea":12.9854677,"totpop":23260.3482878,"country_id":"ARG","targetpop":9709.6696625,"new_mean":0.0028347,"totalarea":7889.7663699}},{"type":"MultiPolygon","arcs":[[[1298]],[[1299]],[[1300]]],"properties":{"name":"25 De Mayo","gaul_code":4379,"targetarea":22.0492901,"totpop":36889.4794706,"country_id":"ARG","targetpop":17268.740097,"new_mean":0,"totalarea":4749.3971284}},{"type":"MultiPolygon","arcs":[[[1301]],[[1302]],[[1303]]],"properties":{"name":"25 De Mayo","gaul_code":4752,"targetarea":12.3395322,"totpop":19214.0628354,"country_id":"ARG","targetpop":7930.200882,"new_mean":0,"totalarea":27768.7705132}},{"type":"MultiPolygon","arcs":[[[1304]],[[1305]]],"properties":{"name":"Copo","gaul_code":4852,"targetarea":14.3493415,"totpop":36296.4812274,"country_id":"ARG","targetpop":10833.1273041,"new_mean":0.0289722,"totalarea":13518.9655563}},{"type":"MultiPolygon","arcs":[[[1306]],[[1307]]],"properties":{"name":"Cushamen","gaul_code":4552,"targetarea":14.0566456,"totpop":27895.4369858,"country_id":"ARG","targetpop":6769.2242508,"new_mean":0,"totalarea":16112.9642051}},{"type":"MultiPolygon","arcs":[[[1308]],[[1309]],[[1310]],[[1311]]],"properties":{"name":"Monteros","gaul_code":4884,"targetarea":48.0804799,"totpop":68610.457036,"country_id":"ARG","targetpop":39768.4033356,"new_mean":0.0147647,"totalarea":1192.6200933}},{"type":"MultiPolygon","arcs":[[[1312]],[[1313]]],"properties":{"name":"Pehuajo","gaul_code":4470,"targetarea":34.3056234,"totpop":41346.1826727,"country_id":"ARG","targetpop":24319.7801361,"new_mean":0,"totalarea":4516.5184914}},{"type":"MultiPolygon","arcs":[[[1314]],[[1315]],[[1316]],[[1317]],[[1318]],[[1319]]],"properties":{"name":"Patino","gaul_code":4640,"targetarea":32.8636338,"totpop":73487.2125978,"country_id":"ARG","targetpop":17418.9152832,"new_mean":0.0250091,"totalarea":26179.9988486}},{"type":"MultiPolygon","arcs":[[[1320,-433]],[[1321]],[[-419,1322]],[[1323]]],"properties":{"name":"Exaltacion De La Cruz","gaul_code":4419,"targetarea":33.5006902,"totpop":37763.6196246,"country_id":"ARG","targetpop":16627.4358826,"new_mean":0,"totalarea":645.0004479}},{"type":"Polygon","arcs":[[1324]],"properties":{"name":"Poman","gaul_code":4521,"targetarea":6.7929496,"totpop":12008.5579965,"country_id":"ARG","targetpop":3028.6718903,"new_mean":0.0005953,"totalarea":5207.3833828}}]}},"arcs":[[[-63.4099695,-36.4036145],[-63.4273768,-36.3976168],[-63.4361333,-36.4131523],[-63.4166671,-36.417083],[-63.4099695,-36.4036145]],[[-58.5019951,-34.7263374],[-58.5135231,-34.7436829],[-58.5669212,-34.7607574],[-58.5730972,-34.7783928],[-58.5868149,-34.7831078],[-58.5903326,-34.8004871]],[[-58.5903326,-34.8004871],[-58.5750005,-34.792083],[-58.5931254,-34.8030632]],[[-58.5931254,-34.8030632],[-58.6159706,-34.8210754],[-58.6311035,-34.855423],[-58.6405296,-34.8658485],[-58.651226,-34.893158]],[[-58.651226,-34.893158],[-58.6493155,-34.8956235]],[[-58.6493155,-34.8956235],[-58.6416672,-34.892083],[-58.6309639,-34.9193062]],[[-58.6309639,-34.9193062],[-58.6092947,-34.9472704]],[[-58.6092947,-34.9472704],[-58.561882,-34.9260348],[-58.5239832,-34.9048922],[-58.5288579,-34.9298922],[-58.5455246,-34.9442558],[-58.5364751,-34.9567396],[-58.5028813,-34.9177503],[-58.5018068,-34.938835]],[[-58.5018068,-34.938835],[-58.4923401,-34.9307022],[-58.4757042,-34.9434624],[-58.4527473,-34.9266891],[-58.4459991,-34.9364662],[-58.3974075,-34.9120941]],[[-58.3974075,-34.9120941],[-58.4167252,-34.8858261],[-58.4095192,-34.8822403],[-58.4485283,-34.8290977],[-58.4312325,-34.8204422]],[[-58.4312325,-34.8204422],[-58.5019951,-34.7263374]],[[-53.7569829,-26.2805677],[-53.7702967,-26.2955498],[-53.7416672,-26.3004163],[-53.7569829,-26.2805677]],[[-53.6549321,-26.278818],[-53.6200689,-26.2720147],[-53.6049321,-26.2585218],[-53.6265305,-26.243613],[-53.6375005,-26.2277113],[-53.6549321,-26.2454847],[-53.6739181,-26.2729912],[-53.6549321,-26.278818]],[[-53.735812,-26.0444233],[-53.7490158,-26.0485365],[-53.739063,-26.0804863],[-53.7182198,-26.0732117],[-53.735812,-26.0444233]],[[-54.0380376,-25.6873792],[-54.0136154,-25.6685234],[-54.0608322,-25.6492038],[-54.0702967,-25.6699801],[-54.0380376,-25.6873792]],[[-66.1521245,-25.1212578],[-66.1589848,-25.1072197],[-66.1777999,-25.1239027],[-66.1583338,-25.1337497],[-66.1521245,-25.1212578]],[[-62.2834448,-28.8751063],[-62.278158,-28.896095],[-62.2500005,-28.9004163],[-62.2590263,-28.8748868],[-62.2834448,-28.8751063]],[[-58.4597417,-37.1477796],[-58.485466,-37.129819],[-58.5205978,-37.1598727],[-58.4666672,-37.167083],[-58.4597417,-37.1477796]],[[-65.6186143,-22.0978971],[-65.6119064,-22.1209079],[-65.5750005,-22.1254164],[-65.5804367,-22.0923353],[-65.5974045,-22.0983295],[-65.6186143,-22.0978971]],[[-61.3053634,-31.7473076],[-61.3368901,-31.7603773],[-61.3166671,-31.7754163],[-61.3053634,-31.7473076]],[[-61.0888677,-31.7532158],[-61.0750737,-31.7254651],[-61.0832199,-31.7087903],[-61.1055099,-31.719679],[-61.1111333,-31.7631523],[-61.0916671,-31.767083],[-61.0888677,-31.7532158]],[[-61.3723719,-31.5638034],[-61.3870366,-31.5779228],[-61.3666671,-31.5837497],[-61.3723719,-31.5638034]],[[-60.9219324,-31.5738538],[-60.9406906,-31.5637545],[-60.9533289,-31.5954277],[-60.9333338,-31.6004163],[-60.9219324,-31.5738538]],[[-61.0587895,-31.5487236],[-61.0925379,-31.5387545],[-61.0866541,-31.5620944],[-61.0666671,-31.567083],[-61.0587895,-31.5487236]],[[-61.2500005,-31.4504163],[-61.2500005,-31.4254163],[-61.2666671,-31.4254163],[-61.2666671,-31.4504163],[-61.2500005,-31.4504163]],[[-60.9049321,-31.4621513],[-60.8767664,-31.4549248],[-60.9132655,-31.430348],[-60.9332606,-31.4290459],[-60.9554855,-31.4373629],[-60.9447352,-31.4629407],[-60.9083338,-31.467083],[-60.9049321,-31.4621513]],[[-61.0686203,-31.3959079],[-61.0810145,-31.3809502],[-61.0944666,-31.404819],[-61.0750005,-31.4087497],[-61.0686203,-31.3959079]],[[-61.1640386,-31.0471367],[-61.1787033,-31.0612562],[-61.1583338,-31.067083],[-61.1640386,-31.0471367]],[[-60.9640386,-30.85547],[-60.9787033,-30.8695895],[-60.9583338,-30.8754163],[-60.9640386,-30.85547]],[[-61.0473719,-30.68047],[-61.0620366,-30.6945895],[-61.0416671,-30.7004163],[-61.0473719,-30.68047]],[[-62.8666671,-33.5754163],[-62.8666671,-33.5504163],[-62.9000005,-33.5504163],[-62.9000005,-33.5754163],[-62.8666671,-33.5754163]],[[-62.5862541,-33.2065935],[-62.6016199,-33.192734],[-62.6202967,-33.2108004],[-62.5976302,-33.214653],[-62.5862541,-33.2065935]],[[-62.7604578,-33.1712578],[-62.7673182,-33.1572197],[-62.7861333,-33.1739026],[-62.7666671,-33.1837496],[-62.7604578,-33.1712578]],[[-62.8396326,-33.138193],[-62.8705978,-33.1486748],[-62.8500005,-33.167083],[-62.8396326,-33.138193]],[[-63.0403162,-33.113901],[-63.05363,-33.1288831],[-63.0250005,-33.1337496],[-63.0403162,-33.113901]],[[-62.6585291,-32.8810397],[-62.6817062,-32.8650322],[-62.6950688,-32.8931247],[-62.6666671,-32.9004163],[-62.6585291,-32.8810397]],[[-62.8500005,-32.8504163],[-62.8500005,-32.8337497],[-62.8750005,-32.8337497],[-62.8750005,-32.8504163],[-62.8500005,-32.8504163]],[[-62.4636968,-32.6139743],[-62.4952235,-32.6270439],[-62.4750005,-32.642083],[-62.4636968,-32.6139743]],[[-62.6799321,-32.6454847],[-62.6700688,-32.6386813],[-62.6632654,-32.6055433],[-62.6969813,-32.5970146],[-62.7200688,-32.6409925],[-62.6833338,-32.6504163],[-62.6799321,-32.6454847]],[[-62.8250005,-32.6004163],[-62.8250005,-32.5754163],[-62.8416671,-32.5754163],[-62.8416671,-32.6004163],[-62.8250005,-32.6004163]],[[-62.9646326,-32.5298597],[-62.9955978,-32.5403414],[-62.9750005,-32.5587497],[-62.9646326,-32.5298597]],[[-62.3006937,-32.3754163],[-62.3000005,-32.3719642],[-62.3000005,-32.3587497],[-62.3250005,-32.3587497],[-62.3250005,-32.3754163],[-62.3006937,-32.3754163]],[[-62.6473719,-32.2971367],[-62.6620366,-32.3112562],[-62.6416671,-32.317083],[-62.6473719,-32.2971367]],[[-59.9144943,-30.5709486],[-59.9455246,-30.5642835],[-59.9528,-30.5885755],[-59.9250005,-30.592083],[-59.9144943,-30.5709486]],[[-59.8223719,-29.8971367],[-59.8370366,-29.9112562],[-59.8166671,-29.917083],[-59.8223719,-29.8971367]],[[-59.7336268,-29.4998711],[-59.7587489,-29.4890557],[-59.7696945,-29.5025973],[-59.7416671,-29.517083],[-59.7336268,-29.4998711]],[[-57.8774093,-28.3871921],[-57.90905,-28.3764092],[-57.9030116,-28.3957777],[-57.8833338,-28.4004163],[-57.8774093,-28.3871921]],[[-58.1014328,-28.2603366],[-58.1364507,-28.2473157],[-58.1447677,-28.271681],[-58.1083338,-28.2754163],[-58.1014328,-28.2603366]],[[-57.7951909,-36.0823987],[-57.8123703,-36.0726901],[-57.8193934,-36.0970227],[-57.7916672,-36.1004163],[-57.7951909,-36.0823987]],[[-63.9352869,-30.3542412],[-63.9476811,-30.3392835],[-63.9611333,-30.3631523],[-63.9416671,-30.367083],[-63.9352869,-30.3542412]],[[-65.247966,-27.1215264],[-65.2789311,-27.1320081],[-65.2583338,-27.1504163],[-65.247966,-27.1215264]],[[-65.2150721,-27.0637708],[-65.2385177,-27.0519137],[-65.2444666,-27.0739027],[-65.2250005,-27.0837497],[-65.2150721,-27.0637708]],[[-64.9294582,-27.0413748],[-64.9361333,-27.0631523],[-64.9166671,-27.067083],[-64.9088058,-27.0512627],[-64.9238914,-27.0422322],[-64.9294582,-27.0413748]],[[-65.28016,-27.021152],[-65.3078292,-27.0051201],[-65.3202967,-27.0424411],[-65.2916671,-27.0504163],[-65.28016,-27.021152]],[[-71.0718673,-39.9709078],[-71.0617355,-39.9553479],[-71.0611414,-39.9220146],[-71.0913334,-39.9416679],[-71.0718673,-39.9709078]],[[-57.5754725,-27.9929294],[-57.5954839,-27.9809502],[-57.6028,-28.004819],[-57.5833338,-28.0087497],[-57.5754725,-27.9929294]],[[-60.5995285,-33.2971774],[-60.6202967,-33.3205498],[-60.5916671,-33.3254163],[-60.5995285,-33.2971774]],[[-60.6937912,-33.2629245],[-60.7006515,-33.2488864],[-60.7194666,-33.2655693],[-60.7000005,-33.2754163],[-60.6937912,-33.2629245]],[[-60.76141,-33.2343681],[-60.7778,-33.2489026],[-60.7583338,-33.2587496],[-60.76141,-33.2343681]],[[-60.8177414,-33.2493421],[-60.7968999,-33.2332614],[-60.8379155,-33.2217868],[-60.85363,-33.2507744],[-60.8250005,-33.2587496],[-60.8177414,-33.2493421]],[[-60.7083338,-33.192083],[-60.7083338,-33.1754163],[-60.7416671,-33.1754163],[-60.7416671,-33.192083],[-60.7083338,-33.192083]],[[-60.4833338,-33.1754163],[-60.497201,-33.1948825],[-60.4661707,-33.2088961],[-60.447201,-33.1978121],[-60.4583338,-33.1754163],[-60.4833338,-33.1754163]],[[-60.6640386,-33.1638034],[-60.6787033,-33.1779228],[-60.6583338,-33.1837496],[-60.6640386,-33.1638034]],[[-60.8854578,-33.1712578],[-60.8923182,-33.1572197],[-60.9111333,-33.1739026],[-60.8916671,-33.1837496],[-60.8854578,-33.1712578]],[[-60.6994145,-33.1224215],[-60.7174403,-33.1136813],[-60.7284022,-33.1535983],[-60.7083338,-33.1587496],[-60.6994145,-33.1224215]],[[-60.7865076,-33.1389092],[-60.78016,-33.0898857],[-60.8001551,-33.0805758],[-60.8190353,-33.1359795],[-60.7916671,-33.1504163],[-60.7865076,-33.1389092]],[[-60.8980348,-33.0209077],[-60.8934087,-33.0303805],[-60.8666671,-33.0337497],[-60.8556564,-33.011598],[-60.8950308,-33.0112241],[-60.8980348,-33.0209077]],[[-60.4833338,-33.1754163],[-60.4794764,-33.150929],[-60.5293299,-33.1047457],[-60.5456711,-33.0794202],[-60.5621424,-33.0641614],[-60.5706711,-33.0460869],[-60.6006182,-33.005933],[-60.6090285,-32.9843353],[-60.6265467,-32.9393486],[-60.6724858,-32.9096855],[-60.6739932,-32.9049244],[-60.6796832,-32.886952],[-60.6958479,-32.8358945]],[[-60.6958479,-32.8358945],[-60.7449935,-32.8368381]],[[-60.7449935,-32.8368381],[-60.7469406,-32.841082],[-60.8122645,-32.8371839],[-60.8044031,-32.8631523],[-60.7639002,-32.8885755],[-60.8079188,-32.8859551],[-60.8428539,-32.8937012]],[[-60.8428539,-32.8937012],[-60.8790416,-32.9604307]],[[-60.8790416,-32.9604307],[-60.8542485,-32.9458427],[-60.8352137,-32.9561862],[-60.787175,-32.9533216],[-60.7868006,-32.9871758],[-60.8289311,-33.0079603],[-60.8210698,-33.0131523],[-60.7789311,-33.0210136],[-60.7565923,-33.0460136],[-60.7388839,-33.0333509],[-60.7271326,-33.0077324],[-60.6962326,-33.0353366],[-60.6946212,-33.0624362],[-60.7297938,-33.0879651],[-60.7009363,-33.1087008],[-60.6788579,-33.0889661],[-60.6813888,-33.0464857],[-60.6531743,-33.0670504],[-60.654867,-33.0955091],[-60.6037765,-33.1153008],[-60.5707768,-33.1383558],[-60.5557052,-33.1214857],[-60.529924,-33.1324801],[-60.556869,-33.1565524],[-60.5294031,-33.1714857],[-60.4833338,-33.1754163]],[[-60.5750005,-33.1087496],[-60.6028,-33.1052422],[-60.5838872,-33.0911797],[-60.5750005,-33.1087496]],[[-63.9492197,-31.3585087],[-63.9210698,-31.3447116],[-63.9412114,-31.3267103],[-63.9599764,-31.3369088]],[[-63.9599764,-31.3369088],[-63.9619713,-31.3569603],[-63.9492197,-31.3585087]],[[-63.6124272,-31.3226738],[-63.6407557,-31.3138278],[-63.6338465,-31.3384209],[-63.6000005,-31.342083],[-63.6124272,-31.3226738]],[[-63.7557052,-31.2888034],[-63.7703699,-31.3029228],[-63.7500005,-31.3087497],[-63.7557052,-31.2888034]],[[-63.3947921,-31.1415296],[-63.4193934,-31.145737],[-63.4099858,-31.1635023],[-63.3916671,-31.167083],[-63.3947921,-31.1415296]],[[-62.9849695,-30.8869479],[-63.0023768,-30.8809502],[-63.0111333,-30.8964857],[-62.9916671,-30.9004163],[-62.9849695,-30.8869479]],[[-63.2478276,-30.8804782],[-63.2705978,-30.8914808],[-63.2416671,-30.9004163],[-63.2478276,-30.8804782]],[[-63.1140386,-30.88047],[-63.1287033,-30.8945895],[-63.1083338,-30.9004163],[-63.1140386,-30.88047]],[[-63.400383,-30.774334],[-63.4281743,-30.7798597],[-63.4083338,-30.792083],[-63.400383,-30.774334]],[[-68.8724777,-33.2031263],[-68.8958745,-33.1892103],[-68.9028732,-33.2213392],[-68.8833338,-33.2254163],[-68.8724777,-33.2031263]],[[-68.871908,-33.1219902],[-68.8978764,-33.1051933],[-68.8943771,-33.1421969],[-68.8833338,-33.1504163],[-68.871908,-33.1219902]],[[-68.8229275,-33.0547467],[-68.857811,-33.0317879],[-68.8483276,-33.0115852],[-68.8354797,-33.0132713],[-68.8088379,-32.9603996],[-68.8224258,-32.9574432]],[[-68.8224258,-32.9574432],[-68.8780899,-32.9561996]],[[-68.8780899,-32.9561996],[-68.8783722,-32.9668694],[-68.9075317,-32.9966278],[-68.9437034,-33.0153283]],[[-68.9437034,-33.0153283],[-68.946143,-33.0292737],[-68.9658624,-33.0234027],[-69.0008181,-33.0398582],[-69.0092127,-33.0563896],[-68.9872319,-33.0819023],[-68.9458338,-33.078582],[-68.9028162,-33.0791435],[-68.8811609,-33.1042737],[-68.8705245,-33.0965589],[-68.8537195,-33.0522718],[-68.8229275,-33.0547467]],[[-54.9593836,-27.2178317],[-54.9679937,-27.1927503],[-54.9947678,-27.195916],[-54.9856369,-27.2225029],[-54.9666672,-27.2337497],[-54.9593836,-27.2178317]],[[-54.8558599,-27.0881198],[-54.9031336,-27.080348],[-54.9117355,-27.1129082],[-54.8750005,-27.117083],[-54.8558599,-27.0881198]],[[-54.8146327,-27.0715264],[-54.8455978,-27.0820081],[-54.8250005,-27.1004163],[-54.8146327,-27.0715264]],[[-54.6567388,-27.0304375],[-54.672201,-27.0226169],[-54.6802739,-27.0066582],[-54.7028,-27.0194837],[-54.6890711,-27.0475924],[-54.6666672,-27.0504163],[-54.6567388,-27.0304375]],[[-66.9203699,-39.1124524],[-66.9393641,-39.0972506],[-66.9620366,-39.1197441],[-66.9166671,-39.1254163],[-66.9203699,-39.1124524]],[[-67.0697107,-39.1188082],[-67.029631,-39.0979098],[-67.095671,-39.0790296],[-67.1287033,-39.0840996],[-67.1077723,-39.1197115],[-67.0750005,-39.1254163],[-67.0697107,-39.1188082]],[[-67.1569829,-39.063901],[-67.1702967,-39.0788831],[-67.1416671,-39.0837496],[-67.1569829,-39.063901]],[[-67.2916671,-39.0754163],[-67.2916671,-39.0587496],[-67.3166671,-39.0587496],[-67.3166671,-39.0754163],[-67.2916671,-39.0754163]],[[-67.2192225,-39.0690524],[-67.2388676,-39.0551201],[-67.2619633,-39.0774671],[-67.2250005,-39.0837496],[-67.2192225,-39.0690524]],[[-67.375269,-39.0505302],[-67.3974939,-39.0392102],[-67.4112065,-39.0634615],[-67.3833338,-39.067083],[-67.375269,-39.0505302]],[[-67.5833338,-39.0837496],[-67.5702967,-39.0801201],[-67.5630376,-39.0623792],[-67.5225753,-39.0538424],[-67.5169275,-39.0156425],[-67.5875005,-38.9922294],[-67.65363,-39.0144056],[-67.637533,-39.0564384],[-67.5967615,-39.0504082],[-67.5833338,-39.0837496]],[[-67.8798372,-39.0139252],[-67.8166671,-39.017083],[-67.8134933,-39.0035901],[-67.7920496,-38.9771171],[-67.8164718,-38.9620699],[-67.8615076,-38.9601738],[-67.8510747,-38.9936861],[-67.88016,-39.0035901],[-67.8847868,-39.0108803],[-67.8798372,-39.0139252]],[[-68.0526111,-38.916732],[-68.0396652,-38.9391136],[-68.0167923,-38.9557037],[-68.0218735,-38.9810524]],[[-68.0218735,-38.9810524],[-68.0153266,-38.9848686]],[[-68.0153266,-38.9848686],[-68.0000004,-38.967083],[-67.9539067,-38.9625501],[-67.9461023,-38.9716077],[-67.9018641,-38.9707288],[-67.904631,-38.9362806],[-67.9339116,-38.9386324],[-67.9484054,-38.9061536],[-68.0188237,-38.8965589],[-68.0289474,-38.9301852],[-68.0526111,-38.916732]],[[-68.0884819,-38.8368858],[-68.043547,-38.8542737],[-68.0294764,-38.837192],[-68.077157,-38.7882255],[-68.0874842,-38.8225273],[-68.1023076,-38.8170836]],[[-68.1023076,-38.8170836],[-68.0884819,-38.8368858]],[[-68.0850509,-38.7537692],[-68.1051437,-38.7435966],[-68.1111333,-38.7631523],[-68.0916671,-38.767083],[-68.0850509,-38.7537692]],[[-68.1501308,-38.7338648],[-68.1410079,-38.7254163],[-68.1623377,-38.7044202],[-68.1723152,-38.722928]],[[-68.1723152,-38.722928],[-68.1501308,-38.7338648]],[[-68.2043868,-38.6728854],[-68.2276209,-38.6639824],[-68.2195073,-38.6876233],[-68.2043868,-38.6728854]],[[-67.7649663,-37.8681816],[-67.7970545,-37.8470146],[-67.8256189,-37.8883883],[-67.7750004,-37.892083],[-67.7649663,-37.8681816]],[[-64.3804448,-33.901694],[-64.4140385,-33.9066582],[-64.4106857,-33.9293877],[-64.3750005,-33.9337496],[-64.3804448,-33.901694]],[[-64.0068392,-33.640744],[-63.9966802,-33.6316663],[-64.0237798,-33.6131523],[-64.0372645,-33.6320081],[-64.0268914,-33.6412787],[-64.0068392,-33.640744]],[[-64.5873051,-33.6056979],[-64.6159022,-33.6155123],[-64.6109868,-33.6298353],[-64.5833338,-33.6337496],[-64.5873051,-33.6056979]],[[-64.300383,-33.4910006],[-64.3281743,-33.4965263],[-64.3083338,-33.5087496],[-64.300383,-33.4910006]],[[-64.7131108,-33.3956393],[-64.6970138,-33.3836601],[-64.7344243,-33.37186],[-64.7452234,-33.3926771],[-64.7131108,-33.3956393]],[[-63.9754562,-33.2636325],[-63.9872645,-33.285719],[-63.9666671,-33.292083],[-63.9754562,-33.2636325]],[[-64.4146326,-33.1962252],[-64.4396733,-33.1892835],[-64.4527999,-33.2135755],[-64.4250005,-33.217083],[-64.4146326,-33.1962252]],[[-64.9819096,-33.1724622],[-64.995313,-33.1642835],[-65.0027999,-33.1864515],[-64.9916671,-33.192083],[-64.9819096,-33.1724622]],[[-64.3256434,-33.0778089],[-64.337297,-33.0615491],[-64.3618169,-33.0802666],[-64.4048507,-33.1038994],[-64.4118169,-33.1169528],[-64.3951502,-33.1288994],[-64.3856857,-33.1760918],[-64.3710372,-33.168735],[-64.3362391,-33.1685316],[-64.2912928,-33.1399915],[-64.3107427,-33.1260511],[-64.2784835,-33.1135999],[-64.2715174,-33.0756035],[-64.3041671,-33.0820569],[-64.3256434,-33.0778089]],[[-64.0256054,-32.9254163],[-64.0186176,-32.9004163],[-64.0333338,-32.9004163],[-64.0256054,-32.9254163]],[[-64.3557052,-32.8388034],[-64.3703699,-32.8529228],[-64.3500005,-32.8587497],[-64.3557052,-32.8388034]],[[-64.3283289,-32.7429863],[-64.353101,-32.745916],[-64.3445073,-32.7709567],[-64.3250005,-32.7754163],[-64.3283289,-32.7429863]],[[-64.7144943,-32.6804782],[-64.7372645,-32.6914808],[-64.7083338,-32.7004163],[-64.7144943,-32.6804782]],[[-64.3779953,-32.5710462],[-64.3893966,-32.555348],[-64.4117355,-32.576458],[-64.3833338,-32.5837497],[-64.3779953,-32.5710462]],[[-64.3786463,-32.4349948],[-64.4019861,-32.4402275],[-64.4117355,-32.4576592],[-64.3750005,-32.467083],[-64.3786463,-32.4349948]],[[-62.9547609,-40.8184964],[-62.9536789,-40.7880628],[-62.9633305,-40.7791191],[-62.9953862,-40.7791028],[-63.0214827,-40.7929145]],[[-63.0214827,-40.7929145],[-63.0030518,-40.7950134],[-62.9547609,-40.8184964]],[[-62.6083338,-40.192083],[-62.6083338,-40.1754163],[-62.6333338,-40.1754163],[-62.6333338,-40.192083],[-62.6083338,-40.192083]],[[-62.6161951,-39.8971774],[-62.6369634,-39.9205498],[-62.6083338,-39.9254163],[-62.6161951,-39.8971774]],[[-68.6362456,-31.5004156],[-68.650293,-31.476269]],[[-68.650293,-31.476269],[-68.6499252,-31.4769707]],[[-68.6499252,-31.4769707],[-68.6362456,-31.5004156]],[[-60.1921163,-26.889437],[-60.1977137,-26.8564629],[-60.2283289,-26.8439385],[-60.2494552,-26.8713066],[-60.2283452,-26.887599],[-60.1932141,-26.8918939],[-60.1921163,-26.889437]],[[-58.7367325,-34.4616508],[-58.7705231,-34.4824448],[-58.8183212,-34.4219933],[-58.8227921,-34.4289207],[-58.8215065,-34.4614029],[-58.8117943,-34.4917603],[-58.8234787,-34.5133934]],[[-58.8234787,-34.5133934],[-58.7774315,-34.5630951],[-58.7143631,-34.6104889]],[[-58.7143631,-34.6104889],[-58.6589127,-34.5712776],[-58.6467018,-34.5679512]],[[-58.6467018,-34.5679512],[-58.6193237,-34.551899]],[[-58.6193237,-34.551899],[-58.6080322,-34.5402374]],[[-58.6080322,-34.5402374],[-58.6787224,-34.4800415],[-58.7064323,-34.4454117]],[[-58.7064323,-34.4454117],[-58.7367325,-34.4616508]],[[-64.2083338,-27.8837497],[-64.1933153,-27.8953777],[-64.1929709,-27.8870567],[-64.2083338,-27.8837497]],[[-64.2083338,-27.8837497],[-64.2051066,-27.8695419]],[[-64.2051066,-27.8695419],[-64.2076035,-27.8510513],[-64.2267075,-27.8152657]],[[-64.2267075,-27.8152657],[-64.2383194,-27.81003],[-64.2818832,-27.7671757],[-64.3182202,-27.7440165]],[[-64.3182202,-27.7440165],[-64.3533452,-27.7747734],[-64.3142257,-27.7699069],[-64.3119552,-27.7881523],[-64.324504,-27.8208021],[-64.2944503,-27.8448662],[-64.279631,-27.8633802],[-64.2570317,-27.8729017],[-64.237354,-27.8974622],[-64.2283371,-27.8760592],[-64.2083338,-27.8837497]],[[-61.6990646,-36.2950045],[-61.72273,-36.2803479],[-61.7367355,-36.3097913],[-61.7083338,-36.317083],[-61.6990646,-36.2950045]],[[-58.073149,-34.8287211],[-58.1200444,-34.7906995],[-58.1293543,-34.7698174],[-58.1992371,-34.7412296]],[[-58.1992371,-34.7412296],[-58.2684479,-34.7772675]],[[-58.2684479,-34.7772675],[-58.2537346,-34.7939644],[-58.2264748,-34.8098564],[-58.2031822,-34.816082],[-58.1962471,-34.8245316],[-58.1811523,-34.8690186],[-58.2476463,-34.9263954],[-58.2359884,-34.9355305]],[[-58.2359884,-34.9355305],[-58.22238,-34.9050387],[-58.2122319,-34.9042249],[-58.1928252,-34.9299015]],[[-58.1928252,-34.9299015],[-58.1493721,-34.8903618],[-58.0853577,-34.8387947]],[[-58.0853577,-34.8387947],[-58.073149,-34.8287211]],[[-61.1019617,-33.5459323],[-61.1200932,-33.5231133],[-61.1428716,-33.5342379],[-61.1262863,-33.5551282],[-61.1083338,-33.5587496],[-61.1019617,-33.5459323]],[[-60.942367,-33.4850599],[-60.9613286,-33.4726168],[-60.9694666,-33.4905693],[-60.9500005,-33.5004163],[-60.942367,-33.4850599]],[[-61.3140386,-33.4471367],[-61.3287033,-33.4612562],[-61.3083338,-33.467083],[-61.3140386,-33.4471367]],[[-60.7797775,-33.4456393],[-60.7631108,-33.433237],[-60.7820561,-33.42186],[-60.8035568,-33.4449313],[-60.7797775,-33.4456393]],[[-60.8172205,-33.299513],[-60.8361333,-33.3135755],[-60.8083338,-33.317083],[-60.8172205,-33.299513]],[[-60.2750005,-33.2754163],[-60.2715541,-33.2934887]],[[-60.2715541,-33.2934887],[-60.2656623,-33.2809071]],[[-60.2656623,-33.2809071],[-60.2750005,-33.2754163]],[[-60.365064,-33.2554293],[-60.4048019,-33.2354668],[-60.3888677,-33.2726168],[-60.3750005,-33.2754163],[-60.365064,-33.2554293]],[[-60.2750005,-33.2754163],[-60.27863,-33.2540459],[-60.3047043,-33.2384534],[-60.3349067,-33.2094358],[-60.3444501,-33.2130031],[-60.3619634,-33.2404066],[-60.32863,-33.2540459],[-60.3003423,-33.2711113],[-60.2750005,-33.2754163]],[[-67.5521163,-28.0608656],[-67.572323,-28.040431],[-67.5771163,-28.0729017],[-67.5500005,-28.0754163],[-67.5521163,-28.0608656]],[[-67.6161951,-27.6721774],[-67.6369633,-27.6955498],[-67.6083338,-27.7004163],[-67.6161951,-27.6721774]],[[-64.2583338,-35.0504163],[-64.2399744,-35.0582939],[-64.2300053,-35.0245455],[-64.2655929,-35.0335136],[-64.2583338,-35.0504163]],[[-70.3480473,-38.521388],[-70.3704838,-38.5142835],[-70.3777999,-38.5381523],[-70.3583338,-38.542083],[-70.3480473,-38.521388]],[[-61.8358925,-23.8987783],[-61.8413172,-23.877638],[-61.861296,-23.8821139],[-61.8700688,-23.9045749],[-61.8357013,-23.9084806],[-61.8358925,-23.8987783]],[[-55.4723719,-27.4721367],[-55.4870366,-27.4862562],[-55.4666672,-27.492083],[-55.4723719,-27.4721367]],[[-55.7968619,-27.4722225],[-55.8032105,-27.457953]],[[-55.8032105,-27.457953],[-55.8097281,-27.4704591]],[[-55.8097281,-27.4704591],[-55.8088594,-27.4735477]],[[-55.8088594,-27.4735477],[-55.7968619,-27.4722225]],[[-55.7382175,-27.4465002],[-55.7589413,-27.447698],[-55.7752202,-27.4774671],[-55.7250005,-27.4837497],[-55.7287033,-27.4541191],[-55.7382175,-27.4465002]],[[-55.5701909,-27.3657321],[-55.5873703,-27.3560234],[-55.5943934,-27.3803561],[-55.5666672,-27.3837497],[-55.5701909,-27.3657321]],[[-63.4087895,-27.932057],[-63.4425379,-27.9220879],[-63.4366541,-27.9454277],[-63.4166671,-27.9504163],[-63.4087895,-27.932057]],[[-65.7262311,-28.4204351],[-65.7945073,-28.4194837],[-65.8272466,-28.4548271],[-65.8454269,-28.4541029],[-65.8623377,-28.4636894],[-65.8290044,-28.4794202],[-65.8123296,-28.5211113],[-65.8132031,-28.5430448],[-65.8079487,-28.5452596],[-65.7931812,-28.5499368],[-65.7841293,-28.5324966],[-65.7795926,-28.5217114]],[[-65.7795926,-28.5217114],[-65.7651978,-28.4883194],[-65.7439194,-28.4710655],[-65.7355652,-28.4577599],[-65.7272034,-28.4257393]],[[-65.7272034,-28.4257393],[-65.7262311,-28.4204351]],[[-59.1720464,-29.1335462],[-59.2031743,-29.1465264],[-59.1833338,-29.1587497],[-59.1720464,-29.1335462]],[[-59.2548507,-29.1788994],[-59.2337977,-29.1638034],[-59.2215174,-29.1056409],[-59.2631027,-29.1138603],[-59.2917648,-29.1538424],[-59.2867599,-29.1791517],[-59.2548507,-29.1788994]],[[-56.9152827,-37.14485],[-56.9036056,-37.1542086],[-56.9057541,-37.1715182],[-56.8888441,-37.1744583],[-56.8787033,-37.1592298],[-56.8154383,-37.0801201],[-56.8570236,-37.0717135],[-56.879254,-37.0954937]],[[-56.879254,-37.0954937],[-56.886795,-37.1099052],[-56.9152827,-37.14485]],[[-65.1452261,-31.9263969],[-65.1625005,-31.9313001],[-65.1833338,-31.9227145],[-65.2041671,-31.9313001],[-65.2166671,-31.9261487],[-65.2290372,-31.9407277]],[[-65.2290372,-31.9407277],[-65.1617889,-31.9379559],[-65.1452261,-31.9263969]],[[-64.9886967,-31.7806409],[-65.0202234,-31.7937106],[-65.0000005,-31.8087497],[-64.9886967,-31.7806409]],[[-64.9976811,-31.759417],[-64.9850509,-31.7142428],[-65.007105,-31.6959241],[-65.037118,-31.6955661],[-65.0046961,-31.7715915],[-64.9976811,-31.759417]],[[-56.6732216,-36.7592354],[-56.6707687,-36.7204475],[-56.6778145,-36.6730766],[-56.6780591,-36.6303039],[-56.6840249,-36.5307912],[-56.6900787,-36.5222282],[-56.6878959,-36.4704428],[-56.7184168,-36.4716484],[-56.7039312,-36.5129651],[-56.7229985,-36.5406751],[-56.7123296,-36.5711194],[-56.7037196,-36.6224703],[-56.7043381,-36.6380465],[-56.6946701,-36.6656263],[-56.7043625,-36.7213066],[-56.6856532,-36.7777356],[-56.6732216,-36.7592354]],[[-56.698318,-36.4130773],[-56.7047539,-36.3875809],[-56.7191734,-36.3565483],[-56.7367355,-36.353818],[-56.7299321,-36.3886813],[-56.698318,-36.4130773]],[[-68.5609133,-33.0284352],[-68.5670166,-33.0374298]],[[-68.5670166,-33.0374298],[-68.575373,-33.0619441]],[[-68.575373,-33.0619441],[-68.5665987,-33.0746544],[-68.5567687,-33.0746364],[-68.533643,-33.0694511],[-68.5200688,-33.078818],[-68.5144328,-33.1007872]],[[-68.5144328,-33.1007872],[-68.4944687,-33.0799179],[-68.4446335,-33.0926971],[-68.4438497,-33.0998455]],[[-68.4438497,-33.0998455],[-68.4360361,-33.09997],[-68.4314563,-33.1022802],[-68.4206435,-33.1085132]],[[-68.4206435,-33.1085132],[-68.3970512,-33.1221129]],[[-68.3970512,-33.1221129],[-68.378809,-33.1130954],[-68.3890385,-33.079819],[-68.4072189,-33.100164],[-68.4205978,-33.0710136],[-68.4370447,-33.0563245],[-68.4490239,-33.0302259],[-68.4798019,-33.0469577],[-68.4974777,-33.0458997],[-68.5122889,-33.0293226],[-68.5609133,-33.0284352]],[[-68.3890385,-33.00547],[-68.4037032,-33.0195895],[-68.3833338,-33.0254163],[-68.3890385,-33.00547]],[[-68.4516362,-32.9786146],[-68.4690434,-32.9726168],[-68.4777999,-32.9881523],[-68.4583338,-32.992083],[-68.4516362,-32.9786146]],[[-68.3390385,-32.7471367],[-68.3537032,-32.7612562],[-68.3333338,-32.767083],[-68.3390385,-32.7471367]],[[-59.3879282,-26.2971104],[-59.3556342,-26.3327126]],[[-59.3556342,-26.3327126],[-59.3428634,-26.3161716],[-59.3583338,-26.292083],[-59.3879282,-26.2971104]],[[-59.3480474,-26.1797214],[-59.3704839,-26.1726169],[-59.3778,-26.1964857],[-59.3583338,-26.2004163],[-59.3480474,-26.1797214]],[[-59.0864832,-25.7382907],[-59.0901291,-25.7220309],[-59.116895,-25.7136813],[-59.1309657,-25.7340589],[-59.1263595,-25.7545912],[-59.1000005,-25.7587497],[-59.0864832,-25.7382907]],[[-59.3235763,-25.5557956],[-59.3369796,-25.5476169],[-59.3444666,-25.5697848],[-59.3333338,-25.5754163],[-59.3235763,-25.5557956]],[[-65.0345078,-42.7324066],[-65.0186694,-42.7146462],[-65.0478032,-42.7029309],[-65.0749109,-42.7393648],[-65.1281824,-42.7301933],[-65.1064132,-42.757122],[-65.07509,-42.7517265],[-65.0827234,-42.7960624],[-65.0535568,-42.8039726],[-65.0464441,-42.82186],[-65.0166671,-42.8254163],[-65.0220789,-42.8025159],[-64.9880754,-42.7890008],[-65.0255203,-42.783226],[-65.0380859,-42.7636642],[-65.0345078,-42.7324066]],[[-64.5240957,-31.4893248],[-64.510994,-31.4407063],[-64.4940796,-31.4111843],[-64.4458533,-31.3791534]],[[-64.4458533,-31.3791534],[-64.4876469,-31.3967542],[-64.5055099,-31.3790052],[-64.4916671,-31.367083],[-64.4810389,-31.3547458],[-64.4538579,-31.3465589],[-64.4437423,-31.3348157],[-64.4481775,-31.279583],[-64.4464035,-31.21832],[-64.4834966,-31.2048922],[-64.4732833,-31.3320163],[-64.5170984,-31.3515719],[-64.5877446,-31.3458916],[-64.6038579,-31.3565768],[-64.5851079,-31.3727308],[-64.5479822,-31.3697523],[-64.521143,-31.3827324],[-64.541187,-31.4186536],[-64.5288579,-31.4292737],[-64.521143,-31.448626],[-64.5798833,-31.4748385],[-64.5786463,-31.4902194],[-64.5240957,-31.4893248]],[[-64.4750005,-31.1504163],[-64.4550216,-31.0964368],[-64.4797775,-31.0635267],[-64.4868901,-31.037306],[-64.5042078,-31.0244235],[-64.5118901,-31.0853773],[-64.4952234,-31.112306],[-64.4822107,-31.1450534],[-64.4750005,-31.1504163]],[[-64.4962977,-30.9957858],[-64.471965,-30.98554],[-64.4946131,-30.9633802],[-64.5120366,-30.9907728],[-64.4962977,-30.9957858]],[[-64.5069829,-30.913901],[-64.5202967,-30.9288831],[-64.4916671,-30.9337497],[-64.5069829,-30.913901]],[[-64.5061609,-30.8542819],[-64.5371912,-30.8476168],[-64.5444666,-30.8719088],[-64.5166671,-30.8754163],[-64.5061609,-30.8542819]],[[-63.5833338,-35.2504163],[-63.5833338,-35.2254163],[-63.6083338,-35.2254163],[-63.6083338,-35.2504163],[-63.5833338,-35.2504163]],[[-60.7833338,-37.5587496],[-60.7833338,-37.5337496],[-60.8166671,-37.5337496],[-60.8166671,-37.5587496],[-60.7833338,-37.5587496]],[[-63.8666671,-27.9337497],[-63.8816981,-27.9037773],[-63.9083338,-27.9004163],[-63.9045415,-27.9430514],[-63.8666671,-27.9337497]],[[-63.9607345,-27.8679375],[-63.9810633,-27.855348],[-63.9950688,-27.8847913],[-63.9666671,-27.892083],[-63.9607345,-27.8679375]],[[-64.0470301,-27.8139743],[-64.0785568,-27.8270439],[-64.0583338,-27.842083],[-64.0470301,-27.8139743]],[[-64.2051066,-27.8695419],[-64.196729,-27.8326592],[-64.2108769,-27.8085863]],[[-64.2108769,-27.8085863],[-64.2267075,-27.8152657]],[[-63.8500005,-27.7337497],[-63.8440728,-27.7408347],[-63.8443015,-27.7353525],[-63.8500005,-27.7337497]],[[-63.8500005,-27.7337497],[-63.8543869,-27.7145521],[-63.8776209,-27.7056491],[-63.8695073,-27.72929],[-63.8500005,-27.7337497]],[[-65.2340337,-27.6433932],[-65.2529953,-27.6309502],[-65.2611333,-27.6489027],[-65.2416671,-27.6587497],[-65.2340337,-27.6433932]],[[-68.8780899,-32.9561996],[-68.8963244,-32.9559749]],[[-68.8963244,-32.9559749],[-68.9076502,-32.9790622],[-68.9621912,-32.9890149],[-68.9437034,-33.0153283]],[[-68.7240394,-32.8211716],[-68.735824,-32.8221204],[-68.7526534,-32.8076103],[-68.7294764,-32.7660657],[-68.7476892,-32.771388],[-68.7681238,-32.7951103],[-68.8043624,-32.8050306],[-68.8260177,-32.7798922],[-68.8461919,-32.7876233],[-68.8443527,-32.8105237],[-68.8538579,-32.8215589],[-68.8805587,-32.8295993],[-68.9322903,-32.8594216]],[[-68.9322903,-32.8594216],[-68.82621,-32.8609619],[-68.8170395,-32.8728676]],[[-68.8170395,-32.8728676],[-68.8000641,-32.8630371],[-68.7296524,-32.8335304]],[[-68.7296524,-32.8335304],[-68.7240394,-32.8211716]],[[-69.3666671,-32.592083],[-69.3524907,-32.6088799],[-69.3267013,-32.6030937],[-69.3345545,-32.5680677],[-69.3666671,-32.592083]],[[-58.2718267,-25.3702568],[-58.255217,-25.3600273],[-58.284286,-25.3472425],[-58.294841,-25.363193],[-58.2718267,-25.3702568]],[[-57.6965523,-25.2819576],[-57.7227211,-25.2668591],[-57.7375005,-25.2527357],[-57.7452967,-25.2717868],[-57.7697189,-25.2906426],[-57.7356532,-25.304583],[-57.7381922,-25.3217705],[-57.7000005,-25.3254163],[-57.6952967,-25.3051201],[-57.6965523,-25.2819576]],[[-58.1127202,-25.2145521],[-58.1359543,-25.2056491],[-58.1278407,-25.22929],[-58.1083338,-25.2337497],[-58.1127202,-25.2145521]],[[-58.2287765,-25.1230238],[-58.2521245,-25.1140557],[-58.2613612,-25.1316175],[-58.2250005,-25.1504163],[-58.2287765,-25.1230238]],[[-61.1717453,-27.2370049],[-61.1552007,-27.2264092],[-61.1657231,-27.188958],[-61.217896,-27.2036227],[-61.2028488,-27.2379163],[-61.1717453,-27.2370049]],[[-64.2805802,-32.3064909],[-64.294312,-32.3286308],[-64.2833338,-32.3337497],[-64.2697756,-32.3191922],[-64.2805802,-32.3064909]],[[-64.3957768,-32.189251],[-64.4200688,-32.2058037],[-64.3916671,-32.2254163],[-64.3957768,-32.189251]],[[-64.4399256,-32.154819],[-64.4948979,-32.1826347],[-64.4750005,-32.2004163],[-64.4635503,-32.1876071],[-64.4475835,-32.1885592],[-64.4399256,-32.154819]],[[-64.5202967,-32.0707125],[-64.5411544,-32.0425875],[-64.5702967,-32.0578463],[-64.546436,-32.0762708],[-64.5380376,-32.0967868],[-64.5083338,-32.1004163],[-64.5202967,-32.0707125]],[[-64.3583338,-31.9837497],[-64.3583338,-31.967083],[-64.3833338,-31.967083],[-64.3833338,-31.9837497],[-64.3583338,-31.9837497]],[[-64.5316574,-31.962721],[-64.5664718,-31.9557223],[-64.5780278,-31.9859306],[-64.5500005,-32.0004163],[-64.5316574,-31.962721]],[[-57.8853911,-36.8480269],[-57.8952967,-36.8705498],[-57.8666672,-36.8754163],[-57.8615483,-36.844264],[-57.8850629,-36.8477395],[-57.8853911,-36.8480269]],[[-54.1918869,-27.3029537],[-54.1921555,-27.2771416],[-54.2232752,-27.286834],[-54.2111089,-27.304168],[-54.1918869,-27.3029537]],[[-54.4583338,-26.9587497],[-54.4711431,-26.9626071],[-54.5133957,-26.9975599],[-54.5113693,-27.0228366],[-54.4833338,-27.0205824],[-54.4520025,-27.023097],[-54.4583338,-26.9587497]],[[-65.5033289,-27.4120781],[-65.5218836,-27.3887546],[-65.5449956,-27.4215101],[-65.5000005,-27.4254163],[-65.5033289,-27.4120781]],[[-65.5632654,-27.3386813],[-65.5708338,-27.2906426],[-65.5915939,-27.3207126],[-65.6247156,-27.3331068],[-65.614242,-27.3798109],[-65.5916671,-27.392083],[-65.5797286,-27.3747897],[-65.5500086,-27.3814466],[-65.5632654,-27.3386813]],[[-62.6651598,-39.5192785],[-62.65988,-39.4977796],[-62.7003341,-39.4886813],[-62.6936528,-39.5184908],[-62.6822135,-39.5214265],[-62.6651598,-39.5192785]],[[-62.6333338,-39.3837496],[-62.6333338,-39.367083],[-62.6583338,-39.367083],[-62.6583338,-39.3837496],[-62.6333338,-39.3837496]],[[-62.5889979,-39.2532809],[-62.6277999,-39.252817],[-62.6185958,-39.2716647],[-62.6000005,-39.2754163],[-62.5889979,-39.2532809]],[[-62.6881841,-38.8372327],[-62.6779871,-38.8299166],[-62.6898279,-38.8052666],[-62.7118169,-38.8276461],[-62.6881841,-38.8372327]],[[-57.8166672,-34.892083],[-57.802507,-34.9125989],[-57.7636154,-34.928818],[-57.7886642,-34.8964938],[-57.8166672,-34.892083]],[[-57.8166672,-34.892083],[-57.8287033,-34.8707858],[-57.8712977,-34.8550468],[-57.8903269,-34.8432733]],[[-57.8903269,-34.8432733],[-57.9070663,-34.8747025],[-57.9359894,-34.9004402]],[[-57.9359894,-34.9004402],[-57.8997498,-34.928791],[-57.8594385,-34.9413881]],[[-57.8594385,-34.9413881],[-57.8621912,-34.9292737],[-57.8871912,-34.9077324],[-57.8628016,-34.8967868],[-57.8166672,-34.892083]],[[-64.4063156,-23.3907565],[-64.4253585,-23.3634535],[-64.4516199,-23.4073499],[-64.4166671,-23.417083],[-64.4063156,-23.3907565]],[[-64.2034022,-23.3220147],[-64.1965988,-23.305348],[-64.2337081,-23.2970147],[-64.2450688,-23.3347914],[-64.2166671,-23.342083],[-64.2034022,-23.3220147]],[[-64.2367355,-23.253818],[-64.2862228,-23.2220147],[-64.2950688,-23.2515313],[-64.2333338,-23.267083],[-64.2367355,-23.253818]],[[-64.2865158,-23.1378513],[-64.3176681,-23.1051201],[-64.3485438,-23.1237481],[-64.3427576,-23.1628757],[-64.3083338,-23.167083],[-64.2865158,-23.1378513]],[[-64.3416138,-22.745554],[-64.3562164,-22.7261448],[-64.3705246,-22.7347832],[-64.3416138,-22.745554]],[[-68.5130301,-50.0257963],[-68.5364181,-50.005649],[-68.5447677,-50.0297701],[-68.5130301,-50.0257963]],[[-68.8980717,-49.972275],[-68.9236658,-49.9636812],[-68.9367355,-49.9952649],[-68.9166671,-50.0004162],[-68.8980717,-49.972275]],[[-63.779631,-35.6957858],[-63.7285812,-35.6847425],[-63.7129643,-35.6440931],[-63.7517827,-35.6277275],[-63.7871831,-35.6321383],[-63.7965744,-35.6966321],[-63.779631,-35.6957858]],[[-66.1543868,-40.6728854],[-66.1776209,-40.6639824],[-66.1695073,-40.6876233],[-66.1543868,-40.6728854]],[[-64.059669,-31.4321087],[-64.0457199,-31.3952243],[-64.0250249,-31.3760511],[-64.038827,-31.3611504],[-64.0609102,-31.3620261]],[[-64.0609102,-31.3620261],[-64.059669,-31.4321087]],[[-63.9890385,-31.3519544],[-63.9996912,-31.3390556],[-64.0113611,-31.3689385],[-64.0000005,-31.3754163],[-63.9890385,-31.3519544]],[[-63.9599764,-31.3369088],[-63.9865646,-31.3493014],[-63.9666671,-31.367083],[-63.9492197,-31.3585087]],[[-64.0539311,-31.2626803],[-64.0636316,-31.2131523],[-64.0861658,-31.262249],[-64.0539311,-31.2626803]],[[-64.1390385,-31.1221367],[-64.1537033,-31.1362562],[-64.1333338,-31.142083],[-64.1390385,-31.1221367]],[[-64.1264845,-31.3150297],[-64.1290125,-31.3044121],[-64.1546961,-31.3054293],[-64.1536788,-31.2297702],[-64.1626551,-31.2294121],[-64.1949061,-31.3122409],[-64.2218266,-31.287306],[-64.2444585,-31.2393405],[-64.2871749,-31.1836439],[-64.2879806,-31.1632256],[-64.2705815,-31.1379407],[-64.2898768,-31.0880791],[-64.3150151,-31.1354017],[-64.3377365,-31.1461276],[-64.3209966,-31.2100111],[-64.3540044,-31.212428],[-64.3376632,-31.2380791],[-64.3163823,-31.2577894],[-64.3290206,-31.2714206],[-64.3209966,-31.2951836],[-64.3505213,-31.3246758],[-64.3698118,-31.352713]],[[-64.3698118,-31.352713],[-64.3475189,-31.3586483],[-64.3174362,-31.347517]],[[-64.3174362,-31.347517],[-64.3176193,-31.3141022],[-64.1264845,-31.3150297]],[[-64.2944666,-31.2464857],[-64.2810145,-31.2226168],[-64.2686203,-31.2375745],[-64.2750005,-31.2504163],[-64.2944666,-31.2464857]],[[-64.2723719,-31.2649915],[-64.246908,-31.2612318],[-64.2416671,-31.292083],[-64.2695154,-31.2843275],[-64.2723719,-31.2649915]],[[-64.2955001,-31.0473483],[-64.3115076,-31.0715264],[-64.2916671,-31.0837497],[-64.2955001,-31.0473483]],[[-64.0715391,-30.9643035],[-64.0973587,-30.9737759],[-64.1200114,-30.9698946]],[[-64.1200114,-30.9698946],[-64.1334559,-30.974928],[-64.1184249,-30.9980156],[-64.1253341,-31.028818],[-64.1034022,-31.0220146],[-64.0946212,-31.0092868],[-64.0715988,-31.030348],[-64.0500005,-31.0337497],[-64.0446538,-31.0210218],[-64.0632654,-30.9970146],[-64.0715391,-30.9643035]],[[-58.478896,-34.4944072],[-58.4930267,-34.4723587],[-58.5197531,-34.4537738]],[[-58.5197531,-34.4537738],[-58.5998688,-34.4923248]],[[-58.5998688,-34.4923248],[-58.6007156,-34.4946594]],[[-58.6007156,-34.4946594],[-58.5543098,-34.5352211]],[[-58.5543098,-34.5352211],[-58.5319405,-34.5182381],[-58.478896,-34.4944072]],[[-61.4053634,-36.4139742],[-61.4368901,-36.4270439],[-61.4166671,-36.442083],[-61.4053634,-36.4139742]],[[-61.0851974,-36.2127535],[-61.1385747,-36.2014905],[-61.1406255,-36.2465426],[-61.1000005,-36.2504163],[-61.0851974,-36.2127535]],[[-68.396143,-52.3141858],[-68.4197677,-52.3297701],[-68.3916671,-52.3337496],[-68.396143,-52.3141858]],[[-69.265365,-51.5931164],[-69.287948,-51.6050631],[-69.3105229,-51.6041679],[-69.3540043,-51.6179374],[-69.325562,-51.6302665],[-69.3036626,-51.6293957],[-69.3046473,-51.6542004],[-69.278451,-51.6633801],[-69.2376632,-51.6627535],[-69.1632869,-51.6420288],[-69.1978149,-51.6283035],[-69.197909,-51.6107922],[-69.265365,-51.5931164]],[[-72.1934575,-51.5737724],[-72.2240157,-51.5636812],[-72.2367355,-51.5962414],[-72.2000004,-51.6004162],[-72.1934575,-51.5737724]],[[-72.321672,-51.5454114],[-72.3059005,-51.5349215],[-72.3524907,-51.5220878],[-72.3616622,-51.5463472],[-72.321672,-51.5454114]],[[-68.2838058,-38.6262626],[-68.3038172,-38.6142835],[-68.3111333,-38.6381523],[-68.2916671,-38.642083],[-68.2838058,-38.6262626]],[[-65.4387122,-24.7199783],[-65.3957901,-24.7231827],[-65.3837769,-24.7140761]],[[-65.3837769,-24.7140761],[-65.4029301,-24.686655],[-65.4374842,-24.7107923],[-65.4387122,-24.7199783]],[[-65.3780766,-24.5927015],[-65.3944666,-24.607236],[-65.3750005,-24.617083],[-65.3780766,-24.5927015]],[[-65.4802332,-24.9785169],[-65.4649175,-24.9694349],[-65.4948165,-24.9473158],[-65.503101,-24.9720309],[-65.4802332,-24.9785169]],[[-65.3722773,-24.8630824],[-65.3875046,-24.8595142],[-65.4050674,-24.8657227],[-65.4511948,-24.8565025],[-65.5214615,-24.8559132]],[[-65.5214615,-24.8559132],[-65.5114288,-24.8617573],[-65.5141861,-24.8858869]],[[-65.5141861,-24.8858869],[-65.502157,-24.8962497],[-65.5194382,-24.911132],[-65.5135908,-24.9154992],[-65.4874516,-24.9303073],[-65.4564214,-24.8807712],[-65.4372075,-24.8792249],[-65.4291671,-24.9059258],[-65.4169682,-24.8653984],[-65.3916671,-24.892083],[-65.3861007,-24.8622572],[-65.3722773,-24.8630824]],[[-68.49618,-31.4490331],[-68.5097351,-31.4486618],[-68.5385084,-31.4603298]],[[-68.5385084,-31.4603298],[-68.5923426,-31.4899834],[-68.6185441,-31.4987979]],[[-68.6185441,-31.4987979],[-68.6261292,-31.5024872]],[[-68.6261292,-31.5024872],[-68.5556488,-31.501606]],[[-68.5556488,-31.501606],[-68.5109406,-31.4968853]],[[-68.5109406,-31.4968853],[-68.4763412,-31.4819088],[-68.4492495,-31.4892289]],[[-68.4492495,-31.4892289],[-68.4554285,-31.4784355],[-68.4818689,-31.4788831],[-68.5050867,-31.454526],[-68.49618,-31.4490331]],[[-60.324675,-31.4144219],[-60.3302332,-31.3972425],[-60.3531743,-31.4290784],[-60.3333338,-31.4337497],[-60.324675,-31.4144219]],[[-60.144784,-31.1875094],[-60.1700688,-31.2035983],[-60.1500005,-31.2087497],[-60.144784,-31.1875094]],[[-60.0769536,-31.0959079],[-60.0893478,-31.0809502],[-60.1028,-31.104819],[-60.0833338,-31.1087497],[-60.0769536,-31.0959079]],[[-56.5310715,-29.0874362],[-56.5679367,-29.0809502],[-56.5557459,-29.1059095],[-56.5416672,-29.1087497],[-56.5310715,-29.0874362]],[[-58.6050786,-28.2489922],[-58.6217371,-28.2396253],[-58.6449224,-28.2554945],[-58.6699224,-28.2642917],[-58.6614995,-28.2744805],[-58.6354741,-28.2671644],[-58.6166672,-28.2754163],[-58.6050786,-28.2489922]],[[-58.7640386,-28.1221367],[-58.7787033,-28.1362562],[-58.7583338,-28.142083],[-58.7640386,-28.1221367]],[[-58.3107986,-34.7968712],[-58.3372574,-34.7585869]],[[-58.3372574,-34.7585869],[-58.359581,-34.7749901],[-58.411377,-34.8018265],[-58.4312325,-34.8204422]],[[-58.3974075,-34.9120941],[-58.3473473,-34.8875542],[-58.3432617,-34.8931389]],[[-58.3432617,-34.8931389],[-58.3159631,-34.8787342]],[[-58.3159631,-34.8787342],[-58.3150021,-34.8755426]],[[-58.3150021,-34.8755426],[-58.2932968,-34.8577576],[-58.3336716,-34.8091583],[-58.3107986,-34.7968712]],[[-58.5057052,-25.2054701],[-58.52037,-25.2195895],[-58.5000005,-25.2254163],[-58.5057052,-25.2054701]],[[-58.53641,-24.9706882],[-58.54773,-24.9636813],[-58.5700688,-24.9847913],[-58.5416672,-24.992083],[-58.53641,-24.9706882]],[[-65.3544031,-41.6210136],[-65.3381841,-41.6065279],[-65.3511479,-41.5881523],[-65.3789311,-41.6070081],[-65.3544031,-41.6210136]],[[-65.0922394,-40.8172493],[-65.0621314,-40.7951662],[-65.0775314,-40.7801933],[-65.1118901,-40.82068],[-65.0922394,-40.8172493]],[[-55.1295112,-27.8940876],[-55.1217616,-27.8490654],[-55.1682704,-27.8385267],[-55.1445887,-27.8848646],[-55.1295112,-27.8940876]],[[-60.000977,-36.3600029],[-60.0269617,-36.3391289],[-60.0446212,-36.3479993],[-60.0268966,-36.3714205],[-60.0083338,-36.3754163],[-60.000977,-36.3600029]],[[-71.6281743,-40.7535901],[-71.6626713,-40.7418388],[-71.6698409,-40.7718111],[-71.6166671,-40.7754163],[-71.6281743,-40.7535901]],[[-60.8721929,-35.4220146],[-60.8997889,-35.4297132],[-60.9117355,-35.4470146],[-60.9284022,-35.4585218],[-60.9129562,-35.4722832],[-60.8819585,-35.4653333],[-60.8715988,-35.4803479],[-60.8583338,-35.4837496],[-60.8400558,-35.468556],[-60.8721929,-35.4220146]],[[-61.3933029,-35.2869479],[-61.4107101,-35.2809502],[-61.4194666,-35.2964856],[-61.4000005,-35.3004163],[-61.3933029,-35.2869479]],[[-58.8166672,-28.8504163],[-58.8166672,-28.8337497],[-58.8416672,-28.8337497],[-58.8416672,-28.8504163],[-58.8166672,-28.8504163]],[[-58.6555181,-28.7386894],[-58.6700688,-28.751458],[-58.6416672,-28.7587497],[-58.6555181,-28.7386894]],[[-58.7287291,-28.5861016],[-58.7083338,-28.592083],[-58.6887782,-28.5744235],[-58.7044771,-28.5619778]],[[-58.7044771,-28.5619778],[-58.7287291,-28.5861016]],[[-60.0302576,-26.9083835],[-60.0722987,-26.9136162],[-60.0684005,-26.9449883],[-60.0250005,-26.9504163],[-60.0302576,-26.9083835]],[[-60.9333338,-26.6087497],[-60.9333338,-26.592083],[-60.9583338,-26.592083],[-60.9583338,-26.6087497],[-60.9333338,-26.6087497]],[[-61.1584477,-26.4975192],[-61.17273,-26.4886813],[-61.1950688,-26.5097913],[-61.1666671,-26.517083],[-61.1584477,-26.4975192]],[[-61.4000005,-26.417083],[-61.4000005,-26.4004163],[-61.4250005,-26.4004163],[-61.4250005,-26.417083],[-61.4000005,-26.417083]],[[-63.2564132,-25.6004163],[-63.281633,-25.6060723],[-63.2782964,-25.6209567],[-63.2500005,-25.6254163],[-63.2564132,-25.6004163]],[[-66.1162439,-32.5994642],[-66.1292729,-32.5809502],[-66.1361333,-32.6114515],[-66.1162439,-32.5994642]],[[-65.7968266,-32.2452568],[-65.7802169,-32.2350273],[-65.8092859,-32.2222425],[-65.819841,-32.238193],[-65.7968266,-32.2452568]],[[-61.6166671,-32.8004163],[-61.5950688,-32.7970146],[-61.5882654,-32.7719983],[-61.6256922,-32.7636813],[-61.6166671,-32.8004163]],[[-61.8332491,-32.7468879],[-61.8083338,-32.7504163],[-61.8128097,-32.7308525],[-61.8340852,-32.7448872],[-61.8332491,-32.7468879]],[[-61.5157884,-32.669843],[-61.5384689,-32.6716647],[-61.536646,-32.6944023],[-61.5229528,-32.6985242]],[[-61.5229528,-32.6985242],[-61.5157884,-32.669843]],[[-61.7640386,-32.55547],[-61.7787033,-32.5695895],[-61.7583338,-32.5754163],[-61.7640386,-32.55547]],[[-61.5555425,-32.4672457],[-61.586939,-32.4555758],[-61.594841,-32.4879814],[-61.5666671,-32.492083],[-61.5555425,-32.4672457]],[[-61.8766362,-32.4202812],[-61.8940434,-32.4142835],[-61.9028,-32.429819],[-61.8833338,-32.4337497],[-61.8766362,-32.4202812]],[[-60.5416671,-31.6837497],[-60.5348305,-31.694431],[-60.5335661,-31.6947825],[-60.5416671,-31.6837497]],[[-60.5416671,-31.6837497],[-60.5466802,-31.6764905],[-60.5833338,-31.667083]],[[-60.5833338,-31.667083],[-60.5765223,-31.6805514],[-60.5416671,-31.6837497]],[[-60.5833338,-31.667083],[-60.5985112,-31.6445163],[-60.5621912,-31.6132256],[-60.5544764,-31.5959404],[-60.5140386,-31.5837659],[-60.5015793,-31.5382256],[-60.5544764,-31.5709404],[-60.5699061,-31.5888441],[-60.6044764,-31.6042737],[-60.6378504,-31.6279391],[-60.6719243,-31.6306735],[-60.6603927,-31.6100029],[-60.6615646,-31.5553968],[-60.671314,-31.5379163],[-60.6567876,-31.5118828],[-60.6771733,-31.4882256],[-60.6878097,-31.4959404],[-60.702686,-31.5292737],[-60.7128586,-31.5131523],[-60.7102951,-31.4813001],[-60.7326665,-31.4688164],[-60.7645106,-31.4962497],[-60.7378097,-31.5192558],[-60.7455246,-31.5382256],[-60.7646652,-31.5547213],[-60.7531418,-31.6075615],[-60.7878097,-31.6292737],[-60.7984543,-31.6531181],[-60.8468041,-31.6535002],[-60.8479344,-31.6545025],[-60.8191411,-31.6793144],[-60.8188237,-31.7337497],[-60.8621912,-31.7891207],[-60.8400884,-31.7993665],[-60.8008957,-31.7313896],[-60.7519862,-31.704054],[-60.7378097,-31.6876071],[-60.6864832,-31.6797864],[-60.6883631,-31.6563245],[-60.6310308,-31.6530612],[-60.6128097,-31.6632256],[-60.5833338,-31.667083]],[[-60.6504725,-31.4262627],[-60.6704839,-31.4142835],[-60.6778,-31.4381523],[-60.6583338,-31.442083],[-60.6504725,-31.4262627]],[[-60.7473719,-31.3888034],[-60.7620366,-31.4029228],[-60.7416671,-31.4087497],[-60.7473719,-31.3888034]],[[-60.6381597,-31.2959567],[-60.6578211,-31.27186],[-60.6812342,-31.2967217],[-60.6775884,-31.3179375],[-60.6500005,-31.3254163],[-60.6381597,-31.2959567]],[[-60.7545171,-31.2468356],[-60.7787847,-31.2681735],[-60.7500005,-31.292083],[-60.7545171,-31.2468356]],[[-60.7312993,-31.1715264],[-60.7622645,-31.1820081],[-60.7416671,-31.2004163],[-60.7312993,-31.1715264]],[[-60.7390386,-31.0471367],[-60.7537033,-31.0612562],[-60.7333338,-31.067083],[-60.7390386,-31.0471367]],[[-59.2171229,-31.2219658],[-59.2289311,-31.2440524],[-59.2083338,-31.2504163],[-59.2171229,-31.2219658]],[[-58.7709722,-30.9390638],[-58.8029709,-30.9304212],[-58.7948247,-30.9627617],[-58.7666672,-30.967083],[-58.7709722,-30.9390638]],[[-64.27863,-31.8123792],[-64.2932866,-31.8010674],[-64.3119634,-31.8191338],[-64.2750005,-31.8254163],[-64.27863,-31.8123792]],[[-64.4132654,-31.7371513],[-64.3918787,-31.722389],[-64.4023849,-31.6886813],[-64.4117355,-31.7136813],[-64.4299321,-31.7204847],[-64.4575119,-31.7384534],[-64.4166671,-31.742083],[-64.4132654,-31.7371513]],[[-64.3750005,-31.6087497],[-64.3882654,-31.6121513],[-64.413949,-31.6320569],[-64.4383143,-31.6265963],[-64.4617355,-31.6532239],[-64.4431401,-31.6817803],[-64.4071619,-31.6737155],[-64.3930994,-31.6361341],[-64.3750005,-31.6087497]],[[-64.3666671,-31.6004163],[-64.3416671,-31.6004163],[-64.3416671,-31.5754163],[-64.3615646,-31.5805189],[-64.3666671,-31.6004163]],[[-64.0069829,-31.5472344],[-64.0202967,-31.5622165],[-63.9916671,-31.567083],[-64.0069829,-31.5472344]],[[-64.2182134,-31.5451022],[-64.25127,-31.5392835],[-64.2435958,-31.554998],[-64.2250005,-31.5587497],[-64.2182134,-31.5451022]],[[-64.2800813,-31.5272369],[-64.2904209,-31.5272147]],[[-64.2904209,-31.5272147],[-64.2916671,-31.5337497],[-64.2800813,-31.5272369]],[[-64.3169998,-31.4284254],[-64.3873377,-31.4403659],[-64.3609217,-31.4877536],[-64.3456629,-31.4797376],[-64.3462732,-31.4643405],[-64.3364344,-31.4434909],[-64.3168816,-31.4503435]],[[-64.3168816,-31.4503435],[-64.3169998,-31.4284254]],[[-64.5240957,-31.4893248],[-64.4794764,-31.4292737],[-64.46884,-31.4215589],[-64.4544764,-31.4382256],[-64.414657,-31.4709404],[-64.396143,-31.4577161],[-64.4416264,-31.4351331],[-64.436825,-31.3753512],[-64.4458533,-31.3791534]],[[-64.3698118,-31.352713],[-64.3453862,-31.3717298],[-64.3173116,-31.370616]],[[-64.3173116,-31.370616],[-64.3174362,-31.347517]],[[-58.5225364,-34.4518383],[-58.5416718,-34.4387894],[-58.5620995,-34.4364738],[-58.5810204,-34.4505768],[-58.5960426,-34.4541283],[-58.5998688,-34.4923248]],[[-58.5197531,-34.4537738],[-58.5225364,-34.4518383]],[[-58.6319829,-26.2305677],[-58.6452967,-26.2455498],[-58.6166672,-26.2504163],[-58.6319829,-26.2305677]],[[-64.2691899,-35.9040052],[-64.3022221,-35.8970146],[-64.3117355,-35.9209404],[-64.2833338,-35.9254163],[-64.2691899,-35.9040052]],[[-60.8959152,-27.6961683],[-60.8799158,-27.6807956],[-60.9091802,-27.6629977],[-60.9290858,-27.6909762],[-60.8959152,-27.6961683]],[[-60.6799565,-27.5698011],[-60.7082036,-27.5385999],[-60.7201502,-27.5552666],[-60.7465174,-27.5622327],[-60.7534835,-27.586834],[-60.7000005,-27.6004163],[-60.6799565,-27.5698011]],[[-60.4000005,-27.3004163],[-60.4000005,-27.2754163],[-60.4250005,-27.2754163],[-60.4250005,-27.3004163],[-60.4000005,-27.3004163]],[[-63.7088058,-29.9012627],[-63.7288172,-29.8892835],[-63.7361333,-29.9131523],[-63.7166671,-29.917083],[-63.7088058,-29.9012627]],[[-61.0876388,-33.8752942],[-61.1336919,-33.8782972],[-61.1186447,-33.9165866],[-61.0666671,-33.9254163],[-61.0702967,-33.9040459],[-61.0876388,-33.8752942]],[[-60.2333338,-36.9754163],[-60.2609705,-36.9793307],[-60.2378504,-36.9951836],[-60.2333338,-36.9754163]],[[-60.2666671,-36.967083],[-60.2850916,-36.9709241],[-60.2945399,-36.9897392],[-60.2700851,-37.003289],[-60.2666671,-36.967083]],[[-60.2666671,-36.967083],[-60.2408045,-36.9592949],[-60.2211431,-36.9246269],[-60.2628097,-36.9459404],[-60.2666671,-36.967083]],[[-60.1421229,-36.9320569],[-60.1758712,-36.9220879],[-60.1699875,-36.9454277],[-60.1500005,-36.9504163],[-60.1421229,-36.9320569]],[[-60.2789474,-36.8626559],[-60.3419194,-36.8639254],[-60.3622645,-36.8986748],[-60.3282557,-36.9290703],[-60.2833338,-36.9337496],[-60.2794031,-36.9210136],[-60.2548101,-36.9097262],[-60.2789474,-36.8626559]],[[-60.1630376,-36.8790459],[-60.146786,-36.8665052],[-60.1656824,-36.8551201],[-60.1952967,-36.8757744],[-60.1630376,-36.8790459]],[[-60.2292485,-36.8545016],[-60.2132248,-36.8391045],[-60.2624191,-36.8308037],[-60.2292485,-36.8545016]],[[-58.7471033,-27.4134534],[-58.7532557,-27.4315605],[-58.7712082,-27.4289157],[-58.8037928,-27.4552503],[-58.8317795,-27.4511162],[-58.8619634,-27.4744154],[-58.8541753,-27.4984144],[-58.8297043,-27.5301201],[-58.8119634,-27.5373792],[-58.7820561,-27.5595553],[-58.7611007,-27.5575941],[-58.7653895,-27.5866387],[-58.7333338,-27.592083],[-58.7198817,-27.5625501],[-58.7393478,-27.554583],[-58.7202967,-27.5373792],[-58.75363,-27.5237399],[-58.7399744,-27.5023695],[-58.705217,-27.5075046],[-58.7025151,-27.4892347],[-58.7131678,-27.4715752],[-58.7107183,-27.4550062],[-58.7213709,-27.4467868],[-58.7471033,-27.4134534]],[[-54.5512293,-25.9497734],[-54.5708338,-25.955877],[-54.5860926,-25.9511244],[-54.6031743,-25.9683281],[-54.585995,-25.9789157],[-54.5942632,-26.0054701],[-54.6356532,-26.0129163],[-54.6280116,-26.0374443],[-54.6083338,-26.042083],[-54.5991867,-26.0272393],[-54.5786219,-26.0336439],[-54.5718267,-25.9869235],[-54.5427414,-25.9770195],[-54.5512293,-25.9497734]],[[-54.5667811,-25.9141859],[-54.5810633,-25.905348],[-54.6034022,-25.926458],[-54.5750005,-25.9337497],[-54.5667811,-25.9141859]],[[-54.5467616,-25.63589],[-54.5412712,-25.611128],[-54.552433,-25.5955601],[-54.5963631,-25.5949707],[-54.5994908,-25.6258404],[-54.5865239,-25.6399427],[-54.5467616,-25.63589]],[[-65.3583338,-32.9254163],[-65.3583338,-32.9087497],[-65.3833338,-32.9087497],[-65.3833338,-32.9254163],[-65.3583338,-32.9254163]],[[-65.2817794,-32.7156751],[-65.3117355,-32.7379082],[-65.2750005,-32.742083],[-65.2817794,-32.7156751]],[[-65.2403162,-32.5472344],[-65.25363,-32.5622164],[-65.2250005,-32.567083],[-65.2403162,-32.5472344]],[[-58.8919747,-34.575714],[-58.9000005,-34.5837496],[-58.9316574,-34.5734795],[-58.9205815,-34.5628349],[-58.921167,-34.5340659]],[[-58.921167,-34.5340659],[-58.9353703,-34.5233583]],[[-58.9353703,-34.5233583],[-58.9316167,-34.529583],[-58.9465011,-34.5542575],[-58.9431076,-34.5771904],[-58.987425,-34.5706471]],[[-58.987425,-34.5706471],[-58.9940262,-34.5818558],[-59.0264057,-34.5966268]],[[-59.0264057,-34.5966268],[-58.987118,-34.6208672],[-58.9788416,-34.63082],[-58.9547124,-34.6283623],[-58.9631841,-34.6461113],[-58.9534836,-34.6630547],[-58.9704513,-34.6771497],[-58.957756,-34.6958672],[-58.9429367,-34.6767265],[-58.9226567,-34.6299655],[-58.8995529,-34.6392265],[-58.8830215,-34.6591299]],[[-58.8830215,-34.6591299],[-58.8845139,-34.6314812],[-58.8647118,-34.6216011],[-58.8871002,-34.5826683]],[[-58.8871002,-34.5826683],[-58.8919747,-34.575714]],[[-58.9667702,-34.6177139],[-58.9573784,-34.5993423],[-58.9360962,-34.6060791],[-58.913456,-34.6235657],[-58.93787,-34.6356773],[-58.9514389,-34.621048],[-58.9667702,-34.6177139]],[[-64.2108769,-27.8085863],[-64.216659,-27.798748],[-64.2026616,-27.787542],[-64.2047287,-27.7709242],[-64.1867355,-27.7462985],[-64.1972417,-27.7284274],[-64.1941899,-27.7038587],[-64.2197026,-27.7070325],[-64.2287928,-27.6956881],[-64.2583338,-27.6993584],[-64.2891443,-27.6955254],[-64.2849288,-27.7294365],[-64.3129643,-27.7374525],[-64.3182202,-27.7440165]],[[-64.3569829,-27.638901],[-64.3702967,-27.6538831],[-64.3416671,-27.6587497],[-64.3569829,-27.638901]],[[-64.1198979,-27.5656833],[-64.1378504,-27.5560234],[-64.1443934,-27.5886895],[-64.1166671,-27.592083],[-64.1198979,-27.5656833]],[[-65.2723719,-26.0971367],[-65.2870366,-26.1112562],[-65.2666671,-26.117083],[-65.2723719,-26.0971367]],[[-64.3318364,-30.4154473],[-64.3592859,-30.3970146],[-64.3700688,-30.4380709],[-64.3250005,-30.442083],[-64.3318364,-30.4154473]],[[-64.4619878,-30.1976901],[-64.4833338,-30.2089938],[-64.5041264,-30.1979831],[-64.51106,-30.2220228],[-64.4833338,-30.2254163],[-64.4592208,-30.2138522],[-64.4619878,-30.1976901]],[[-61.7385666,-36.6118502],[-61.7281011,-36.605649],[-61.7218999,-36.5819267],[-61.7697677,-36.5875826],[-61.761174,-36.6126233],[-61.7385666,-36.6118502]],[[-62.1849695,-36.3036145],[-62.2023768,-36.2976168],[-62.2111333,-36.3131523],[-62.1916671,-36.317083],[-62.1849695,-36.3036145]],[[-59.7574305,-35.6108492],[-59.788062,-35.6118584],[-59.8053309,-35.6368746],[-59.8013107,-35.6548108],[-59.7666671,-35.6587496],[-59.7498703,-35.6445732],[-59.7574305,-35.6108492]],[[-58.5225364,-34.4518383],[-58.5302544,-34.432991],[-58.5537114,-34.4144625],[-58.5529627,-34.3771416],[-58.6142583,-34.3820651],[-58.6378097,-34.3715589],[-58.6859963,-34.342981]],[[-58.6859963,-34.342981],[-58.6910286,-34.3536377],[-58.7195091,-34.3680534],[-58.705883,-34.3793983],[-58.7163162,-34.3986473],[-58.7351151,-34.4086761],[-58.7064323,-34.4454117]],[[-58.6080322,-34.5402374],[-58.6019402,-34.5258217],[-58.6007156,-34.4946594]],[[-62.8312993,-26.5715264],[-62.8622645,-26.5820081],[-62.8416671,-26.6004163],[-62.8312993,-26.5715264]],[[-72.2243738,-50.3320813],[-72.2479497,-50.3145439],[-72.292253,-50.3323498],[-72.3198816,-50.3275972],[-72.3030603,-50.354762],[-72.2416671,-50.3587496],[-72.2243738,-50.3320813]],[[-64.3206575,-36.6557171],[-64.342725,-36.6350694]],[[-64.342725,-36.6350694],[-64.3570317,-36.652931],[-64.4037033,-36.6775078],[-64.3746505,-36.6874524],[-64.3206575,-36.6557171]],[[-64.0062993,-25.3215264],[-64.0372645,-25.3320081],[-64.0166671,-25.3504163],[-64.0062993,-25.3215264]],[[-64.13352,-25.1306008],[-64.1083338,-25.1337497],[-64.1120366,-25.1124525],[-64.1221766,-25.0967135],[-64.1432807,-25.1177087],[-64.13352,-25.1306008]],[[-64.1832199,-24.7236178],[-64.2000412,-24.7056491],[-64.2114344,-24.7375664],[-64.1916671,-24.742083],[-64.1832199,-24.7236178]],[[-65.6630376,-27.4790459],[-65.6528406,-27.4711764],[-65.6805343,-27.4551201],[-65.70363,-27.4774671],[-65.6666671,-27.4837497],[-65.6630376,-27.4790459]],[[-65.6890385,-27.40547],[-65.7037033,-27.4195895],[-65.6833338,-27.4254163],[-65.6890385,-27.40547]],[[-65.6072121,-27.4063506],[-65.6196776,-27.406517],[-65.6236314,-27.408177],[-65.6507166,-27.4195488],[-65.6253667,-27.4584811],[-65.6302576,-27.4802666],[-65.5963709,-27.4588229],[-65.582992,-27.4230726],[-65.5994853,-27.4116853],[-65.6072121,-27.4063506]],[[-58.996097,-34.3212024],[-58.9741693,-34.3366196]],[[-58.9741693,-34.3366196],[-58.9352137,-34.3118421],[-58.9250005,-34.3004163],[-58.993604,-34.3053724],[-58.996097,-34.3212024]],[[-58.8862456,-34.3067761],[-58.8797431,-34.2911766]],[[-58.8797431,-34.2911766],[-58.8972824,-34.2517916],[-58.8954757,-34.229347],[-58.9213302,-34.1879326],[-58.9087895,-34.1654717],[-58.9451421,-34.1451917],[-58.9775395,-34.1477959],[-58.984304,-34.1382586]],[[-58.984304,-34.1382586],[-59.0215795,-34.1582385]],[[-59.0215795,-34.1582385],[-59.012647,-34.189487],[-58.9863693,-34.1862236],[-58.9602625,-34.2138766],[-58.9731857,-34.2707858],[-58.955339,-34.2589205],[-58.9396571,-34.2217135],[-58.9199549,-34.2350436],[-58.9222417,-34.2534274],[-58.9118901,-34.2710462],[-58.9166672,-34.292083],[-58.888241,-34.296681],[-58.8862456,-34.3067761]],[[-58.9873339,-34.113348],[-58.9955246,-34.0876071],[-59.0037576,-34.0851278]],[[-59.0037576,-34.0851278],[-59.0086479,-34.1024666],[-58.9873339,-34.113348]],[[-58.4675521,-34.5398101],[-58.478896,-34.4944072]],[[-58.5543098,-34.5352211],[-58.5242157,-34.5566025],[-58.5102959,-34.574501]],[[-58.5102959,-34.574501],[-58.500515,-34.5540886],[-58.4675521,-34.5398101]],[[-61.8779953,-34.7627129],[-61.8893966,-34.7470146],[-61.9117355,-34.7681246],[-61.8833338,-34.7754163],[-61.8779953,-34.7627129]],[[-58.2265467,-27.2701022],[-58.2596034,-27.2642835],[-58.2519292,-27.279998],[-58.2333338,-27.2837497],[-58.2265467,-27.2701022]],[[-58.9007188,-34.3223174],[-58.9040969,-34.3201732],[-58.9130891,-34.3283923],[-58.9154546,-34.3403696],[-58.9116261,-34.3573124],[-58.8944666,-34.3797864],[-58.9065353,-34.3884371],[-58.9009852,-34.4165052],[-58.9351079,-34.4232435],[-58.9535132,-34.3871364],[-58.9586769,-34.3811613],[-58.9961277,-34.3819972]],[[-58.9961277,-34.3819972],[-59.0330124,-34.4022217],[-59.0407889,-34.4174507]],[[-59.0407889,-34.4174507],[-59.0139897,-34.4074476],[-59.0221685,-34.4488375],[-58.9944992,-34.4686618],[-58.9994153,-34.4935226],[-58.9983024,-34.4949359],[-58.979688,-34.4986178],[-58.9715174,-34.4872327],[-58.9416672,-34.4837496],[-58.94655,-34.504819],[-58.9353703,-34.5233583]],[[-58.921167,-34.5340659],[-58.9002853,-34.4879977],[-58.8713872,-34.5559258],[-58.8919747,-34.575714]],[[-58.8871002,-34.5826683],[-58.8489189,-34.556263],[-58.8399894,-34.5387076]],[[-58.8399894,-34.5387076],[-58.8668136,-34.5211276],[-58.8415532,-34.5087903],[-58.8334071,-34.5254651],[-58.8396188,-34.537962]],[[-58.8396188,-34.537962],[-58.8234787,-34.5133934]],[[-58.7367325,-34.4616508],[-58.7744179,-34.4106674],[-58.7904358,-34.4046516],[-58.7979889,-34.4170189],[-58.8160019,-34.4232597],[-58.8427925,-34.3957787],[-58.9007188,-34.3223174]],[[-64.8378423,-27.4963473],[-64.8357345,-27.4701022],[-64.8831954,-27.4739189],[-64.8967778,-27.4896823],[-64.9295252,-27.5042982],[-64.9284673,-27.5174655],[-64.8333338,-27.5254163],[-64.8378423,-27.4963473]],[[-59.4916671,-37.4087496],[-59.4916671,-37.392083],[-59.5166671,-37.392083],[-59.5166671,-37.4087496],[-59.4916671,-37.4087496]],[[-59.1916672,-37.342083],[-59.1290858,-37.3628349],[-59.1146164,-37.3507255],[-59.0545496,-37.3360771],[-59.1114181,-37.2802015],[-59.2130539,-37.2789726],[-59.1956792,-37.3045992],[-59.2124191,-37.32068],[-59.1844894,-37.3211031],[-59.1916672,-37.342083]],[[-59.5153813,-26.9146172],[-59.5367355,-26.9347913],[-59.5083338,-26.942083],[-59.5153813,-26.9146172]],[[-59.7837895,-26.6153903],[-59.8175379,-26.6054212],[-59.8116541,-26.6287611],[-59.7916671,-26.6337497],[-59.7837895,-26.6153903]],[[-59.4022059,-37.6564222],[-59.4117355,-37.676458],[-59.3833338,-37.6837496],[-59.4022059,-37.6564222]],[[-59.7807134,-37.6654391],[-59.8264653,-37.6552666],[-59.8200933,-37.687485],[-59.7916671,-37.692083],[-59.7807134,-37.6654391]],[[-60.213005,-34.2883476],[-60.2570317,-34.2716321],[-60.2704513,-34.3080661],[-60.2333338,-34.3337496],[-60.213005,-34.2883476]],[[-58.6193237,-34.551899],[-58.5621376,-34.5962677],[-58.5229874,-34.6018677]],[[-58.5229874,-34.6018677],[-58.5102959,-34.574501]],[[-59.4355148,-34.6267998],[-59.4702967,-34.6578463],[-59.4534917,-34.6708265],[-59.4560389,-34.6880791],[-59.4380376,-34.6873792],[-59.4038986,-34.6734062],[-59.3216476,-34.6594332],[-59.3521896,-34.6358655],[-59.3780116,-34.6514417],[-59.3954106,-34.6289075],[-59.4355148,-34.6267998]],[[-69.2903162,-39.5055677],[-69.30363,-39.5205498],[-69.2750004,-39.5254163],[-69.2903162,-39.5055677]],[[-69.1250004,-33.6254163],[-69.1523361,-33.619207],[-69.1703699,-33.6643323],[-69.155518,-33.6791191],[-69.1379643,-33.6374524],[-69.1250004,-33.6254163]],[[-69.1250004,-33.6254163],[-69.1121831,-33.6317884],[-69.0954757,-33.6185153],[-69.0888676,-33.5908134],[-69.1137374,-33.6029554],[-69.1250004,-33.6254163]],[[-69.0144437,-33.6152901],[-69.0043488,-33.6030197],[-69.0030617,-33.5779412]],[[-69.0030617,-33.5779412],[-69.0063289,-33.5458637],[-69.0125088,-33.5455655],[-69.062118,-33.5850192],[-69.037118,-33.5958672],[-69.0144437,-33.6152901]],[[-65.6881596,-22.7053317],[-65.7119633,-22.7257744],[-65.6833338,-22.7337497],[-65.6881596,-22.7053317]],[[-58.8000005,-27.9337497],[-58.8179367,-27.9494967],[-58.8104904,-27.9707126],[-58.7797043,-27.9394056],[-58.8000005,-27.9337497]],[[-63.6951909,-32.6907321],[-63.7123703,-32.6810234],[-63.7193934,-32.7053561],[-63.6916671,-32.7087497],[-63.6951909,-32.6907321]],[[-63.5755539,-32.599513],[-63.5944666,-32.6135755],[-63.5666671,-32.617083],[-63.5755539,-32.599513]],[[-63.7130539,-32.4226413],[-63.7475997,-32.4134534],[-63.7442794,-32.4359388],[-63.7083338,-32.4504163],[-63.7130539,-32.4226413]],[[-63.6473719,-32.2388034],[-63.6620366,-32.2529228],[-63.6416671,-32.2587497],[-63.6473719,-32.2388034]],[[-63.9602951,-32.2459323],[-63.9735763,-32.2292168],[-64.0013432,-32.2226168],[-63.9852462,-32.254998],[-63.9666671,-32.2587497],[-63.9602951,-32.2459323]],[[-64.2367762,-32.1696058],[-64.2649093,-32.1731051],[-64.2787033,-32.2041191],[-64.2416671,-32.2087497],[-64.2367762,-32.1696058]],[[-63.4500005,-32.1754163],[-63.4500005,-32.1504163],[-63.4750005,-32.1504163],[-63.4750005,-32.1754163],[-63.4500005,-32.1754163]],[[-64.1006841,-32.1475355],[-64.1264083,-32.1454684],[-64.1780115,-32.1684909],[-64.1335372,-32.19061],[-64.0956873,-32.1875664],[-64.0750005,-32.192083],[-64.1006841,-32.1475355]],[[-63.5534266,-32.0253512],[-63.5864344,-32.0292493],[-63.5776535,-32.0548353],[-63.5500005,-32.0587497],[-63.5534266,-32.0253512]],[[-64.1890385,-32.0138034],[-64.2037033,-32.0279228],[-64.1833338,-32.0337497],[-64.1890385,-32.0138034]],[[-60.4382655,-35.1454847],[-60.4215988,-35.1261487],[-60.4549321,-35.1136813],[-60.4757003,-35.0941744],[-60.516659,-35.1068698],[-60.5107996,-35.1330009],[-60.4416671,-35.1504163],[-60.4382655,-35.1454847]],[[-65.3383794,-23.1977552],[-65.365129,-23.1886813],[-65.3581548,-23.2197848],[-65.3500005,-23.2254164],[-65.3383794,-23.1977552]],[[-68.3338872,-31.5411797],[-68.3527999,-31.5552422],[-68.3250004,-31.5587497],[-68.3338872,-31.5411797]],[[-59.3583338,-26.5254163],[-59.3628341,-26.5379652],[-59.3535568,-26.5550469],[-59.3127365,-26.5652275],[-59.324146,-26.5131523],[-59.3583338,-26.5254163]],[[-59.3879282,-26.2971104],[-59.3863205,-26.3167494],[-59.3556342,-26.3327126]],[[-59.5994795,-26.1243187],[-59.6112065,-26.1484551],[-59.5916671,-26.1587497],[-59.5827886,-26.1405124],[-59.595341,-26.1262627],[-59.5994795,-26.1243187]],[[-59.9278,-26.0365492],[-59.9611333,-26.0361504],[-59.9516606,-26.0555433],[-59.9166671,-26.0587497],[-59.9278,-26.0365492]],[[-58.6859963,-34.342981],[-58.7301763,-34.3296806],[-58.7281255,-34.3041679],[-58.7466395,-34.3056491],[-58.7680425,-34.2808118],[-58.7810062,-34.2797702],[-58.7905426,-34.2883526],[-58.7974777,-34.3113782],[-58.8418055,-34.3149345],[-58.8797431,-34.2911766]],[[-58.8862456,-34.3067761],[-58.8806564,-34.3350517],[-58.9007188,-34.3223174]],[[-58.5567627,-34.6388245],[-58.5729256,-34.6329498],[-58.5930099,-34.6123734],[-58.6467018,-34.5679512]],[[-58.7143631,-34.6104889],[-58.7296944,-34.6393547]],[[-58.7296944,-34.6393547],[-58.6577263,-34.6980896],[-58.6415176,-34.7084198]],[[-58.6415176,-34.7084198],[-58.5837364,-34.6546478],[-58.5827065,-34.6470985],[-58.5567627,-34.6388245]],[[-58.7549159,-38.1551608],[-58.7998133,-38.1469332],[-58.7939621,-38.1765475],[-58.7666672,-38.1837496],[-58.7549159,-38.1551608]],[[-58.8422205,-37.774513],[-58.8611333,-37.7885755],[-58.8333338,-37.792083],[-58.8422205,-37.774513]],[[-57.6144292,-27.7384941],[-57.6455246,-27.7538831],[-57.6083338,-27.7587497],[-57.6144292,-27.7384941]],[[-57.3222419,-27.4145008],[-57.3535568,-27.4270439],[-57.3333338,-27.442083],[-57.3222419,-27.4145008]],[[-68.5378097,-31.8058525],[-68.5614344,-31.8214368],[-68.5333338,-31.8254163],[-68.5378097,-31.8058525]],[[-68.5102982,-31.6277779],[-68.5311356,-31.6217804],[-68.5226059,-31.5863781],[-68.6014557,-31.5640087]],[[-68.6014557,-31.5640087],[-68.6143466,-31.5746148]],[[-68.6143466,-31.5746148],[-68.5780441,-31.5977226],[-68.5797124,-31.614137],[-68.6064458,-31.6114108],[-68.6037114,-31.6382418],[-68.6133468,-31.6462497],[-68.5936772,-31.6625908],[-68.595199,-31.7066419],[-68.5448735,-31.701515],[-68.546379,-31.6866956],[-68.5628422,-31.6883802],[-68.5704513,-31.674098],[-68.5228856,-31.6789469]],[[-68.5228856,-31.6789469],[-68.5225682,-31.6631633]],[[-68.5225682,-31.6631633],[-68.5284672,-31.6435478],[-68.5102982,-31.6277779]],[[-55.4813807,-27.6297214],[-55.5038172,-27.6226169],[-55.5111333,-27.6464857],[-55.4916672,-27.6504163],[-55.4813807,-27.6297214]],[[-55.3077642,-27.5717135],[-55.3446538,-27.5909437],[-55.3493413,-27.6286309],[-55.3163416,-27.6274671],[-55.3000005,-27.6337497],[-55.3077642,-27.5717135]],[[-65.0333338,-32.2254163],[-65.0333338,-32.2087497],[-65.0583338,-32.2087497],[-65.0583338,-32.2254163],[-65.0333338,-32.2254163]],[[-65.3140385,-31.9471367],[-65.3287033,-31.9612562],[-65.3083338,-31.967083],[-65.3140385,-31.9471367]],[[-65.2290372,-31.9407277],[-65.2094406,-31.9638766],[-65.1583338,-31.967083],[-65.138713,-31.9474622],[-65.1452261,-31.9263969]],[[-64.2000406,-28.2963472],[-64.2112879,-28.3111097],[-64.1833338,-28.3254163],[-64.1612879,-28.3141289],[-64.1553797,-28.298154],[-64.1759352,-28.2872797]],[[-64.1759352,-28.2872797],[-64.2000406,-28.2963472]],[[-54.0963709,-26.6373792],[-54.0814865,-26.6258965],[-54.1109868,-26.5967868],[-54.1369634,-26.6358005],[-54.1000005,-26.642083],[-54.0963709,-26.6373792]],[[-59.065064,-36.0137627],[-59.1086105,-35.9918877],[-59.1278,-36.002817],[-59.1140711,-36.0309339],[-59.0750005,-36.0337496],[-59.065064,-36.0137627]],[[-67.4798914,-29.2864515],[-67.5035568,-29.2893975],[-67.5287032,-29.3064954],[-67.4916671,-29.317083],[-67.4798914,-29.2864515]],[[-67.4806157,-29.1354424],[-67.5041671,-29.1407158],[-67.5344731,-29.1400404],[-67.5047937,-29.1856133],[-67.4632654,-29.205348],[-67.4534021,-29.1954847],[-67.4632654,-29.180348],[-67.4638595,-29.1636813],[-67.4326014,-29.1840345],[-67.4215988,-29.1743747],[-67.4549321,-29.155348],[-67.4806157,-29.1354424]],[[-61.0754562,-33.1552991],[-61.0872645,-33.1773857],[-61.0666671,-33.1837496],[-61.0754562,-33.1552991]],[[-61.0250005,-33.0254163],[-61.0250005,-33.0087497],[-61.0583338,-33.0087497],[-61.0583338,-33.0254163],[-61.0250005,-33.0254163]],[[-60.8428539,-32.8937012],[-60.868075,-32.879998],[-60.884644,-32.8790052],[-60.926449,-32.8919202],[-60.9382899,-32.9137057],[-60.9176925,-32.9124769],[-60.8857671,-32.9626803],[-60.8790416,-32.9604307]],[[-61.0088058,-32.8762627],[-61.0288172,-32.8642835],[-61.0361333,-32.8881523],[-61.0166671,-32.892083],[-61.0088058,-32.8762627]],[[-61.1751649,-32.8582843],[-61.1287033,-32.8707858],[-61.1204513,-32.8621758],[-61.150414,-32.8424746],[-61.1751649,-32.8582843]],[[-60.8083338,-32.6504163],[-60.8044031,-32.6631523],[-60.7819503,-32.6952894],[-60.7665125,-32.7529391],[-60.8039311,-32.7701185],[-60.7952804,-32.7807955],[-60.7467534,-32.7778984],[-60.7341151,-32.8131279],[-60.7449935,-32.8368381]],[[-60.6958479,-32.8358945],[-60.7228276,-32.7506767],[-60.7217941,-32.6678073],[-60.7466558,-32.6464124],[-60.7455327,-32.6745944],[-60.7672124,-32.6877536],[-60.7807052,-32.6591647],[-60.8083338,-32.6504163]],[[-60.8083338,-32.6504163],[-60.8113074,-32.6356898],[-60.8247111,-32.6509815],[-60.8083338,-32.6504163]],[[-60.7833338,-32.592083],[-60.7771733,-32.6120211],[-60.7544031,-32.6010185],[-60.7833338,-32.592083]],[[-62.7476974,-37.5304456],[-62.787118,-37.542319],[-62.7583338,-37.5587496],[-62.7476974,-37.5304456]],[[-57.3250005,-35.4004163],[-57.3250005,-35.3754163],[-57.3500005,-35.3754163],[-57.3500005,-35.4004163],[-57.3250005,-35.4004163]],[[-57.7337163,-35.074334],[-57.7615077,-35.0798597],[-57.7416672,-35.092083],[-57.7337163,-35.074334]],[[-57.4971278,-35.0707858],[-57.5530522,-35.0553479],[-57.5277674,-35.0879814],[-57.4916672,-35.092083],[-57.4971278,-35.0707858]],[[-68.315243,-31.8057956],[-68.3286463,-31.7976168],[-68.3361333,-31.8197848],[-68.3250004,-31.8254163],[-68.315243,-31.8057956]],[[-68.304631,-31.7541191],[-68.2997156,-31.7146579],[-68.3281092,-31.7429131],[-68.304631,-31.7541191]],[[-68.0706933,-38.9895774],[-68.0153266,-38.9848686]],[[-68.0218735,-38.9810524],[-68.0544968,-38.9826889],[-68.0706933,-38.9895774]],[[-70.2555831,-37.3575371],[-70.2752446,-37.3467867],[-70.2869633,-37.3877617],[-70.2416671,-37.392083],[-70.2555831,-37.3575371]],[[-63.1554611,-36.2551282],[-63.1790044,-36.2666923],[-63.1500005,-36.2837496],[-63.1554611,-36.2551282]],[[-64.3518641,-34.8371351],[-64.38099,-34.8225436],[-64.3945399,-34.8469983],[-64.3583338,-34.8504163],[-64.3518641,-34.8371351]],[[-64.5696619,-34.8377129],[-64.5810633,-34.8220146],[-64.6034022,-34.8431246],[-64.5750005,-34.8504163],[-64.5696619,-34.8377129]],[[-63.4933029,-34.7202812],[-63.5107101,-34.7142835],[-63.5194666,-34.729819],[-63.5000005,-34.7337496],[-63.4933029,-34.7202812]],[[-63.9312993,-34.5048597],[-63.9622645,-34.5153414],[-63.9416671,-34.5337496],[-63.9312993,-34.5048597]],[[-64.1644943,-34.4721448],[-64.1872645,-34.4831474],[-64.1583338,-34.492083],[-64.1644943,-34.4721448]],[[-64.4878097,-34.3641858],[-64.5114344,-34.3797702],[-64.4833338,-34.3837496],[-64.4878097,-34.3641858]],[[-68.6982452,-32.8270377],[-68.7240394,-32.8211716]],[[-68.7296524,-32.8335304],[-68.6982452,-32.8270377]],[[-68.3897465,-32.742083],[-68.4149663,-32.7477389],[-68.4116297,-32.7626233],[-68.3833338,-32.767083],[-68.3897465,-32.742083]],[[-68.5693771,-32.7209648],[-68.5877283,-32.7082939],[-68.6229008,-32.7161797],[-68.6191573,-32.732887],[-68.5833338,-32.742083],[-68.5693771,-32.7209648]],[[-68.5228856,-31.6789469],[-68.5121749,-31.6800387],[-68.4997319,-31.6650566],[-68.5066004,-31.6466321],[-68.5225682,-31.6631633]],[[-68.546257,-31.5442429],[-68.5533066,-31.5542984],[-68.603096,-31.5360661],[-68.6014557,-31.5640087]],[[-68.5102982,-31.6277779],[-68.4934005,-31.6132988],[-68.4738286,-31.6368665],[-68.4602381,-31.5755872],[-68.4479309,-31.5653627]],[[-68.4479309,-31.5653627],[-68.4710388,-31.5464325],[-68.5049896,-31.5407944]],[[-68.5049896,-31.5407944],[-68.5289764,-31.5493183],[-68.546257,-31.5442429]],[[-58.0667404,-35.0921318],[-58.0797856,-35.0654228],[-58.0861333,-35.1031181],[-58.0667404,-35.0921318]],[[-58.2854858,-35.0137667],[-58.2777005,-35.0097054],[-58.2789688,-35.0103293],[-58.2846355,-35.013117],[-58.2854858,-35.0137667]],[[-57.9359894,-34.9004402],[-57.9785843,-34.8724136],[-57.9990425,-34.8721962],[-58.0853577,-34.8387947]],[[-58.1928252,-34.9299015],[-58.1851893,-34.9552503],[-58.1640302,-34.9747346]],[[-58.1640302,-34.9747346],[-58.1619797,-34.9729424],[-58.1184616,-35.0019302],[-58.124917,-35.0077478]],[[-58.124917,-35.0077478],[-58.0970627,-35.0251966],[-58.1288579,-35.0525892],[-58.1070073,-35.059124],[-58.0788579,-35.0465589],[-58.0527186,-35.0280286],[-58.0235926,-35.0303642],[-58.0019862,-35.0207207],[-57.9818771,-34.997389],[-57.945728,-34.9874931],[-57.9111007,-35.0068128],[-57.8791672,-35.0042493],[-57.8378097,-35.0075696],[-57.8594385,-34.9413881]],[[-58.1584315,-34.9543877],[-58.1456873,-34.942083],[-58.1271164,-34.9608655],[-58.139771,-34.9732597],[-58.1584315,-34.9543877]],[[-59.2798263,-27.188665],[-59.30363,-27.2091077],[-59.2750005,-27.217083],[-59.2798263,-27.188665]],[[-59.3723719,-27.1138034],[-59.3870366,-27.1279229],[-59.3666671,-27.1337497],[-59.3723719,-27.1138034]],[[-59.4354578,-27.1045911],[-59.4423182,-27.0905531],[-59.4611333,-27.107236],[-59.4416671,-27.117083],[-59.4354578,-27.1045911]],[[-61.3549321,-35.6454847],[-61.3450688,-35.6386813],[-61.3382654,-35.6141126],[-61.3687586,-35.6053479],[-61.3867355,-35.6431246],[-61.3549321,-35.6454847]],[[-61.3390386,-27.5971367],[-61.3537033,-27.6112562],[-61.3333338,-27.617083],[-61.3390386,-27.5971367]],[[-61.6602869,-27.4875745],[-61.6726811,-27.4726169],[-61.6861333,-27.4964857],[-61.6666671,-27.5004163],[-61.6602869,-27.4875745]],[[-61.2601242,-27.3154391],[-61.2906824,-27.305348],[-61.3034022,-27.3379082],[-61.2666671,-27.342083],[-61.2601242,-27.3154391]],[[-68.4066655,-31.9737887],[-68.4261967,-31.9632988],[-68.4537846,-31.9851982],[-68.4166671,-32.0004163],[-68.4066655,-31.9737887]],[[-59.2444666,-34.6198825],[-59.2610356,-34.6142835],[-59.273617,-34.6391533],[-59.2416672,-34.642083],[-59.2444666,-34.6198825]],[[-58.987425,-34.5706471],[-59.0107101,-34.5728284],[-59.0316004,-34.5217868],[-59.0408452,-34.5322197],[-59.0552983,-34.5675224],[-59.0715093,-34.5550062],[-59.0701095,-34.5455009],[-59.1159673,-34.5274752],[-59.1539881,-34.5385592],[-59.1750005,-34.5504163],[-59.1564214,-34.5541679],[-59.1416672,-34.5838473],[-59.1628748,-34.594207],[-59.1750005,-34.5504163],[-59.1901372,-34.533888],[-59.2204513,-34.559067],[-59.1954595,-34.5624524],[-59.1871912,-34.6179782],[-59.133228,-34.6028984],[-59.1049077,-34.6057793],[-59.0755213,-34.5846286],[-59.0533209,-34.5965915],[-59.0413934,-34.5962774],[-59.0264057,-34.5966268]],[[-59.0841069,-34.5163099],[-59.0551437,-34.4922539],[-59.0732671,-34.4799655],[-59.1031173,-34.515903],[-59.0841069,-34.5163099]],[[-65.7795926,-28.5217114],[-65.7664799,-28.4968193],[-65.720671,-28.4880791],[-65.7126632,-28.4794202],[-65.6796473,-28.468971],[-65.6957452,-28.4315545]],[[-65.6957452,-28.4315545],[-65.7074966,-28.4247875],[-65.7272034,-28.4257393]],[[-65.5836984,-27.6075685],[-65.5910975,-27.5836032],[-65.6254887,-27.5631523],[-65.6455978,-27.6034355],[-65.6088647,-27.6065707],[-65.5975722,-27.6075344],[-65.5863192,-27.6084949],[-65.5836984,-27.6075685]],[[-65.4039148,-23.606113],[-65.4197677,-23.6292331],[-65.4000005,-23.6337497],[-65.4039148,-23.606113]],[[-65.4083338,-23.5837497],[-65.3925135,-23.591611],[-65.3805343,-23.5715996],[-65.4044031,-23.5642835],[-65.4083338,-23.5837497]],[[-61.5278,-34.4865491],[-61.548145,-34.4809502],[-61.5611333,-34.5054375],[-61.5250005,-34.5087496],[-61.5278,-34.4865491]],[[-61.806161,-34.4304782],[-61.8289311,-34.4414808],[-61.8000005,-34.4504163],[-61.806161,-34.4304782]],[[-60.8250737,-26.8004652],[-60.8332199,-26.7837904],[-60.8599777,-26.79686],[-60.8519292,-26.8133314],[-60.8333338,-26.817083],[-60.8250737,-26.8004652]],[[-60.6117453,-26.742083],[-60.6083338,-26.7345481],[-60.6083338,-26.717083],[-60.6250005,-26.717083],[-60.6250005,-26.742083],[-60.6117453,-26.742083]],[[-60.7208419,-26.6720146],[-60.7617355,-26.7001722],[-60.7166671,-26.7087497],[-60.7208419,-26.6720146]],[[-68.8170395,-32.8728676],[-68.8263931,-32.9076157]],[[-68.8263931,-32.9076157],[-68.7952042,-32.9157066]],[[-68.7952042,-32.9157066],[-68.7229156,-32.9351387],[-68.7042236,-32.9666481],[-68.6846771,-32.9573174],[-68.6783447,-32.935257],[-68.6684036,-32.9362793],[-68.6556651,-32.8943829]],[[-68.6556651,-32.8943829],[-68.6630457,-32.8880221],[-68.6446375,-32.8550387],[-68.6627853,-32.827931],[-68.6982452,-32.8270377]],[[-59.2687912,-27.8879245],[-59.2756515,-27.8738864],[-59.2944666,-27.8905693],[-59.2750005,-27.9004163],[-59.2687912,-27.8879245]],[[-59.0333338,-27.3837497],[-59.0636235,-27.4110039],[-59.0538172,-27.437721],[-59.057284,-27.4808363],[-59.0328374,-27.478875],[-58.9961431,-27.5048923],[-58.9197433,-27.5389824],[-58.9223882,-27.5060316],[-58.9038579,-27.4798923],[-58.8831873,-27.4393893],[-58.9217616,-27.4221774],[-58.9831222,-27.3879489],[-59.0333338,-27.3837497]],[[-58.9455978,-27.4498141],[-58.9228276,-27.4388115],[-58.9166672,-27.4587497],[-58.9455978,-27.4498141]],[[-59.0333338,-27.3837497],[-59.0350568,-27.3754163]],[[-59.0350568,-27.3754163],[-59.0441513,-27.3837497]],[[-59.0441513,-27.3837497],[-59.0333338,-27.3837497]],[[-58.2974207,-35.5066012],[-58.3452235,-35.5132988],[-58.3083338,-35.5337496],[-58.2974207,-35.5066012]],[[-57.7769814,-38.2491608],[-57.7359397,-38.2359622],[-57.7391932,-38.2139335],[-57.7834778,-38.2332872]],[[-57.7834778,-38.2332872],[-57.7769814,-38.2491608]],[[-57.6841621,-38.2110367],[-57.626297,-38.1693306],[-57.6162223,-38.1564227],[-57.6385666,-38.1464124],[-57.6676274,-38.1777763],[-57.7206141,-38.2119886],[-57.6841621,-38.2110367]],[[-57.7583338,-37.9254163],[-57.7951991,-37.9354098],[-57.7770675,-37.9647067],[-57.7605311,-37.9618584],[-57.7642664,-37.9401705],[-57.7583338,-37.9254163]],[[-57.7583338,-37.9254163],[-57.7250168,-37.9294853],[-57.7040695,-37.9645195],[-57.6934006,-37.9384534],[-57.6683436,-37.946331],[-57.6463709,-37.9827487],[-57.7430099,-37.9979749],[-57.7465256,-38.0217623],[-57.7250005,-38.0254163],[-57.7222661,-38.0441988],[-57.7021164,-38.0399671],[-57.6776372,-38.0156507],[-57.6750005,-38.0337496],[-57.6540207,-38.0265719],[-57.6544194,-38.0462903],[-57.6207524,-38.0545016],[-57.6095138,-38.0661959],[-57.6292974,-38.1045911],[-57.6080164,-38.1359876],[-57.5507205,-38.1064731],[-57.5387459,-38.0852203],[-57.5401878,-38.057354],[-57.5252953,-38.0273094],[-57.547554,-38.0002556],[-57.5532265,-37.9792519],[-57.5422554,-37.9468002],[-57.52742,-37.9256096],[-57.5216061,-37.8964198],[-57.5310934,-37.8894094],[-57.5687749,-37.9286227],[-57.5875737,-37.8706881],[-57.6166672,-37.842083],[-57.6130376,-37.8967867],[-57.6011886,-37.92693],[-57.6233647,-37.9403007],[-57.6619634,-37.9290459],[-57.718547,-37.9171074],[-57.7300542,-37.9022067],[-57.82863,-37.886012],[-57.8213709,-37.8967867],[-57.7619634,-37.9207125],[-57.7583338,-37.9254163]],[[-57.9725699,-30.6283927],[-57.9583338,-30.6337497],[-57.9482996,-30.6135511],[-57.9809331,-30.5976168],[-57.9806542,-30.6209093],[-57.9725699,-30.6283927]],[[-57.8569829,-30.4055677],[-57.8702967,-30.4205498],[-57.8416672,-30.4254163],[-57.8569829,-30.4055677]],[[-57.6190435,-30.2537936],[-57.6430913,-30.2305758],[-57.67627,-30.2409111],[-57.6605148,-30.2633395],[-57.6250005,-30.267083],[-57.6190435,-30.2537936]],[[-60.3436203,-33.5959079],[-60.3560145,-33.5809502],[-60.3694666,-33.604819],[-60.3500005,-33.6087496],[-60.3436203,-33.5959079]],[[-60.2807052,-33.4638034],[-60.2953699,-33.4779228],[-60.2750005,-33.4837496],[-60.2807052,-33.4638034]],[[-60.3199947,-33.3564507],[-60.297966,-33.3716647],[-60.2881108,-33.3567884],[-60.3116533,-33.3393915],[-60.3199947,-33.3564507]],[[-60.1700607,-33.352402],[-60.2377283,-33.297332],[-60.2656623,-33.2809071]],[[-60.2715541,-33.2934887],[-60.2543299,-33.3300713],[-60.2723312,-33.3293551],[-60.2710291,-33.3804131],[-60.2330327,-33.3799248],[-60.2531906,-33.4180189],[-60.1957362,-33.3876233],[-60.1869914,-33.4061527]],[[-60.1869914,-33.4061527],[-60.1762352,-33.3913765],[-60.1700607,-33.352402]],[[-69.0544031,-45.5960136],[-69.0379887,-45.5813489],[-69.0754562,-45.5714856],[-69.0872644,-45.5950126],[-69.0544031,-45.5960136]],[[-66.6223719,-33.33047],[-66.6370366,-33.3445895],[-66.6166671,-33.3504163],[-66.6223719,-33.33047]],[[-66.2230555,-33.2449883],[-66.2157068,-33.2077894],[-66.2496424,-33.2144951],[-66.2434656,-33.2457288],[-66.2550949,-33.2540621],[-66.2504155,-33.2777519],[-66.2897221,-33.2699883],[-66.2847579,-33.2448825],[-66.3083338,-33.2495455],[-66.3333338,-33.2446058],[-66.349268,-33.2477552],[-66.3679041,-33.2960706],[-66.3914474,-33.3051526],[-66.4084559,-33.3288831],[-66.3868169,-33.3372327],[-66.3583338,-33.3587496],[-66.3375005,-33.3470716],[-66.3021896,-33.3400973],[-66.2826095,-33.312778],[-66.2451502,-33.3052666],[-66.213184,-33.2788994],[-66.1619145,-33.2686129],[-66.1613042,-33.2385999],[-66.2083338,-33.2478935],[-66.2230555,-33.2449883]],[[-66.2866297,-33.1795993],[-66.3002446,-33.1570325],[-66.3171717,-33.1462741],[-66.3432703,-33.1664238],[-66.3479985,-33.1984144],[-66.3291427,-33.1956312],[-66.3000005,-33.2004163],[-66.2866297,-33.1795993]],[[-58.7250005,-34.8504163],[-58.7317795,-34.8389824],[-58.7531011,-34.8584729],[-58.7400477,-34.8700696],[-58.7250005,-34.8504163]],[[-58.7250005,-34.8504163],[-58.7250005,-34.890184]],[[-58.7250005,-34.890184],[-58.7211145,-34.8931759]],[[-58.7211145,-34.8931759],[-58.7165754,-34.8966706]],[[-58.7165754,-34.8966706],[-58.6939468,-34.914093]],[[-58.6939468,-34.914093],[-58.6888639,-34.9139313]],[[-58.6888639,-34.9139313],[-58.684151,-34.9117496],[-58.6697033,-34.9050615],[-58.669267,-34.9048595]],[[-58.669267,-34.9048595],[-58.651226,-34.893158]],[[-58.5931254,-34.8030632],[-58.5903326,-34.8004871]],[[-58.5019951,-34.7263374],[-58.4848022,-34.7310295],[-58.4616623,-34.7090492]],[[-58.4616623,-34.7090492],[-58.5289307,-34.6595345]],[[-58.5289307,-34.6595345],[-58.5567627,-34.6388245]],[[-58.6415176,-34.7084198],[-58.6366348,-34.7188492],[-58.6554756,-34.7260857],[-58.6756172,-34.7431221],[-58.6589546,-34.756279],[-58.6826096,-34.7627449],[-58.7045059,-34.7817917],[-58.7291222,-34.7625809],[-58.7498202,-34.7797163]],[[-58.7498202,-34.7797163],[-58.7055262,-34.8078952],[-58.7142827,-34.8300062],[-58.7118088,-34.8467461],[-58.7250005,-34.8504163]],[[-62.2973719,-31.95547],[-62.3120366,-31.9695895],[-62.2916671,-31.9754163],[-62.2973719,-31.95547]],[[-62.4564132,-31.9254163],[-62.481633,-31.9310722],[-62.4782964,-31.9459567],[-62.4500005,-31.9504163],[-62.4564132,-31.9254163]],[[-62.7044031,-31.8876803],[-62.6894536,-31.8743258],[-62.7240646,-31.8464857],[-62.7455978,-31.885125],[-62.7083338,-31.892083],[-62.7044031,-31.8876803]],[[-62.6140386,-31.7888034],[-62.6287033,-31.8029228],[-62.6083338,-31.8087497],[-62.6140386,-31.7888034]],[[-62.8890386,-31.73047],[-62.9037033,-31.7445895],[-62.8833338,-31.7504163],[-62.8890386,-31.73047]],[[-62.4807052,-31.6888034],[-62.4953699,-31.7029228],[-62.4750005,-31.7087497],[-62.4807052,-31.6888034]],[[-63.1894943,-31.4138115],[-63.2122645,-31.4248141],[-63.1833338,-31.4337497],[-63.1894943,-31.4138115]],[[-63.0382654,-31.4371513],[-63.0192713,-31.424041],[-63.0228846,-31.4079277],[-63.0596929,-31.3970146],[-63.0784022,-31.4326592],[-63.0416671,-31.442083],[-63.0382654,-31.4371513]],[[-62.0621185,-31.4063248],[-62.1107671,-31.3927747],[-62.1282231,-31.4153821],[-62.1414474,-31.4628756],[-62.1166671,-31.467083],[-62.1244552,-31.447275],[-62.0780688,-31.4541276]],[[-62.0780688,-31.4541276],[-62.0621185,-31.4063248]],[[-62.6292404,-31.3920993],[-62.65363,-31.4091077],[-62.6250005,-31.417083],[-62.6292404,-31.3920993]],[[-62.297201,-31.4115491],[-62.2834315,-31.404583],[-62.312354,-31.3899508],[-62.3194666,-31.4131523],[-62.297201,-31.4115491]],[[-62.8166671,-31.392083],[-62.8166671,-31.3754163],[-62.8416671,-31.3754163],[-62.8416671,-31.392083],[-62.8166671,-31.392083]],[[-62.800383,-31.3160006],[-62.8281743,-31.3215263],[-62.8083338,-31.3337497],[-62.800383,-31.3160006]],[[-62.0970464,-31.1783704],[-62.0722986,-31.1647962],[-62.1039474,-31.1474622],[-62.1112879,-31.1775648],[-62.0970464,-31.1783704]],[[-62.0564132,-31.0004163],[-62.081633,-31.0060722],[-62.0782964,-31.0209567],[-62.0500005,-31.0254163],[-62.0564132,-31.0004163]],[[-62.6484054,-31.0054375],[-62.6734542,-30.9927666],[-62.6861333,-31.0114759],[-62.6583338,-31.0254163],[-62.6484054,-31.0054375]],[[-62.8223719,-30.98047],[-62.8370366,-30.9945895],[-62.8166671,-31.0004163],[-62.8223719,-30.98047]],[[-62.3271245,-30.9545911],[-62.3339848,-30.940553],[-62.3528,-30.957236],[-62.3333338,-30.967083],[-62.3271245,-30.9545911]],[[-62.6723719,-30.90547],[-62.6870366,-30.9195895],[-62.6666671,-30.9254163],[-62.6723719,-30.90547]],[[-62.029631,-30.8791191],[-62.0202723,-30.871624],[-62.0233322,-30.8470228],[-62.0537033,-30.8674329],[-62.029631,-30.8791191]],[[-61.9968266,-30.7369235],[-61.9824875,-30.7165133],[-61.9923263,-30.6849134],[-62.0261398,-30.7000583],[-62.0129318,-30.7424492],[-61.9968266,-30.7369235]],[[-59.5218267,-30.0369235],[-59.5115076,-30.0305758],[-59.5056483,-29.9805758],[-59.544312,-30.0118909],[-59.5308354,-30.0551527],[-59.5218267,-30.0369235]],[[-67.1765304,-54.5064465],[-67.2099777,-54.4881522],[-67.2205978,-54.5184582],[-67.1833338,-54.5254162],[-67.1765304,-54.5064465]],[[-67.6628097,-53.8209403],[-67.6378097,-53.8097831],[-67.6756821,-53.7888489],[-67.6922856,-53.8177014],[-67.6628097,-53.8209403]],[[-67.6930923,-53.7974815],[-67.6975632,-53.7752953],[-67.7205658,-53.7580757],[-67.7691158,-53.7348967],[-67.7868738,-53.7395438],[-67.746143,-53.757716],[-67.7538579,-53.7715588],[-67.7870447,-53.78637],[-67.7884445,-53.8038098],[-67.7594731,-53.8144543],[-67.6930923,-53.7974815]],[[-68.5477218,-52.7253349],[-68.5950688,-52.7409924],[-68.5583338,-52.7504162],[-68.5447758,-52.7384778],[-68.5477218,-52.7253349]],[[-63.3000005,-33.4004163],[-63.3110763,-33.423626],[-63.2940841,-33.4450371],[-63.2762863,-33.4125501],[-63.3000005,-33.4004163]],[[-63.7191574,-33.3393405],[-63.7284022,-33.3626071],[-63.7000005,-33.367083],[-63.7191574,-33.3393405]],[[-63.2807052,-33.1638034],[-63.2953699,-33.1779228],[-63.2750005,-33.1837496],[-63.2807052,-33.1638034]],[[-63.5057052,-33.0221367],[-63.5203699,-33.0362562],[-63.5000005,-33.042083],[-63.5057052,-33.0221367]],[[-63.8511968,-32.7963554],[-63.8706792,-32.7886813],[-63.8950688,-32.8212415],[-63.8583338,-32.8254163],[-63.8511968,-32.7963554]],[[-63.78016,-32.7702568],[-63.769841,-32.7639092],[-63.7634933,-32.7343275],[-63.8003667,-32.7458183],[-63.8164555,-32.7719251],[-63.78016,-32.7702568]],[[-58.2199386,-28.02304],[-58.2373703,-28.0315524],[-58.2444666,-28.0552422],[-58.2166672,-28.0587497],[-58.2199386,-28.02304]],[[-67.7064487,-34.9910801],[-67.7051926,-34.9790955],[-67.7202827,-34.9612495]],[[-67.7202827,-34.9612495],[-67.7329025,-34.9699638],[-67.7064487,-34.9910801]],[[-67.7544357,-34.8222669],[-67.7867355,-34.8462415],[-67.7500004,-34.8504163],[-67.7544357,-34.8222669]],[[-67.9104578,-34.8295911],[-67.9173182,-34.815553],[-67.9361333,-34.832236],[-67.9166671,-34.842083],[-67.9104578,-34.8295911]],[[-68.2200688,-34.7204847],[-68.2378016,-34.7022799],[-68.2450688,-34.726458],[-68.2200688,-34.7204847]],[[-67.8583338,-34.6004163],[-67.8583338,-34.5837496],[-67.8916671,-34.5837496],[-67.8916671,-34.6004163],[-67.8583338,-34.6004163]],[[-68.2666671,-34.642083],[-68.243018,-34.6294528],[-68.288184,-34.6052666],[-68.3149012,-34.5848727],[-68.3458907,-34.5787448],[-68.418311,-34.5932711],[-68.4017989,-34.6051038],[-68.4089685,-34.641375],[-68.3709477,-34.6704033],[-68.3473881,-34.6750582],[-68.335173,-34.6580172],[-68.3044113,-34.6453789],[-68.2666671,-34.642083]],[[-68.4452804,-34.5762708],[-68.4778976,-34.5639824],[-68.460824,-34.5877047],[-68.4452804,-34.5762708]],[[-57.5100975,-37.8700943],[-57.4802414,-37.8158704],[-57.5237554,-37.8222994],[-57.5217616,-37.8650485],[-57.5100975,-37.8700943]],[[-57.7218918,-37.4301038],[-57.7455246,-37.4534843],[-57.7166672,-37.4587496],[-57.7218918,-37.4301038]],[[-57.7515793,-37.2701591],[-57.777507,-37.2642835],[-57.7861333,-37.2802421],[-57.7583338,-37.2837496],[-57.7515793,-37.2701591]],[[-58.2083338,-37.8254163],[-58.1930181,-37.8452649],[-58.1797043,-37.8302828],[-58.2083338,-37.8254163]],[[-58.2083338,-37.8254163],[-58.2136479,-37.8052666],[-58.2368169,-37.8219332],[-58.2798507,-37.8288994],[-58.2876063,-37.8804537],[-58.2386724,-37.8706393],[-58.2298507,-37.8372327],[-58.2083338,-37.8254163]],[[-66.0333338,-26.6754163],[-66.047201,-26.6782158],[-66.0689702,-26.6955091],[-66.0551681,-26.7237725],[-66.0361495,-26.714487],[-66.0333338,-26.6754163]],[[-62.3750005,-38.7087496],[-62.3880945,-38.6978772],[-62.3855392,-38.672861],[-62.437118,-38.6820162],[-62.4204513,-38.6958671],[-62.4115646,-38.7163587],[-62.3834477,-38.7375338],[-62.3750005,-38.7087496]],[[-62.3750005,-38.7087496],[-62.3455978,-38.7126803],[-62.3224858,-38.7252454],[-62.3110031,-38.7502617],[-62.3130312,-38.7843327],[-62.2709084,-38.7962685],[-62.2435112,-38.7944984],[-62.2210535,-38.7626559],[-62.1888677,-38.762249],[-62.1503748,-38.7725598],[-62.1548996,-38.7543714],[-62.1545659,-38.7186699],[-62.1940923,-38.6800387],[-62.2298019,-38.6622083],[-62.246021,-38.6631767],[-62.2765874,-38.646567],[-62.3122645,-38.6714856],[-62.3703944,-38.6938326],[-62.3750005,-38.7087496]],[[-62.2029953,-38.7299654],[-62.1634933,-38.7176608],[-62.1833338,-38.742083],[-62.2029953,-38.7299654]],[[-64.9639897,-30.8449232],[-65.0194666,-30.8444837],[-65.0099939,-30.8638766],[-64.9750005,-30.867083],[-64.9639897,-30.8449232]],[[-64.7701828,-30.7464938],[-64.7689865,-30.7212497],[-64.8071212,-30.7019381],[-64.8320887,-30.7056328],[-64.8273605,-30.737664],[-64.7750005,-30.7587497],[-64.7701828,-30.7464938]],[[-60.7050786,-27.2953382],[-60.6884526,-27.2846855],[-60.7192469,-27.2721611],[-60.7282557,-27.2955824],[-60.7050786,-27.2953382]],[[-60.6166671,-27.1837497],[-60.6166671,-27.167083],[-60.6416671,-27.167083],[-60.6416671,-27.1837497],[-60.6166671,-27.1837497]],[[-60.5733647,-27.1053643],[-60.5893478,-27.0976169],[-60.6028,-27.1214857],[-60.5833338,-27.1254163],[-60.5733647,-27.1053643]],[[-68.6499252,-31.4769707],[-68.6571888,-31.4791135]],[[-68.6571888,-31.4791135],[-68.6524337,-31.5257663],[-68.6795496,-31.5375338],[-68.7018521,-31.5583707],[-68.6894667,-31.5616304],[-68.658228,-31.5528984],[-68.6347986,-31.5552829],[-68.6143466,-31.5746148]],[[-68.546257,-31.5442429],[-68.5639648,-31.5366154],[-68.5668716,-31.5207443],[-68.5556488,-31.501606]],[[-68.6261292,-31.5024872],[-68.6298091,-31.5025876]],[[-68.6298091,-31.5025876],[-68.6362456,-31.5004156]],[[-60.9470138,-26.9506686],[-60.9777593,-26.9389824],[-60.9864344,-26.9607435],[-60.9583338,-26.9754163],[-60.9470138,-26.9506686]],[[-59.3505539,-32.5328463],[-59.3694666,-32.5469088],[-59.3416671,-32.5504163],[-59.3505539,-32.5328463]],[[-59.137883,-32.3208672],[-59.1218673,-32.3075534],[-59.1332524,-32.2882988],[-59.1704513,-32.3015068],[-59.137883,-32.3208672]],[[-59.3813807,-32.1630547],[-59.4038172,-32.1559502],[-59.4111333,-32.179819],[-59.3916671,-32.1837497],[-59.3813807,-32.1630547]],[[-62.843661,-36.4495944],[-62.869548,-36.4386813],[-62.8784022,-36.4681246],[-62.8500005,-36.4754163],[-62.843661,-36.4495944]],[[-57.9083338,-31.0004163],[-57.9129318,-30.9719902],[-57.9451502,-30.9656181],[-57.9349777,-31.0113701],[-57.9083338,-31.0004163]],[[-57.9223719,-30.8888034],[-57.9370366,-30.9029228],[-57.9166672,-30.9087497],[-57.9223719,-30.8888034]],[[-57.9021245,-30.7962578],[-57.9089849,-30.7822197],[-57.9278,-30.7989027],[-57.9083338,-30.8087497],[-57.9021245,-30.7962578]],[[-57.9583338,-30.7754163],[-57.9627609,-30.7300469],[-58.0287033,-30.7383965],[-58.0212977,-30.7633802],[-58.0037847,-30.7810967],[-57.9583338,-30.7754163]],[[-58.2933029,-30.3369479],[-58.3107101,-30.3309502],[-58.3194666,-30.3464857],[-58.3000005,-30.3504163],[-58.2933029,-30.3369479]],[[-63.6832199,-29.4986178],[-63.7000412,-29.4806491],[-63.7114344,-29.5125664],[-63.6916671,-29.517083],[-63.6832199,-29.4986178]],[[-66.3134933,-27.6035902],[-66.2919438,-27.5962497],[-66.3028569,-27.5612074],[-66.3332361,-27.5706719],[-66.3225021,-27.6051527],[-66.3134933,-27.6035902]],[[-56.0208664,-28.5820814],[-56.0450689,-28.589137],[-56.0166672,-28.6087497],[-56.0208664,-28.5820814]],[[-56.0187586,-28.5629326],[-56.0309494,-28.530348],[-56.0867355,-28.5461846],[-56.0798426,-28.572332],[-56.0704595,-28.5702324],[-56.0500005,-28.5837497],[-56.0187586,-28.5629326]],[[-56.0423263,-28.097568],[-56.0619634,-28.1078463],[-56.0500005,-28.117083],[-56.0423263,-28.097568]],[[-55.998967,-28.0569593],[-56.0062912,-28.024277],[-56.042953,-28.048154],[-56.0166672,-28.0837497],[-55.998967,-28.0569593]],[[-58.680309,-38.5223982],[-58.689386,-38.5151367],[-58.7321817,-38.5215107],[-58.7400535,-38.5197452],[-58.7777756,-38.5237399],[-58.7867355,-38.5448906],[-58.7700688,-38.5704847],[-58.760702,-38.5955335],[-58.7037697,-38.5775261],[-58.6818446,-38.5623548],[-58.6760828,-38.5366468],[-58.680309,-38.5223982]],[[-59.1849126,-38.2784925],[-59.2108403,-38.2726168],[-59.2194666,-38.2885755],[-59.1916672,-38.292083],[-59.1849126,-38.2784925]],[[-59.2521245,-38.0045911],[-59.2589849,-37.990553],[-59.2778,-38.007236],[-59.2583338,-38.017083],[-59.2521245,-38.0045911]],[[-58.8396188,-34.537962],[-58.8399894,-34.5387076]],[[-58.8830215,-34.6591299],[-58.8580167,-34.6886466]],[[-58.8580167,-34.6886466],[-58.8184357,-34.6893158],[-58.8103142,-34.681572],[-58.7541046,-34.6620636],[-58.7296944,-34.6393547]],[[-64.9511316,-25.5005303],[-64.9732833,-25.4632256],[-64.9955245,-25.5005547],[-64.9666671,-25.5254163],[-64.9511316,-25.5005303]],[[-64.6336024,-25.3755303],[-64.6558273,-25.3642103],[-64.6695398,-25.3884616],[-64.6416671,-25.392083],[-64.6336024,-25.3755303]],[[-64.9006596,-25.3059014],[-64.9202967,-25.3161797],[-64.9083338,-25.3254163],[-64.9006596,-25.3059014]],[[-59.7515793,-35.0868258],[-59.777507,-35.0809502],[-59.7861333,-35.0969088],[-59.7583338,-35.1004163],[-59.7515793,-35.0868258]],[[-60.0000005,-34.9337496],[-59.9784836,-34.9302666],[-59.9631841,-34.9172132],[-59.9798507,-34.9052666],[-59.9881352,-34.8639661],[-60.0294113,-34.8721204],[-60.0666671,-34.8587496],[-60.0534022,-34.878818],[-60.0465988,-34.9220146],[-60.0034022,-34.928818],[-60.0000005,-34.9337496]],[[-67.7199386,-49.2982434],[-67.7457117,-49.2889091],[-67.7615076,-49.3134778],[-67.7083338,-49.3170829],[-67.7199386,-49.2982434]],[[-64.4750005,-27.1754163],[-64.4750005,-27.1587497],[-64.5000005,-27.1587497],[-64.5000005,-27.1754163],[-64.4750005,-27.1754163]],[[-61.7813454,-38.1413498],[-61.796864,-38.1180566],[-61.8117355,-38.1379082],[-61.7813454,-38.1413498]],[[-62.2077886,-38.0988457],[-62.223617,-38.0808769],[-62.2362065,-38.1067884],[-62.2166671,-38.117083],[-62.2077886,-38.0988457]],[[-65.0973719,-31.1638034],[-65.1120366,-31.1779228],[-65.0916671,-31.1837497],[-65.0973719,-31.1638034]],[[-59.4463302,-34.2486015],[-59.484229,-34.2217135],[-59.4953699,-34.2687024],[-59.4416671,-34.2754163],[-59.4463302,-34.2486015]],[[-60.3984054,-26.3304375],[-60.4248052,-26.317083],[-60.4516444,-26.3301934],[-60.4433273,-26.34721],[-60.4083338,-26.3504163],[-60.3984054,-26.3304375]],[[-67.5388676,-33.4698825],[-67.522909,-33.4618095],[-67.5357345,-33.4392835],[-67.568311,-33.4551933],[-67.5602625,-33.4716647],[-67.5388676,-33.4698825]],[[-60.6569829,-30.9305677],[-60.6702967,-30.9455498],[-60.6416671,-30.9504163],[-60.6569829,-30.9305677]],[[-60.5853114,-30.8067721],[-60.5671473,-30.7955823],[-60.576685,-30.7649671],[-60.6155278,-30.7823743],[-60.6057459,-30.8137708],[-60.5853114,-30.8067721]],[[-60.3947921,-30.3498629],[-60.4193934,-30.3540703],[-60.4099858,-30.3718356],[-60.3916671,-30.3754163],[-60.3947921,-30.3498629]],[[-60.350383,-30.2160006],[-60.3781743,-30.2215264],[-60.3583338,-30.2337497],[-60.350383,-30.2160006]],[[-54.9807053,-27.65547],[-54.99537,-27.6695895],[-54.9750005,-27.6754163],[-54.9807053,-27.65547]],[[-55.1380376,-27.5207126],[-55.0952967,-27.5134534],[-55.0662277,-27.4757907],[-55.1154546,-27.4519381],[-55.1412521,-27.4557549],[-55.1572596,-27.4764906],[-55.1774663,-27.492083],[-55.1615239,-27.5043877],[-55.1757411,-27.5279635],[-55.1416672,-27.5337497],[-55.1380376,-27.5207126]],[[-55.0450689,-27.3204847],[-55.052092,-27.305348],[-55.0700689,-27.3431247],[-55.0416672,-27.3504163],[-55.0450689,-27.3204847]],[[-59.3143816,-33.1656155],[-59.2964859,-33.1459274]],[[-59.2964859,-33.1459274],[-59.29448,-33.1422332]],[[-59.29448,-33.1422332],[-59.296965,-33.1113294],[-59.3466476,-33.1153252],[-59.3474533,-33.1622409],[-59.3143816,-33.1656155]],[[-59.3693446,-32.7171888],[-59.4092046,-32.7054212],[-59.4030441,-32.7298678],[-59.3583338,-32.7337497],[-59.3693446,-32.7171888]],[[-59.5957117,-38.3462089],[-59.610938,-38.3296643],[-59.6374191,-38.353525],[-59.6000005,-38.3587496],[-59.5957117,-38.3462089]],[[-66.780811,-28.5579115],[-66.8197107,-28.531056],[-66.8284021,-28.5591159],[-66.7916671,-28.5837497],[-66.780811,-28.5579115]],[[-64.0715391,-30.9643035],[-64.0801274,-30.930348],[-64.098617,-30.9379896],[-64.0936772,-30.9600355],[-64.1200114,-30.9698946]],[[-64.0510747,-30.708123],[-64.0616053,-30.6886813],[-64.0867355,-30.7058037],[-64.0583338,-30.7254163],[-64.0510747,-30.708123]],[[-58.2115565,-35.1712822],[-58.21141,-35.1538668],[-58.2586675,-35.1470146],[-58.2529871,-35.1723401],[-58.2166672,-35.192083],[-58.2115565,-35.1712822]],[[-58.1640302,-34.9747346],[-58.1519862,-34.9801119],[-58.124917,-35.0077478]],[[-58.7748296,-35.4401787],[-58.8149744,-35.4132988],[-58.837118,-35.4500989],[-58.787175,-35.4550387],[-58.7748296,-35.4401787]],[[-62.3968917,-33.6217705],[-62.4205246,-33.645151],[-62.3916671,-33.6504163],[-62.3968917,-33.6217705]],[[-62.6087163,-33.599334],[-62.6365076,-33.6048597],[-62.6166671,-33.617083],[-62.6087163,-33.599334]],[[-62.3338872,-33.4661797],[-62.3528,-33.4802422],[-62.3250005,-33.4837496],[-62.3338872,-33.4661797]],[[-62.4294764,-33.4475192],[-62.4531011,-33.4631035],[-62.4250005,-33.467083],[-62.4294764,-33.4475192]],[[-62.1657313,-33.2783379],[-62.1893966,-33.2636813],[-62.2034022,-33.2931246],[-62.1750005,-33.3004163],[-62.1657313,-33.2783379]],[[-62.3978276,-33.2304782],[-62.4205978,-33.2414808],[-62.3916671,-33.2504163],[-62.3978276,-33.2304782]],[[-62.0833338,-33.1337496],[-62.0833338,-33.117083],[-62.1083338,-33.117083],[-62.1083338,-33.1337496],[-62.0833338,-33.1337496]],[[-62.2978276,-33.1138115],[-62.3205978,-33.1248141],[-62.2916671,-33.1337496],[-62.2978276,-33.1138115]],[[-61.7950403,-33.017083],[-61.7916671,-33.0016505],[-61.8250005,-33.0004163],[-61.8250005,-33.017083],[-61.7950403,-33.017083]],[[-62.0083338,-32.992083],[-62.0083338,-32.9754163],[-62.0333338,-32.9754163],[-62.0333338,-32.992083],[-62.0083338,-32.992083]],[[-62.2319829,-32.9305677],[-62.2452967,-32.9455498],[-62.2166671,-32.9504163],[-62.2319829,-32.9305677]],[[-62.446908,-32.9028984],[-62.4671066,-32.9058769],[-62.47863,-32.9234551],[-62.4416671,-32.9337497],[-62.446908,-32.9028984]],[[-61.89773,-32.7203056],[-61.9112309,-32.6975436],[-61.9278732,-32.7317884],[-61.9083338,-32.742083],[-61.89773,-32.7203056]],[[-62.0697921,-32.6877698],[-62.0982833,-32.6585055],[-62.1311935,-32.6783623],[-62.1263432,-32.7111911],[-62.0916671,-32.717083],[-62.0697921,-32.6877698]],[[-62.2765304,-32.6564466],[-62.3099777,-32.6381523],[-62.3205978,-32.6684583],[-62.2833338,-32.6754163],[-62.2765304,-32.6564466]],[[-56.9973979,-37.2470444],[-57.0173951,-37.2867123]],[[-57.0173951,-37.2867123],[-57.007105,-37.3037692],[-57.0380376,-37.3123792],[-57.0473457,-37.3233679],[-57.0547397,-37.3357903],[-57.0295825,-37.3552122],[-56.983345,-37.2878113],[-56.9428117,-37.23994],[-56.9833098,-37.2303625],[-56.9930415,-37.2414003],[-56.9973979,-37.2470444]],[[-64.5823979,-37.3700045],[-64.6060633,-37.3553479],[-64.6200688,-37.3847913],[-64.5916671,-37.392083],[-64.5823979,-37.3700045]],[[-65.1910261,-24.282948],[-65.2243347,-24.2728577]],[[-65.2243347,-24.2728577],[-65.2454283,-24.2707669]],[[-65.2454283,-24.2707669],[-65.2212977,-24.2800469],[-65.1910261,-24.282948]],[[-65.2543187,-24.2697122],[-65.2826256,-24.2638283]],[[-65.2826256,-24.2638283],[-65.2773117,-24.2725762],[-65.2543187,-24.2697122]],[[-59.8283778,-27.0044691],[-59.8415369,-26.982651],[-59.8702967,-27.0108005],[-59.8333338,-27.017083],[-59.8283778,-27.0044691]],[[-59.1636968,-29.0139743],[-59.1952235,-29.0270439],[-59.1750005,-29.042083],[-59.1636968,-29.0139743]],[[-59.1250005,-29.0004163],[-59.0629644,-28.9933932],[-59.0886317,-28.9688001],[-59.1169683,-28.9723239],[-59.1250005,-29.0004163]],[[-61.8916671,-32.2754163],[-61.8916671,-32.2504163],[-61.9083338,-32.2504163],[-61.9083338,-32.2754163],[-61.8916671,-32.2754163]],[[-61.6916671,-32.217083],[-61.6916671,-32.1837497],[-61.7166671,-32.1837497],[-61.7166671,-32.217083],[-61.6916671,-32.217083]],[[-61.9666671,-32.1504163],[-61.9666671,-32.1337497],[-61.9916671,-32.1337497],[-61.9916671,-32.1504163],[-61.9666671,-32.1504163]],[[-61.5390386,-32.1138034],[-61.5537033,-32.1279228],[-61.5333338,-32.1337497],[-61.5390386,-32.1138034]],[[-61.5813807,-32.046388],[-61.6038172,-32.0392835],[-61.6111333,-32.0631523],[-61.5916671,-32.067083],[-61.5813807,-32.046388]],[[-61.7785242,-32.0407321],[-61.7957036,-32.0310234],[-61.8027267,-32.0553561],[-61.7750005,-32.0587497],[-61.7785242,-32.0407321]],[[-61.3973719,-31.8971367],[-61.4120366,-31.9112562],[-61.3916671,-31.917083],[-61.3973719,-31.8971367]],[[-61.8326909,-31.8957044],[-61.8666509,-31.8722506],[-61.8784022,-31.9076592],[-61.8416671,-31.917083],[-61.8326909,-31.8957044]],[[-61.5672468,-31.8504163],[-61.5833338,-31.8504163],[-61.5833338,-31.867083],[-61.5583338,-31.867083],[-61.5583338,-31.8555628],[-61.5672468,-31.8504163]],[[-61.8086268,-31.7665377],[-61.8337488,-31.7557223],[-61.8446945,-31.769264],[-61.8166671,-31.7837497],[-61.8086268,-31.7665377]],[[-68.8263931,-32.9076157],[-68.9219963,-32.9099585]],[[-68.9219963,-32.9099585],[-68.8963244,-32.9559749]],[[-68.8224258,-32.9574432],[-68.8224487,-32.9477081],[-68.7952042,-32.9157066]],[[-71.4527999,-43.0698824],[-71.4693689,-43.0642835],[-71.4812586,-43.0877942],[-71.4724044,-43.1059257],[-71.4500004,-43.1087496],[-71.4527999,-43.0698824]],[[-71.3132654,-42.928818],[-71.2740971,-42.9187675],[-71.2933761,-42.8891614],[-71.3394943,-42.8994967],[-71.3617355,-42.9297376],[-71.3166671,-42.9337496],[-71.3132654,-42.928818]],[[-58.7250005,-34.892083],[-58.7379888,-34.9041191],[-58.7259364,-34.9268974],[-58.735535,-34.9357915]],[[-58.735535,-34.9357915],[-58.6939468,-34.914093]],[[-58.7165754,-34.8966706],[-58.7250005,-34.892083]],[[-58.7250005,-34.892083],[-58.7211145,-34.8931759]],[[-58.7250005,-34.890184],[-58.7250005,-34.892083]],[[-58.8833338,-34.8504163],[-58.8966429,-34.8527613],[-58.8873763,-34.8598559],[-58.8833338,-34.8504163]],[[-58.7880167,-34.7540347],[-58.8253433,-34.7307341]],[[-58.8253433,-34.7307341],[-58.8148524,-34.7453138],[-58.8559168,-34.7631198],[-58.8840174,-34.82033],[-58.8461593,-34.8200127],[-58.8254806,-34.8448987],[-58.829631,-34.8042086],[-58.8083338,-34.8004163],[-58.8038335,-34.7635755],[-58.7880167,-34.7540347]],[[-58.2771164,-35.0608655],[-58.318783,-35.0606702],[-58.2980962,-35.0816093],[-58.2750005,-35.0837496],[-58.2771164,-35.0608655]],[[-58.5018068,-34.938835],[-58.4698166,-34.9461032],[-58.4718429,-35.0046806],[-58.4449875,-35.0127698],[-58.4593999,-35.0251803],[-58.4448573,-35.0577649],[-58.3883957,-35.0449394],[-58.3884689,-35.0133313],[-58.3646733,-35.0290703],[-58.3294764,-35.0319023],[-58.3552332,-35.0053886],[-58.3538172,-34.987721],[-58.3669194,-34.9520439],[-58.3480148,-34.9301119],[-58.3270294,-34.9154861]],[[-58.3270294,-34.9154861],[-58.3432617,-34.8931389]],[[-58.4416672,-34.9754163],[-58.4165288,-34.9712496],[-58.4535568,-34.9437106],[-58.4060877,-34.9309257],[-58.3964442,-34.9869316],[-58.4322922,-35.0099866],[-58.4416672,-34.9754163]],[[-63.5250005,-37.6754163],[-63.5250005,-37.6587496],[-63.5500005,-37.6587496],[-63.5500005,-37.6754163],[-63.5250005,-37.6754163]],[[-65.6028488,-24.9559014],[-65.5926355,-24.9964287],[-65.5666671,-25.0004163],[-65.5550053,-24.9599785],[-65.5708338,-24.9639662],[-65.6028488,-24.9559014]],[[-65.6202967,-24.9040459],[-65.6508468,-24.8967868],[-65.6619633,-24.9177178],[-65.6166671,-24.9254163],[-65.6202967,-24.9040459]],[[-65.58641,-24.8677015],[-65.6027999,-24.882236],[-65.5833338,-24.892083],[-65.58641,-24.8677015]],[[-65.5214615,-24.8559132],[-65.5321804,-24.843667]],[[-65.5321804,-24.843667],[-65.5410893,-24.8636325],[-65.5705245,-24.8612643],[-65.5613449,-24.8834242],[-65.5243087,-24.9040947],[-65.5422368,-24.8719658],[-65.5204188,-24.870208],[-65.5141861,-24.8858869]],[[-55.8083338,-27.4754163],[-55.7968619,-27.4722225]],[[-55.8088594,-27.4735477],[-55.8083338,-27.4754163]],[[-56.0390386,-27.4388034],[-56.0537033,-27.4529228],[-56.0333338,-27.4587497],[-56.0390386,-27.4388034]],[[-55.8083338,-27.4754163],[-55.8097281,-27.4704591]],[[-55.8032105,-27.457953],[-55.8380376,-27.4384534],[-55.8696945,-27.4149834],[-55.8789732,-27.3603512],[-55.8849434,-27.3543571],[-55.9255442,-27.3481341],[-55.9418436,-27.351316],[-55.969076,-27.3677422],[-55.9880376,-27.3873792],[-55.9952967,-27.4078464],[-55.971436,-27.4262708],[-55.9630376,-27.4467868],[-55.9367355,-27.4575452],[-55.8862228,-27.4500827],[-55.8881678,-27.4632744],[-55.8701665,-27.4875583],[-55.8699631,-27.5063001],[-55.8504155,-27.5034111],[-55.8416672,-27.492083],[-55.8143316,-27.4987969],[-55.8083338,-27.4754163]],[[-61.1683029,-33.3702812],[-61.1857101,-33.3642835],[-61.1944666,-33.379819],[-61.1750005,-33.3837496],[-61.1683029,-33.3702812]],[[-61.4390386,-33.3388034],[-61.4537033,-33.3529228],[-61.4333338,-33.3587496],[-61.4390386,-33.3388034]],[[-61.856161,-33.3304782],[-61.8789311,-33.3414808],[-61.8500005,-33.3504163],[-61.856161,-33.3304782]],[[-62.0250005,-33.3337496],[-62.0250005,-33.3087496],[-62.0500005,-33.3087496],[-62.0500005,-33.3337496],[-62.0250005,-33.3337496]],[[-61.3387537,-33.2319756],[-61.3587082,-33.2220146],[-61.3784022,-33.251458],[-61.3500005,-33.2587496],[-61.3387537,-33.2319756]],[[-61.2755539,-33.1328463],[-61.2944666,-33.1469088],[-61.2666671,-33.1504163],[-61.2755539,-33.1328463]],[[-61.462883,-33.1542005],[-61.4467371,-33.140789],[-61.4701421,-33.1299655],[-61.4954513,-33.1503024],[-61.462883,-33.1542005]],[[-61.6834396,-33.1074313],[-61.7127202,-33.0973157],[-61.7281011,-33.121681],[-61.6916671,-33.1254163],[-61.6834396,-33.1074313]],[[-61.3223719,-33.0888034],[-61.3370366,-33.1029228],[-61.3166671,-33.1087496],[-61.3223719,-33.0888034]],[[-61.7754725,-33.084596],[-61.7954839,-33.0726168],[-61.8028,-33.0964857],[-61.7833338,-33.1004163],[-61.7754725,-33.084596]],[[-61.1365412,-33.0330753],[-61.1803878,-33.0220146],[-61.2108973,-33.0662041],[-61.1750005,-33.0754163],[-61.1440353,-33.0601738],[-61.131917,-33.0383218],[-61.1365412,-33.0330753]],[[-58.7317388,-30.3804375],[-58.7540451,-30.3691582],[-58.7766444,-30.3801933],[-58.7684087,-30.3970472],[-58.7416672,-30.4004163],[-58.7317388,-30.3804375]],[[-63.6583338,-37.1504163],[-63.6583338,-37.1254163],[-63.6750005,-37.1254163],[-63.6750005,-37.1504163],[-63.6583338,-37.1504163]],[[-58.3477325,-34.743103],[-58.3677406,-34.7493286],[-58.381916,-34.7419968],[-58.4143295,-34.7364845],[-58.4472427,-34.693222]],[[-58.4472427,-34.693222],[-58.4616623,-34.7090492]],[[-58.3372574,-34.7585869],[-58.3477325,-34.743103]],[[-64.9223719,-24.5721367],[-64.9370366,-24.5862562],[-64.9166671,-24.592083],[-64.9223719,-24.5721367]],[[-65.0705815,-24.5144463],[-65.0864344,-24.5375664],[-65.0666671,-24.542083],[-65.0705815,-24.5144463]],[[-64.9543869,-24.4812188],[-64.9776209,-24.4723158],[-64.9695073,-24.4959567],[-64.9500005,-24.5004164],[-64.9543869,-24.4812188]],[[-65.0966232,-24.4589613],[-65.1378097,-24.4465589],[-65.1522954,-24.4297458],[-65.1888188,-24.4187513],[-65.2038579,-24.4232435],[-65.1614181,-24.4598076],[-65.0916671,-24.4754164],[-65.0966232,-24.4589613]],[[-65.0833338,-24.392083],[-65.0686609,-24.4118096],[-65.0464441,-24.4020846],[-65.0833338,-24.392083]],[[-65.2517131,-24.3691903],[-65.2799891,-24.3779961],[-65.2865076,-24.4016615],[-65.2718266,-24.4035902],[-65.226742,-24.3970309],[-65.2481237,-24.3706343],[-65.2517131,-24.3691903]],[[-65.0833338,-24.392083],[-65.0936284,-24.3551201],[-65.1297042,-24.3623792],[-65.1369634,-24.3717868],[-65.17356,-24.3867608],[-65.1619634,-24.3957126],[-65.1544926,-24.4139743],[-65.1361821,-24.402931],[-65.1178309,-24.405641],[-65.0833338,-24.392083]],[[-62.406633,-27.6224134],[-62.4371912,-27.6538831],[-62.4000005,-27.6587497],[-62.406633,-27.6224134]],[[-62.7039149,-27.0144463],[-62.7197677,-27.0375664],[-62.7000005,-27.042083],[-62.7039149,-27.0144463]],[[-58.8580167,-34.6886466],[-58.8253433,-34.7307341]],[[-58.7880167,-34.7540347],[-58.7498202,-34.7797163]],[[-62.7444015,-37.1810153],[-62.7235031,-37.170444],[-62.7705246,-37.1642835],[-62.7777999,-37.1885755],[-62.7500005,-37.192083],[-62.7444015,-37.1810153]],[[-66.565365,-31.3342298],[-66.597201,-31.3217868],[-66.6119633,-31.3524671],[-66.5750005,-31.3587497],[-66.565365,-31.3342298]],[[-60.3293869,-38.889552],[-60.3526209,-38.880649],[-60.3445073,-38.90429],[-60.3293869,-38.889552]],[[-60.0513576,-38.8613187],[-60.0545415,-38.8477959],[-60.0789556,-38.8389091],[-60.094841,-38.8633802],[-60.06287,-38.8655891],[-60.0513576,-38.8613187]],[[-60.2391037,-38.3796481],[-60.2600428,-38.3474947],[-60.3011724,-38.3567151],[-60.3229985,-38.3883232],[-60.2950688,-38.3954847],[-60.2799321,-38.4053479],[-60.2583338,-38.4087496],[-60.2391037,-38.3796481]],[[-58.7129318,-35.0280286],[-58.7300623,-35.0129977],[-58.7752853,-35.0362968],[-58.7874191,-35.0664889],[-58.7416672,-35.0754163],[-58.7129318,-35.0280286]],[[-58.6750005,-34.9587496],[-58.6887131,-34.9617037],[-58.6941167,-34.9879163],[-58.6700688,-34.9982841],[-58.6607671,-34.9813164],[-58.6446213,-34.9724622],[-58.6333338,-34.9504163]],[[-58.6333338,-34.9504163],[-58.6500005,-34.9504163]],[[-58.6500005,-34.9504163],[-58.6583338,-34.9587496],[-58.6750005,-34.9587496]],[[-58.6500005,-34.9504163],[-58.6551193,-34.9310153],[-58.6750005,-34.9587496]],[[-58.6333338,-34.9504163],[-58.6092947,-34.9472704]],[[-58.6309639,-34.9193062],[-58.626034,-34.9318453],[-58.6333338,-34.9504163]],[[-58.735535,-34.9357915],[-58.7456711,-34.9451836],[-58.7352056,-34.9794202],[-58.7206711,-34.9630791],[-58.7114588,-34.9243909],[-58.6888639,-34.9139313]],[[-58.669267,-34.9048595],[-58.6493155,-34.8956235]],[[-68.2223719,-29.30547],[-68.2370366,-29.3195895],[-68.2166671,-29.3254163],[-68.2223719,-29.30547]],[[-67.6590337,-45.7767265],[-67.6779952,-45.7642835],[-67.6861333,-45.7822359],[-67.6666671,-45.7920829],[-67.6590337,-45.7767265]],[[-67.4789311,-45.7626803],[-67.4924565,-45.7548189],[-67.5039311,-45.7798189],[-67.5275802,-45.7906669],[-67.5118494,-45.8047213],[-67.5460698,-45.8126803],[-67.5539067,-45.8381279],[-67.5872644,-45.8714856],[-67.6127365,-45.8793469],[-67.6205978,-45.8977877],[-67.6034347,-45.9131279],[-67.6044275,-45.9298027],[-67.5583338,-45.9534029],[-67.5319214,-45.9136009],[-67.4889679,-45.8742027],[-67.4756393,-45.8686218],[-67.4657974,-45.8491096],[-67.4407806,-45.8178253],[-67.3966062,-45.7933451],[-67.4276941,-45.7655611],[-67.4676437,-45.7872734],[-67.4789311,-45.7626803]],[[-62.9877365,-35.504347],[-62.9622645,-35.4964856],[-62.9565597,-35.4714856],[-63.0122645,-35.4903414],[-62.9877365,-35.504347]],[[-65.1656647,-26.8079319],[-65.1748734,-26.8018131],[-65.1989365,-26.808115],[-65.2277832,-26.7980518],[-65.2569199,-26.7928829]],[[-65.2569199,-26.7928829],[-65.2769089,-26.8470707]],[[-65.2769089,-26.8470707],[-65.2756119,-26.8684692],[-65.2610934,-26.871943]],[[-65.2610934,-26.871943],[-65.2489774,-26.8748419]],[[-65.2489774,-26.8748419],[-65.2354584,-26.8780766],[-65.2304993,-26.8982201],[-65.2193855,-26.9097962]],[[-65.2193855,-26.9097962],[-65.2168155,-26.908808]],[[-65.2168155,-26.908808],[-65.2089233,-26.8873444],[-65.1658554,-26.8263893],[-65.1656647,-26.8079319]],[[-63.9473719,-28.23047],[-63.9620366,-28.2445895],[-63.9416671,-28.2504163],[-63.9473719,-28.23047]],[[-68.8229275,-33.0547467],[-68.8060307,-33.0561048],[-68.7759689,-33.0393323],[-68.7500004,-33.0337497],[-68.7416671,-33.0337497],[-68.7114018,-33.0303073],[-68.7142989,-33.0173922],[-68.7006759,-32.9976494],[-68.6632654,-33.0220146],[-68.6367355,-33.028818],[-68.6212081,-33.0389336],[-68.6023523,-33.0347099],[-68.5794285,-33.0560693]],[[-68.5794285,-33.0560693],[-68.5670166,-33.0374298]],[[-68.5609133,-33.0284352],[-68.6210698,-33.004819],[-68.6289311,-32.9876803],[-68.6500004,-32.9754163],[-68.6500004,-32.967083],[-68.6430262,-32.9480888],[-68.6549484,-32.9378187],[-68.6294764,-32.9264498],[-68.6556651,-32.8943829]],[[-68.401921,-33.2636813],[-68.420671,-33.2766207],[-68.3833338,-33.2837496],[-68.401921,-33.2636813]],[[-68.4557052,-33.25547],[-68.4703699,-33.2695895],[-68.4500004,-33.2754163],[-68.4557052,-33.25547]],[[-68.6359539,-33.1880148],[-68.6083338,-33.192083],[-68.6066773,-33.1722663]],[[-68.6066773,-33.1722663],[-68.6359539,-33.1880148]],[[-68.4283018,-33.1713876],[-68.4423447,-33.1603661],[-68.4787445,-33.148262],[-68.5071127,-33.150963]],[[-68.5071127,-33.150963],[-68.4698898,-33.1625582],[-68.4944178,-33.2042737],[-68.5077967,-33.2149915],[-68.4693364,-33.2374524],[-68.4724288,-33.2126233],[-68.4194015,-33.2049004],[-68.4447758,-33.1845797],[-68.4283018,-33.1713876]],[[-65.2755538,-27.499513],[-65.2944666,-27.5135755],[-65.2666671,-27.517083],[-65.2755538,-27.499513]],[[-65.2756596,-27.4059014],[-65.2952967,-27.4161797],[-65.2833338,-27.4254163],[-65.2756596,-27.4059014]],[[-65.3447677,-27.2535169],[-65.3585372,-27.2389824],[-65.3697677,-27.2714368],[-65.3416671,-27.2754163],[-65.3447677,-27.2535169]],[[-64.6557052,-24.2971367],[-64.6703699,-24.3112562],[-64.6500005,-24.317083],[-64.6557052,-24.2971367]],[[-64.3557052,-23.5471367],[-64.3703699,-23.5612562],[-64.3500005,-23.567083],[-64.3557052,-23.5471367]],[[-65.4872482,-26.2144463],[-65.503101,-26.2375664],[-65.4833338,-26.242083],[-65.4872482,-26.2144463]],[[-65.271493,-26.213665],[-65.2952967,-26.2341077],[-65.2666671,-26.242083],[-65.271493,-26.213665]],[[-65.2569199,-26.7928829],[-65.2732697,-26.7788525],[-65.2671432,-26.7566929],[-65.2879741,-26.7525358]],[[-65.2879741,-26.7525358],[-65.2941574,-26.780112],[-65.3241867,-26.7878187],[-65.3450688,-26.8115573],[-65.3305657,-26.8338301]],[[-65.3305657,-26.8338301],[-65.2769089,-26.8470707]],[[-58.7044771,-28.5619778],[-58.7133224,-28.5549655],[-58.7287291,-28.5861016]],[[-59.027686,-28.5246921],[-59.0110519,-28.5132093],[-59.0286626,-28.4861667],[-59.0535568,-28.5054619],[-59.0617355,-28.545265],[-59.0416672,-28.5504163],[-59.027686,-28.5246921]],[[-62.0284266,-34.31679],[-62.044369,-34.3059502],[-62.0569503,-34.33082],[-62.0250005,-34.3337496],[-62.0284266,-34.31679]],[[-62.6781417,-34.2592705],[-62.7152104,-34.2382988],[-62.737118,-34.2753024],[-62.6833338,-34.292083],[-62.6781417,-34.2592705]],[[-61.5068771,-34.1719251],[-61.5453699,-34.1840996],[-61.5250005,-34.2004163],[-61.5068771,-34.1719251]],[[-62.2403162,-33.9972343],[-62.25363,-34.0122164],[-62.2250005,-34.017083],[-62.2403162,-33.9972343]],[[-61.8937912,-34.0045911],[-61.9005701,-33.9907158],[-61.9278,-34.0135755],[-61.9000005,-34.017083],[-61.8937912,-34.0045911]],[[-61.5952967,-33.9957125],[-61.6143071,-33.9810397],[-61.62863,-34.0108004],[-61.5916671,-34.017083],[-61.5952967,-33.9957125]],[[-61.6885584,-33.8717705],[-61.7121912,-33.895151],[-61.6833338,-33.9004163],[-61.6885584,-33.8717705]],[[-61.33016,-33.8119235],[-61.3135503,-33.801694],[-61.3426193,-33.7889092],[-61.3531743,-33.8048597],[-61.33016,-33.8119235]],[[-61.7390386,-33.7888034],[-61.7537033,-33.8029228],[-61.7333338,-33.8087496],[-61.7390386,-33.7888034]],[[-61.2000005,-33.8004163],[-61.2000005,-33.7837496],[-61.2250005,-33.7837496],[-61.2250005,-33.8004163],[-61.2000005,-33.8004163]],[[-61.756161,-33.7221448],[-61.7789311,-33.7331474],[-61.7500005,-33.742083],[-61.756161,-33.7221448]],[[-62.2337163,-33.7160006],[-62.2615076,-33.7215263],[-62.2416671,-33.7337496],[-62.2337163,-33.7160006]],[[-61.9368494,-33.7798271],[-61.9320806,-33.7304049],[-61.9630376,-33.7217868],[-61.97863,-33.7123792],[-62.0202967,-33.6968356],[-61.9927902,-33.7597832],[-61.9561772,-33.7880384],[-61.9368494,-33.7798271]],[[-61.6000005,-33.7087496],[-61.6000005,-33.692083],[-61.6333338,-33.692083],[-61.6333338,-33.7087496],[-61.6000005,-33.7087496]],[[-61.4433029,-33.6536146],[-61.4607101,-33.6476168],[-61.4694666,-33.6631523],[-61.4500005,-33.667083],[-61.4433029,-33.6536146]],[[-61.8333338,-33.6504163],[-61.8333338,-33.6337496],[-61.8666671,-33.6337496],[-61.8666671,-33.6504163],[-61.8333338,-33.6504163]],[[-61.5933029,-33.5952812],[-61.6107101,-33.5892835],[-61.6194666,-33.604819],[-61.6000005,-33.6087496],[-61.5933029,-33.5952812]],[[-61.3057052,-33.5888034],[-61.3203699,-33.6029228],[-61.3000005,-33.6087496],[-61.3057052,-33.5888034]],[[-61.4662492,-33.4573935],[-61.4850877,-33.4303254],[-61.5118901,-33.4625094],[-61.4833338,-33.4837496],[-61.4662492,-33.4573935]],[[-61.2718511,-38.7135511],[-61.3103602,-38.7053479],[-61.2947433,-38.7293225],[-61.2666671,-38.7337496],[-61.2718511,-38.7135511]],[[-59.7593755,-34.1601087],[-59.7990158,-34.1470146],[-59.8117355,-34.1795748],[-59.7750005,-34.1837496],[-59.7593755,-34.1601087]],[[-65.1910261,-24.282948],[-65.1652918,-24.2609632],[-65.1787521,-24.2290134],[-65.196965,-24.2312757],[-65.2285501,-24.198054]],[[-65.2285501,-24.198054],[-65.2455368,-24.2030163],[-65.2613449,-24.2154808],[-65.2077255,-24.2560062],[-65.2243347,-24.2728577]],[[-60.9130946,-34.5429863],[-60.9850916,-34.5694267],[-61.0060307,-34.5811048],[-61.0294438,-34.5792249],[-61.0371912,-34.5892184],[-60.9871912,-34.6042737],[-60.9790613,-34.6224948],[-60.9416671,-34.6337496],[-60.9097417,-34.5847669],[-60.9130946,-34.5429863]],[[-62.8211201,-41.0509446],[-62.8150314,-41.0386975],[-62.8310145,-41.0309501],[-62.8444666,-41.054819],[-62.8211201,-41.0509446]],[[-63.0214827,-40.7929145],[-63.0293218,-40.7970634],[-63.045671,-40.8278496],[-62.9500005,-40.8504163],[-62.9547609,-40.8184964]],[[-63.6736496,-40.413901],[-63.6869634,-40.4288831],[-63.6583338,-40.4337496],[-63.6736496,-40.413901]],[[-67.4980799,-34.9837496],[-67.5232996,-34.9894056],[-67.519963,-35.00429],[-67.4916671,-35.0087496],[-67.4980799,-34.9837496]],[[-67.7064487,-34.9910801],[-67.6952723,-35.0072604],[-67.6641769,-35.0002861],[-67.6500005,-35.017083],[-67.6418624,-34.9977063],[-67.6560389,-34.9879163],[-67.6387374,-34.9759778],[-67.6715988,-34.9636813],[-67.6961919,-34.9446139],[-67.7202827,-34.9612495]],[[-59.6191411,-33.7756116],[-59.6335861,-33.7551933],[-59.6535568,-33.7791761],[-59.6250005,-33.8004163],[-59.6191411,-33.7756116]],[[-59.6333338,-33.7087496],[-59.6262863,-33.7362155],[-59.6049321,-33.7160413],[-59.6333338,-33.7087496]],[[-59.6333338,-33.7087496],[-59.6263351,-33.6909518],[-59.6746668,-33.6551201],[-59.7080246,-33.6662773],[-59.6949712,-33.6879163],[-59.7058192,-33.7059013],[-59.6540451,-33.7135511],[-59.6333338,-33.7087496]],[[-59.8640386,-33.6471367],[-59.8787033,-33.6612562],[-59.8583338,-33.667083],[-59.8640386,-33.6471367]],[[-58.2666672,-26.267083],[-58.2483729,-26.2617119],[-58.2274419,-26.2193047],[-58.2039474,-26.2216973],[-58.1795496,-26.2125339],[-58.1318966,-26.2019672],[-58.1574516,-26.1856079],[-58.1411896,-26.1790028],[-58.1357996,-26.142083],[-58.1383957,-26.116668],[-58.194841,-26.1224216],[-58.2207362,-26.1075941],[-58.237118,-26.1167656],[-58.2049159,-26.1435153],[-58.2295496,-26.1542005],[-58.237118,-26.1716322],[-58.2574549,-26.1998955],[-58.244605,-26.2223402],[-58.262883,-26.2375339],[-58.2666672,-26.267083]],[[-59.514714,-32.3797213],[-59.5371505,-32.3726168],[-59.5444666,-32.3964857],[-59.5250005,-32.4004163],[-59.514714,-32.3797213]],[[-59.7713465,-32.3820651],[-59.7994634,-32.3629977],[-59.8124191,-32.4076429],[-59.7833338,-32.417083],[-59.7713465,-32.3820651]],[[-65.564063,-27.7598483],[-65.5918706,-27.7473158],[-65.603101,-27.7797702],[-65.5750005,-27.7837497],[-65.564063,-27.7598483]],[[-62.3504562,-37.7469658],[-62.3622645,-37.7690524],[-62.3416671,-37.7754163],[-62.3504562,-37.7469658]],[[-62.3866704,-37.6010673],[-62.4093266,-37.5808769],[-62.4331385,-37.5915703],[-62.4229985,-37.6141451],[-62.3833338,-37.617083],[-62.3866704,-37.6010673]],[[-60.2857654,-32.0502131],[-60.2800439,-32.0465989],[-60.2634852,-32.0321627],[-60.3218104,-31.9965589],[-60.3204839,-32.0131442],[-60.3371912,-32.045916],[-60.2857654,-32.0502131]],[[-60.1380781,-31.9716151],[-60.1052983,-31.96054],[-60.1279464,-31.9383802],[-60.1451497,-31.9659493],[-60.1380781,-31.9716151]],[[-60.4057052,-31.8721367],[-60.4203699,-31.8862562],[-60.4000005,-31.892083],[-60.4057052,-31.8721367]],[[-59.9867355,-31.8621513],[-60.0260666,-31.8520602],[-60.0198979,-31.8795911],[-59.9833338,-31.8837497],[-59.9867355,-31.8621513]],[[-59.9294764,-31.7891859],[-59.9531011,-31.8047702],[-59.9250005,-31.8087497],[-59.9294764,-31.7891859]],[[-60.4843999,-31.6974297],[-60.5123296,-31.713429],[-60.5662602,-31.7014173],[-60.5787847,-31.7084323],[-60.562118,-31.7375338],[-60.5462163,-31.7799655],[-60.5214686,-31.8005303],[-60.5446538,-31.8410169],[-60.5295496,-31.8458672],[-60.5107508,-31.8377129],[-60.4935063,-31.7979424],[-60.4287847,-31.7882988],[-60.3703699,-31.7716159],[-60.3718429,-31.7572116],[-60.4010421,-31.7445407],[-60.4392095,-31.758888],[-60.4365809,-31.7330416],[-60.4650884,-31.72068],[-60.4843999,-31.6974297]],[[-59.8870366,-31.6541191],[-59.9258631,-31.6467135],[-59.9370366,-31.6687025],[-59.8833338,-31.6754163],[-59.8870366,-31.6541191]],[[-60.3583338,-31.6587497],[-60.3583338,-31.642083],[-60.3833338,-31.642083],[-60.3833338,-31.6587497],[-60.3583338,-31.6587497]],[[-59.8890386,-31.5721367],[-59.9037033,-31.5862562],[-59.8833338,-31.592083],[-59.8890386,-31.5721367]],[[-60.062175,-31.5736585],[-60.0809901,-31.5642103],[-60.0945399,-31.588665],[-60.0583338,-31.592083],[-60.062175,-31.5736585]],[[-59.8281255,-31.4998629],[-59.8527267,-31.5040703],[-59.8433192,-31.5218356],[-59.8250005,-31.5254163],[-59.8281255,-31.4998629]],[[-59.9750005,-31.242083],[-59.9750005,-31.217083],[-59.9916671,-31.217083],[-59.9916671,-31.242083],[-59.9750005,-31.242083]],[[-68.6066773,-33.1722663],[-68.6224939,-33.1642103],[-68.6359539,-33.1880148]],[[-68.4283018,-33.1713876],[-68.4333338,-33.1504163],[-68.454631,-33.1467135],[-68.4788416,-33.1290215],[-68.4907231,-33.1305026],[-68.5071127,-33.150963]],[[-68.4206435,-33.1085132],[-68.4166671,-33.1337496],[-68.3970512,-33.1221129]],[[-68.5500004,-33.1087496],[-68.5669275,-33.0842379],[-68.5913335,-33.0897067],[-68.5833338,-33.1087496],[-68.5500004,-33.1087496]],[[-68.5144328,-33.1007872],[-68.4955408,-33.0948011],[-68.4875574,-33.1063652],[-68.4536056,-33.1139743],[-68.4438497,-33.0998455]],[[-68.5794285,-33.0560693],[-68.575373,-33.0619441]],[[-68.650293,-31.476269],[-68.6571888,-31.4791135]],[[-65.9890385,-30.9971367],[-66.0037033,-31.0112562],[-65.9833338,-31.017083],[-65.9890385,-30.9971367]],[[-54.715243,-27.5141289],[-54.7286463,-27.5059502],[-54.7361333,-27.5281182],[-54.7250005,-27.5337497],[-54.715243,-27.5141289]],[[-54.5087163,-27.4660006],[-54.5365077,-27.4715264],[-54.5166672,-27.4837497],[-54.5087163,-27.4660006]],[[-54.7305425,-27.3697116],[-54.7540207,-27.3559502],[-54.7611333,-27.382236],[-54.7416672,-27.392083],[-54.7305425,-27.3697116]],[[-68.4111333,-39.0110201],[-68.4248702,-38.9883802],[-68.4537032,-39.0207858],[-68.4166671,-39.0254163],[-68.4111333,-39.0110201]],[[-69.2750004,-38.9254163],[-69.271143,-38.9382255],[-69.2315271,-38.9583997],[-69.1541101,-38.9443616],[-69.1378097,-38.9327161],[-69.1711023,-38.9119316],[-69.2017338,-38.9121106],[-69.2750004,-38.9254163]],[[-68.1023076,-38.8170836],[-68.1402918,-38.8031344],[-68.1654708,-38.8051526],[-68.1618494,-38.850164],[-68.1203618,-38.8626559],[-68.1044764,-38.8949557],[-68.1894943,-38.912607],[-68.2083338,-38.8907402],[-68.2295252,-38.9126477],[-68.228809,-38.9215426],[-68.2684412,-38.9334811],[-68.2788579,-38.949399],[-68.2503585,-38.9739596],[-68.2145908,-38.9710842],[-68.1917212,-38.9692457],[-68.1685633,-38.9673841],[-68.1439702,-38.9811048],[-68.1206629,-38.979233],[-68.0706933,-38.9895774]],[[-68.0526111,-38.916732],[-68.0585125,-38.9098825],[-68.0717073,-38.894921],[-68.1088383,-38.847332],[-68.0884819,-38.8368858]],[[-68.1723152,-38.722928],[-68.1870691,-38.7365979],[-68.1583338,-38.742083],[-68.1501308,-38.7338648]],[[-68.5914799,-38.5082695],[-68.6027023,-38.4892835],[-68.6167078,-38.516969],[-68.6000004,-38.5254163],[-68.5914799,-38.5082695]],[[-57.6431239,-36.3022148],[-57.7071701,-36.2801201],[-57.7023524,-36.3293877],[-57.6666672,-36.3337496],[-57.6431239,-36.3022148]],[[-58.3578326,-34.6457227],[-58.3634377,-34.6063423],[-58.3824501,-34.5795937],[-58.4174461,-34.5802345],[-58.4359093,-34.5705948],[-58.4378357,-34.5563927],[-58.4569893,-34.5509529],[-58.4675521,-34.5398101]],[[-58.5229874,-34.6018677],[-58.5312691,-34.6194725],[-58.5289307,-34.6595345]],[[-58.4472427,-34.693222],[-58.4269447,-34.6691933],[-58.403801,-34.6646538]],[[-58.403801,-34.6646538],[-58.3749733,-34.6624107],[-58.3578326,-34.6457227]],[[-62.6416671,-29.1504163],[-62.6416671,-29.1337497],[-62.6666671,-29.1337497],[-62.6666671,-29.1504163],[-62.6416671,-29.1504163]],[[-64.9465581,-24.2947848],[-64.9681076,-24.2974622],[-64.9787033,-24.3195895],[-64.9583338,-24.3254164],[-64.9465581,-24.2947848]],[[-64.854631,-24.2541192],[-64.8212977,-24.2400729],[-64.8312342,-24.2142103],[-64.8759282,-24.208652],[-64.9104171,-24.267319],[-64.8705978,-24.2623711],[-64.854631,-24.2541192]],[[-65.9890647,-26.0573132],[-66.0038579,-26.068377],[-65.9666671,-26.1004163],[-65.9589523,-26.0747979],[-65.9635792,-26.0571729],[-65.9890647,-26.0573132]],[[-54.7145269,-26.5654473],[-54.7785324,-26.5467868],[-54.7914637,-26.5680026],[-54.7711594,-26.5802503],[-54.7594976,-26.5785251],[-54.7250005,-26.592083],[-54.7145269,-26.5654473]],[[-54.7022791,-26.481471],[-54.6811366,-26.4694105],[-54.7054367,-26.4557223],[-54.7330164,-26.4793256],[-54.7083338,-26.492083],[-54.7022791,-26.481471]],[[-61.5564132,-31.6837497],[-61.581633,-31.6894056],[-61.5782964,-31.70429],[-61.5500005,-31.7087497],[-61.5564132,-31.6837497]],[[-61.7416671,-31.6837497],[-61.7416671,-31.667083],[-61.7666671,-31.667083],[-61.7666671,-31.6837497],[-61.7416671,-31.6837497]],[[-61.9307052,-31.60547],[-61.9453699,-31.6195895],[-61.9250005,-31.6254163],[-61.9307052,-31.60547]],[[-61.5390386,-31.5388034],[-61.5537033,-31.5529228],[-61.5333338,-31.5587497],[-61.5390386,-31.5388034]],[[-61.7087163,-31.5160006],[-61.7365076,-31.5215263],[-61.7166671,-31.5337497],[-61.7087163,-31.5160006]],[[-61.7057052,-31.4388034],[-61.7203699,-31.4529228],[-61.7000005,-31.4587497],[-61.7057052,-31.4388034]],[[-62.0780688,-31.4541276],[-62.0540532,-31.4576754],[-62.0463709,-31.4107109],[-62.0621185,-31.4063248]],[[-61.98641,-31.3927015],[-62.0028,-31.407236],[-61.9833338,-31.417083],[-61.98641,-31.3927015]],[[-61.8053634,-31.3223076],[-61.8368901,-31.3353773],[-61.8166671,-31.3504163],[-61.8053634,-31.3223076]],[[-61.4403162,-31.2533216],[-61.4739018,-31.2143405],[-61.5024907,-31.2120456],[-61.5128097,-31.2209404],[-61.5307052,-31.256471],[-61.5204025,-31.2906833],[-61.4472987,-31.268792],[-61.3916671,-31.3004163],[-61.3978358,-31.2799329],[-61.4403162,-31.2533216]],[[-61.6088872,-31.199513],[-61.6278,-31.2135755],[-61.6000005,-31.217083],[-61.6088872,-31.199513]],[[-61.8307052,-31.18047],[-61.8453699,-31.1945895],[-61.8250005,-31.2004163],[-61.8307052,-31.18047]],[[-61.4416671,-31.1337497],[-61.4416671,-31.117083],[-61.4666671,-31.117083],[-61.4666671,-31.1337497],[-61.4416671,-31.1337497]],[[-61.4170496,-30.9910006],[-61.444841,-30.9965264],[-61.4250005,-31.0087497],[-61.4170496,-30.9910006]],[[-61.7390386,-30.9638034],[-61.7537033,-30.9779228],[-61.7333338,-30.9837497],[-61.7390386,-30.9638034]],[[-61.5349614,-30.9293226],[-61.5669601,-30.9219333],[-61.5868169,-30.9522067],[-61.5250005,-30.967083],[-61.5349614,-30.9293226]],[[-61.3346522,-30.8632663],[-61.3790858,-30.861541],[-61.3416671,-30.8837497],[-61.3346522,-30.8632663]],[[-58.4717534,-35.7645195],[-58.4878097,-35.7386813],[-58.522966,-35.7659192],[-58.5191574,-35.782887],[-58.4833338,-35.792083],[-58.4717534,-35.7645195]],[[-65.6091969,-33.0462672],[-65.6081249,-33.038811],[-65.6372645,-33.0486748],[-65.6166671,-33.067083],[-65.6091969,-33.0462672]],[[-60.1220708,-32.612428],[-60.1850428,-32.5888685],[-60.1699224,-32.6376315],[-60.1416671,-32.642083],[-60.1220708,-32.612428]],[[-60.1896684,-32.1829504],[-60.1801682,-32.1773758],[-60.1728276,-32.1626152],[-60.2038579,-32.1559502],[-60.2111333,-32.1802422],[-60.1896684,-32.1829504]],[[-60.4382248,-32.0531181],[-60.4570317,-32.0554538],[-60.4787033,-32.0787529],[-60.4500005,-32.0837497],[-60.4382248,-32.0531181]],[[-60.6015223,-32.0533786],[-60.6460454,-32.0476168],[-60.6528,-32.0804375],[-60.6166671,-32.0837497],[-60.6015223,-32.0533786]],[[-60.5807052,-31.98047],[-60.5953699,-31.9945895],[-60.5750005,-32.0004163],[-60.5807052,-31.98047]],[[-60.575383,-31.8826673],[-60.6031743,-31.888193],[-60.5833338,-31.9004163],[-60.575383,-31.8826673]],[[-65.3166671,-26.9004163],[-65.3418217,-26.9047946],[-65.375562,-26.9408704],[-65.349382,-26.9767103],[-65.3103927,-26.9280286],[-65.3166671,-26.9004163]],[[-65.2489774,-26.8748419],[-65.2370447,-26.9165866],[-65.2193855,-26.9097962]],[[-65.3166671,-26.9004163],[-65.2783859,-26.869793],[-65.2610934,-26.871943]],[[-65.3305657,-26.8338301],[-65.3253667,-26.8418145],[-65.3314214,-26.8688164],[-65.3166671,-26.9004163]],[[-65.6933029,-26.9369479],[-65.7107101,-26.9309502],[-65.7194666,-26.9464857],[-65.7000005,-26.9504163],[-65.6933029,-26.9369479]],[[-65.6801437,-26.8390312],[-65.7230555,-26.8475111],[-65.7200932,-26.862485],[-65.6916671,-26.867083],[-65.6801437,-26.8390312]],[[-57.7834778,-38.2332872],[-57.8082036,-38.2440931],[-57.8731857,-38.2344902],[-57.865243,-38.2882418],[-57.8439089,-38.2902782],[-57.8350067,-38.2703438],[-57.8208389,-38.2704697],[-57.7769814,-38.2491608]],[[-58.2087163,-38.1410006],[-58.2365076,-38.1465263],[-58.2166672,-38.1587496],[-58.2087163,-38.1410006]],[[-57.8281011,-38.1035169],[-57.8418706,-38.0889824],[-57.8531011,-38.1214368],[-57.8250005,-38.1254163],[-57.8281011,-38.1035169]],[[-70.2316167,-48.7456799],[-70.2679366,-48.7392834],[-70.2599939,-48.7555432],[-70.2250004,-48.7587496],[-70.2316167,-48.7456799]],[[-65.1631841,-33.8622327],[-65.1467046,-33.8504163],[-65.1682947,-33.8349459],[-65.2009119,-33.8413912],[-65.1950932,-33.8708183],[-65.1666671,-33.8754163],[-65.1631841,-33.8622327]],[[-65.3811609,-33.7054782],[-65.4039311,-33.7164808],[-65.3750005,-33.7254163],[-65.3811609,-33.7054782]],[[-65.5481694,-33.6138115],[-65.5618169,-33.6275892],[-65.5365564,-33.6373222],[-65.5400151,-33.6547864],[-65.5084233,-33.6631198],[-65.5159103,-33.7010104],[-65.4868169,-33.7122327],[-65.4631841,-33.7302666],[-65.4500005,-33.7337496],[-65.4462244,-33.7103691],[-65.4138595,-33.7107109],[-65.4216557,-33.6712496],[-65.4180587,-33.6530286],[-65.4384282,-33.6384371],[-65.4361333,-33.6268405],[-65.4679692,-33.6331312],[-65.5481694,-33.6138115]],[[-60.587883,-25.9333102],[-60.6357834,-25.9214857],[-60.6455978,-25.9609876],[-60.6000005,-25.967083],[-60.587883,-25.9333102]],[[-60.9194666,-25.6365492],[-60.9372075,-25.6309502],[-60.9444666,-25.6554375],[-60.9083338,-25.6587497],[-60.9194666,-25.6365492]],[[-60.2535242,-25.6323988],[-60.2707036,-25.6226901],[-60.2777267,-25.6470228],[-60.2500005,-25.6504163],[-60.2535242,-25.6323988]],[[-65.1699524,-26.7679424],[-65.162975,-26.7663071]],[[-65.162975,-26.7663071],[-65.1668045,-26.7600013]],[[-65.1668045,-26.7600013],[-65.1699524,-26.7679424]],[[-65.0640385,-26.7471367],[-65.0787033,-26.7612562],[-65.0583338,-26.767083],[-65.0640385,-26.7471367]],[[-64.726213,-26.4881035],[-64.7440516,-26.480348],[-64.7564376,-26.5134453],[-64.7333338,-26.517083],[-64.726213,-26.4881035]],[[-60.2666671,-35.0504163],[-60.2699956,-35.0151624],[-60.2945399,-35.0264091],[-60.2855229,-35.0464856],[-60.2666671,-35.0504163]],[[-65.3722773,-24.8630824],[-65.3576339,-24.8623792],[-65.345549,-24.8104424],[-65.3045984,-24.7738538],[-65.362118,-24.747446],[-65.3837769,-24.7140761]],[[-65.4387122,-24.7199783],[-65.4416671,-24.742083],[-65.4628097,-24.7382256],[-65.4697887,-24.7075101],[-65.4860494,-24.6949419],[-65.4871424,-24.7048272],[-65.5057215,-24.7310316],[-65.5031661,-24.7629164],[-65.5032964,-24.8112399],[-65.5321804,-24.843667]],[[-62.4916671,-36.767083],[-62.4916671,-36.7504163],[-62.5166671,-36.7504163],[-62.5166671,-36.767083],[-62.4916671,-36.767083]],[[-61.241895,-37.241025],[-61.2697515,-37.230649],[-61.2781011,-37.2547701],[-61.2500005,-37.2587496],[-61.241895,-37.241025]],[[-63.4669764,-29.3640963],[-63.4955978,-29.385125],[-63.4583338,-29.392083],[-63.4669764,-29.3640963]],[[-70.2503829,-41.0243339],[-70.2781743,-41.0298596],[-70.2583338,-41.042083],[-70.2503829,-41.0243339]],[[-59.0500005,-27.3754163],[-59.0441513,-27.3837497]],[[-59.0350568,-27.3754163],[-59.0500005,-27.3754163]],[[-59.0723638,-27.3653822],[-59.1118169,-27.3716728],[-59.0833338,-27.392083],[-59.0723638,-27.3653822]],[[-59.0500005,-27.3754163],[-59.0587895,-27.3469658],[-59.0705978,-27.3690524],[-59.0500005,-27.3754163]],[[-59.9616623,-29.3318291],[-59.9862065,-29.3430758],[-59.9771896,-29.3631523],[-59.9583338,-29.367083],[-59.9616623,-29.3318291]],[[-59.6750005,-29.192083],[-59.6509038,-29.2040459],[-59.6218755,-29.1664401],[-59.6329839,-29.0912692],[-59.6703944,-29.0968031],[-59.6952967,-29.1161797],[-59.6781255,-29.1294365],[-59.6967697,-29.154583],[-59.6750005,-29.1837497],[-59.6750005,-29.192083]],[[-59.5557052,-28.93047],[-59.5703699,-28.9445895],[-59.5500005,-28.9504163],[-59.5557052,-28.93047]],[[-59.625383,-28.8326673],[-59.6531743,-28.838193],[-59.6333338,-28.8504163],[-59.625383,-28.8326673]],[[-59.4723719,-28.7138034],[-59.4870366,-28.7279228],[-59.4666671,-28.7337497],[-59.4723719,-28.7138034]],[[-59.3300054,-28.4803643],[-59.3691167,-28.4719333],[-59.3784836,-28.499041],[-59.3416671,-28.5087497],[-59.3300054,-28.4803643]],[[-59.2557052,-28.40547],[-59.2703699,-28.4195895],[-59.2500005,-28.4254163],[-59.2557052,-28.40547]],[[-59.2548507,-28.3788994],[-59.2402918,-28.3434583],[-59.2682052,-28.3302666],[-59.2784836,-28.3776462],[-59.2548507,-28.3788994]],[[-59.4396326,-28.2298597],[-59.4705978,-28.2403415],[-59.4500005,-28.2587497],[-59.4396326,-28.2298597]],[[-59.2161951,-28.0221774],[-59.2369634,-28.0455498],[-59.2083338,-28.0504163],[-59.2161951,-28.0221774]],[[-69.5740157,-35.4896334],[-69.5552251,-35.4745862],[-69.5861658,-35.449806],[-69.6054041,-35.4738294],[-69.6023279,-35.4985527],[-69.5666671,-35.5087496],[-69.5740157,-35.4896334]],[[-65.6812993,-39.4128919],[-65.70634,-39.4059501],[-65.7194666,-39.4302421],[-65.6916671,-39.4337496],[-65.6812993,-39.4128919]],[[-65.7465744,-39.3057386],[-65.7758712,-39.2970878],[-65.7698247,-39.321095],[-65.7416671,-39.3254163],[-65.7465744,-39.3057386]],[[-65.6455245,-39.2842623],[-65.6696212,-39.2676201],[-65.6827967,-39.2867037],[-65.6562993,-39.304998],[-65.6455245,-39.2842623]],[[-65.9505538,-39.174513],[-65.9694666,-39.1885755],[-65.9416671,-39.192083],[-65.9505538,-39.174513]],[[-57.8903269,-34.8432733],[-57.9188162,-34.83613],[-57.9628097,-34.8419446],[-57.9727788,-34.8694511],[-58.0525233,-34.845444],[-58.073149,-34.8287211]],[[-65.2285501,-24.198054],[-65.238298,-24.18589],[-65.2911707,-24.1472669],[-65.3634038,-24.1562513],[-65.4010991,-24.1340915],[-65.4066574,-24.1787529],[-65.3651697,-24.1762871],[-65.3527592,-24.1974053],[-65.3531336,-24.2254164],[-65.3453699,-24.2383802],[-65.3314214,-24.2052666],[-65.3056727,-24.2258884],[-65.2826256,-24.2638283]],[[-65.2543187,-24.2697122],[-65.2454283,-24.2707669]],[[-60.0787033,-38.0291191],[-60.106397,-38.0069511],[-60.1203699,-38.0364108],[-60.0750005,-38.042083],[-60.0787033,-38.0291191]],[[-60.41141,-37.9510348],[-60.4278,-37.9655693],[-60.4083338,-37.9754163],[-60.41141,-37.9510348]],[[-55.0487147,-26.9562839],[-55.0700689,-26.976458],[-55.0416672,-26.9837497],[-55.0487147,-26.9562839]],[[-55.0480799,-26.917083],[-55.0732997,-26.9227389],[-55.0699631,-26.9376234],[-55.0416672,-26.942083],[-55.0480799,-26.917083]],[[-54.9417811,-26.8141859],[-54.9560633,-26.805348],[-54.9784022,-26.826458],[-54.9500005,-26.8337497],[-54.9417811,-26.8141859]],[[-55.0132655,-26.828818],[-54.9930181,-26.8069674],[-55.0012368,-26.7943536],[-55.0364832,-26.7958753],[-55.0434331,-26.8268812],[-55.0132655,-26.828818]],[[-54.807048,-26.6979505],[-54.8284022,-26.7181247],[-54.8000005,-26.7254163],[-54.807048,-26.6979505]],[[-58.2187017,-32.4639987],[-58.2665776,-32.4557549],[-58.2796392,-32.4733167],[-58.3179041,-32.4667331],[-58.3227788,-32.4950371],[-58.2792648,-32.5053154],[-58.2397547,-32.502817],[-58.2250005,-32.5087497],[-58.2047775,-32.4775648],[-58.2187017,-32.4639987]],[[-58.4737147,-32.4479505],[-58.4950688,-32.4681247],[-58.4666672,-32.4754163],[-58.4737147,-32.4479505]],[[-58.4307052,-32.43047],[-58.44537,-32.4445895],[-58.4250005,-32.4504163],[-58.4307052,-32.43047]],[[-58.6166672,-32.442083],[-58.6166672,-32.4254163],[-58.6416672,-32.4254163],[-58.6416672,-32.442083],[-58.6166672,-32.442083]],[[-58.7319097,-32.3974622],[-58.745313,-32.3892835],[-58.7528,-32.4114515],[-58.7416672,-32.417083],[-58.7319097,-32.3974622]],[[-58.8710698,-32.3876803],[-58.8550135,-32.373333],[-58.8821131,-32.354819],[-58.8955978,-32.3736748],[-58.8710698,-32.3876803]],[[-58.4211431,-32.2475192],[-58.4447677,-32.2631035],[-58.4166672,-32.267083],[-58.4211431,-32.2475192]],[[-58.7807052,-32.1638034],[-58.79537,-32.1779228],[-58.7750005,-32.1837497],[-58.7807052,-32.1638034]],[[-68.2884933,-31.6785901],[-68.2615076,-31.6722425],[-68.25516,-31.6419284],[-68.2884933,-31.6305758],[-68.3019861,-31.6086764],[-68.3198409,-31.6266614],[-68.3031743,-31.6369235],[-68.2968266,-31.6805758],[-68.2884933,-31.6785901]],[[-65.1208338,-43.2783053],[-65.1387212,-43.2801282],[-65.1357508,-43.3092298],[-65.0704513,-43.3208671],[-65.0628829,-43.3466321],[-65.0345078,-43.3071632],[-65.0444666,-43.2973808],[-65.0872645,-43.2791354],[-65.1208338,-43.2783053]],[[-65.2916671,-43.2170829],[-65.3207524,-43.2296643],[-65.3542485,-43.2378349],[-65.3745447,-43.2482841],[-65.3874191,-43.2652763],[-65.3290857,-43.2795016],[-65.3209152,-43.2879977],[-65.2874191,-43.2961682],[-65.2669357,-43.3067151],[-65.2375818,-43.2807874],[-65.2916671,-43.2170829]],[[-67.7035242,-37.7657321],[-67.7207036,-37.7560234],[-67.7277267,-37.7803561],[-67.7000004,-37.7837496],[-67.7035242,-37.7657321]],[[-65.4987147,-28.0312838],[-65.5200688,-28.051458],[-65.4916671,-28.0587497],[-65.4987147,-28.0312838]],[[-56.6382411,-29.1640719],[-56.6675379,-29.1554212],[-56.6614914,-29.1794284],[-56.6333338,-29.1837497],[-56.6382411,-29.1640719]],[[-65.4710535,-25.2728854],[-65.4942876,-25.2639824],[-65.486174,-25.2876234],[-65.4666671,-25.292083],[-65.4710535,-25.2728854]],[[-60.395256,-26.7771904],[-60.4239344,-26.7524915],[-60.4595708,-26.7553561],[-60.4769943,-26.7944023],[-60.4621505,-26.8210137],[-60.4000005,-26.8254163],[-60.395256,-26.7771904]],[[-57.8874679,-35.8651461],[-57.9113042,-35.8554212],[-57.9033208,-35.8870944],[-57.8833338,-35.892083],[-57.8874679,-35.8651461]],[[-58.0200282,-35.5064873],[-58.0297531,-35.5597994],[-58.0287033,-35.5728203],[-57.9666672,-35.6004163],[-57.9621017,-35.5710136],[-58.0200282,-35.5064873]],[[-59.9951665,-36.0216077],[-59.9970627,-36.0087903],[-60.0320887,-36.0139661],[-60.0279953,-36.0416679],[-60.0166671,-36.0504163],[-59.9951665,-36.0216077]],[[-70.5979659,-38.0548597],[-70.6289311,-38.0653414],[-70.6083338,-38.0837496],[-70.5979659,-38.0548597]],[[-62.9114588,-32.0081963],[-62.93606,-32.0124036],[-62.9266525,-32.0301689],[-62.9083338,-32.0337497],[-62.9114588,-32.0081963]],[[-63.6557134,-31.9071058],[-63.7014653,-31.8969332],[-63.6950932,-31.9291517],[-63.6666671,-31.9337497],[-63.6557134,-31.9071058]],[[-63.1083338,-31.8837497],[-63.1083338,-31.8587497],[-63.1250005,-31.8587497],[-63.1250005,-31.8837497],[-63.1083338,-31.8837497]],[[-63.7978276,-31.7638115],[-63.8205978,-31.7748141],[-63.7916671,-31.7837497],[-63.7978276,-31.7638115]],[[-63.1833338,-31.6754163],[-63.1833338,-31.6587497],[-63.2083338,-31.6587497],[-63.2083338,-31.6754163],[-63.1833338,-31.6754163]],[[-63.8500005,-31.6587497],[-63.8549891,-31.6686211],[-63.8804041,-31.6562106],[-63.8898605,-31.6375257],[-63.9210047,-31.6309502],[-63.9277999,-31.662664],[-63.9027999,-31.6698825],[-63.8944015,-31.686484],[-63.8667811,-31.700457],[-63.8533452,-31.6738782],[-63.8336756,-31.6834892],[-63.822201,-31.6622571],[-63.8500005,-31.6587497]],[[-63.3254562,-31.6403903],[-63.3592046,-31.6304212],[-63.3533208,-31.653761],[-63.3333338,-31.6587497],[-63.3254562,-31.6403903]],[[-63.5111333,-31.5532158],[-63.5260991,-31.5343844],[-63.5471359,-31.5446546],[-63.5527999,-31.5638766],[-63.5083338,-31.567083],[-63.5111333,-31.5532158]],[[-58.3477325,-34.743103],[-58.3341141,-34.7305527]],[[-58.3341141,-34.7305527],[-58.3979645,-34.6789436],[-58.403801,-34.6646538]],[[-58.9562993,-27.2465264],[-58.9872645,-27.2570081],[-58.9666672,-27.2754163],[-58.9562993,-27.2465264]],[[-68.5109406,-31.4968853],[-68.5011444,-31.5286922],[-68.5049896,-31.5407944]],[[-68.4479309,-31.5653627],[-68.4368237,-31.5490204],[-68.4193476,-31.541441],[-68.4131098,-31.5387357],[-68.4097279,-31.5311839],[-68.4238693,-31.5194349],[-68.4471684,-31.5218112],[-68.4492495,-31.4892289]],[[-67.8970301,-33.3306409],[-67.9285568,-33.3437106],[-67.9083338,-33.3587496],[-67.8970301,-33.3306409]],[[-68.0381596,-33.2803317],[-68.0619633,-33.3007744],[-68.0333338,-33.3087496],[-68.0381596,-33.2803317]],[[-54.4837163,-26.4076673],[-54.5115077,-26.413193],[-54.4916672,-26.4254163],[-54.4837163,-26.4076673]],[[-54.5627365,-26.4004326],[-54.6383794,-26.379819],[-54.698933,-26.4037247],[-54.6784185,-26.4307793],[-54.5980392,-26.4284762],[-54.5833338,-26.4337497],[-54.5627365,-26.4004326]],[[-54.6153814,-26.3146172],[-54.6367355,-26.3347913],[-54.6083338,-26.342083],[-54.6153814,-26.3146172]],[[-54.5973719,-26.2221367],[-54.6120366,-26.2362562],[-54.5916672,-26.242083],[-54.5973719,-26.2221367]],[[-70.9083338,-39.242083],[-70.9083338,-39.2254163],[-70.9333338,-39.2254163],[-70.9333338,-39.242083],[-70.9083338,-39.242083]],[[-57.0906065,-29.7384721],[-57.0771408,-29.7202731],[-57.0798914,-29.6933525],[-57.1288416,-29.6950127],[-57.1436528,-29.7128349],[-57.1746831,-29.7208672],[-57.2095383,-29.7009046],[-57.2287847,-29.7198499],[-57.1454513,-29.7292005],[-57.112883,-29.7382988],[-57.0906065,-29.7384721]],[[-64.1759352,-28.2872797],[-64.1881922,-28.2807956],[-64.2000406,-28.2963472]],[[-61.8962163,-37.4500989],[-61.962118,-37.4385836],[-61.9493332,-37.4803642],[-61.9360926,-37.4790133],[-61.9212163,-37.5132988],[-61.9083338,-37.517083],[-61.9156824,-37.4840752],[-61.8962163,-37.4500989]],[[-61.9381841,-37.070566],[-61.9136479,-37.0610934],[-61.9428146,-37.0469332],[-61.9534835,-37.0669528],[-61.9381841,-37.070566]],[[-62.9877853,-35.0221937],[-63.0241053,-35.0136813],[-63.0367355,-35.0465182],[-62.9833338,-35.0504163],[-62.9877853,-35.0221937]],[[-63.1837163,-34.774334],[-63.2115076,-34.7798597],[-63.1916671,-34.792083],[-63.1837163,-34.774334]],[[-62.9838872,-34.7578463],[-63.0027999,-34.7719088],[-62.9750005,-34.7754163],[-62.9838872,-34.7578463]],[[-61.0300786,-35.0120049],[-61.0051844,-35.0032483],[-61.0236007,-34.9804944],[-61.059286,-34.9905286],[-61.0531743,-35.0122734],[-61.0300786,-35.0120049]],[[-58.1992371,-34.7412296],[-58.2098351,-34.7264976],[-58.2371635,-34.7073517],[-58.2830363,-34.6852731]],[[-58.2830363,-34.6852731],[-58.3341141,-34.7305527]],[[-58.3107986,-34.7968712],[-58.2729568,-34.7720413],[-58.2684479,-34.7772675]],[[-65.1666671,-32.3337497],[-65.2166671,-32.3337497],[-65.2166671,-32.3504163],[-65.1750005,-32.3504163],[-65.1666671,-32.3337497]],[[-64.9798507,-32.3622327],[-64.956283,-32.3531344],[-65.0016932,-32.3205905],[-65.0368169,-32.3200534],[-65.0283289,-32.3629814],[-64.9833338,-32.367083],[-64.9798507,-32.3622327]],[[-62.5333338,-36.292083],[-62.5333338,-36.267083],[-62.5583338,-36.267083],[-62.5583338,-36.292083],[-62.5333338,-36.292083]],[[-62.6946782,-35.9880872],[-62.7076909,-35.9571139],[-62.7456792,-35.9470146],[-62.7700688,-35.9869316],[-62.7367355,-35.9954847],[-62.7299321,-36.0053479],[-62.7083338,-36.0087496],[-62.6946782,-35.9880872]],[[-58.0140386,-31.5221367],[-58.0287033,-31.5362562],[-58.0083338,-31.542083],[-58.0140386,-31.5221367]],[[-58.3916672,-31.5337497],[-58.3916672,-31.517083],[-58.4166672,-31.517083],[-58.4166672,-31.5337497],[-58.3916672,-31.5337497]],[[-58.1083338,-31.4254163],[-58.1305343,-31.4282158],[-58.1361333,-31.4600192],[-58.1111577,-31.4478203],[-58.1083338,-31.4254163]],[[-58.1083338,-31.4254163],[-58.0871912,-31.4292737],[-58.0711919,-31.4209974],[-58.0521733,-31.3965589],[-58.0342454,-31.4173711],[-57.9943924,-31.4025574],[-57.9819603,-31.3844395],[-57.9965418,-31.3342298],[-57.99655,-31.28318],[-58.0217616,-31.2972506],[-58.0203618,-31.3146579],[-58.0423507,-31.3540703],[-58.0946213,-31.3348808],[-58.1038579,-31.3514499],[-58.0788579,-31.3626071],[-58.0544764,-31.3819023],[-58.1034917,-31.3779635],[-58.1083338,-31.4254163]],[[-58.1057052,-31.25547],[-58.12037,-31.2695895],[-58.1000005,-31.2754163],[-58.1057052,-31.25547]],[[-58.1781255,-31.1581963],[-58.2027267,-31.1624036],[-58.1933192,-31.1801689],[-58.1750005,-31.1837497],[-58.1781255,-31.1581963]],[[-64.7916671,-23.9254164],[-64.8166671,-23.9318291],[-64.8106124,-23.9588311],[-64.7804692,-23.9520765],[-64.7916671,-23.9254164]],[[-64.7916671,-23.9254164],[-64.7717208,-23.9197116],[-64.7858403,-23.9050469],[-64.7916671,-23.9254164]],[[-64.7700688,-23.8136813],[-64.7577479,-23.7656589],[-64.7694747,-23.755348],[-64.7867355,-23.780348],[-64.80363,-23.7920098],[-64.8189458,-23.832944],[-64.7833338,-23.842083],[-64.7700688,-23.8136813]],[[-64.5911951,-23.7221774],[-64.6119634,-23.7455498],[-64.5833338,-23.7504164],[-64.5911951,-23.7221774]],[[-64.461944,-23.6587497],[-64.4583338,-23.6525443],[-64.4583338,-23.6337497],[-64.4833338,-23.6337497],[-64.4833338,-23.6587497],[-64.461944,-23.6587497]],[[-58.5466313,-27.4882825],[-58.5789312,-27.5204359],[-58.5416672,-27.5254163],[-58.5466313,-27.4882825]],[[-60.2669276,-29.8839206],[-60.2937098,-29.8720146],[-60.3034022,-29.8948906],[-60.2833338,-29.9087497],[-60.2669276,-29.8839206]],[[-60.2473719,-29.68047],[-60.2620366,-29.6945895],[-60.2416671,-29.7004163],[-60.2473719,-29.68047]],[[-60.198674,-29.4481051],[-60.2156824,-29.4386813],[-60.2284022,-29.4712415],[-60.1916671,-29.4754163],[-60.198674,-29.4481051]],[[-62.0984624,-38.8341728],[-62.0999272,-38.8535332],[-62.1103453,-38.8806361],[-62.1030006,-38.8978539],[-62.0666671,-38.9087496],[-62.0379643,-38.8840996],[-62.0498458,-38.8627535],[-62.0984624,-38.8341728]],[[-62.1316826,-38.7776588],[-62.1049321,-38.7970146],[-62.1122726,-38.7683932],[-62.1234283,-38.7708959],[-62.1316826,-38.7776588]],[[-58.1890386,-29.3638034],[-58.2037033,-29.3779228],[-58.1833338,-29.3837497],[-58.1890386,-29.3638034]],[[-58.1083338,-29.1587497],[-58.1176925,-29.1652113],[-58.0972987,-29.1965264],[-58.0822108,-29.206943],[-58.0544032,-29.195265],[-58.0465988,-29.180348],[-58.0710617,-29.1582939],[-58.1036056,-29.1655937],[-58.1083338,-29.1587497]],[[-59.2964859,-33.1459274],[-59.2941239,-33.1466628]],[[-59.2941239,-33.1466628],[-59.29448,-33.1422332]],[[-58.988241,-33.0307386],[-59.0175379,-33.0220879],[-59.0114914,-33.046095],[-58.9833338,-33.0504163],[-58.988241,-33.0307386]],[[-58.5931076,-33.0271904],[-58.5967046,-33.0028659],[-58.6176519,-33.0059583],[-58.62863,-33.049513],[-58.6166672,-33.0587496],[-58.5931076,-33.0271904]],[[-58.5205002,-32.9789157],[-58.5423263,-32.9821465],[-58.55363,-32.9967868],[-58.5726812,-33.004583],[-58.5721115,-33.0340833],[-58.5250005,-33.042083],[-58.4972824,-33.0275241],[-58.4509282,-33.0306816],[-58.455217,-33.0016614],[-58.4795008,-33.0052503],[-58.5205002,-32.9789157]],[[-58.8540858,-32.6961683],[-58.8868739,-32.6630628],[-58.9040858,-32.6943454],[-58.8624191,-32.7045016],[-58.8540858,-32.6961683]],[[-62.4537684,-34.8313001],[-62.4846033,-34.8409111],[-62.4694422,-34.8625013],[-62.4500005,-34.867083],[-62.4537684,-34.8313001]],[[-55.5130051,-27.9722181],[-55.5253993,-27.9551934],[-55.5368901,-27.99568],[-55.5083338,-28.0004163],[-55.5130051,-27.9722181]],[[-55.8182931,-27.9250556],[-55.828203,-27.9033739]],[[-55.828203,-27.9033739],[-55.8363612,-27.9210462],[-55.8182931,-27.9250556]],[[-56.6792485,-27.6045016],[-56.661825,-27.5701917],[-56.6630702,-27.5546644],[-56.7121668,-27.6031182],[-56.6792485,-27.6045016]],[[-67.0217452,-27.6786715],[-67.0052006,-27.6680758],[-67.0151128,-27.6327975],[-67.0367762,-27.6388848],[-67.0449223,-27.6709974],[-67.0217452,-27.6786715]],[[-71.5244528,-41.9995132],[-71.5113123,-41.9778414],[-71.5220545,-41.9129977],[-71.5547449,-41.9470227],[-71.5537683,-41.994801],[-71.5296642,-41.999506],[-71.5244528,-41.9995132]],[[-71.4083338,-41.142083],[-71.3448735,-41.1455742],[-71.3466476,-41.1545423],[-71.3884444,-41.1706555],[-71.3201583,-41.1871269],[-71.2798507,-41.170566],[-71.2451502,-41.1635999],[-71.238184,-41.1372327],[-71.2215662,-41.1253186],[-71.213184,-41.1053805],[-71.2534835,-41.1219332],[-71.3200037,-41.1288994],[-71.4268559,-41.1075615],[-71.4543706,-41.0865491],[-71.4684249,-41.1061536],[-71.4118168,-41.1372327],[-71.4083338,-41.142083]],[[-61.2916671,-34.3087496],[-61.2916671,-34.292083],[-61.3166671,-34.292083],[-61.3166671,-34.3087496],[-61.2916671,-34.3087496]],[[-58.6557052,-27.4471367],[-58.67037,-27.4612562],[-58.6500005,-27.467083],[-58.6557052,-27.4471367]],[[-58.5006597,-27.3642347],[-58.5202967,-27.374513],[-58.5083338,-27.3837497],[-58.5006597,-27.3642347]],[[-58.5490565,-27.3070977],[-58.5839523,-27.3149264],[-58.5950688,-27.3292738],[-58.5666672,-27.3337497],[-58.5490565,-27.3070977]],[[-64.4366378,-40.1042981],[-64.4562586,-40.0891533],[-64.47863,-40.1108004],[-64.4416671,-40.117083],[-64.4366378,-40.1042981]],[[-60.4111414,-34.621331],[-60.4449061,-34.6008232],[-60.4538091,-34.6219495],[-60.4923752,-34.6109306],[-60.5189377,-34.6142347],[-60.4796392,-34.663372],[-60.4500005,-34.667083],[-60.4355962,-34.6316338],[-60.4111414,-34.621331]],[[-66.2169357,-28.8505303],[-66.2391606,-28.8392103],[-66.2528732,-28.8634616],[-66.2250005,-28.867083],[-66.2169357,-28.8505303]],[[-62.9407313,-36.7450045],[-62.9643966,-36.7303479],[-62.9784022,-36.7597913],[-62.9500005,-36.767083],[-62.9407313,-36.7450045]],[[-59.4221033,-34.4403496],[-59.4582362,-34.4220146],[-59.4700688,-34.4576591],[-59.4333338,-34.467083],[-59.4221033,-34.4403496]],[[-64.0823379,-38.9825634],[-64.1042407,-38.9757444],[-64.1197677,-38.9803642],[-64.1024907,-39.0043714],[-64.0833338,-39.0087496],[-64.0682866,-38.9964368],[-64.0823379,-38.9825634]],[[-59.5333338,-33.842083],[-59.5047043,-33.8290459],[-59.4608078,-33.8215914],[-59.5103522,-33.7841934],[-59.5143557,-33.7866272],[-59.5288498,-33.8054049],[-59.5333338,-33.842083]],[[-61.0549565,-27.0859144],[-61.0955815,-27.0682956],[-61.112118,-27.1037448],[-61.0666671,-27.117083],[-61.0549565,-27.0859144]],[[-55.6723719,-28.0471367],[-55.6870366,-28.0612562],[-55.6666672,-28.067083],[-55.6723719,-28.0471367]],[[-55.8182931,-27.9250556],[-55.7902918,-27.9126478],[-55.7975835,-27.897389],[-55.828203,-27.9033739]],[[-55.7431971,-27.9322197],[-55.7264898,-27.9206881],[-55.7318771,-27.896681],[-55.764535,-27.8886813],[-55.7784022,-27.9347913],[-55.7500005,-27.942083],[-55.7431971,-27.9322197]],[[-55.808993,-27.772568],[-55.8286301,-27.7828464],[-55.8166672,-27.792083],[-55.808993,-27.772568]],[[-55.7666672,-27.7754163],[-55.7666672,-27.7587497],[-55.7916672,-27.7587497],[-55.7916672,-27.7754163],[-55.7666672,-27.7754163]],[[-58.6085315,-27.2997253],[-58.6140386,-27.2804701],[-58.6287033,-27.2945895],[-58.6088062,-27.3002812],[-58.6085315,-27.2997253]],[[-58.6713465,-27.0432061],[-58.7089116,-27.0215589],[-58.7205246,-27.0445244],[-58.6666672,-27.0587497],[-58.6713465,-27.0432061]],[[-58.6557052,-26.9221367],[-58.67037,-26.9362562],[-58.6500005,-26.942083],[-58.6557052,-26.9221367]],[[-58.533993,-26.897568],[-58.55363,-26.9078464],[-58.5416672,-26.917083],[-58.533993,-26.897568]],[[-65.8854065,-47.749752],[-65.8777999,-47.7365491],[-65.9065516,-47.7309501],[-65.9194666,-47.7555432],[-65.8854065,-47.749752]],[[-67.2504562,-47.0052991],[-67.2622644,-47.0273857],[-67.2416671,-47.0337496],[-67.2504562,-47.0052991]],[[-67.9202967,-46.7967867],[-67.9130376,-46.7816988],[-67.9832361,-46.7697685],[-67.9952967,-46.7930839],[-67.9700118,-46.8125989],[-67.9333338,-46.8170829],[-67.9202967,-46.7967867]],[[-67.6049321,-46.5704846],[-67.5882654,-46.5496269],[-67.6199386,-46.5303479],[-67.6367355,-46.5558036],[-67.6049321,-46.5704846]],[[-68.9050786,-46.5620048],[-68.8892501,-46.5518648],[-68.9222742,-46.5138277],[-68.961589,-46.537664],[-68.9440841,-46.5632174],[-68.9050786,-46.5620048]],[[-67.4844643,-46.4641328],[-67.5239832,-46.4132255],[-67.571143,-46.437607],[-67.5788579,-46.4795178],[-67.4916671,-46.4837496],[-67.4844643,-46.4641328]],[[-59.0575119,-35.1741549],[-59.0713709,-35.1634534],[-59.07863,-35.1457125],[-59.1071701,-35.1384534],[-59.1034998,-35.1632744],[-59.1215011,-35.1875582],[-59.1192713,-35.2026461],[-59.0833338,-35.2087496],[-59.0575119,-35.1741549]],[[-59.6648605,-34.7689629],[-59.7032557,-34.7490166],[-59.6946945,-34.7794772],[-59.6750005,-34.792083],[-59.6648605,-34.7689629]],[[-55.5205327,-27.2488701],[-55.5416346,-27.2389092],[-55.5531743,-27.2715671],[-55.5166672,-27.2754163],[-55.5205327,-27.2488701]],[[-55.4472987,-27.1747002],[-55.4762456,-27.1819919],[-55.4866623,-27.1960625],[-55.4583338,-27.2004163],[-55.4472987,-27.1747002]],[[-55.4057053,-27.1304701],[-55.42037,-27.1445895],[-55.4000005,-27.1504163],[-55.4057053,-27.1304701]],[[-55.5057053,-27.1138034],[-55.52037,-27.1279229],[-55.5000005,-27.1337497],[-55.5057053,-27.1138034]],[[-55.2064377,-27.0254408],[-55.2388026,-27.0136813],[-55.2534022,-27.0576592],[-55.2166672,-27.067083],[-55.2064377,-27.0254408]],[[-65.1656647,-26.8079319],[-65.1699524,-26.7679424]],[[-65.1668045,-26.7600013],[-65.1714441,-26.7523613],[-65.2076909,-26.7370863],[-65.2036056,-26.7042087],[-65.233521,-26.6802503],[-65.2416671,-26.7087497],[-65.2715988,-26.7121514],[-65.2913335,-26.7250013],[-65.2879741,-26.7525358]],[[-65.6957452,-28.4315545],[-65.6961186,-28.4098809],[-65.7262311,-28.4204351]],[[-61.3220382,-37.9751966],[-61.3680994,-37.9594983],[-61.3865076,-37.9715263],[-61.3688481,-37.9966728],[-61.3333338,-38.0004163],[-61.3220382,-37.9751966]],[[-59.4327886,-31.3405124],[-59.448617,-31.3225436],[-59.4612065,-31.3484551],[-59.4416671,-31.3587497],[-59.4327886,-31.3405124]],[[-59.7798101,-30.9301933],[-59.8039311,-30.9530042],[-59.7583338,-30.967083],[-59.7798101,-30.9301933]],[[-59.5631841,-30.7402926],[-59.6249191,-30.7279228],[-59.6430506,-30.7315036],[-59.6618169,-30.7624769],[-59.6333338,-30.767083],[-59.6213546,-30.7503675],[-59.5815109,-30.758237],[-59.5631841,-30.7402926]],[[-61.7440272,-29.2205417],[-61.7709966,-29.2113457],[-61.7902674,-29.2248711],[-61.7834477,-29.2467624],[-61.7583338,-29.2504163],[-61.7440272,-29.2205417]],[[-69.1549321,-33.3871513],[-69.1190597,-33.3666761],[-69.123503,-33.3468356],[-69.1531824,-33.3386813],[-69.1674158,-33.3941419],[-69.1549321,-33.3871513]],[[-69.1418217,-33.2971855],[-69.1701502,-33.3117689],[-69.1500004,-33.317083],[-69.1418217,-33.2971855]],[[-59.1961431,-34.0641858],[-59.2197677,-34.0797702],[-59.1916672,-34.0837496],[-59.1961431,-34.0641858]],[[-58.984304,-34.1382586],[-58.9964198,-34.1211764],[-58.9873339,-34.113348]],[[-59.0037576,-34.0851278],[-59.0211431,-34.0798922],[-59.031161,-34.0574394],[-59.1035975,-34.0516126],[-59.1050867,-34.0701754],[-59.0711431,-34.0702731],[-59.0963384,-34.0876966],[-59.0916672,-34.1004163],[-59.1083338,-34.1068209],[-59.1563237,-34.0883802],[-59.1533778,-34.1028496],[-59.1211349,-34.121803],[-59.1043543,-34.1197197],[-59.0879644,-34.1467135],[-59.0215795,-34.1582385]],[[-59.177686,-34.0464043],[-59.1849858,-34.0251396],[-59.2197677,-34.0292493],[-59.2109868,-34.0548353],[-59.1833338,-34.0587496],[-59.177686,-34.0464043]],[[-59.1867355,-33.9621513],[-59.2094569,-33.955348],[-59.2200688,-33.9743258],[-59.1833338,-33.9837496],[-59.1867355,-33.9621513]],[[-62.9473719,-28.5888034],[-62.9620366,-28.6029228],[-62.9416671,-28.6087497],[-62.9473719,-28.5888034]],[[-63.2673263,-28.472568],[-63.2869634,-28.4828463],[-63.2750005,-28.492083],[-63.2673263,-28.472568]],[[-58.3270294,-34.9154861],[-58.3159631,-34.8787342]],[[-58.3150021,-34.8755426],[-58.283464,-34.9183525],[-58.2884201,-34.9618421],[-58.2519943,-34.9647636],[-58.2359884,-34.9355305]],[[-68.2760665,-54.7679699],[-68.2950688,-54.7803479],[-68.3466476,-54.7984224],[-68.390837,-54.8271985],[-68.3866297,-54.8459566],[-68.3635886,-54.849588],[-68.3310633,-54.8365572],[-68.3137665,-54.8222275],[-68.3339615,-54.80653],[-68.2892685,-54.8039207],[-68.2665206,-54.7971447],[-68.2287928,-54.8056001],[-68.2103032,-54.7935559],[-68.2147872,-54.7735526],[-68.2460698,-54.7805676],[-68.2760665,-54.7679699]],[[-61.2385096,-32.8414401],[-61.2537684,-32.8305758],[-61.269841,-32.8548597],[-61.2500005,-32.867083],[-61.2385096,-32.8414401]],[[-61.3651046,-32.8116468],[-61.393425,-32.7941989],[-61.4228195,-32.8033541],[-61.4108973,-32.8299655],[-61.3750005,-32.8337497],[-61.3651046,-32.8116468]],[[-61.5229528,-32.6985242],[-61.5166671,-32.7004163],[-61.4966232,-32.6683037],[-61.5157884,-32.669843]],[[-60.8650092,-32.6754163],[-60.8583338,-32.6690079],[-60.8583338,-32.6587497],[-60.8833338,-32.6587497],[-60.8833338,-32.6754163],[-60.8650092,-32.6754163]],[[-61.0903162,-32.6555677],[-61.10363,-32.6705498],[-61.0750005,-32.6754163],[-61.0903162,-32.6555677]],[[-60.9352869,-32.6042412],[-60.9476811,-32.5892835],[-60.9611333,-32.6131523],[-60.9416671,-32.617083],[-60.9352869,-32.6042412]],[[-61.1530522,-32.5789238],[-61.1772222,-32.5720146],[-61.1867355,-32.5959404],[-61.1583338,-32.6004163],[-61.1530522,-32.5789238]],[[-60.8473719,-32.5638034],[-60.8620366,-32.5779228],[-60.8416671,-32.5837497],[-60.8473719,-32.5638034]],[[-61.0223719,-32.4971367],[-61.0370366,-32.5112562],[-61.0166671,-32.517083],[-61.0223719,-32.4971367]],[[-58.0297124,-29.7837659],[-58.0823491,-29.7631523],[-58.0955978,-29.8029879],[-58.0416672,-29.817083],[-58.0297124,-29.7837659]],[[-58.5995285,-29.3221774],[-58.6202967,-29.3455498],[-58.5916672,-29.3504163],[-58.5995285,-29.3221774]],[[-66.2962244,-30.3500094],[-66.3191004,-30.3381523],[-66.3289311,-30.3773857],[-66.3083338,-30.3837497],[-66.2962244,-30.3500094]],[[-62.0486496,-29.7555677],[-62.0619634,-29.7705498],[-62.0333338,-29.7754163],[-62.0486496,-29.7555677]],[[-59.8132655,-34.3954847],[-59.7991379,-34.3737968],[-59.8376144,-34.3636813],[-59.8534022,-34.3756442],[-59.8348231,-34.3884778],[-59.838591,-34.405291],[-59.8166671,-34.4087496],[-59.8132655,-34.3954847]],[[-59.9706385,-37.2973645],[-59.9992355,-37.307179],[-59.9943201,-37.3215019],[-59.9666671,-37.3254163],[-59.9706385,-37.2973645]],[[-59.8465988,-36.803818],[-59.8170659,-36.7834323],[-59.8401616,-36.7479586],[-59.8585617,-36.7386813],[-59.8858322,-36.7662285],[-59.908049,-36.8051526],[-59.8500005,-36.8087496],[-59.8465988,-36.803818]],[[-59.4869227,-36.3763847],[-59.5192876,-36.3639824],[-59.5109868,-36.3881686],[-59.4833338,-36.392083],[-59.4869227,-36.3763847]],[[-60.7136398,-34.211777],[-60.6863612,-34.2057223],[-60.6803065,-34.1983004],[-60.7239344,-34.1752942],[-60.7530278,-34.189666],[-60.7441167,-34.2132988],[-60.7136398,-34.211777]],[[-63.2723719,-33.0638034],[-63.2870366,-33.0779228],[-63.2666671,-33.0837496],[-63.2723719,-33.0638034]],[[-63.2411951,-32.9221774],[-63.2619634,-32.9455498],[-63.2333338,-32.9504163],[-63.2411951,-32.9221774]],[[-63.2390386,-32.7888034],[-63.2537033,-32.8029228],[-63.2333338,-32.8087497],[-63.2390386,-32.7888034]],[[-63.3311609,-32.7388115],[-63.3539311,-32.7498141],[-63.3250005,-32.7587497],[-63.3311609,-32.7388115]],[[-63.4186609,-32.6960055],[-63.4294276,-32.6809502],[-63.4527999,-32.6948092],[-63.4250005,-32.7087497],[-63.4186609,-32.6960055]],[[-63.3973231,-32.4730807],[-63.4112879,-32.4966728],[-63.3833338,-32.5004163],[-63.3973231,-32.4730807]],[[-63.3000005,-32.417083],[-63.2784022,-32.428818],[-63.2461837,-32.4556898],[-63.2132654,-32.4454847],[-63.1700688,-32.4386813],[-63.1990402,-32.4063978],[-63.1947514,-32.3872734],[-63.2132654,-32.380348],[-63.2359136,-32.3475436],[-63.2450688,-32.3720146],[-63.2632654,-32.378818],[-63.2768804,-32.3985364],[-63.3000005,-32.417083]],[[-63.3447921,-32.2748629],[-63.3693934,-32.2790703],[-63.3599858,-32.2968356],[-63.3416671,-32.3004163],[-63.3447921,-32.2748629]],[[-63.1544764,-32.1891859],[-63.1781011,-32.2047702],[-63.1500005,-32.2087497],[-63.1544764,-32.1891859]],[[-63.0166671,-32.1087497],[-63.0166671,-32.092083],[-63.0416671,-32.092083],[-63.0416671,-32.1087497],[-63.0166671,-32.1087497]],[[-61.939714,-30.5297213],[-61.9621505,-30.5226168],[-61.9694666,-30.5464857],[-61.9500005,-30.5504163],[-61.939714,-30.5297213]],[[-61.8917648,-30.3503431],[-61.919727,-30.3386813],[-61.9284022,-30.370265],[-61.9083338,-30.3754163],[-61.8917648,-30.3503431]],[[-61.2305343,-30.3282158],[-61.2194666,-30.3226168],[-61.2138677,-30.2960625],[-61.2461186,-30.2892835],[-61.2528,-30.3239027],[-61.2305343,-30.3282158]],[[-61.9807052,-30.2888034],[-61.9953699,-30.3029228],[-61.9750005,-30.3087497],[-61.9807052,-30.2888034]],[[-61.7166671,-30.242083],[-61.7166671,-30.2254163],[-61.7416671,-30.2254163],[-61.7416671,-30.242083],[-61.7166671,-30.242083]],[[-61.8583338,-30.2254163],[-61.8583338,-30.2087497],[-61.8833338,-30.2087497],[-61.8833338,-30.2254163],[-61.8583338,-30.2254163]],[[-61.8294764,-29.9891859],[-61.8531011,-30.0047702],[-61.8250005,-30.0087497],[-61.8294764,-29.9891859]],[[-61.931869,-29.865317],[-61.9649663,-29.8727389],[-61.9615646,-29.8879245],[-61.9250005,-29.892083],[-61.931869,-29.865317]],[[-65.0473719,-24.7304701],[-65.0620366,-24.7445895],[-65.0416671,-24.7504164],[-65.0473719,-24.7304701]],[[-65.0191736,-24.6960137],[-65.0307296,-24.6799574],[-65.0222824,-24.6553724],[-65.0475672,-24.6473158],[-65.078101,-24.6720309],[-65.053101,-24.6868503],[-65.0424891,-24.7047539],[-65.0250005,-24.7087497],[-65.0191736,-24.6960137]],[[-65.0840744,-24.6823499],[-65.0900232,-24.6558444],[-65.1120854,-24.6470147],[-65.1200688,-24.6931247],[-65.0916671,-24.7004164],[-65.0840744,-24.6823499]],[[-64.2372482,-26.181113],[-64.253101,-26.2042331],[-64.2333338,-26.2087497],[-64.2372482,-26.181113]],[[-64.3057052,-26.0804701],[-64.3203699,-26.0945895],[-64.3000005,-26.1004163],[-64.3057052,-26.0804701]],[[-60.0890386,-33.75547],[-60.1037033,-33.7695895],[-60.0833338,-33.7754163],[-60.0890386,-33.75547]],[[-60.0369634,-33.5040459],[-60.0588546,-33.4806165],[-60.07863,-33.504469],[-60.0333338,-33.517083],[-60.0369634,-33.5040459]],[[-59.9896326,-33.4795586],[-60.0146733,-33.4726168],[-60.0278,-33.4969088],[-60.0000005,-33.5004163],[-59.9896326,-33.4795586]],[[-60.0435877,-33.4470146],[-60.0623377,-33.4599541],[-60.0250005,-33.467083],[-60.0435877,-33.4470146]],[[-60.1422205,-33.424513],[-60.1611333,-33.4385755],[-60.1333338,-33.442083],[-60.1422205,-33.424513]],[[-60.1869914,-33.4061527],[-60.1675949,-33.388901],[-60.1374435,-33.4048515],[-60.1283859,-33.3950778],[-60.129574,-33.3652194],[-60.1700607,-33.352402]],[[-70.90599,-46.5868258],[-70.9286707,-46.5725435],[-70.9445398,-46.5946301],[-70.9166671,-46.6087496],[-70.90599,-46.5868258]],[[-71.6100509,-46.5454358],[-71.6329106,-46.5338635],[-71.6444666,-46.5552421],[-71.6166671,-46.5587496],[-71.6100509,-46.5454358]],[[-59.0640467,-36.7654391],[-59.1097987,-36.7552666],[-59.1034266,-36.787485],[-59.0750005,-36.792083],[-59.0640467,-36.7654391]],[[-61.2824712,-38.9691907],[-61.3208582,-38.9777926],[-61.3284022,-38.9882581],[-61.2666671,-38.992083],[-61.2824712,-38.9691907]],[[-58.7750005,-30.1004163],[-58.7750005,-30.0754163],[-58.8000005,-30.0754163],[-58.8000005,-30.1004163],[-58.7750005,-30.1004163]],[[-65.1336807,-28.6088967],[-65.1515874,-28.6164157],[-65.1448572,-28.6464287],[-65.1000005,-28.6504163],[-65.1034022,-28.628818],[-65.1249968,-28.6052504],[-65.1336807,-28.6088967]],[[-63.532048,-34.4562838],[-63.5534022,-34.476458],[-63.5250005,-34.4837496],[-63.532048,-34.4562838]],[[-63.3631678,-34.1184095],[-63.398853,-34.1049655],[-63.412118,-34.141969],[-63.3833338,-34.1504163],[-63.3631678,-34.1184095]],[[-63.9063807,-34.0047213],[-63.9288172,-33.9976168],[-63.9361333,-34.0214856],[-63.9166671,-34.0254163],[-63.9063807,-34.0047213]],[[-68.6185441,-31.4987979],[-68.6298091,-31.5025876]],[[-68.49618,-31.4490331],[-68.4786951,-31.43825],[-68.4844243,-31.3882988],[-68.5148361,-31.4249118],[-68.5500004,-31.417083],[-68.5385084,-31.4603298]],[[-65.5000514,-25.0506296],[-65.505103,-25.0703138],[-65.5382654,-25.078818],[-65.5479171,-25.1046237],[-65.5250005,-25.117083],[-65.5209396,-25.0813571],[-65.4871994,-25.0889173],[-65.4715988,-25.0809421],[-65.4909358,-25.0482053],[-65.5000514,-25.0506296]],[[-61.1205083,-27.8236585],[-61.1393234,-27.8142103],[-61.1528732,-27.838665],[-61.1166671,-27.842083],[-61.1205083,-27.8236585]],[[-62.0936203,-28.4625745],[-62.1060145,-28.4476169],[-62.1194666,-28.4714857],[-62.1000005,-28.4754163],[-62.0936203,-28.4625745]],[[-62.8113611,-28.4534437],[-62.8276616,-28.431349],[-62.8613611,-28.4479993],[-62.8523279,-28.471974],[-62.8083338,-28.4754163],[-62.8113611,-28.4534437]],[[-63.8083338,-28.5087497],[-63.8083338,-28.4837497],[-63.8250005,-28.4837497],[-63.8250005,-28.5087497],[-63.8083338,-28.5087497]],[[-59.2833338,-35.017083],[-59.2512782,-35.0116386],[-59.255396,-34.9837903],[-59.2941737,-34.9895195],[-59.2833338,-35.017083]],[[-65.4806076,-43.2829928],[-65.5175379,-43.2720878],[-65.511646,-43.2954602],[-65.4916671,-43.3087496],[-65.4806076,-43.2829928]],[[-58.2830363,-34.6852731],[-58.3078041,-34.6732178],[-58.3367882,-34.6518898],[-58.3578326,-34.6457227]],[[-66.2307052,-31.5638034],[-66.2453699,-31.5779228],[-66.2250005,-31.5837497],[-66.2307052,-31.5638034]],[[-62.4144292,-35.3801608],[-62.4455246,-35.3955498],[-62.4083338,-35.4004163],[-62.4144292,-35.3801608]],[[-58.2235763,-32.2557956],[-58.2369797,-32.2476168],[-58.2444666,-32.2697848],[-58.2333338,-32.2754163],[-58.2235763,-32.2557956]],[[-58.1380376,-32.2457125],[-58.1260849,-32.2328667],[-58.1297073,-32.2181282],[-58.1635828,-32.1852877],[-58.1952967,-32.1938164],[-58.1666672,-32.2055351],[-58.1715174,-32.2383965],[-58.1380376,-32.2457125]],[[-58.2037033,-32.2122002],[-58.2046554,-32.1880628],[-58.1954025,-32.1794935],[-58.2280522,-32.1714124],[-58.2540044,-32.2191745],[-58.2083338,-32.2254163],[-58.2037033,-32.2122002]],[[-58.3775395,-32.1540377],[-58.4245936,-32.1419691],[-58.4180262,-32.1712578],[-58.3916672,-32.1754163],[-58.3775395,-32.1540377]],[[-58.3031906,-31.7878105],[-58.3082769,-31.7720146],[-58.3284022,-31.7948906],[-58.3083338,-31.8087497],[-58.3031906,-31.7878105]],[[-58.4799321,-31.614137],[-58.4870854,-31.6032972],[-58.5284022,-31.613901],[-58.5215093,-31.6389987],[-58.4916672,-31.642083],[-58.4799321,-31.614137]],[[-61.9583338,-35.1504163],[-61.9583338,-35.1337496],[-61.9833338,-35.1337496],[-61.9833338,-35.1504163],[-61.9583338,-35.1504163]],[[-61.5583338,-34.842083],[-61.5529464,-34.8851331],[-61.5018234,-34.8787692],[-61.4920171,-34.8300468],[-61.5252772,-34.8495944],[-61.5583338,-34.842083]],[[-68.7305994,-30.2393486],[-68.7551518,-30.22693],[-68.7611333,-30.2471042],[-68.7250004,-30.2504163],[-68.7305994,-30.2393486]],[[-66.2535242,-30.6240654],[-66.2707036,-30.6143568],[-66.2777267,-30.6386894],[-66.2500005,-30.642083],[-66.2535242,-30.6240654]],[[-71.221379,-40.1200289],[-71.3197596,-40.1283623],[-71.3628829,-40.1458671],[-71.3704513,-40.1623304],[-71.3333338,-40.167083],[-71.2579106,-40.1354098],[-71.2196131,-40.137371],[-71.221379,-40.1200289]],[[-67.4508143,-30.6304131],[-67.487118,-30.6265068],[-67.4583338,-30.6504163],[-67.4508143,-30.6304131]],[[-68.9322903,-32.8594216],[-68.929517,-32.8964775],[-68.9219963,-32.9099585]],[[-56.9973979,-37.2470444],[-57.0220545,-37.2789889],[-57.0173951,-37.2867123]],[[-56.879254,-37.0954937],[-56.92037,-37.1407727],[-56.9152827,-37.14485]],[[-57.1129644,-37.0050468],[-57.12037,-36.9874524],[-57.1494064,-36.9800468],[-57.1444504,-37.019858],[-57.1000005,-37.0254163],[-57.1129644,-37.0050468]],[[-60.1440109,-34.0401217],[-60.1113042,-34.0793388],[-60.0833338,-34.0837496],[-60.0655929,-34.0569105],[-60.0877283,-34.0416272],[-60.1125005,-34.0471855],[-60.1440109,-34.0401217]],[[-68.3903162,-31.6555677],[-68.40363,-31.6705498],[-68.3750004,-31.6754163],[-68.3903162,-31.6555677]],[[-68.3958663,-31.5820814],[-68.4200688,-31.589137],[-68.3916671,-31.6087497],[-68.3958663,-31.5820814]],[[-60.8750725,-32.4665875],[-60.8771164,-32.4525322],[-60.8973231,-32.4320976],[-60.9021164,-32.4645683],[-60.8757261,-32.4670157],[-60.8750725,-32.4665875]],[[-60.8140386,-32.4221367],[-60.8287033,-32.4362562],[-60.8083338,-32.442083],[-60.8140386,-32.4221367]],[[-61.3384933,-32.3785901],[-61.3254806,-32.3705823],[-61.3314865,-32.3512871],[-61.3739914,-32.3652682],[-61.3694992,-32.3796969],[-61.3384933,-32.3785901]],[[-60.9390386,-32.3471367],[-60.9537033,-32.3612562],[-60.9333338,-32.367083],[-60.9390386,-32.3471367]],[[-61.4052251,-32.2801038],[-61.4288579,-32.3034844],[-61.4000005,-32.3087497],[-61.4052251,-32.2801038]],[[-60.9666671,-32.242083],[-60.9666671,-32.2254163],[-60.9916671,-32.2254163],[-60.9916671,-32.242083],[-60.9666671,-32.242083]],[[-61.1557052,-32.15547],[-61.1703699,-32.1695895],[-61.1500005,-32.1754163],[-61.1557052,-32.15547]],[[-61.1057052,-32.1471367],[-61.1203699,-32.1612562],[-61.1000005,-32.167083],[-61.1057052,-32.1471367]],[[-60.9723719,-32.0638034],[-60.9870366,-32.0779228],[-60.9666671,-32.0837497],[-60.9723719,-32.0638034]],[[-61.2044764,-32.0459404],[-61.1882248,-32.0319349],[-61.2266688,-32.0048922],[-61.2371912,-32.0337822],[-61.2044764,-32.0459404]],[[-60.9086919,-31.9757337],[-60.9143885,-31.9503349],[-60.9417485,-31.956471],[-60.9331548,-31.9947848],[-60.9250005,-32.0004163],[-60.9086919,-31.9757337]],[[-64.3173116,-31.370616],[-64.3133875,-31.3704603],[-64.2793299,-31.4148776],[-64.3169998,-31.4284254]],[[-64.3168816,-31.4503435],[-64.3042973,-31.4547539],[-64.2717046,-31.4534599],[-64.2700525,-31.4950778],[-64.2876632,-31.5127536],[-64.2904209,-31.5272147]],[[-64.2800813,-31.5272369],[-64.2486414,-31.5095635],[-64.237061,-31.5220553],[-64.1549077,-31.52304],[-64.1225835,-31.4881523],[-64.0968592,-31.4871351],[-64.0619634,-31.5055921],[-64.0626714,-31.437778],[-64.059669,-31.4321087]],[[-64.0609102,-31.3620261],[-64.0876632,-31.3544202],[-64.0626632,-31.3426282],[-64.0791509,-31.3293063],[-64.1085942,-31.3495618],[-64.1209966,-31.3380791],[-64.1264845,-31.3150297]],[[-60.5833338,-33.8504163],[-60.5879155,-33.8698825],[-60.6140467,-33.8787855],[-60.6066411,-33.9025729],[-60.6234298,-33.9129163],[-60.6063563,-33.9234388],[-60.5962244,-33.9398776],[-60.5795496,-33.928167],[-60.5643722,-33.9328952],[-60.5384933,-33.9119235],[-60.5192876,-33.9053805],[-60.5247238,-33.8879163],[-60.5192713,-33.8703952],[-60.5468266,-33.8639092],[-60.5615076,-33.8535901],[-60.5833338,-33.8504163]],[[-60.3955815,-33.6561129],[-60.4114344,-33.679233],[-60.3916671,-33.6837496],[-60.3955815,-33.6561129]],[[-70.046672,-38.9120781],[-70.0159347,-38.8948011],[-70.045256,-38.8720878],[-70.0872156,-38.8826591],[-70.0949956,-38.9131767],[-70.0500004,-38.917083],[-70.046672,-38.9120781]],[[-70.0152104,-38.7469251],[-70.0537032,-38.7590996],[-70.0333338,-38.7754163],[-70.0152104,-38.7469251]],[[-69.0527348,-33.7893486],[-69.0361333,-33.7809502],[-69.0305343,-33.7624443],[-69.0711186,-33.7559502],[-69.0777999,-33.7905693],[-69.0583338,-33.8004163],[-69.0527348,-33.7893486]],[[-69.1032963,-33.7234632],[-69.13606,-33.7290703],[-69.1264653,-33.7471774],[-69.1000004,-33.7504163],[-69.1032963,-33.7234632]],[[-69.0144437,-33.6152901],[-69.0083338,-33.617083],[-69.0010502,-33.5976901],[-69.0030617,-33.5779412]],[[-63.4333338,-28.992083],[-63.4333338,-28.9754163],[-63.4583338,-28.9754163],[-63.4583338,-28.992083],[-63.4333338,-28.992083]],[[-65.3804611,-27.0379163],[-65.3757247,-27.0226982],[-65.4205001,-27.0393161],[-65.4441167,-27.0319593],[-65.4175216,-27.0647881],[-65.4248133,-27.0882012],[-65.4083338,-27.092083],[-65.3896896,-27.0773939],[-65.3753911,-27.0542005],[-65.3804611,-27.0379163]],[[-64.9487309,-25.815374],[-64.9422856,-25.7635348],[-64.9774988,-25.7842298],[-64.9953699,-25.8112562],[-64.9620366,-25.8207858],[-64.9487309,-25.815374]],[[-66.8547042,-29.4707126],[-66.8230717,-29.4619072],[-66.8096277,-29.4290459],[-66.7671391,-29.3962497],[-66.8119633,-29.3634534],[-66.8588139,-29.3764987],[-66.87863,-29.3884534],[-66.9423914,-29.3992851],[-66.8952967,-29.4623792],[-66.8880376,-29.4801201],[-66.8583338,-29.4837497],[-66.8547042,-29.4707126]],[[-64.3206575,-36.6557171],[-64.3082606,-36.6484306],[-64.2841639,-36.678525],[-64.2362635,-36.6270032],[-64.2384201,-36.6096936],[-64.2592534,-36.5930026],[-64.2776535,-36.5700289],[-64.3106857,-36.5827242],[-64.3166671,-36.617083],[-64.3317794,-36.6214043],[-64.342725,-36.6350694]],[[-59.3500005,-35.3754163],[-59.3561528,-35.4019625],[-59.323853,-35.4123792],[-59.3130376,-35.3903007],[-59.3500005,-35.3754163]],[[-58.9236984,-34.9175631],[-58.9555343,-34.9051201],[-58.9702967,-34.9358004],[-58.9333338,-34.942083],[-58.9236984,-34.9175631]],[[-58.7978276,-33.4888115],[-58.8205978,-33.4998141],[-58.7916672,-33.5087496],[-58.7978276,-33.4888115]],[[-59.3143816,-33.1656155],[-59.3000005,-33.167083],[-59.2941239,-33.1466628]],[[-58.8128097,-31.8141859],[-58.8364344,-31.8297702],[-58.8083338,-31.8337497],[-58.8128097,-31.8141859]],[[-59.0034998,-31.8632744],[-59.0034998,-31.8459241],[-59.0202967,-31.8123792],[-59.0463709,-31.8540459],[-59.05363,-31.8841077],[-59.0250005,-31.892083],[-59.0034998,-31.8632744]],[[-68.9027091,-37.3727187],[-68.9496831,-37.3832451],[-68.9436528,-37.4101575],[-68.9166671,-37.417083],[-68.8930343,-37.404583],[-68.8998917,-37.3739709],[-68.9027091,-37.3727187]],[[-69.0637944,-37.2801282],[-69.0873377,-37.2916923],[-69.0583338,-37.3087496],[-69.0637944,-37.2801282]],[[-65.1534022,-26.9970146],[-65.1465988,-26.9595309],[-65.1615158,-26.9470146],[-65.1700688,-26.980348],[-65.1847742,-26.9904961],[-65.1583338,-27.0087497],[-65.1534022,-26.9970146]],[[-65.0294601,-26.9471204],[-65.0670008,-26.9386813],[-65.060824,-26.9662204],[-65.0250005,-26.9754163],[-65.0294601,-26.9471204]],[[-64.7368726,-26.8866211],[-64.7402666,-26.8733899],[-64.7416157,-26.8731578],[-64.7534022,-26.8865573],[-64.7388381,-26.8966151],[-64.7368726,-26.8866211]],[[-64.9811609,-26.8792819],[-65.0121912,-26.8726169],[-65.0194666,-26.8969089],[-64.9916671,-26.9004163],[-64.9811609,-26.8792819]],[[-65.2168155,-26.908808],[-65.1959966,-26.9137464],[-65.1780115,-26.9031751],[-65.1416671,-26.9025078],[-65.09856,-26.9078708],[-65.0786219,-26.8464857],[-65.0807215,-26.829583],[-65.0619308,-26.8216647],[-65.0646001,-26.8001803],[-65.1060551,-26.8053398],[-65.1203699,-26.7874525],[-65.154631,-26.7800469],[-65.162975,-26.7663071]],[[-64.0759526,-23.2016371],[-64.0986658,-23.1886813],[-64.1117355,-23.220265],[-64.0916671,-23.2254164],[-64.0759526,-23.2016371]],[[-63.808993,-22.7309014],[-63.82863,-22.7411797],[-63.8166671,-22.7504164],[-63.808993,-22.7309014]],[[-63.8333338,-22.6087497],[-63.7966395,-22.6144382],[-63.7906499,-22.5632256],[-63.8237472,-22.5816908],[-63.8543624,-22.5792331],[-63.8333338,-22.6087497]],[[-63.7680018,-22.5171237],[-63.7808843,-22.4940443],[-63.8230799,-22.4974378],[-63.8188156,-22.5505791],[-63.7916671,-22.5587497],[-63.7680018,-22.5171237]],[[-63.714063,-22.2348483],[-63.7418706,-22.2223158],[-63.7531011,-22.2547702],[-63.7250005,-22.2587497],[-63.714063,-22.2348483]],[[-63.66141,-22.1927015],[-63.6777999,-22.207236],[-63.6583338,-22.217083],[-63.66141,-22.1927015]],[[-63.633993,-22.1809014],[-63.65363,-22.1911797],[-63.6416671,-22.2004164],[-63.633993,-22.1809014]],[[-63.6697731,-22.0027065],[-63.690962,-22.0031074],[-63.6953699,-22.0383802],[-63.7116541,-22.0514173],[-63.6952804,-22.0792819],[-63.679631,-22.0707858],[-63.6553743,-22.003208],[-63.6697731,-22.0027065]],[[-65.0457687,-29.2679619],[-65.0638676,-29.2551201],[-65.07863,-29.2858004],[-65.0416671,-29.292083],[-65.0457687,-29.2679619]],[[-65.0894943,-28.9221448],[-65.1122645,-28.9331475],[-65.0833338,-28.942083],[-65.0894943,-28.9221448]],[[-60.1634119,-35.4453382],[-60.1388107,-35.429583],[-60.1634119,-35.4138278],[-60.1704757,-35.4028007],[-60.1940109,-35.418914],[-60.1865076,-35.4456067],[-60.1634119,-35.4453382]],[[-59.6170496,-35.2576673],[-59.644841,-35.263193],[-59.6250005,-35.2754163],[-59.6170496,-35.2576673]],[[-59.7669764,-35.255763],[-59.7955978,-35.2767916],[-59.7583338,-35.2837496],[-59.7669764,-35.255763]],[[-69.5275558,-41.3273857],[-69.547201,-41.3134534],[-69.5702967,-41.3358004],[-69.5333338,-41.3420829],[-69.5275558,-41.3273857]],[[-68.6978276,-41.2388115],[-68.7205978,-41.2498141],[-68.6916671,-41.2587496],[-68.6978276,-41.2388115]],[[-68.0729659,-40.8298596],[-68.1039311,-40.8403414],[-68.0833338,-40.8587496],[-68.0729659,-40.8298596]],[[-61.8264975,-26.2362489],[-61.832048,-26.2146172],[-61.8470717,-26.2364166],[-61.8264975,-26.2362489]],[[-62.8209152,-25.8211683],[-62.8047205,-25.8056003],[-62.8346196,-25.7879977],[-62.8457524,-25.8186862],[-62.8209152,-25.8211683]],[[-71.5853439,-42.0582044],[-71.601921,-42.0382255],[-71.6121912,-42.0692395],[-71.5916671,-42.0754163],[-71.5853439,-42.0582044]],[[-71.1638676,-42.0615491],[-71.1512537,-42.0551689],[-71.1677657,-42.0343844],[-71.1832931,-42.041969],[-71.1638676,-42.0615491]],[[-65.5477156,-27.2800896],[-65.5297612,-27.2513278],[-65.5478276,-27.2382256],[-65.5755553,-27.2697282],[-65.5477156,-27.2800896]],[[-65.5236495,-27.2055677],[-65.5369633,-27.2205498],[-65.5083338,-27.2254163],[-65.5236495,-27.2055677]],[[-65.4784022,-27.180348],[-65.4715988,-27.1454847],[-65.4504969,-27.118263],[-65.474268,-27.105348],[-65.4880376,-27.1421562],[-65.5245122,-27.1673434],[-65.5198979,-27.1879245],[-65.4833338,-27.192083],[-65.4784022,-27.180348]],[[-65.522966,-27.0798597],[-65.5539311,-27.0903415],[-65.5333338,-27.1087497],[-65.522966,-27.0798597]],[[-62.0069829,-36.213901],[-62.0202967,-36.2288831],[-61.9916671,-36.2337496],[-62.0069829,-36.213901]],[[-61.8703781,-35.8146578],[-61.8793869,-35.7950208],[-61.9090093,-35.7967867],[-61.9372645,-35.8419039],[-61.8916671,-35.8504163],[-61.8461186,-35.8363294],[-61.8703781,-35.8146578]],[[-60.0069097,-25.5307956],[-60.020313,-25.5226169],[-60.0278,-25.5447848],[-60.0166671,-25.5504163],[-60.0069097,-25.5307956]],[[-59.6666671,-25.342083],[-59.6666671,-25.3254163],[-59.6916671,-25.3254163],[-59.6916671,-25.342083],[-59.6666671,-25.342083]],[[-59.839714,-25.2047214],[-59.8621505,-25.1976169],[-59.8694666,-25.2214857],[-59.8500005,-25.2254163],[-59.839714,-25.2047214]],[[-59.024325,-24.9221286],[-59.04537,-24.9457858],[-59.0083338,-24.9504163],[-59.024325,-24.9221286]],[[-60.308993,-24.8892347],[-60.32863,-24.899513],[-60.3166671,-24.9087497],[-60.308993,-24.8892347]],[[-60.5755457,-24.7068698],[-60.6003748,-24.680348],[-60.6117355,-24.7181247],[-60.5833338,-24.7254164],[-60.5755457,-24.7068698]],[[-58.9961277,-34.3819972],[-59.0525884,-34.3757744],[-59.0557297,-34.3916761],[-59.0407889,-34.4174507]],[[-59.0739263,-34.3826754],[-59.1391118,-34.3645276],[-59.1368006,-34.3801689],[-59.0666672,-34.392083],[-59.0739263,-34.3826754]],[[-58.996097,-34.3212024],[-59.0026291,-34.3626803],[-58.9741693,-34.3366196]],[[-59.0913172,-34.2693047],[-59.1163498,-34.2749118],[-59.1116297,-34.2959567],[-59.0833338,-34.3004163],[-59.0913172,-34.2693047]],[[-66.2083338,-28.4004163],[-66.2083338,-28.3837497],[-66.2333338,-28.3837497],[-66.2333338,-28.4004163],[-66.2083338,-28.4004163]]],"bbox":[-72.3616622,-54.849588,-53.6049321,-22.0027065]}