{"type":"Topology","objects":{"foo":{"type":"GeometryCollection","geometries":[{"type":"Polygon","arcs":[[0,1,2,3,4,5]],"properties":{"name":"Santuario","gaul_code":13444,"targetarea":32.5699985,"totpop":36719.7569389,"country_id":"COL","targetpop":31259.3757782,"new_mean":0.0908161,"totalarea":64.5617207}},{"type":"MultiPolygon","arcs":[[[6]],[[7,8,9]]],"properties":{"name":"Sopetran","gaul_code":13447,"targetarea":11.4170186,"totpop":21629.0175257,"country_id":"COL","targetpop":6712.7705994,"new_mean":0.1131088,"totalarea":188.1526346}},{"type":"Polygon","arcs":[[10]],"properties":{"name":"Venadillo","gaul_code":14361,"targetarea":7.9247595,"totpop":21203.0870295,"country_id":"COL","targetpop":8730.659668,"new_mean":0.1324391,"totalarea":266.5299739}},{"type":"MultiPolygon","arcs":[[[11,12]],[[13,14]]],"properties":{"name":"Quinchia","gaul_code":14200,"targetarea":22.9400415,"totpop":34469.9019012,"country_id":"COL","targetpop":18094.1555786,"new_mean":0.1114678,"totalarea":149.1845492}},{"type":"MultiPolygon","arcs":[[[15]],[[16]]],"properties":{"name":"San Jose Del Guaviare","gaul_code":13972,"targetarea":26.7274269,"totpop":141236.004774,"country_id":"COL","targetpop":31019.980835,"new_mean":0.0255866,"totalarea":24205.3527086}},{"type":"MultiPolygon","arcs":[[[17]],[[18]]],"properties":{"name":"Saravena","gaul_code":13472,"targetarea":31.2279127,"totpop":77313.4757214,"country_id":"COL","targetpop":38879.4916534,"new_mean":0.1047419,"totalarea":898.6631341}},{"type":"Polygon","arcs":[[19,20,21,22,23]],"properties":{"name":"La Virginia","gaul_code":14195,"targetarea":19.2711723,"totpop":38058.641201,"country_id":"COL","targetpop":35473.9598846,"new_mean":0.117297,"totalarea":30.595745}},{"type":"Polygon","arcs":[[24]],"properties":{"name":"Jardin","gaul_code":13400,"targetarea":7.2516937,"totpop":23586.9776525,"country_id":"COL","targetpop":8181.5169983,"new_mean":0.1041252,"totalarea":237.6236025}},{"type":"Polygon","arcs":[[25]],"properties":{"name":"Toca","gaul_code":13645,"targetarea":4.7496405,"totpop":13718.0928297,"country_id":"COL","targetpop":4285.3130188,"new_mean":0.0835282,"totalarea":156.3965715}},{"type":"MultiPolygon","arcs":[[[26]],[[27]]],"properties":{"name":"Alvarado","gaul_code":14319,"targetarea":5.3075837,"totpop":18869.1153374,"country_id":"COL","targetpop":3074.7242127,"new_mean":0.1317633,"totalarea":345.0382856}},{"type":"Polygon","arcs":[[28]],"properties":{"name":"Falan","gaul_code":14333,"targetarea":6.5043591,"totpop":18443.6384087,"country_id":"COL","targetpop":4445.1159058,"new_mean":0.1118607,"totalarea":257.1377504}},{"type":"Polygon","arcs":[[29,30]],"properties":{"name":"SaldaÃ‘a","gaul_code":14355,"targetarea":2.094009,"totpop":7655.3967428,"country_id":"COL","targetpop":1892.252594,"new_mean":0.1530519,"totalarea":121.3269522}},{"type":"Polygon","arcs":[[31]],"properties":{"name":"Sandona","gaul_code":14115,"targetarea":18.0870708,"totpop":28557.4249992,"country_id":"COL","targetpop":17991.8000793,"new_mean":0.0887135,"totalarea":118.1345858}},{"type":"Polygon","arcs":[[32,33,34]],"properties":{"name":"Enciso","gaul_code":14236,"targetarea":8.9765274,"totpop":17834.9811058,"country_id":"COL","targetpop":9580.5572815,"new_mean":0.103703,"totalarea":103.1436066}},{"type":"MultiPolygon","arcs":[[[35,36]],[[37,38,39]]],"properties":{"name":"Jenesano","gaul_code":13579,"targetarea":3.6966355,"totpop":7127.0072784,"country_id":"COL","targetpop":2833.4412842,"new_mean":0.0807481,"totalarea":45.8882362}},{"type":"Polygon","arcs":[[40]],"properties":{"name":"Trujillo","gaul_code":14400,"targetarea":3.8779424,"totpop":11913.4752045,"country_id":"COL","targetpop":2669.0202942,"new_mean":0.1056302,"totalarea":241.3078044}},{"type":"MultiPolygon","arcs":[[[41,42]],[[43]],[[44,45]],[[46,47]],[[48,49,50]]],"properties":{"name":"Florida","gaul_code":14383,"targetarea":72.5454364,"totpop":103702.93301,"country_id":"COL","targetpop":65465.214859,"new_mean":0.1145299,"totalarea":434.9820635}},{"type":"MultiPolygon","arcs":[[[51]],[[52,53,54]]],"properties":{"name":"Moniquira","gaul_code":13590,"targetarea":22.6437954,"totpop":40400.4512811,"country_id":"COL","targetpop":31611.5428772,"new_mean":0.1045568,"totalarea":212.7959389}},{"type":"MultiPolygon","arcs":[[[55,56]],[[57]],[[58]]],"properties":{"name":"Orito","gaul_code":14167,"targetarea":46.6913586,"totpop":124756.588636,"country_id":"COL","targetpop":51025.0501709,"new_mean":0.0372911,"totalarea":1796.0438097}},{"type":"MultiPolygon","arcs":[[[59,60,61,62,63]],[[64]]],"properties":{"name":"Samaniego","gaul_code":14110,"targetarea":16.2586339,"totpop":37391.2510819,"country_id":"COL","targetpop":13769.3124084,"new_mean":0.0868986,"totalarea":426.9222261}},{"type":"Polygon","arcs":[[65]],"properties":{"name":"Sutamarchan","gaul_code":13637,"targetarea":2.4466651,"totpop":8504.4319763,"country_id":"COL","targetpop":2274.9038391,"new_mean":0.0935346,"totalarea":105.6323264}},{"type":"MultiPolygon","arcs":[[[66,67]],[[68]]],"properties":{"name":"Montebello","gaul_code":13409,"targetarea":8.9396983,"totpop":13475.9859467,"country_id":"COL","targetpop":5519.0248108,"new_mean":0.1003809,"totalarea":80.1035605}},{"type":"Polygon","arcs":[[69]],"properties":{"name":"Tamesis","gaul_code":13448,"targetarea":5.9752283,"totpop":20166.5526295,"country_id":"COL","targetpop":3356.6419983,"new_mean":0.1056882,"totalarea":253.1276769}},{"type":"Polygon","arcs":[[70,71]],"properties":{"name":"Sibate","gaul_code":13917,"targetarea":17.2049122,"totpop":27430.4337788,"country_id":"COL","targetpop":17316.6706543,"new_mean":0.0931357,"totalarea":105.4053718}},{"type":"Polygon","arcs":[[72]],"properties":{"name":"Simijaca","gaul_code":13919,"targetarea":10.4624044,"totpop":16182.3651085,"country_id":"COL","targetpop":7849.1244507,"new_mean":0.0885047,"totalarea":106.2852022}},{"type":"MultiPolygon","arcs":[[[73]],[[74]]],"properties":{"name":"Trinidad","gaul_code":13716,"targetarea":17.0796709,"totpop":60054.1684553,"country_id":"COL","targetpop":24226.9444885,"new_mean":0.0998867,"totalarea":3037.5026911}},{"type":"Polygon","arcs":[[75]],"properties":{"name":"Betania","gaul_code":13359,"targetarea":4.0111471,"totpop":15256.115015,"country_id":"COL","targetpop":2336.0115051,"new_mean":0.1027329,"totalarea":225.7625642}},{"type":"Polygon","arcs":[[76]],"properties":{"name":"Manzanares","gaul_code":13669,"targetarea":7.7008933,"totpop":16542.5338197,"country_id":"COL","targetpop":7981.7949982,"new_mean":0.112845,"totalarea":171.9162727}},{"type":"Polygon","arcs":[[77,78,79,80]],"properties":{"name":"La Tebaida","gaul_code":14184,"targetarea":23.6203554,"totpop":50862.5046692,"country_id":"COL","targetpop":42494.0102234,"new_mean":0.1104888,"totalarea":84.8492628}},{"type":"Polygon","arcs":[[81,-2,82,83]],"properties":{"name":"Marinilla","gaul_code":13407,"targetarea":69.2923467,"totpop":79874.3155518,"country_id":"COL","targetpop":71768.7956238,"new_mean":0.0893795,"totalarea":113.7498182}},{"type":"Polygon","arcs":[[84,85]],"properties":{"name":"San Bernardo","gaul_code":14111,"targetarea":12.5954222,"totpop":13918.1698017,"country_id":"COL","targetpop":8163.4788818,"new_mean":0.084956,"totalarea":50.882124}},{"type":"Polygon","arcs":[[86]],"properties":{"name":"Dabeiba","gaul_code":13381,"targetarea":1.9661295,"totpop":30297.3318355,"country_id":"COL","targetpop":1201.8348389,"new_mean":0.0984429,"totalarea":1831.3810348}},{"type":"MultiPolygon","arcs":[[[87,88]],[[89,90,91,92]]],"properties":{"name":"Cartago","gaul_code":14377,"targetarea":63.4677976,"totpop":138766.01586,"country_id":"COL","targetpop":109140.932159,"new_mean":0.1194785,"totalarea":354.9871583}},{"type":"MultiPolygon","arcs":[[[93]],[[94]]],"properties":{"name":"Nimaima","gaul_code":13896,"targetarea":5.7046689,"totpop":9420.5752468,"country_id":"COL","targetpop":2457.4320068,"new_mean":0.1153282,"totalarea":74.2402595}},{"type":"Polygon","arcs":[[95]],"properties":{"name":"Titiribi","gaul_code":13451,"targetarea":4.9353285,"totpop":17914.6680984,"country_id":"COL","targetpop":2941.2958679,"new_mean":0.1080359,"totalarea":145.808189}},{"type":"Polygon","arcs":[[96,97,98,99]],"properties":{"name":"Supia","gaul_code":13681,"targetarea":38.9515624,"totpop":64290.379158,"country_id":"COL","targetpop":53513.5596924,"new_mean":0.1324949,"totalarea":111.6002405}},{"type":"MultiPolygon","arcs":[[[100]],[[101]]],"properties":{"name":"Arauca","gaul_code":13467,"targetarea":49.1409416,"totpop":156001.235059,"country_id":"COL","targetpop":81582.1428223,"new_mean":0.0927328,"totalarea":5698.3868448}},{"type":"Polygon","arcs":[[102,103,104]],"properties":{"name":"Dos Quebradas","gaul_code":14192,"targetarea":65.9490711,"totpop":282142.89975,"country_id":"COL","targetpop":281203.335388,"new_mean":0.1076585,"totalarea":70.8813802}},{"type":"MultiPolygon","arcs":[[[105]],[[106,107,108,109]],[[110]]],"properties":{"name":"Tulua","gaul_code":14401,"targetarea":89.5675516,"totpop":204348.03663,"country_id":"COL","targetpop":172000.07283,"new_mean":0.1256329,"totalarea":608.8801829}},{"type":"Polygon","arcs":[[111]],"properties":{"name":"Guadalupe","gaul_code":13393,"targetarea":1.9924673,"totpop":5806.8566952,"country_id":"COL","targetpop":1412.3633728,"new_mean":0.1087375,"totalarea":82.1583487}},{"type":"Polygon","arcs":[[112,113]],"properties":{"name":"Villagarzon","gaul_code":14176,"targetarea":4.6444951,"totpop":15582.0156325,"country_id":"COL","targetpop":1545.4950561,"new_mean":0.0510547,"totalarea":976.64509}},{"type":"MultiPolygon","arcs":[[[114]],[[115]]],"properties":{"name":"Guadalupe","gaul_code":13984,"targetarea":11.6387783,"totpop":44508.9476223,"country_id":"COL","targetpop":13321.8563385,"new_mean":0.11859,"totalarea":446.8838873}},{"type":"Polygon","arcs":[[116]],"properties":{"name":"Viota","gaul_code":13947,"targetarea":4.3688699,"totpop":11895.9099474,"country_id":"COL","targetpop":3150.0736084,"new_mean":0.1152105,"totalarea":198.060247}},{"type":"Polygon","arcs":[[117]],"properties":{"name":"San Pedro De Cartago","gaul_code":14114,"targetarea":2.9223161,"totpop":6517.839344,"country_id":"COL","targetpop":1048.7259522,"new_mean":0.0835512,"totalarea":47.6843897}},{"type":"Polygon","arcs":[[118]],"properties":{"name":"Teruel","gaul_code":14005,"targetarea":2.2934208,"totpop":15061.5643609,"country_id":"COL","targetpop":1553.5388489,"new_mean":0.1154318,"totalarea":683.4927113}},{"type":"Polygon","arcs":[[119,120,-64,121]],"properties":{"name":"Ancuya","gaul_code":14062,"targetarea":9.0278658,"totpop":10751.0140038,"country_id":"COL","targetpop":4526.029602,"new_mean":0.0855484,"totalarea":65.2492205}},{"type":"Polygon","arcs":[[122,123]],"properties":{"name":"Apartado","gaul_code":13352,"targetarea":105.0346746,"totpop":189064.545113,"country_id":"COL","targetpop":128015.965302,"new_mean":0.0957545,"totalarea":573.7306994}},{"type":"MultiPolygon","arcs":[[[124,125,126]],[[127]]],"properties":{"name":"Nilo","gaul_code":13895,"targetarea":44.468152,"totpop":47826.0157976,"country_id":"COL","targetpop":30475.7650604,"new_mean":0.1396414,"totalarea":205.92134}},{"type":"Polygon","arcs":[[128,129]],"properties":{"name":"Simiti","gaul_code":13528,"targetarea":7.3598645,"totpop":50021.2694508,"country_id":"COL","targetpop":7108.4125977,"new_mean":0.1167039,"totalarea":1782.5899665}},{"type":"Polygon","arcs":[[130]],"properties":{"name":"Puerto Concordia","gaul_code":14048,"targetarea":2.6092822,"totpop":23477.2164967,"country_id":"COL","targetpop":1142.4015808,"new_mean":0.057835,"totalarea":918.9135925}},{"type":"Polygon","arcs":[[131,132,133]],"properties":{"name":"Jerico","gaul_code":13580,"targetarea":0.1543087,"totpop":2271.5255575,"country_id":"COL","targetpop":0,"new_mean":0.1021487,"totalarea":133.01392}},{"type":"MultiPolygon","arcs":[[[134]],[[135]]],"properties":{"name":"El Doncello","gaul_code":13689,"targetarea":10.6892245,"totpop":47889.498754,"country_id":"COL","targetpop":7664.1196899,"new_mean":0.0908415,"totalarea":1735.2096435}},{"type":"Polygon","arcs":[[136]],"properties":{"name":"Maceo","gaul_code":13406,"targetarea":2.9092638,"totpop":14723.4230008,"country_id":"COL","targetpop":2009.6962585,"new_mean":0.1040239,"totalarea":423.5509116}},{"type":"Polygon","arcs":[[137,138]],"properties":{"name":"Fuente De Oro","gaul_code":14040,"targetarea":1.9634271,"totpop":11937.0860645,"country_id":"COL","targetpop":1213.6347961,"new_mean":0.1110313,"totalarea":754.1153568}},{"type":"MultiPolygon","arcs":[[[139,140,141]],[[142,143,144]],[[145,146,147]],[[148]],[[149,150,151]]],"properties":{"name":"Filandia","gaul_code":14182,"targetarea":22.1019689,"totpop":37531.8124313,"country_id":"COL","targetpop":20883.3760681,"new_mean":0.1029154,"totalarea":143.2759983}},{"type":"Polygon","arcs":[[152,153]],"properties":{"name":"Arbelaez","gaul_code":13841,"targetarea":2.1535965,"totpop":8425.6752739,"country_id":"COL","targetpop":1136.2337036,"new_mean":0.1157641,"totalarea":184.4187349}},{"type":"Polygon","arcs":[[154]],"properties":{"name":"Hobo","gaul_code":13985,"targetarea":3.4301463,"totpop":8965.3229694,"country_id":"COL","targetpop":2329.8317871,"new_mean":0.1334712,"totalarea":173.6954061}},{"type":"Polygon","arcs":[[155,156]],"properties":{"name":"Castilla La Nueva","gaul_code":14034,"targetarea":2.6543114,"totpop":12669.7204921,"country_id":"COL","targetpop":1260.5031433,"new_mean":0.1152627,"totalarea":561.5080125}},{"type":"MultiPolygon","arcs":[[[157,158]],[[159]]],"properties":{"name":"Angostura","gaul_code":13348,"targetarea":9.4557668,"totpop":22124.1614914,"country_id":"COL","targetpop":4986.0688171,"new_mean":0.1003527,"totalarea":364.5846795}},{"type":"MultiPolygon","arcs":[[[160,161]],[[162,163]]],"properties":{"name":"Espinal","gaul_code":14332,"targetarea":53.6315402,"totpop":79533.5483208,"country_id":"COL","targetpop":58577.7337189,"new_mean":0.1522282,"totalarea":225.5503811}},{"type":"Polygon","arcs":[[164]],"properties":{"name":"Pasca","gaul_code":13902,"targetarea":2.2903152,"totpop":9373.6683021,"country_id":"COL","targetpop":1291.8384705,"new_mean":0.0959699,"totalarea":146.7180262}},{"type":"MultiPolygon","arcs":[[[165]],[[166]]],"properties":{"name":"Agrado","gaul_code":13974,"targetarea":7.1489767,"totpop":17403.9209275,"country_id":"COL","targetpop":6741.970398,"new_mean":0.1280442,"totalarea":250.1538052}},{"type":"Polygon","arcs":[[167,168,169]],"properties":{"name":"Ospina","gaul_code":14101,"targetarea":26.522399,"totpop":32913.513237,"country_id":"COL","targetpop":25756.2888489,"new_mean":0.0838646,"totalarea":78.5738209}},{"type":"Polygon","arcs":[[170]],"properties":{"name":"La Vega","gaul_code":13886,"targetarea":8.6390467,"totpop":17451.058136,"country_id":"COL","targetpop":6739.5458374,"new_mean":0.108521,"totalarea":161.5963907}},{"type":"Polygon","arcs":[[171]],"properties":{"name":"Canasgordas","gaul_code":13368,"targetarea":6.2088634,"totpop":26450.9262362,"country_id":"COL","targetpop":3693.5259705,"new_mean":0.1050543,"totalarea":465.2345476}},{"type":"Polygon","arcs":[[172]],"properties":{"name":"San Carlos","gaul_code":13430,"targetarea":6.5378866,"totpop":23578.6573544,"country_id":"COL","targetpop":4658.9697266,"new_mean":0.0984772,"totalarea":764.5403472}},{"type":"MultiPolygon","arcs":[[[173,174]],[[175,-79,176,177,178,179,180]]],"properties":{"name":"Montenegro","gaul_code":14185,"targetarea":31.5149414,"totpop":29263.3953266,"country_id":"COL","targetpop":17039.420166,"new_mean":0.1074594,"totalarea":119.0679589}},{"type":"Polygon","arcs":[[181]],"properties":{"name":"La Belleza","gaul_code":14250,"targetarea":2.2588194,"totpop":12169.5963187,"country_id":"COL","targetpop":1055.9936218,"new_mean":0.1021672,"totalarea":359.0026573}},{"type":"MultiPolygon","arcs":[[[182,183,184]],[[185,186,187]],[[188,189,190]],[[191,192,193]]],"properties":{"name":"Zipacon","gaul_code":13949,"targetarea":7.5498741,"totpop":9869.6068497,"country_id":"COL","targetpop":3768.9943543,"new_mean":0.0972678,"totalarea":55.6499001}},{"type":"Polygon","arcs":[[194,195]],"properties":{"name":"Sutatenza","gaul_code":13638,"targetarea":6.6852864,"totpop":8078.8690491,"country_id":"COL","targetpop":4404.0611114,"new_mean":0.0941682,"totalarea":33.1393331}},{"type":"Polygon","arcs":[[196]],"properties":{"name":"Belen De Umbria","gaul_code":14191,"targetarea":10.862632,"totpop":22027.8323841,"country_id":"COL","targetpop":11759.2584534,"new_mean":0.1100416,"totalarea":175.2919795}},{"type":"MultiPolygon","arcs":[[[197,198,199]],[[200,201,202,203,204,-50,205]]],"properties":{"name":"Candelaria","gaul_code":14376,"targetarea":142.4890041,"totpop":375457.800266,"country_id":"COL","targetpop":354673.665787,"new_mean":0.1344484,"totalarea":260.725197}},{"type":"MultiPolygon","arcs":[[[206,207]],[[208]]],"properties":{"name":"Isnos","gaul_code":13987,"targetarea":15.2991481,"totpop":40056.7627563,"country_id":"COL","targetpop":13040.5204773,"new_mean":0.1093876,"totalarea":461.8158347}},{"type":"Polygon","arcs":[[209]],"properties":{"name":"Armero (guayabal)","gaul_code":14322,"targetarea":5.4515803,"totpop":17389.4344139,"country_id":"COL","targetpop":3716.2609863,"new_mean":0.1294802,"totalarea":456.7060918}},{"type":"MultiPolygon","arcs":[[[210]],[[211]]],"properties":{"name":"Gomez Plata","gaul_code":13391,"targetarea":4.0045739,"totpop":19592.8173552,"country_id":"COL","targetpop":2495.6427918,"new_mean":0.1008914,"totalarea":387.3020893}},{"type":"MultiPolygon","arcs":[[[212]],[[213,214,215]]],"properties":{"name":"Bolivar","gaul_code":13722,"targetarea":9.3951663,"totpop":58133.784368,"country_id":"COL","targetpop":8943.6261597,"new_mean":0.0982499,"totalarea":937.9305106}},{"type":"Polygon","arcs":[[216]],"properties":{"name":"Susa","gaul_code":13925,"targetarea":10.3481619,"totpop":18901.8492393,"country_id":"COL","targetpop":12094.1427612,"new_mean":0.088504,"totalarea":115.0703857}},{"type":"Polygon","arcs":[[-185,217,218]],"properties":{"name":"Cachipay","gaul_code":13846,"targetarea":2.6686846,"totpop":7496.3519478,"country_id":"COL","targetpop":2207.2447205,"new_mean":0.1051404,"totalarea":59.4424535}},{"type":"MultiPolygon","arcs":[[[219]],[[220,221]]],"properties":{"name":"Villa De Leyva","gaul_code":13656,"targetarea":13.8672267,"totpop":22430.0547304,"country_id":"COL","targetpop":14689.4011841,"new_mean":0.0897051,"totalarea":112.8994026}},{"type":"Polygon","arcs":[[222,223,224,225]],"properties":{"name":"Puerres","gaul_code":14106,"targetarea":5.9476865,"totpop":11040.5983835,"country_id":"COL","targetpop":3488.0094605,"new_mean":0.0820176,"totalarea":304.3649016}},{"type":"MultiPolygon","arcs":[[[226]],[[227,228,229]],[[230]]],"properties":{"name":"Socorro","gaul_code":14283,"targetarea":21.0721058,"totpop":39389.512373,"country_id":"COL","targetpop":27475.8662262,"new_mean":0.1121964,"totalarea":118.9690666}},{"type":"Polygon","arcs":[[231,232,-229]],"properties":{"name":"Palmar","gaul_code":14263,"targetarea":0.8053125,"totpop":1903.7732611,"country_id":"COL","targetpop":635.7400818,"new_mean":0.1062985,"totalarea":17.8860813}},{"type":"Polygon","arcs":[[233]],"properties":{"name":"La Union","gaul_code":14092,"targetarea":12.2877133,"totpop":21237.3085289,"country_id":"COL","targetpop":8450.5410461,"new_mean":0.0969041,"totalarea":126.0579728}},{"type":"MultiPolygon","arcs":[[[234]],[[235,236,237]]],"properties":{"name":"Pamplona","gaul_code":14150,"targetarea":22.5267795,"totpop":58626.3250966,"country_id":"COL","targetpop":47785.5333557,"new_mean":0.1260922,"totalarea":284.9517836}},{"type":"MultiPolygon","arcs":[[[238,239]],[[240]],[[241,242,243]]],"properties":{"name":"Chinchina","gaul_code":13664,"targetarea":11.0047642,"totpop":26176.3884888,"country_id":"COL","targetpop":9361.6668396,"new_mean":0.1184299,"totalarea":125.3408211}},{"type":"Polygon","arcs":[[244]],"properties":{"name":"Natagaima","gaul_code":14346,"targetarea":4.7619926,"totpop":28070.3205376,"country_id":"COL","targetpop":4577.5299377,"new_mean":0.1509541,"totalarea":951.8106908}},{"type":"Polygon","arcs":[[245]],"properties":{"name":"Ventaquemada","gaul_code":13655,"targetarea":6.8851795,"totpop":18360.1986523,"country_id":"COL","targetpop":4489.6559448,"new_mean":0.0827421,"totalarea":183.9077509}},{"type":"Polygon","arcs":[[246]],"properties":{"name":"Anzoategui","gaul_code":14321,"targetarea":2.2893266,"totpop":32003.0190721,"country_id":"COL","targetpop":1195.6010437,"new_mean":0.1036375,"totalarea":539.7116869}},{"type":"MultiPolygon","arcs":[[[247]],[[248,249]]],"properties":{"name":"Popayan","gaul_code":13745,"targetarea":167.4595992,"totpop":377355.926515,"country_id":"COL","targetpop":334739.986343,"new_mean":0.0729294,"totalarea":484.5211879}},{"type":"Polygon","arcs":[[250,-88]],"properties":{"name":"Toro","gaul_code":14399,"targetarea":4.4350148,"totpop":12826.9723663,"country_id":"COL","targetpop":3422.9633179,"new_mean":0.1160921,"totalarea":192.0401356}},{"type":"Polygon","arcs":[[251,252,-124,253]],"properties":{"name":"Carepa","gaul_code":13371,"targetarea":20.1107131,"totpop":45158.1621513,"country_id":"COL","targetpop":26469.5569458,"new_mean":0.0965343,"totalarea":246.3212862}},{"type":"Polygon","arcs":[[254,255]],"properties":{"name":"Yotoco","gaul_code":14405,"targetarea":4.4956889,"totpop":14598.0474825,"country_id":"COL","targetpop":2287.5429077,"new_mean":0.107663,"totalarea":318.3280975}},{"type":"MultiPolygon","arcs":[[[256]],[[257]]],"properties":{"name":"Yaguara","gaul_code":14009,"targetarea":5.0253621,"totpop":9364.4445383,"country_id":"COL","targetpop":2801.072937,"new_mean":0.1378603,"totalarea":206.6021102}},{"type":"Polygon","arcs":[[258,259,260]],"properties":{"name":"Suesca","gaul_code":13923,"targetarea":30.9342271,"totpop":57331.8577366,"country_id":"COL","targetpop":44868.6324615,"new_mean":0.0849103,"totalarea":187.3329744}},{"type":"Polygon","arcs":[[261]],"properties":{"name":"Zapatoca","gaul_code":14292,"targetarea":2.2808276,"totpop":9803.7202635,"country_id":"COL","targetpop":1691.7758484,"new_mean":0.1057205,"totalarea":395.7591197}},{"type":"Polygon","arcs":[[262]],"properties":{"name":"Puerto Carreno","gaul_code":14416,"targetarea":4.571148,"totpop":20948.8792006,"country_id":"COL","targetpop":3222.5133972,"new_mean":0.0131001,"totalarea":9857.6535346}},{"type":"Polygon","arcs":[[263,264,265,266]],"properties":{"name":"Villa Del Rosario","gaul_code":14164,"targetarea":82.5934696,"totpop":229642.095641,"country_id":"COL","targetpop":218068.002655,"new_mean":0.23804,"totalarea":213.2003658}},{"type":"MultiPolygon","arcs":[[[-168,267,268]],[[269]],[[270,271,272]]],"properties":{"name":"Tuquerres","gaul_code":14123,"targetarea":58.436722,"totpop":50209.2192855,"country_id":"COL","targetpop":30500.3090515,"new_mean":0.0841545,"totalarea":196.0443062}},{"type":"Polygon","arcs":[[273]],"properties":{"name":"Velez","gaul_code":14289,"targetarea":7.4511129,"totpop":17419.8710709,"country_id":"COL","targetpop":6246.4715576,"new_mean":0.1045522,"totalarea":361.1687872}},{"type":"Polygon","arcs":[[274]],"properties":{"name":"Garzon","gaul_code":13982,"targetarea":41.3552209,"totpop":117857.009157,"country_id":"COL","targetpop":74988.1867828,"new_mean":0.1400106,"totalarea":540.9617436}},{"type":"Polygon","arcs":[[275]],"properties":{"name":"San Francisco","gaul_code":13912,"targetarea":9.4944765,"totpop":15264.0799866,"country_id":"COL","targetpop":4964.6799316,"new_mean":0.1004705,"totalarea":123.4977195}},{"type":"Polygon","arcs":[[276,277,278,279]],"properties":{"name":"Corrales","gaul_code":13561,"targetarea":24.2127579,"totpop":41476.2057924,"country_id":"COL","targetpop":38270.153595,"new_mean":0.0879155,"totalarea":63.5890695}},{"type":"MultiPolygon","arcs":[[[280]],[[281]]],"properties":{"name":"Venecia","gaul_code":13460,"targetarea":11.401086,"totpop":20659.8745098,"country_id":"COL","targetpop":8829.588562,"new_mean":0.1072727,"totalarea":144.652116}},{"type":"Polygon","arcs":[[-120,282,283]],"properties":{"name":"Guaitarilla","gaul_code":14083,"targetarea":1.8669236,"totpop":8682.2870503,"country_id":"COL","targetpop":545.0919495,"new_mean":0.0837286,"totalarea":120.8365843}},{"type":"MultiPolygon","arcs":[[[284,285]],[[286,287]]],"properties":{"name":"Apia","gaul_code":14189,"targetarea":9.8244098,"totpop":15875.7680751,"country_id":"COL","targetpop":6668.6648865,"new_mean":0.108638,"totalarea":255.130403}},{"type":"Polygon","arcs":[[288,289,290,291,-203,292]],"properties":{"name":"Cali","gaul_code":14374,"targetarea":337.6965197,"totpop":2049084.9635,"country_id":"COL","targetpop":2022429.69614,"new_mean":0.1438808,"totalarea":503.288547}},{"type":"Polygon","arcs":[[293,294]],"properties":{"name":"San Miguel De Sema","gaul_code":13619,"targetarea":1.7160047,"totpop":9033.7245655,"country_id":"COL","targetpop":1314.3354492,"new_mean":0.0836773,"totalarea":104.9923392}},{"type":"MultiPolygon","arcs":[[[295,-285]],[[296,-287]]],"properties":{"name":"Viterbo","gaul_code":13684,"targetarea":9.9139175,"totpop":18901.7066116,"country_id":"COL","targetpop":10260.2367554,"new_mean":0.1151546,"totalarea":105.7549067}},{"type":"Polygon","arcs":[[297,298,-8]],"properties":{"name":"Olaya","gaul_code":13416,"targetarea":3.1161687,"totpop":8500.4579811,"country_id":"COL","targetpop":1228.7930298,"new_mean":0.1093029,"totalarea":118.4786603}},{"type":"Polygon","arcs":[[299,300]],"properties":{"name":"Florencia","gaul_code":13691,"targetarea":69.8271066,"totpop":204933.406988,"country_id":"COL","targetpop":140743.661102,"new_mean":0.0927751,"totalarea":2023.9012441}},{"type":"Polygon","arcs":[[301]],"properties":{"name":"Puerto Gaitan","gaul_code":14049,"targetarea":3.0187204,"totpop":20714.2091447,"country_id":"COL","targetpop":1595.4900818,"new_mean":0.0904054,"totalarea":16788.3628878}},{"type":"Polygon","arcs":[[302,303,304,305,306]],"properties":{"name":"Chia","gaul_code":13852,"targetarea":69.1449225,"totpop":307354.0047,"country_id":"COL","targetpop":303972.529449,"new_mean":0.0885201,"totalarea":81.0906695}},{"type":"Polygon","arcs":[[307,308,309,310,311]],"properties":{"name":"Girardota","gaul_code":13390,"targetarea":54.2477279,"totpop":71276.6274376,"country_id":"COL","targetpop":67055.0875549,"new_mean":0.0918795,"totalarea":82.6646399}},{"type":"Polygon","arcs":[[312,313,314,315,316]],"properties":{"name":"La Estrella","gaul_code":13403,"targetarea":17.12848,"totpop":22332.4320831,"country_id":"COL","targetpop":18875.7934265,"new_mean":0.0975604,"totalarea":37.0186702}},{"type":"Polygon","arcs":[[317]],"properties":{"name":"Soata","gaul_code":13628,"targetarea":1.5279811,"totpop":3107.9663153,"country_id":"COL","targetpop":743.7590027,"new_mean":0.1019857,"totalarea":141.0267874}},{"type":"Polygon","arcs":[[318]],"properties":{"name":"Pensilvania","gaul_code":13676,"targetarea":7.959895,"totpop":29697.7586718,"country_id":"COL","targetpop":7841.7114029,"new_mean":0.1055835,"totalarea":572.2006405}},{"type":"Polygon","arcs":[[319,-90]],"properties":{"name":"Ansermanuevo","gaul_code":14366,"targetarea":0.818833,"totpop":15105.181437,"country_id":"COL","targetpop":0,"new_mean":0.112712,"totalarea":317.6090179}},{"type":"MultiPolygon","arcs":[[[320,-92,321]],[[322]],[[323,-150,324,325,-103,326,327]],[[328,329,-22]]],"properties":{"name":"Pereira","gaul_code":14198,"targetarea":257.6489125,"totpop":513153.151156,"country_id":"COL","targetpop":465475.342056,"new_mean":0.112114,"totalarea":651.8373477}},{"type":"MultiPolygon","arcs":[[[330,-23,-330]],[[-240,331]]],"properties":{"name":"Marsella","gaul_code":14196,"targetarea":6.0559387,"totpop":22823.7475815,"country_id":"COL","targetpop":3987.3656921,"new_mean":0.1163317,"totalarea":164.2113756}},{"type":"Polygon","arcs":[[-237,332]],"properties":{"name":"Pamplonita","gaul_code":14151,"targetarea":3.3223842,"totpop":9051.9399881,"country_id":"COL","targetpop":1765.3240662,"new_mean":0.1104966,"totalarea":170.3924267}},{"type":"Polygon","arcs":[[333]],"properties":{"name":"Aranzazu","gaul_code":13662,"targetarea":2.2871643,"totpop":10381.9331322,"country_id":"COL","targetpop":1644.2283935,"new_mean":0.1177154,"totalarea":140.6584865}},{"type":"MultiPolygon","arcs":[[[334,335,336]],[[337]],[[338,339,340,-335]],[[-291,341,342,343]]],"properties":{"name":"Jamundi","gaul_code":14386,"targetarea":99.4672782,"totpop":209356.63708,"country_id":"COL","targetpop":160980.995789,"new_mean":0.1125394,"totalarea":683.3565627}},{"type":"Polygon","arcs":[[344,345,-153,346]],"properties":{"name":"Fusagasuga","gaul_code":13866,"targetarea":116.0889175,"totpop":172379.242691,"country_id":"COL","targetpop":154705.617798,"new_mean":0.1037637,"totalarea":307.4382518}},{"type":"Polygon","arcs":[[347]],"properties":{"name":"Restrepo","gaul_code":14394,"targetarea":8.9095527,"totpop":14595.771245,"country_id":"COL","targetpop":7719.1414642,"new_mean":0.1082817,"totalarea":136.2983603}},{"type":"Polygon","arcs":[[348]],"properties":{"name":"Vistahermosa","gaul_code":14059,"targetarea":3.2576156,"totpop":27401.3990874,"country_id":"COL","targetpop":3027.6634522,"new_mean":0.0872019,"totalarea":4498.9690933}},{"type":"Polygon","arcs":[[349]],"properties":{"name":"Almaguer","gaul_code":13719,"targetarea":3.3970501,"totpop":27223.9062576,"country_id":"COL","targetpop":2023.5368957,"new_mean":0.0887395,"totalarea":274.697714}},{"type":"Polygon","arcs":[[350,-195]],"properties":{"name":"Tenza","gaul_code":13640,"targetarea":4.3583188,"totpop":6165.6691589,"country_id":"COL","targetpop":3479.322876,"new_mean":0.089828,"totalarea":37.79371}},{"type":"MultiPolygon","arcs":[[[-179,-142,351]],[[-144,352,353]]],"properties":{"name":"Quimbaya","gaul_code":14187,"targetarea":3.4434868,"totpop":8850.940321,"country_id":"COL","targetpop":1196.1972351,"new_mean":0.1129761,"totalarea":83.3517264}},{"type":"Polygon","arcs":[[354]],"properties":{"name":"Taraza","gaul_code":13449,"targetarea":7.3637305,"totpop":41455.7140568,"country_id":"COL","targetpop":8333.8512268,"new_mean":0.1059137,"totalarea":1748.7598672}},{"type":"Polygon","arcs":[[355]],"properties":{"name":"San Vicente De Chucuri","gaul_code":14279,"targetarea":5.5298509,"totpop":36794.2404454,"country_id":"COL","targetpop":3114.2433472,"new_mean":0.1071604,"totalarea":1039.3867839}},{"type":"Polygon","arcs":[[356]],"properties":{"name":"Coyaima","gaul_code":14329,"targetarea":4.4635455,"totpop":30372.05441,"country_id":"COL","targetpop":3389.8777771,"new_mean":0.158069,"totalarea":609.7655728}},{"type":"MultiPolygon","arcs":[[[-164,357]],[[358,359]],[[360,361,362]]],"properties":{"name":"Coello","gaul_code":14328,"targetarea":22.6979536,"totpop":38574.824316,"country_id":"COL","targetpop":21169.1911926,"new_mean":0.1482009,"totalarea":443.2528961}},{"type":"Polygon","arcs":[[363,364]],"properties":{"name":"Viracacha","gaul_code":13657,"targetarea":8.4592859,"totpop":10672.1420021,"country_id":"COL","targetpop":5493.0422363,"new_mean":0.0831177,"totalarea":59.8893502}},{"type":"Polygon","arcs":[[-224,365]],"properties":{"name":"Contadero","gaul_code":14070,"targetarea":9.0050258,"totpop":10900.0130081,"country_id":"COL","targetpop":4933.8156128,"new_mean":0.0846519,"totalarea":52.5072876}},{"type":"Polygon","arcs":[[366]],"properties":{"name":"San Jeronimo","gaul_code":13432,"targetarea":10.4803157,"totpop":16878.6306562,"country_id":"COL","targetpop":5514.7974853,"new_mean":0.1093677,"totalarea":151.1836855}},{"type":"Polygon","arcs":[[367,368,369,370]],"properties":{"name":"Tona","gaul_code":14287,"targetarea":11.590277,"totpop":19232.3918753,"country_id":"COL","targetpop":7122.801651,"new_mean":0.1018755,"totalarea":306.8818865}},{"type":"MultiPolygon","arcs":[[[371]],[[372]]],"properties":{"name":"Pueblorrico","gaul_code":13420,"targetarea":7.0020998,"totpop":18043.7017632,"country_id":"COL","targetpop":5856.4867859,"new_mean":0.1049918,"totalarea":116.9149332}},{"type":"Polygon","arcs":[[373]],"properties":{"name":"Argelia","gaul_code":13354,"targetarea":2.2854488,"totpop":13075.4207268,"country_id":"COL","targetpop":1313.6846619,"new_mean":0.0985494,"totalarea":233.7362516}},{"type":"MultiPolygon","arcs":[[[374,-47]],[[-206,-49,375]],[[376]],[[377]],[[378,379,-200,380]]],"properties":{"name":"Pradera","gaul_code":14393,"targetarea":52.5310143,"totpop":80576.4892712,"country_id":"COL","targetpop":44110.1241913,"new_mean":0.1116664,"totalarea":427.6931765}},{"type":"Polygon","arcs":[[381]],"properties":{"name":"Liborina","gaul_code":13405,"targetarea":1.8608089,"totpop":14137.5651875,"country_id":"COL","targetpop":1218.7821045,"new_mean":0.1039817,"totalarea":241.032032}},{"type":"Polygon","arcs":[[382]],"properties":{"name":"Cuaspud","gaul_code":14072,"targetarea":9.9955773,"totpop":18831.3421936,"country_id":"COL","targetpop":7242.5854492,"new_mean":0.0809586,"totalarea":87.8470026}},{"type":"Polygon","arcs":[[383,384,385]],"properties":{"name":"Guatavita","gaul_code":13876,"targetarea":1.3261803,"totpop":9345.1438189,"country_id":"COL","targetpop":712.0921631,"new_mean":0.0912158,"totalarea":139.5799817}},{"type":"Polygon","arcs":[[386]],"properties":{"name":"Rioblanco","gaul_code":14352,"targetarea":2.0216553,"totpop":17422.3327463,"country_id":"COL","targetpop":1590.5415649,"new_mean":0.0971201,"totalarea":1526.207979}},{"type":"MultiPolygon","arcs":[[[387]],[[388]]],"properties":{"name":"Gigante","gaul_code":13983,"targetarea":16.0297569,"totpop":49804.7833786,"country_id":"COL","targetpop":15954.8230743,"new_mean":0.1260992,"totalarea":699.7157548}},{"type":"Polygon","arcs":[[389]],"properties":{"name":"Salazar","gaul_code":14154,"targetarea":2.276077,"totpop":7757.288456,"country_id":"COL","targetpop":1147.5977173,"new_mean":0.1150303,"totalarea":472.2786801}},{"type":"Polygon","arcs":[[390,391]],"properties":{"name":"Honda","gaul_code":14338,"targetarea":3.2852388,"totpop":10358.5452967,"country_id":"COL","targetpop":1510.0721741,"new_mean":0.1308615,"totalarea":300.6246446}},{"type":"Polygon","arcs":[[392]],"properties":{"name":"Guamal","gaul_code":14042,"targetarea":3.8794961,"totpop":11600.8486003,"country_id":"COL","targetpop":2108.3258667,"new_mean":0.1133345,"totalarea":764.4180948}},{"type":"Polygon","arcs":[[393]],"properties":{"name":"Campo Alegre","gaul_code":13979,"targetarea":17.5432141,"totpop":38965.3794027,"country_id":"COL","targetpop":17142.7670593,"new_mean":0.1431839,"totalarea":385.5782191}},{"type":"Polygon","arcs":[[394,395]],"properties":{"name":"Paz De Ariporo","gaul_code":13708,"targetarea":5.7302912,"totpop":40500.5043261,"country_id":"COL","targetpop":8921.5574341,"new_mean":0.0901618,"totalarea":12435.9448275}},{"type":"MultiPolygon","arcs":[[[396,397]],[[398]]],"properties":{"name":"Sotaquira","gaul_code":13635,"targetarea":6.568308,"totpop":11608.6946776,"country_id":"COL","targetpop":4298.1137695,"new_mean":0.0850471,"totalarea":281.7411708}},{"type":"Polygon","arcs":[[399,400]],"properties":{"name":"San Alberto","gaul_code":13778,"targetarea":6.3014334,"totpop":29037.2856083,"country_id":"COL","targetpop":5727.8293152,"new_mean":0.1093014,"totalarea":908.219969}},{"type":"Polygon","arcs":[[401]],"properties":{"name":"La Cumbre","gaul_code":14387,"targetarea":2.021404,"totpop":12951.9408026,"country_id":"COL","targetpop":987.6109924,"new_mean":0.1076671,"totalarea":205.6790299}},{"type":"MultiPolygon","arcs":[[[402]],[[403]]],"properties":{"name":"Sonson","gaul_code":13446,"targetarea":17.0427266,"totpop":50868.0050712,"country_id":"COL","targetpop":15294.4204712,"new_mean":0.1003655,"totalarea":1302.7397148}},{"type":"Polygon","arcs":[[404,405,406,407,408]],"properties":{"name":"Funza","gaul_code":13864,"targetarea":68.7448708,"totpop":193340.699127,"country_id":"COL","targetpop":192825.785767,"new_mean":0.0853083,"totalarea":69.9350286}},{"type":"MultiPolygon","arcs":[[[409]],[[410,-57]]],"properties":{"name":"Valle Del Guamuez (la Hor","gaul_code":14175,"targetarea":34.2257909,"totpop":99859.4989653,"country_id":"COL","targetpop":27876.9385376,"new_mean":0.0377118,"totalarea":1088.5209119}},{"type":"Polygon","arcs":[[411,412]],"properties":{"name":"Ipiales","gaul_code":14087,"targetarea":68.1459067,"totpop":168167.560895,"country_id":"COL","targetpop":110613.787384,"new_mean":0.0802834,"totalarea":1717.6719399}},{"type":"Polygon","arcs":[[413]],"properties":{"name":"Algeciras","gaul_code":13976,"targetarea":6.2558901,"totpop":30168.3401511,"country_id":"COL","targetpop":6189.7574768,"new_mean":0.1154538,"totalarea":841.7122063}},{"type":"Polygon","arcs":[[414,415]],"properties":{"name":"Paipa","gaul_code":13599,"targetarea":21.6431741,"totpop":30583.899946,"country_id":"COL","targetpop":18427.8361206,"new_mean":0.0812232,"totalarea":416.2508738}},{"type":"MultiPolygon","arcs":[[[416,417,418]],[[419,420,421]]],"properties":{"name":"Combita","gaul_code":13559,"targetarea":17.1425512,"totpop":57358.1557288,"country_id":"COL","targetpop":46867.4525452,"new_mean":0.0621303,"totalarea":187.0965869}},{"type":"Polygon","arcs":[[422]],"properties":{"name":"Chinacota","gaul_code":14131,"targetarea":10.1724857,"totpop":20279.9657774,"country_id":"COL","targetpop":9175.8670197,"new_mean":0.1163299,"totalarea":181.497951}},{"type":"Polygon","arcs":[[423]],"properties":{"name":"Sasaima","gaul_code":13915,"targetarea":2.7250626,"totpop":12550.5594368,"country_id":"COL","targetpop":1665.5992584,"new_mean":0.1080576,"totalarea":100.1153293}},{"type":"Polygon","arcs":[[424,425,426,427,428,429,430]],"properties":{"name":"La Ceja","gaul_code":13402,"targetarea":42.9470504,"totpop":61243.3232136,"country_id":"COL","targetpop":50960.9921875,"new_mean":0.0942992,"totalarea":134.6244549}},{"type":"Polygon","arcs":[[431]],"properties":{"name":"Toledo","gaul_code":14162,"targetarea":1.9904063,"totpop":22610.1718853,"country_id":"COL","targetpop":1001.1646423,"new_mean":0.1060397,"totalarea":1682.4231359}},{"type":"Polygon","arcs":[[432]],"properties":{"name":"Salamina","gaul_code":13679,"targetarea":8.2423128,"totpop":18633.3492155,"country_id":"COL","targetpop":6113.3638306,"new_mean":0.1116213,"totalarea":375.7748765}},{"type":"Polygon","arcs":[[433]],"properties":{"name":"San Antonio","gaul_code":14356,"targetarea":2.2914111,"totpop":13957.7688975,"country_id":"COL","targetpop":1221.9787598,"new_mean":0.1026144,"totalarea":404.8565978}},{"type":"Polygon","arcs":[[434]],"properties":{"name":"Socha","gaul_code":13629,"targetarea":2.6699342,"totpop":7142.8075419,"country_id":"COL","targetpop":2036.3977661,"new_mean":0.0900385,"totalarea":180.2474878}},{"type":"Polygon","arcs":[[435]],"properties":{"name":"La Palma","gaul_code":13884,"targetarea":2.286863,"totpop":7191.369195,"country_id":"COL","targetpop":1818.0516968,"new_mean":0.1091128,"totalarea":209.6643489}},{"type":"MultiPolygon","arcs":[[[436,437]],[[438]],[[439]],[[440,441,442]]],"properties":{"name":"Aguazul","gaul_code":13700,"targetarea":61.1100316,"totpop":99803.1125741,"country_id":"COL","targetpop":55847.4597168,"new_mean":0.1219575,"totalarea":1433.4264014}},{"type":"MultiPolygon","arcs":[[[443,444,445]],[[-46,446]],[[-43,447,448,449]]],"properties":{"name":"Miranda","gaul_code":13739,"targetarea":34.3616828,"totpop":40666.4555836,"country_id":"COL","targetpop":22178.3006287,"new_mean":0.1110071,"totalarea":150.9259985}},{"type":"Polygon","arcs":[[450]],"properties":{"name":"Jerico","gaul_code":13401,"targetarea":7.524881,"totpop":17849.5480862,"country_id":"COL","targetpop":5941.0901794,"new_mean":0.1037801,"totalarea":177.993862}},{"type":"Polygon","arcs":[[451]],"properties":{"name":"Ataco","gaul_code":14323,"targetarea":2.2922413,"totpop":27411.8403111,"country_id":"COL","targetpop":1669.3250732,"new_mean":0.1181081,"totalarea":1065.7155703}},{"type":"MultiPolygon","arcs":[[[452]],[[453]],[[454]]],"properties":{"name":"Puerto Rondon","gaul_code":13471,"targetarea":13.5347228,"totpop":51670.2234995,"country_id":"COL","targetpop":7589.3697205,"new_mean":0.0914007,"totalarea":4579.9443336}},{"type":"Polygon","arcs":[[455]],"properties":{"name":"Pandi","gaul_code":13900,"targetarea":3.875123,"totpop":9245.2880487,"country_id":"COL","targetpop":3054.0195312,"new_mean":0.1072452,"totalarea":99.9991458}},{"type":"Polygon","arcs":[[456]],"properties":{"name":"Betulia","gaul_code":13360,"targetarea":5.4395084,"totpop":19627.6698151,"country_id":"COL","targetpop":2928.1452026,"new_mean":0.1058533,"totalarea":255.2229701}},{"type":"Polygon","arcs":[[457,458,459]],"properties":{"name":"Girardot","gaul_code":13871,"targetarea":45.7987135,"totpop":87909.3954258,"country_id":"COL","targetpop":78258.6899414,"new_mean":0.1452603,"totalarea":106.2344258}},{"type":"Polygon","arcs":[[460]],"properties":{"name":"El Paujil","gaul_code":13690,"targetarea":3.7628292,"totpop":24790.3166416,"country_id":"COL","targetpop":1935.364563,"new_mean":0.0878672,"totalarea":721.2225591}},{"type":"MultiPolygon","arcs":[[[461]],[[462]]],"properties":{"name":"San Lorenzo","gaul_code":14112,"targetarea":8.0445804,"totpop":24215.3416281,"country_id":"COL","targetpop":4680.1398621,"new_mean":0.0992046,"totalarea":247.9807984}},{"type":"MultiPolygon","arcs":[[[463]],[[464,465]]],"properties":{"name":"Chameza","gaul_code":13701,"targetarea":2.8730567,"totpop":9240.6379371,"country_id":"COL","targetpop":1577.888031,"new_mean":0.0889814,"totalarea":328.6790025}},{"type":"Polygon","arcs":[[466]],"properties":{"name":"Iquira","gaul_code":13986,"targetarea":2.2935891,"totpop":15493.2885821,"country_id":"COL","targetpop":2201.8866577,"new_mean":0.1016312,"totalarea":583.8207111}},{"type":"Polygon","arcs":[[-55,467,468]],"properties":{"name":"Barbosa","gaul_code":14209,"targetarea":6.3937613,"totpop":9949.1217766,"country_id":"COL","targetpop":6245.0570984,"new_mean":0.1065507,"totalarea":33.4015207}},{"type":"Polygon","arcs":[[469]],"properties":{"name":"Medina","gaul_code":13891,"targetarea":9.7043234,"totpop":24837.161759,"country_id":"COL","targetpop":7540.8808136,"new_mean":0.1105683,"totalarea":1633.3706623}},{"type":"MultiPolygon","arcs":[[[470,471,-289]],[[472,473,474]]],"properties":{"name":"Yumbo","gaul_code":14406,"targetarea":54.6671093,"totpop":175182.453701,"country_id":"COL","targetpop":159452.724594,"new_mean":0.148399,"totalarea":158.8849905}},{"type":"MultiPolygon","arcs":[[[475]],[[476]]],"properties":{"name":"Icononzo","gaul_code":14340,"targetarea":11.7985799,"totpop":19177.7569532,"country_id":"COL","targetpop":6589.1734009,"new_mean":0.1067922,"totalarea":229.4998954}},{"type":"MultiPolygon","arcs":[[[477,478,479]],[[480,481]]],"properties":{"name":"Buesaco","gaul_code":14066,"targetarea":6.6557464,"totpop":34198.4608898,"country_id":"COL","targetpop":3424.4594269,"new_mean":0.0894657,"totalarea":526.6156289}},{"type":"Polygon","arcs":[[482,483,484]],"properties":{"name":"Pijao","gaul_code":14186,"targetarea":4.7357644,"totpop":12937.5691686,"country_id":"COL","targetpop":5263.0402832,"new_mean":0.1091516,"totalarea":188.8381769}},{"type":"Polygon","arcs":[[485,-20]],"properties":{"name":"Belalcazar","gaul_code":13663,"targetarea":2.9527786,"totpop":11562.3221111,"country_id":"COL","targetpop":788.277359,"new_mean":0.1180523,"totalarea":114.2774515}},{"type":"Polygon","arcs":[[486]],"properties":{"name":"Siachoque","gaul_code":13627,"targetarea":3.1277783,"totpop":9074.0071926,"country_id":"COL","targetpop":1981.3254394,"new_mean":0.0829347,"totalarea":148.5443566}},{"type":"MultiPolygon","arcs":[[[487,-81,488]],[[489,490,491]]],"properties":{"name":"Calarca","gaul_code":14179,"targetarea":55.6294123,"totpop":102840.342754,"country_id":"COL","targetpop":85318.1115875,"new_mean":0.0903269,"totalarea":207.6225884}},{"type":"Polygon","arcs":[[492]],"properties":{"name":"Argelia","gaul_code":13720,"targetarea":2.0042894,"totpop":19891.632885,"country_id":"COL","targetpop":1200.1151428,"new_mean":0.0906963,"totalarea":406.5933298}},{"type":"Polygon","arcs":[[493,494]],"properties":{"name":"El Tablon","gaul_code":14078,"targetarea":40.0415187,"totpop":49416.2021062,"country_id":"COL","targetpop":25265.3684998,"new_mean":0.0869594,"totalarea":701.7278107}},{"type":"MultiPolygon","arcs":[[[495,496,497]],[[498,499]]],"properties":{"name":"Amaga","gaul_code":13344,"targetarea":26.0392439,"totpop":34951.3887825,"country_id":"COL","targetpop":23937.412674,"new_mean":0.1050186,"totalarea":102.1745271}},{"type":"MultiPolygon","arcs":[[[500]],[[501]]],"properties":{"name":"San Antonio Del Tequendam","gaul_code":13909,"targetarea":9.8579248,"totpop":15164.499218,"country_id":"COL","targetpop":4613.9854736,"new_mean":0.0951884,"totalarea":89.4647149}},{"type":"MultiPolygon","arcs":[[[502]],[[503]]],"properties":{"name":"Buenaventura","gaul_code":14369,"targetarea":108.2505022,"totpop":485300.501317,"country_id":"COL","targetpop":298527.667709,"new_mean":0.086436,"totalarea":6497.7170748}},{"type":"MultiPolygon","arcs":[[[504]],[[505]]],"properties":{"name":"San Vicente Del Caguan","gaul_code":13697,"targetarea":16.9341447,"totpop":139001.240983,"country_id":"COL","targetpop":15061.2281036,"new_mean":0.0924985,"totalarea":18040.1179272}},{"type":"Polygon","arcs":[[-204,-292,-344,506,507,508,509,510,511]],"properties":{"name":"Puerto Tejada","gaul_code":13746,"targetarea":67.7375095,"totpop":78711.0404587,"country_id":"COL","targetpop":72691.2261505,"new_mean":0.1129149,"totalarea":100.1777413}},{"type":"Polygon","arcs":[[512]],"properties":{"name":"Puente Nacional","gaul_code":14268,"targetarea":2.2848897,"totpop":14212.6191998,"country_id":"COL","targetpop":1550.9961853,"new_mean":0.1043373,"totalarea":256.9878737}},{"type":"MultiPolygon","arcs":[[[-283,-122,-63,513]],[[514,515,-272,516,-61]]],"properties":{"name":"Providencia","gaul_code":14105,"targetarea":29.8295936,"totpop":21402.684845,"country_id":"COL","targetpop":14747.2363739,"new_mean":0.0849907,"totalarea":77.3428059}},{"type":"MultiPolygon","arcs":[[[517]],[[518,519,520,521,522]]],"properties":{"name":"Piendamo","gaul_code":13744,"targetarea":15.5547801,"totpop":33614.4153633,"country_id":"COL","targetpop":18937.7455444,"new_mean":0.0880427,"totalarea":143.78505}},{"type":"Polygon","arcs":[[523,524,525,526,-385,527]],"properties":{"name":"Gachancipa","gaul_code":13868,"targetarea":33.3543595,"totpop":32422.3825226,"country_id":"COL","targetpop":30642.0974121,"new_mean":0.090716,"totalarea":43.5885956}},{"type":"MultiPolygon","arcs":[[[528,529]],[[530,531,532,533]]],"properties":{"name":"San Gil","gaul_code":14275,"targetarea":29.0314992,"totpop":59498.7399588,"country_id":"COL","targetpop":47443.1348572,"new_mean":0.1198892,"totalarea":151.7943302}},{"type":"Polygon","arcs":[[534]],"properties":{"name":"Remedios","gaul_code":13423,"targetarea":4.059713,"totpop":26836.0158257,"country_id":"COL","targetpop":2040.1817017,"new_mean":0.1100591,"totalarea":1923.4981985}},{"type":"Polygon","arcs":[[535]],"properties":{"name":"Guican","gaul_code":13577,"targetarea":0.9561378,"totpop":7825.7074676,"country_id":"COL","targetpop":278.9612122,"new_mean":0.1014529,"totalarea":879.9893533}},{"type":"Polygon","arcs":[[536,537,-132]],"properties":{"name":"Chita","gaul_code":13554,"targetarea":0.9874826,"totpop":7871.1871591,"country_id":"COL","targetpop":825.0924072,"new_mean":0.0976546,"totalarea":562.8574691}},{"type":"MultiPolygon","arcs":[[[538]],[[539]]],"properties":{"name":"San Vicente","gaul_code":13440,"targetarea":7.5540965,"totpop":25949.4234657,"country_id":"COL","targetpop":4159.2548523,"new_mean":0.0944724,"totalarea":204.9608314}},{"type":"Polygon","arcs":[[540]],"properties":{"name":"Sabanalarga","gaul_code":13426,"targetarea":2.2806727,"totpop":11720.6536732,"country_id":"COL","targetpop":911.506073,"new_mean":0.0980971,"totalarea":252.5482432}},{"type":"MultiPolygon","arcs":[[[541,-190,542]],[[543,544,545,546],[547]]],"properties":{"name":"Facatativa","gaul_code":13861,"targetarea":77.4663123,"totpop":177732.104944,"country_id":"COL","targetpop":164797.697571,"new_mean":0.0874613,"totalarea":155.7059737}},{"type":"Polygon","arcs":[[548,-130]],"properties":{"name":"Santa Rosa Del Sur","gaul_code":13527,"targetarea":3.8677338,"totpop":45035.8907323,"country_id":"COL","targetpop":3561.5144653,"new_mean":0.1168943,"totalarea":2488.1428083}},{"type":"MultiPolygon","arcs":[[[549,-353,-143]],[[550,-148,551]]],"properties":{"name":"Alcala","gaul_code":14364,"targetarea":23.7971268,"totpop":32841.7098579,"country_id":"COL","targetpop":25017.6223907,"new_mean":0.1103264,"totalarea":90.4792238}},{"type":"MultiPolygon","arcs":[[[552,-445,553]],[[-449,554,-511,555,556]]],"properties":{"name":"Padilla","gaul_code":13741,"targetarea":21.3001999,"totpop":22245.9098988,"country_id":"COL","targetpop":10728.7218781,"new_mean":0.112427,"totalarea":112.834967}},{"type":"MultiPolygon","arcs":[[[557,558,559]],[[560,561]]],"properties":{"name":"Lenguazaque","gaul_code":13887,"targetarea":6.117492,"totpop":11788.1921101,"country_id":"COL","targetpop":3319.296875,"new_mean":0.0843544,"totalarea":145.3593192}},{"type":"Polygon","arcs":[[562,563,564,565]],"properties":{"name":"Tabio","gaul_code":13927,"targetarea":33.8882255,"totpop":43914.2278404,"country_id":"COL","targetpop":37685.4420471,"new_mean":0.0899546,"totalarea":73.4597222}},{"type":"MultiPolygon","arcs":[[[566]],[[567]],[[568]],[[569]]],"properties":{"name":"Barrancabermeja","gaul_code":14211,"targetarea":156.3334194,"totpop":246947.971994,"country_id":"COL","targetpop":177129.129242,"new_mean":0.1114416,"totalarea":1256.5424796}},{"type":"MultiPolygon","arcs":[[[570]],[[571]]],"properties":{"name":"La Cruz","gaul_code":14088,"targetarea":12.4138987,"totpop":31951.8632221,"country_id":"COL","targetpop":6941.4247131,"new_mean":0.0869049,"totalarea":318.2995451}},{"type":"Polygon","arcs":[[572]],"properties":{"name":"Aratoca","gaul_code":14208,"targetarea":2.1926302,"totpop":8296.2226982,"country_id":"COL","targetpop":1210.5528259,"new_mean":0.1112578,"totalarea":153.8137221}},{"type":"MultiPolygon","arcs":[[[573]],[[574]]],"properties":{"name":"Risaralda","gaul_code":13678,"targetarea":8.1245269,"totpop":23200.5719337,"country_id":"COL","targetpop":6658.5675964,"new_mean":0.1206577,"totalarea":216.9343518}},{"type":"MultiPolygon","arcs":[[[575]],[[576,577,578,579]]],"properties":{"name":"Choachi","gaul_code":13854,"targetarea":19.8034432,"totpop":31820.3682613,"country_id":"COL","targetpop":20868.7530518,"new_mean":0.0887311,"totalarea":215.3576268}},{"type":"Polygon","arcs":[[580]],"properties":{"name":"San Pablo","gaul_code":14113,"targetarea":23.170712,"totpop":23326.9896469,"country_id":"COL","targetpop":13129.4199982,"new_mean":0.0845245,"totalarea":88.0200293}},{"type":"MultiPolygon","arcs":[[[581]],[[-169,-269,582]]],"properties":{"name":"Sapuyes","gaul_code":14118,"targetarea":3.8260593,"totpop":10812.1853657,"country_id":"COL","targetpop":1280.8255005,"new_mean":0.0829152,"totalarea":137.0323286}},{"type":"Polygon","arcs":[[583]],"properties":{"name":"Rovira","gaul_code":14354,"targetarea":5.7209439,"totpop":23556.3474517,"country_id":"COL","targetpop":5458.4297791,"new_mean":0.1160089,"totalarea":903.0179938}},{"type":"MultiPolygon","arcs":[[[584]],[[585]],[[586]]],"properties":{"name":"Toribio","gaul_code":13758,"targetarea":27.3464285,"totpop":46221.7554712,"country_id":"COL","targetpop":12693.0246429,"new_mean":0.0865758,"totalarea":453.4489366}},{"type":"Polygon","arcs":[[587]],"properties":{"name":"Villanueva","gaul_code":14291,"targetarea":2.7165871,"totpop":7045.3805022,"country_id":"COL","targetpop":1953.1671448,"new_mean":0.1265799,"totalarea":99.3603402}},{"type":"Polygon","arcs":[[588]],"properties":{"name":"Guatape","gaul_code":13395,"targetarea":4.6135052,"totpop":9502.0565649,"country_id":"COL","targetpop":3224.6685486,"new_mean":0.0938496,"totalarea":81.445194}},{"type":"Polygon","arcs":[[-437,589]],"properties":{"name":"Tauramena","gaul_code":13715,"targetarea":6.134083,"totpop":32096.303091,"country_id":"COL","targetpop":6509.2253418,"new_mean":0.1108523,"totalarea":2441.8986904}},{"type":"MultiPolygon","arcs":[[[590,591]],[[592,593]],[[594,595,596]],[[597]],[[598]],[[599,600]],[[601]]],"properties":{"name":"El Cerrito","gaul_code":14381,"targetarea":47.1636487,"totpop":78630.4320374,"country_id":"COL","targetpop":38739.2797089,"new_mean":0.1154888,"totalarea":506.6789324}},{"type":"Polygon","arcs":[[602]],"properties":{"name":"Sevilla","gaul_code":14398,"targetarea":15.8300777,"totpop":54969.8235743,"country_id":"COL","targetpop":19407.5483704,"new_mean":0.1099088,"totalarea":920.3569994}},{"type":"MultiPolygon","arcs":[[[603,-14]],[[-98,604]]],"properties":{"name":"Riosucio","gaul_code":13677,"targetarea":11.2030432,"totpop":32546.439147,"country_id":"COL","targetpop":10027.5148926,"new_mean":0.1038923,"totalarea":353.5544003}},{"type":"MultiPolygon","arcs":[[[605]],[[606]]],"properties":{"name":"Bolivar","gaul_code":13361,"targetarea":20.8167752,"totpop":47716.4379978,"country_id":"COL","targetpop":17702.9962463,"new_mean":0.1026405,"totalarea":409.7971398}},{"type":"MultiPolygon","arcs":[[[607,608,609]],[[610,611,612,-303,613,614]]],"properties":{"name":"Sopo","gaul_code":13921,"targetarea":65.1125505,"totpop":88773.034462,"country_id":"COL","targetpop":78715.0134125,"new_mean":0.0905581,"totalarea":119.7672118}},{"type":"MultiPolygon","arcs":[[[615,616,617]],[[618,619,620]]],"properties":{"name":"Boyaca","gaul_code":13543,"targetarea":0.6373797,"totpop":5560.3588257,"country_id":"COL","targetpop":0,"new_mean":0.0794772,"totalarea":58.081911}},{"type":"MultiPolygon","arcs":[[[621,-114]],[[622,623]],[[624]]],"properties":{"name":"Mocoa","gaul_code":14166,"targetarea":37.9338483,"totpop":65898.7053494,"country_id":"COL","targetpop":30389.9584808,"new_mean":0.0359433,"totalarea":1062.1743076}},{"type":"MultiPolygon","arcs":[[[625]],[[626]]],"properties":{"name":"Arauquita","gaul_code":13468,"targetarea":6.0916869,"totpop":30984.4197631,"country_id":"COL","targetpop":6302.5300903,"new_mean":0.0922972,"totalarea":1087.5784044}},{"type":"Polygon","arcs":[[627]],"properties":{"name":"Ortega","gaul_code":14347,"targetarea":8.486961,"totpop":35293.4369802,"country_id":"COL","targetpop":7552.8611755,"new_mean":0.1375828,"totalarea":910.4398546}},{"type":"MultiPolygon","arcs":[[[628,-6,629]],[[630]]],"properties":{"name":"Penol","gaul_code":13417,"targetarea":10.9161144,"totpop":25951.7815347,"country_id":"COL","targetpop":10450.7704468,"new_mean":0.0933756,"totalarea":148.4262655}},{"type":"MultiPolygon","arcs":[[[631,632,-409,633]],[[634]]],"properties":{"name":"Tenjo","gaul_code":13930,"targetarea":34.1392297,"totpop":34371.2649117,"country_id":"COL","targetpop":25423.68367,"new_mean":0.0883286,"totalarea":100.6159794}},{"type":"MultiPolygon","arcs":[[[635,-138]],[[636,637]],[[638]]],"properties":{"name":"San Martin","gaul_code":14057,"targetarea":12.5356173,"totpop":41222.7792535,"country_id":"COL","targetpop":13328.3748779,"new_mean":0.1153357,"totalarea":6510.9920665}},{"type":"Polygon","arcs":[[-306,639,-634,-408,640]],"properties":{"name":"Cota","gaul_code":13857,"targetarea":37.2143947,"totpop":53450.0005951,"country_id":"COL","targetpop":49757.8678894,"new_mean":0.0919184,"totalarea":53.1606452}},{"type":"MultiPolygon","arcs":[[[641,642,-559,643]],[[644,-561]],[[645]]],"properties":{"name":"Guacheta","gaul_code":13872,"targetarea":11.8050942,"totpop":17574.7845631,"country_id":"COL","targetpop":4852.0961456,"new_mean":0.0889051,"totalarea":180.0090751}},{"type":"Polygon","arcs":[[646]],"properties":{"name":"Maripi","gaul_code":13586,"targetarea":2.265231,"totpop":9939.2899075,"country_id":"COL","targetpop":1256.5282288,"new_mean":0.1100412,"totalarea":162.1858955}},{"type":"Polygon","arcs":[[647]],"properties":{"name":"Caceres","gaul_code":13364,"targetarea":3.7306022,"totpop":46824.3024316,"country_id":"COL","targetpop":2350.6157837,"new_mean":0.1146306,"totalarea":2034.3992538}},{"type":"Polygon","arcs":[[648]],"properties":{"name":"Carmen De Carupa","gaul_code":13850,"targetarea":2.2868934,"totpop":9508.2428856,"country_id":"COL","targetpop":1162.6718445,"new_mean":0.0879461,"totalarea":306.0984296}},{"type":"Polygon","arcs":[[649,650,-34]],"properties":{"name":"Concepcion","gaul_code":14226,"targetarea":3.6803908,"totpop":11350.6808462,"country_id":"COL","targetpop":2814.9334717,"new_mean":0.1002343,"totalarea":318.8081473}},{"type":"Polygon","arcs":[[651]],"properties":{"name":"San Andres","gaul_code":13429,"targetarea":2.2803608,"totpop":8500.2550087,"country_id":"COL","targetpop":1360.4068909,"new_mean":0.1007585,"totalarea":169.3096324}},{"type":"Polygon","arcs":[[652]],"properties":{"name":"Caucasia","gaul_code":13374,"targetarea":29.8617851,"totpop":114147.719734,"country_id":"COL","targetpop":54549.7433472,"new_mean":0.1262166,"totalarea":1320.4792225}},{"type":"MultiPolygon","arcs":[[[653]],[[654,655,656]]],"properties":{"name":"San Francisco","gaul_code":14172,"targetarea":18.329225,"totpop":31143.1452689,"country_id":"COL","targetpop":13440.4489441,"new_mean":0.0688897,"totalarea":704.4750581}},{"type":"Polygon","arcs":[[657,-313,658,659]],"properties":{"name":"Itagui","gaul_code":13398,"targetarea":23.496707,"totpop":301212.202148,"country_id":"COL","targetpop":301212.202148,"new_mean":0.0992144,"totalarea":23.4967069}},{"type":"MultiPolygon","arcs":[[[660]],[[661,662]]],"properties":{"name":"Rivera","gaul_code":13998,"targetarea":16.3802063,"totpop":40964.4073191,"country_id":"COL","targetpop":13711.7168884,"new_mean":0.1467266,"totalarea":518.548407}},{"type":"Polygon","arcs":[[663]],"properties":{"name":"Filadelfia","gaul_code":13665,"targetarea":2.8696802,"totpop":18390.8062115,"country_id":"COL","targetpop":2273.7119751,"new_mean":0.1176561,"totalarea":202.1789545}},{"type":"MultiPolygon","arcs":[[[664,665,666,667]],[[668,-426,669,670,671,672,673,674,-84,675,676,677]]],"properties":{"name":"Rionegro","gaul_code":13425,"targetarea":140.1545791,"totpop":145188.55969,"country_id":"COL","targetpop":131990.670547,"new_mean":0.0854864,"totalarea":215.6182779}},{"type":"MultiPolygon","arcs":[[[678]],[[679]],[[680]],[[681]],[[682]]],"properties":{"name":"Yopal","gaul_code":13718,"targetarea":118.0051579,"totpop":308270.297494,"country_id":"COL","targetpop":206845.826385,"new_mean":0.1317602,"totalarea":2520.2298215}},{"type":"Polygon","arcs":[[683,-266,684,685]],"properties":{"name":"Los Patios","gaul_code":14146,"targetarea":15.5542367,"totpop":16059.6599388,"country_id":"COL","targetpop":10238.1667023,"new_mean":0.1281287,"totalarea":75.717583}},{"type":"Polygon","arcs":[[686]],"properties":{"name":"Andes","gaul_code":13346,"targetarea":23.3045713,"totpop":54076.4704227,"country_id":"COL","targetpop":22343.1916504,"new_mean":0.1034453,"totalarea":540.0786906}},{"type":"Polygon","arcs":[[687]],"properties":{"name":"San Luis","gaul_code":13435,"targetarea":2.8660457,"totpop":15731.1869583,"country_id":"COL","targetpop":1348.9347534,"new_mean":0.0974448,"totalarea":443.7078362}},{"type":"MultiPolygon","arcs":[[[688,689,-362]],[[690,-360]]],"properties":{"name":"Ibague","gaul_code":14339,"targetarea":290.2763967,"totpop":713461.553039,"country_id":"COL","targetpop":629178.547958,"new_mean":0.1548263,"totalarea":1172.5023756}},{"type":"Polygon","arcs":[[691]],"properties":{"name":"Quibdo","gaul_code":13802,"targetarea":46.7968826,"totpop":224477.295662,"country_id":"COL","targetpop":51946.6913147,"new_mean":0.0189334,"totalarea":6807.5474582}},{"type":"MultiPolygon","arcs":[[[692]],[[693,-280,694]]],"properties":{"name":"Topaga","gaul_code":13647,"targetarea":4.148597,"totpop":6124.8355427,"country_id":"COL","targetpop":2522.6124878,"new_mean":0.0920351,"totalarea":34.0296362}},{"type":"MultiPolygon","arcs":[[[695]],[[696,-68]]],"properties":{"name":"Santa Barbara","gaul_code":13441,"targetarea":23.2061161,"totpop":40526.8673973,"country_id":"COL","targetpop":16510.4205627,"new_mean":0.1050768,"totalarea":245.7579328}},{"type":"Polygon","arcs":[[697]],"properties":{"name":"Albania","gaul_code":13685,"targetarea":2.005276,"totpop":7031.7809617,"country_id":"COL","targetpop":1151.1536865,"new_mean":0.07761,"totalarea":323.4649016}},{"type":"MultiPolygon","arcs":[[[698]],[[699]],[[700,701]]],"properties":{"name":"Zarzal","gaul_code":14407,"targetarea":35.4070683,"totpop":69497.8272743,"country_id":"COL","targetpop":40242.390564,"new_mean":0.1234029,"totalarea":354.4306334}},{"type":"Polygon","arcs":[[-597,702,-473]],"properties":{"name":"Vijes","gaul_code":14404,"targetarea":0.3441689,"totpop":9828.2607441,"country_id":"COL","targetpop":0,"new_mean":0.1107488,"totalarea":170.3815366}},{"type":"Polygon","arcs":[[703]],"properties":{"name":"Aguadas","gaul_code":13660,"targetarea":5.2531736,"totpop":19710.7151313,"country_id":"COL","targetpop":4065.1500244,"new_mean":0.1081718,"totalarea":501.6626359}},{"type":"MultiPolygon","arcs":[[[704]],[[705,706,-496]]],"properties":{"name":"Fredonia","gaul_code":13387,"targetarea":11.99679,"totpop":27741.943203,"country_id":"COL","targetpop":8549.4246979,"new_mean":0.1070647,"totalarea":225.6950393}},{"type":"MultiPolygon","arcs":[[[707,708,709,710]],[[711]]],"properties":{"name":"Chivata","gaul_code":13556,"targetarea":3.2948115,"totpop":7500.1087828,"country_id":"COL","targetpop":2100.0809631,"new_mean":0.079903,"totalarea":60.9035554}},{"type":"Polygon","arcs":[[712]],"properties":{"name":"El Playon","gaul_code":14234,"targetarea":9.8769455,"totpop":33116.7276058,"country_id":"COL","targetpop":8486.8598938,"new_mean":0.1110511,"totalarea":388.036854}},{"type":"MultiPolygon","arcs":[[[713]],[[714,715,-521,716]]],"properties":{"name":"Silvia","gaul_code":13752,"targetarea":23.4966419,"totpop":63747.2045174,"country_id":"COL","targetpop":29099.6672974,"new_mean":0.0847862,"totalarea":643.5447994}},{"type":"Polygon","arcs":[[717]],"properties":{"name":"Sabana De Torres","gaul_code":14272,"targetarea":3.2269922,"totpop":20713.7712752,"country_id":"COL","targetpop":2008.7857971,"new_mean":0.1049627,"totalarea":1167.8365482}},{"type":"Polygon","arcs":[[718,719,-294,720]],"properties":{"name":"Chiquinquira","gaul_code":13551,"targetarea":32.5600933,"totpop":56814.2444248,"country_id":"COL","targetpop":48377.7210999,"new_mean":0.0679581,"totalarea":129.8664804}},{"type":"Polygon","arcs":[[721,722,723,724,-406]],"properties":{"name":"Mosquera","gaul_code":13892,"targetarea":89.0842125,"totpop":141678.616638,"country_id":"COL","targetpop":140201.559326,"new_mean":0.0878296,"totalarea":94.9019218}},{"type":"MultiPolygon","arcs":[[[725,-395]],[[726]]],"properties":{"name":"Hato Corozal","gaul_code":13702,"targetarea":6.791614,"totpop":26685.6538178,"country_id":"COL","targetpop":6739.8934326,"new_mean":0.1147432,"totalarea":5063.1413036}},{"type":"Polygon","arcs":[[727]],"properties":{"name":"San Roque","gaul_code":13439,"targetarea":4.8981455,"totpop":21164.9847107,"country_id":"COL","targetpop":4702.8413696,"new_mean":0.1029344,"totalarea":432.2668015}},{"type":"Polygon","arcs":[[728]],"properties":{"name":"Dagua","gaul_code":14378,"targetarea":5.1413203,"totpop":36749.1282477,"country_id":"COL","targetpop":2909.0598144,"new_mean":0.1068085,"totalarea":797.8593062}},{"type":"MultiPolygon","arcs":[[[729]],[[730]],[[731]],[[732,733]],[[734]],[[735]]],"properties":{"name":"Villavicencio","gaul_code":14058,"targetarea":246.2883498,"totpop":524234.683883,"country_id":"COL","targetpop":441522.085999,"new_mean":0.1497175,"totalarea":1369.7473944}},{"type":"MultiPolygon","arcs":[[[736,737]],[[738,739]],[[740,-340]],[[741,-509,742]],[[-507,-343,743]]],"properties":{"name":"Santander De Quilichao","gaul_code":13751,"targetarea":76.6297002,"totpop":131776.817393,"country_id":"COL","targetpop":78053.3162384,"new_mean":0.1066818,"totalarea":518.9740179}},{"type":"Polygon","arcs":[[744,-733]],"properties":{"name":"Restrepo","gaul_code":14053,"targetarea":54.8308486,"totpop":115860.600917,"country_id":"COL","targetpop":101591.424164,"new_mean":0.1112072,"totalarea":566.6066269}},{"type":"Polygon","arcs":[[745,746]],"properties":{"name":"Anapoima","gaul_code":13838,"targetarea":10.9323425,"totpop":14343.1496248,"country_id":"COL","targetpop":7367.7589264,"new_mean":0.1297956,"totalarea":119.2318515}},{"type":"Polygon","arcs":[[747]],"properties":{"name":"Quetame","gaul_code":13906,"targetarea":3.8665012,"totpop":11575.1531305,"country_id":"COL","targetpop":2765.2347717,"new_mean":0.0921765,"totalarea":202.617604}},{"type":"Polygon","arcs":[[748,-719]],"properties":{"name":"Saboya","gaul_code":13612,"targetarea":13.4217061,"totpop":34818.2190895,"country_id":"COL","targetpop":15857.9196167,"new_mean":0.0894511,"totalarea":283.8372544}},{"type":"Polygon","arcs":[[749]],"properties":{"name":"Villanueva","gaul_code":13717,"targetarea":17.017639,"totpop":32648.5883958,"country_id":"COL","targetpop":19637.8393555,"new_mean":0.112654,"totalarea":755.0388415}},{"type":"Polygon","arcs":[[750,751,-565,752,-304,-613]],"properties":{"name":"Cajica","gaul_code":13847,"targetarea":46.4530937,"totpop":92212.3708954,"country_id":"COL","targetpop":91744.2556458,"new_mean":0.089682,"totalarea":49.1268001}},{"type":"MultiPolygon","arcs":[[[753,-218,-184,754,-187,755]],[[756,-193,757]]],"properties":{"name":"Anolaima","gaul_code":13839,"targetarea":9.8681362,"totpop":14411.2549477,"country_id":"COL","targetpop":4817.4323425,"new_mean":0.1017326,"totalarea":119.8506983}},{"type":"Polygon","arcs":[[-312,758]],"properties":{"name":"Barbosa","gaul_code":13356,"targetarea":50.7693448,"totpop":72258.0573902,"country_id":"COL","targetpop":52374.2995605,"new_mean":0.0942079,"totalarea":221.3842916}},{"type":"Polygon","arcs":[[759]],"properties":{"name":"Utica","gaul_code":13940,"targetarea":2.7932004,"totpop":5510.3836088,"country_id":"COL","targetpop":1736.2493286,"new_mean":0.1218184,"totalarea":89.0173592}},{"type":"Polygon","arcs":[[760]],"properties":{"name":"Istmina","gaul_code":13794,"targetarea":5.108597,"totpop":37050.4632044,"country_id":"COL","targetpop":2180.5020447,"new_mean":0.0336862,"totalarea":1107.9234625}},{"type":"Polygon","arcs":[[761]],"properties":{"name":"Planadas","gaul_code":14349,"targetarea":4.7640402,"totpop":29343.8135791,"country_id":"COL","targetpop":4032.4122009,"new_mean":0.0999111,"totalarea":1599.4414685}},{"type":"Polygon","arcs":[[762,763,764,765]],"properties":{"name":"Guacari","gaul_code":14385,"targetarea":38.1049335,"totpop":43007.3959694,"country_id":"COL","targetpop":25806.9680481,"new_mean":0.1189539,"totalarea":188.1751137}},{"type":"Polygon","arcs":[[766]],"properties":{"name":"Samaca","gaul_code":13614,"targetarea":7.777454,"totpop":15692.3049726,"country_id":"COL","targetpop":4712.0472107,"new_mean":0.0833905,"totalarea":165.1947004}},{"type":"Polygon","arcs":[[-107,767]],"properties":{"name":"Andalucia","gaul_code":14365,"targetarea":28.2041471,"totpop":49302.7242851,"country_id":"COL","targetpop":32537.2097931,"new_mean":0.1199782,"totalarea":217.1100542}},{"type":"Polygon","arcs":[[768,769]],"properties":{"name":"Lebrija","gaul_code":14253,"targetarea":9.1124019,"totpop":33757.2104087,"country_id":"COL","targetpop":8325.3147278,"new_mean":0.1206421,"totalarea":533.0521772}},{"type":"Polygon","arcs":[[770]],"properties":{"name":"Pacho","gaul_code":13898,"targetarea":11.5253023,"totpop":27381.6773529,"country_id":"COL","targetpop":8538.3574829,"new_mean":0.100685,"totalarea":393.4824774}},{"type":"MultiPolygon","arcs":[[[771,-563]],[[772,773,-751,-612,774,775]]],"properties":{"name":"Zipaquira","gaul_code":13950,"targetarea":75.000642,"totpop":113765.162455,"country_id":"COL","targetpop":97951.2327728,"new_mean":0.0860652,"totalarea":188.5995942}},{"type":"Polygon","arcs":[[776,-623]],"properties":{"name":"Santa Rosa","gaul_code":13750,"targetarea":10.3053944,"totpop":36438.7854402,"country_id":"COL","targetpop":6639.3103943,"new_mean":0.0677693,"totalarea":4284.1528499}},{"type":"MultiPolygon","arcs":[[[777,-278,778]],[[779,780,781,782]]],"properties":{"name":"Floresta","gaul_code":13570,"targetarea":6.87072,"totpop":11234.3493538,"country_id":"COL","targetpop":4016.2796478,"new_mean":0.0849207,"totalarea":98.6763791}},{"type":"MultiPolygon","arcs":[[[783]],[[784,-13]]],"properties":{"name":"Guatica","gaul_code":14193,"targetarea":7.6443099,"totpop":12344.4679432,"country_id":"COL","targetpop":4052.7949677,"new_mean":0.1098765,"totalarea":101.0585898}},{"type":"MultiPolygon","arcs":[[[785,-531]],[[786]]],"properties":{"name":"Curiti","gaul_code":14230,"targetarea":9.2317798,"totpop":16587.6876192,"country_id":"COL","targetpop":6049.1347351,"new_mean":0.1172162,"totalarea":202.7339015}},{"type":"Polygon","arcs":[[787]],"properties":{"name":"Samana","gaul_code":13680,"targetarea":6.7020574,"totpop":37199.9849262,"country_id":"COL","targetpop":4582.1612854,"new_mean":0.1038787,"totalarea":1033.6458735}},{"type":"Polygon","arcs":[[788]],"properties":{"name":"Monterrey","gaul_code":13705,"targetarea":14.0386117,"totpop":25071.4838831,"country_id":"COL","targetpop":12843.1260376,"new_mean":0.1146662,"totalarea":720.9100463}},{"type":"MultiPolygon","arcs":[[[-763,789]],[[790]],[[791]],[[792,793]]],"properties":{"name":"Buga","gaul_code":14371,"targetarea":69.4604848,"totpop":136232.703727,"country_id":"COL","targetpop":91820.5194244,"new_mean":0.120684,"totalarea":975.6133063}},{"type":"Polygon","arcs":[[794,-400]],"properties":{"name":"La Esperanza","gaul_code":14143,"targetarea":7.3298244,"totpop":17170.5427523,"country_id":"COL","targetpop":6760.7593384,"new_mean":0.1077653,"totalarea":534.4987338}},{"type":"MultiPolygon","arcs":[[[795]],[[796]]],"properties":{"name":"Villa Vieja","gaul_code":14008,"targetarea":10.2064367,"totpop":22887.8392928,"country_id":"COL","targetpop":6968.637146,"new_mean":0.1698647,"totalarea":647.4919285}},{"type":"MultiPolygon","arcs":[[[797]],[[798,-392]]],"properties":{"name":"Guaduas","gaul_code":13873,"targetarea":28.9897093,"totpop":65175.9730291,"country_id":"COL","targetpop":30026.2392731,"new_mean":0.1277457,"totalarea":785.9132626}},{"type":"MultiPolygon","arcs":[[[799,800,801]],[[802]]],"properties":{"name":"Obando","gaul_code":14391,"targetarea":5.3653718,"totpop":15061.0769939,"country_id":"COL","targetpop":3913.0143738,"new_mean":0.1220583,"totalarea":149.542663}},{"type":"MultiPolygon","arcs":[[[803]],[[804,805,-608]]],"properties":{"name":"Guasca","gaul_code":13874,"targetarea":8.5098032,"totpop":21183.2011328,"country_id":"COL","targetpop":4034.6492615,"new_mean":0.0874137,"totalarea":324.8534932}},{"type":"Polygon","arcs":[[806]],"properties":{"name":"Tangua","gaul_code":14120,"targetarea":4.1955353,"totpop":13865.0109863,"country_id":"COL","targetpop":3062.2996521,"new_mean":0.0854694,"totalarea":155.8211296}},{"type":"Polygon","arcs":[[-458,807,808]],"properties":{"name":"Ricaurte","gaul_code":13908,"targetarea":47.3765227,"totpop":62172.5663691,"country_id":"COL","targetpop":53079.318161,"new_mean":0.1434521,"totalarea":147.2960573}},{"type":"MultiPolygon","arcs":[[[809]],[[810]],[[-446,-553,811]]],"properties":{"name":"Corinto","gaul_code":13727,"targetarea":12.5488725,"totpop":42008.7939997,"country_id":"COL","targetpop":7357.0547333,"new_mean":0.1023925,"totalarea":310.1772139}},{"type":"Polygon","arcs":[[812]],"properties":{"name":"El Tambo","gaul_code":13728,"targetarea":2.6538053,"totpop":59576.5849047,"country_id":"COL","targetpop":1930.6965027,"new_mean":0.0910118,"totalarea":3110.0141797}},{"type":"Polygon","arcs":[[813,814]],"properties":{"name":"Neira","gaul_code":13673,"targetarea":17.8013099,"totpop":43133.7475586,"country_id":"COL","targetpop":10810.8942719,"new_mean":0.1199098,"totalarea":407.5756671}},{"type":"MultiPolygon","arcs":[[[815]],[[816,-667,817,818]]],"properties":{"name":"Retiro","gaul_code":13424,"targetarea":38.2093479,"totpop":100108.338046,"country_id":"COL","targetpop":83788.6242905,"new_mean":0.0917415,"totalarea":267.5095771}},{"type":"MultiPolygon","arcs":[[[819,820]],[[821]]],"properties":{"name":"San Pedro","gaul_code":13436,"targetarea":13.0133821,"totpop":29685.8614101,"country_id":"COL","targetpop":11265.6567993,"new_mean":0.0931171,"totalarea":215.7718319}},{"type":"Polygon","arcs":[[822]],"properties":{"name":"Nunchia","gaul_code":13706,"targetarea":5.0413576,"totpop":22365.1922398,"country_id":"COL","targetpop":5180.8623047,"new_mean":0.1186767,"totalarea":1046.8568237}},{"type":"MultiPolygon","arcs":[[[-159,823]],[[824]]],"properties":{"name":"Yarumal","gaul_code":13463,"targetarea":19.8136711,"totpop":56176.2183199,"country_id":"COL","targetpop":24414.2297668,"new_mean":0.100548,"totalarea":734.3011078}},{"type":"Polygon","arcs":[[825]],"properties":{"name":"Jambalo","gaul_code":13734,"targetarea":2.6714245,"totpop":26100.8877573,"country_id":"COL","targetpop":1976.041626,"new_mean":0.0846966,"totalarea":288.189855}},{"type":"Polygon","arcs":[[826,-801,827]],"properties":{"name":"La Union","gaul_code":14388,"targetarea":16.3668118,"totpop":36564.0492363,"country_id":"COL","targetpop":25976.8819275,"new_mean":0.1215897,"totalarea":123.9205148}},{"type":"Polygon","arcs":[[828]],"properties":{"name":"Herran","gaul_code":14142,"targetarea":4.2366329,"totpop":8192.0313716,"country_id":"COL","targetpop":3667.641571,"new_mean":0.111682,"totalarea":153.4622521}},{"type":"Polygon","arcs":[[829,830,-484]],"properties":{"name":"Caicedonia","gaul_code":14373,"targetarea":7.4144712,"totpop":15393.7982922,"country_id":"COL","targetpop":7694.3229065,"new_mean":0.1108614,"totalarea":131.5499459}},{"type":"Polygon","arcs":[[831]],"properties":{"name":"Charala","gaul_code":14221,"targetarea":4.3347381,"totpop":13170.4985086,"country_id":"COL","targetpop":3312.414978,"new_mean":0.108007,"totalarea":509.4639414}},{"type":"Polygon","arcs":[[832]],"properties":{"name":"Fresno","gaul_code":14335,"targetarea":11.7557862,"totpop":33809.2328072,"country_id":"COL","targetpop":14105.998291,"new_mean":0.1119321,"totalarea":229.0215943}},{"type":"Polygon","arcs":[[833]],"properties":{"name":"Tame","gaul_code":13473,"targetarea":17.3080725,"totpop":84465.2650553,"country_id":"COL","targetpop":15510.0770721,"new_mean":0.1040676,"totalarea":5381.3222296}},{"type":"MultiPolygon","arcs":[[[-716,834,-522]],[[835]],[[836]]],"properties":{"name":"Caldono","gaul_code":13725,"targetarea":11.8601071,"totpop":53955.104311,"country_id":"COL","targetpop":6119.9542236,"new_mean":0.0920847,"totalarea":441.387426}},{"type":"MultiPolygon","arcs":[[[837]],[[838]],[[839]],[[840,841,842,843]]],"properties":{"name":"Piedecuesta","gaul_code":14266,"targetarea":116.1142614,"totpop":207256.972457,"country_id":"COL","targetpop":165246.714844,"new_mean":0.1232463,"totalarea":448.2979032}},{"type":"Polygon","arcs":[[844]],"properties":{"name":"Consaca","gaul_code":14069,"targetarea":5.2331396,"totpop":12316.8756962,"country_id":"COL","targetpop":3605.7757568,"new_mean":0.0868369,"totalarea":102.1547866}},{"type":"MultiPolygon","arcs":[[[845]],[[-252,846]]],"properties":{"name":"Chigorodo","gaul_code":13375,"targetarea":30.2510109,"totpop":83427.0474567,"country_id":"COL","targetpop":29451.6881104,"new_mean":0.0958915,"totalarea":673.7254146}},{"type":"Polygon","arcs":[[847,-104,-326]],"properties":{"name":"Santa Rosa De Cabal","gaul_code":14201,"targetarea":73.2618768,"totpop":142261.650296,"country_id":"COL","targetpop":110284.031601,"new_mean":0.1061008,"totalarea":510.1630215}},{"type":"Polygon","arcs":[[848]],"properties":{"name":"Pore","gaul_code":13709,"targetarea":2.2854812,"totpop":11016.8976414,"country_id":"COL","targetpop":1275.2698364,"new_mean":0.114239,"totalarea":784.1270903}},{"type":"Polygon","arcs":[[849]],"properties":{"name":"Raquira","gaul_code":13610,"targetarea":3.0251954,"totpop":14641.073391,"country_id":"COL","targetpop":2893.2970886,"new_mean":0.0923885,"totalarea":207.7593286}},{"type":"Polygon","arcs":[[850]],"properties":{"name":"Orocue","gaul_code":13707,"targetarea":1.9994463,"totpop":14288.2750469,"country_id":"COL","targetpop":1172.9468994,"new_mean":0.0955021,"totalarea":4742.7786089}},{"type":"Polygon","arcs":[[-309,851,852,853,854]],"properties":{"name":"Copacabana","gaul_code":13380,"targetarea":50.1408269,"totpop":188883.289253,"country_id":"COL","targetpop":186523.874542,"new_mean":0.0883399,"totalarea":66.26827}},{"type":"MultiPolygon","arcs":[[[855,-156]],[[856]],[[857]]],"properties":{"name":"Acacias","gaul_code":14031,"targetarea":64.8120731,"totpop":91634.310586,"country_id":"COL","targetpop":44719.7454529,"new_mean":0.1299865,"totalarea":975.3869769}},{"type":"Polygon","arcs":[[858]],"properties":{"name":"San Carlos De Guaroa","gaul_code":14054,"targetarea":5.6438317,"totpop":25788.9807688,"country_id":"COL","targetpop":4524.4002228,"new_mean":0.107259,"totalarea":1437.4335509}},{"type":"Polygon","arcs":[[859]],"properties":{"name":"Aquitania","gaul_code":13537,"targetarea":3.2386485,"totpop":15745.4651278,"country_id":"COL","targetpop":2304.4473572,"new_mean":0.0928055,"totalarea":903.6749904}},{"type":"Polygon","arcs":[[-617,860]],"properties":{"name":"Ramiriqui","gaul_code":13609,"targetarea":2.5198463,"totpop":8054.8375006,"country_id":"COL","targetpop":1471.7360535,"new_mean":0.0848276,"totalarea":139.8808296}},{"type":"MultiPolygon","arcs":[[[861]],[[862,863]]],"properties":{"name":"Puerto Triunfo","gaul_code":13422,"targetarea":8.8406375,"totpop":25982.6718597,"country_id":"COL","targetpop":8580.0629883,"new_mean":0.0969237,"totalarea":354.2624238}},{"type":"MultiPolygon","arcs":[[[864,-37]],[[865,866,-40]]],"properties":{"name":"Tibana","gaul_code":13642,"targetarea":3.7196287,"totpop":8583.8899555,"country_id":"COL","targetpop":1602.6777954,"new_mean":0.0870597,"totalarea":112.6641984}},{"type":"Polygon","arcs":[[867]],"properties":{"name":"Villapinzon","gaul_code":13945,"targetarea":9.4998018,"totpop":21580.0048771,"country_id":"COL","targetpop":8573.9414062,"new_mean":0.084678,"totalarea":198.6055674}},{"type":"Polygon","arcs":[[868,-442,869]],"properties":{"name":"Pajarito","gaul_code":13600,"targetarea":51.2596935,"totpop":41798.1217633,"country_id":"COL","targetpop":35856.0492363,"new_mean":0.0952727,"totalarea":272.2270592}},{"type":"Polygon","arcs":[[870,-659,-317,871]],"properties":{"name":"Sabaneta","gaul_code":13427,"targetarea":21.5496121,"totpop":95636.019165,"country_id":"COL","targetpop":95636.019165,"new_mean":0,"totalarea":21.5496122}},{"type":"MultiPolygon","arcs":[[[872]],[[873]]],"properties":{"name":"Pacora","gaul_code":13674,"targetarea":11.1091403,"totpop":21444.7185698,"country_id":"COL","targetpop":8698.8408203,"new_mean":0.1151012,"totalarea":288.3360029}},{"type":"MultiPolygon","arcs":[[[874]],[[875]]],"properties":{"name":"Cimitarra","gaul_code":14225,"targetarea":23.377065,"totpop":83005.6532751,"country_id":"COL","targetpop":27040.5607147,"new_mean":0.0996143,"totalarea":2821.2945106}},{"type":"Polygon","arcs":[[876]],"properties":{"name":"Vegachi","gaul_code":13459,"targetarea":5.03535,"totpop":17041.664825,"country_id":"COL","targetpop":5450.309082,"new_mean":0.1066031,"totalarea":531.73185}},{"type":"MultiPolygon","arcs":[[[-417,877,-709,878]],[[879,-420,880]]],"properties":{"name":"Oicata","gaul_code":13595,"targetarea":22.3582863,"totpop":56508.8072891,"country_id":"COL","targetpop":52986.4259644,"new_mean":0.0747596,"totalarea":54.3063927}},{"type":"Polygon","arcs":[[881]],"properties":{"name":"Cajamarca","gaul_code":14324,"targetarea":6.2633961,"totpop":17671.5515633,"country_id":"COL","targetpop":5175.467041,"new_mean":0.1042857,"totalarea":480.513633}},{"type":"Polygon","arcs":[[882]],"properties":{"name":"Lejanias","gaul_code":14045,"targetarea":3.1872622,"totpop":11795.5880288,"country_id":"COL","targetpop":1802.8615723,"new_mean":0.1129169,"totalarea":969.2325604}},{"type":"Polygon","arcs":[[883,884]],"properties":{"name":"Pupiales","gaul_code":14107,"targetarea":4.1320918,"totpop":18314.0406151,"country_id":"COL","targetpop":1802.9179077,"new_mean":0.082971,"totalarea":153.6917542}},{"type":"MultiPolygon","arcs":[[[-707,885,-497]],[[-316,886,-499,887,888,-872]]],"properties":{"name":"Caldas","gaul_code":13366,"targetarea":51.5410323,"totpop":91812.6664314,"country_id":"COL","targetpop":76972.4172516,"new_mean":0.0944774,"totalarea":152.6318345}},{"type":"Polygon","arcs":[[889]],"properties":{"name":"Arboledas","gaul_code":14126,"targetarea":1.9633766,"totpop":8966.4748626,"country_id":"COL","targetpop":1488.0086365,"new_mean":0.1103509,"totalarea":505.0008751}},{"type":"MultiPolygon","arcs":[[[890]],[[891,892,-126]]],"properties":{"name":"Melgar","gaul_code":14344,"targetarea":43.1564444,"totpop":57469.7650928,"country_id":"COL","targetpop":44655.92099,"new_mean":0.1392809,"totalarea":166.2916586}},{"type":"MultiPolygon","arcs":[[[893]],[[-543,-189,894]],[[895,-545,896]]],"properties":{"name":"Bojaca","gaul_code":13844,"targetarea":6.2851479,"totpop":12528.1721725,"country_id":"COL","targetpop":3511.1153259,"new_mean":0.0889448,"totalarea":75.9961758}},{"type":"MultiPolygon","arcs":[[[-781,897,898]],[[899]],[[900]]],"properties":{"name":"Santa Rosa De Viterbo","gaul_code":13621,"targetarea":14.0984982,"totpop":20938.0419512,"country_id":"COL","targetpop":15617.7611237,"new_mean":0.0788715,"totalarea":74.6901631}},{"type":"MultiPolygon","arcs":[[[901]],[[902]]],"properties":{"name":"Berbeo","gaul_code":13540,"targetarea":3.1910904,"totpop":6337.7436042,"country_id":"COL","targetpop":2523.5807495,"new_mean":0.0936049,"totalarea":62.8852426}},{"type":"Polygon","arcs":[[-820,903,904,-853,905]],"properties":{"name":"Bello","gaul_code":13357,"targetarea":121.5485075,"totpop":584412.724407,"country_id":"COL","targetpop":577925.741577,"new_mean":0.0516991,"totalarea":150.3587843}},{"type":"Polygon","arcs":[[906]],"properties":{"name":"Villeta","gaul_code":13946,"targetarea":14.8991727,"totpop":25160.078166,"country_id":"COL","targetpop":15436.2262573,"new_mean":0.1148912,"totalarea":147.2570918}},{"type":"Polygon","arcs":[[907]],"properties":{"name":"Paz De Rio","gaul_code":13604,"targetarea":3.357701,"totpop":6013.8285665,"country_id":"COL","targetpop":2940.638031,"new_mean":0.0927705,"totalarea":111.1850588}},{"type":"MultiPolygon","arcs":[[[908]],[[909,-345,910]]],"properties":{"name":"Silvania","gaul_code":13918,"targetarea":19.5919544,"totpop":31750.4980774,"country_id":"COL","targetpop":18163.0830841,"new_mean":0.0984986,"totalarea":174.8663785}},{"type":"MultiPolygon","arcs":[[[911,912]],[[913]]],"properties":{"name":"Yolombo","gaul_code":13464,"targetarea":9.5271876,"totpop":31371.9349747,"country_id":"COL","targetpop":4383.7856598,"new_mean":0.1013052,"totalarea":896.4388118}},{"type":"Polygon","arcs":[[914]],"properties":{"name":"Concordia","gaul_code":13379,"targetarea":7.6077925,"totpop":23354.0867462,"country_id":"COL","targetpop":5864.1242371,"new_mean":0.1070626,"totalarea":201.4119373}},{"type":"Polygon","arcs":[[915]],"properties":{"name":"Caqueza","gaul_code":13849,"targetarea":12.6570361,"totpop":18551.6266861,"country_id":"COL","targetpop":9224.5280457,"new_mean":0.0962104,"totalarea":117.5099864}},{"type":"Polygon","arcs":[[916]],"properties":{"name":"Santo Domingo","gaul_code":13443,"targetarea":3.139235,"totpop":15025.5497456,"country_id":"COL","targetpop":2029.1042175,"new_mean":0.1025775,"totalarea":262.3688231}},{"type":"Polygon","arcs":[[917,918,919]],"properties":{"name":"Rosas","gaul_code":13748,"targetarea":4.3640897,"totpop":13743.6638041,"country_id":"COL","targetpop":3344.3351135,"new_mean":0.0989294,"totalarea":168.0286559}},{"type":"Polygon","arcs":[[920,921,922]],"properties":{"name":"Matanza","gaul_code":14257,"targetarea":0.2080865,"totpop":8040.6789975,"country_id":"COL","targetpop":273.2788391,"new_mean":0.1100204,"totalarea":282.0512266}},{"type":"Polygon","arcs":[[923]],"properties":{"name":"Gambita","gaul_code":14240,"targetarea":2.715771,"totpop":8351.9191515,"country_id":"COL","targetpop":1924.4758911,"new_mean":0.0979674,"totalarea":435.1099508}},{"type":"MultiPolygon","arcs":[[[-421,-880,924]],[[925]],[[-397,926,927]]],"properties":{"name":"Tuta","gaul_code":13652,"targetarea":7.6045051,"totpop":11752.1278038,"country_id":"COL","targetpop":4790.0361939,"new_mean":0.0790046,"totalarea":149.9112011}},{"type":"Polygon","arcs":[[928,929,930,931,-177,-78,-488,932,-491]],"properties":{"name":"Armenia","gaul_code":14177,"targetarea":107.869753,"totpop":311845.903313,"country_id":"COL","targetpop":310772.800934,"new_mean":0.1061073,"totalarea":113.0066855}},{"type":"Polygon","arcs":[[933]],"properties":{"name":"Beltran","gaul_code":13842,"targetarea":3.7504498,"totpop":6986.2884033,"country_id":"COL","targetpop":2295.7867432,"new_mean":0.1312038,"totalarea":211.6104824}},{"type":"MultiPolygon","arcs":[[[934]],[[935]]],"properties":{"name":"Purificacion","gaul_code":14351,"targetarea":15.4664903,"totpop":39836.5525469,"country_id":"COL","targetpop":15143.7263794,"new_mean":0.1424266,"totalarea":433.9891603}},{"type":"Polygon","arcs":[[936]],"properties":{"name":"San Martin","gaul_code":13780,"targetarea":4.4430898,"totpop":20384.6091356,"country_id":"COL","targetpop":3757.0635834,"new_mean":0.1178543,"totalarea":784.7426342}},{"type":"Polygon","arcs":[[-310,-855,937,938,-677,939]],"properties":{"name":"Guarne","gaul_code":13394,"targetarea":82.8824004,"totpop":106730.269882,"country_id":"COL","targetpop":93826.3435516,"new_mean":0.0899674,"totalarea":159.737406}},{"type":"Polygon","arcs":[[940]],"properties":{"name":"Tocaima","gaul_code":13933,"targetarea":8.507638,"totpop":22783.4084702,"country_id":"COL","targetpop":8329.9348297,"new_mean":0.1431993,"totalarea":262.0756473}},{"type":"Polygon","arcs":[[941]],"properties":{"name":"Sutatausa","gaul_code":13926,"targetarea":3.0572749,"totpop":5568.3529835,"country_id":"COL","targetpop":1950.3774414,"new_mean":0.0870305,"totalarea":59.4237334}},{"type":"Polygon","arcs":[[942,-273,-516],[943]],"properties":{"name":"Santa Cruz","gaul_code":14117,"targetarea":164.9621167,"totpop":125481.656716,"country_id":"COL","targetpop":66522.3983154,"new_mean":0.0829365,"totalarea":526.058313}},{"type":"Polygon","arcs":[[944]],"properties":{"name":"Marquetalia","gaul_code":13671,"targetarea":8.1102,"totpop":15683.3999557,"country_id":"COL","targetpop":7056.316803,"new_mean":0.1135366,"totalarea":81.8738159}},{"type":"Polygon","arcs":[[-261,945,-528,-384,946,947]],"properties":{"name":"Sesquile","gaul_code":13916,"targetarea":64.2049505,"totpop":81504.5922043,"country_id":"COL","targetpop":73627.630661,"new_mean":0.0898855,"totalarea":143.1560415}},{"type":"MultiPolygon","arcs":[[[948,949,950]],[[951]]],"properties":{"name":"La Plata","gaul_code":13989,"targetarea":19.6065965,"totpop":82475.2216244,"country_id":"COL","targetpop":30293.9821014,"new_mean":0.1137901,"totalarea":1230.6871266}},{"type":"Polygon","arcs":[[952,-468,-54]],"properties":{"name":"San Jose De Pare","gaul_code":13616,"targetarea":13.0633618,"totpop":17310.4537144,"country_id":"COL","targetpop":11130.4526978,"new_mean":0.1072321,"totalarea":100.2405022}},{"type":"MultiPolygon","arcs":[[[-547,953,954,955,956,957,958]],[[959]]],"properties":{"name":"Subachoque","gaul_code":13922,"targetarea":55.5894701,"totpop":55219.2701015,"country_id":"COL","targetpop":32531.6147766,"new_mean":0.0880296,"totalarea":288.1319439}},{"type":"Polygon","arcs":[[960]],"properties":{"name":"Cumaral","gaul_code":14036,"targetarea":5.2651401,"totpop":10906.4931972,"country_id":"COL","targetpop":3264.7406616,"new_mean":0.1110846,"totalarea":379.1053106}},{"type":"Polygon","arcs":[[961]],"properties":{"name":"Santuario","gaul_code":14202,"targetarea":1.8662322,"totpop":9097.3021287,"country_id":"COL","targetpop":962.1625061,"new_mean":0.1095791,"totalarea":212.4307572}},{"type":"MultiPolygon","arcs":[[[962]],[[963]]],"properties":{"name":"Belen","gaul_code":13539,"targetarea":4.0103554,"totpop":7877.635994,"country_id":"COL","targetpop":2763.1348877,"new_mean":0.08244,"totalarea":154.6464773}},{"type":"MultiPolygon","arcs":[[[964]],[[-39,965,-866]]],"properties":{"name":"Nuevo Colon","gaul_code":13594,"targetarea":2.9863007,"totpop":5640.7205372,"country_id":"COL","targetpop":1932.7564697,"new_mean":0.0841561,"totalarea":39.8581113}},{"type":"Polygon","arcs":[[966]],"properties":{"name":"Firavitoba","gaul_code":13569,"targetarea":0.8848721,"totpop":2988.9162726,"country_id":"COL","targetpop":824.0578003,"new_mean":0.0809745,"totalarea":91.0218793}},{"type":"Polygon","arcs":[[967,968]],"properties":{"name":"San Pablo","gaul_code":13524,"targetarea":3.6795397,"totpop":20175.1118009,"country_id":"COL","targetpop":4347.8502197,"new_mean":0.1027994,"totalarea":1141.7494342}},{"type":"MultiPolygon","arcs":[[[969,-161]],[[970]],[[971]],[[-808,-460,972]]],"properties":{"name":"Flandes","gaul_code":14334,"targetarea":19.9210357,"totpop":24236.598671,"country_id":"COL","targetpop":12572.2916565,"new_mean":0.1421977,"totalarea":91.9238181}},{"type":"MultiPolygon","arcs":[[[973,-259,-948]],[[974]]],"properties":{"name":"Choconta","gaul_code":13855,"targetarea":16.2953659,"totpop":36830.8252068,"country_id":"COL","targetpop":10828.8327942,"new_mean":0.0816012,"totalarea":319.8663614}},{"type":"MultiPolygon","arcs":[[[975]],[[976,977]],[[978]],[[979,980,981]]],"properties":{"name":"Chipaque","gaul_code":13853,"targetarea":15.5490655,"totpop":19666.2473593,"country_id":"COL","targetpop":8104.9526367,"new_mean":0.0907951,"totalarea":119.1770673}},{"type":"Polygon","arcs":[[982]],"properties":{"name":"Segovia","gaul_code":13445,"targetarea":16.0435253,"totpop":54828.5055959,"country_id":"COL","targetpop":17623.9548645,"new_mean":0.1061132,"totalarea":1216.2667801}},{"type":"Polygon","arcs":[[983,-660,-871,-889,984,-819]],"properties":{"name":"Envigado","gaul_code":13386,"targetarea":43.587702,"totpop":280688.693542,"country_id":"COL","targetpop":280133.99559,"new_mean":0.0527052,"totalarea":46.7769626}},{"type":"Polygon","arcs":[[985]],"properties":{"name":"Fortul","gaul_code":13470,"targetarea":9.7894987,"totpop":53002.9629712,"country_id":"COL","targetpop":9376.7351379,"new_mean":0.1038146,"totalarea":1702.1684613}},{"type":"Polygon","arcs":[[-885,986]],"properties":{"name":"Aldana","gaul_code":14061,"targetarea":5.4048428,"totpop":9529.8706589,"country_id":"COL","targetpop":3674.1203003,"new_mean":0.0814314,"totalarea":55.7223956}},{"type":"MultiPolygon","arcs":[[[987,-747]],[[988,989,990]],[[991]]],"properties":{"name":"La Mesa","gaul_code":13883,"targetarea":34.1712075,"totpop":44261.8857632,"country_id":"COL","targetpop":30638.7411194,"new_mean":0.1179327,"totalarea":157.1551865}},{"type":"Polygon","arcs":[[992]],"properties":{"name":"Anserma","gaul_code":13661,"targetarea":15.9821163,"totpop":33607.9991989,"country_id":"COL","targetpop":14214.2371063,"new_mean":0.1209036,"totalarea":196.7107349}},{"type":"Polygon","arcs":[[993]],"properties":{"name":"Mariquita","gaul_code":14343,"targetarea":22.9275158,"totpop":44865.3733311,"country_id":"COL","targetpop":23689.2208252,"new_mean":0.1265498,"totalarea":293.4306761}},{"type":"Polygon","arcs":[[-642,994,995]],"properties":{"name":"Fuquene","gaul_code":13865,"targetarea":4.9056655,"totpop":9246.6335792,"country_id":"COL","targetpop":3442.9722595,"new_mean":0.0868822,"totalarea":74.2153242}},{"type":"Polygon","arcs":[[996]],"properties":{"name":"Linares","gaul_code":14094,"targetarea":2.3075715,"totpop":7841.5339622,"country_id":"COL","targetpop":1157.5073242,"new_mean":0.0886554,"totalarea":94.5152003}},{"type":"Polygon","arcs":[[997]],"properties":{"name":"Rionegro","gaul_code":14271,"targetarea":3.1352896,"totpop":24251.6052356,"country_id":"COL","targetpop":2078.7593079,"new_mean":0.1113273,"totalarea":1079.0864861}},{"type":"Polygon","arcs":[[998]],"properties":{"name":"Mani","gaul_code":13704,"targetarea":5.456935,"totpop":17991.2456607,"country_id":"COL","targetpop":3017.1851196,"new_mean":0.1083101,"totalarea":3862.1498804}},{"type":"Polygon","arcs":[[999]],"properties":{"name":"Colon","gaul_code":14165,"targetarea":5.7122925,"totpop":12342.785614,"country_id":"COL","targetpop":2446.3092041,"new_mean":0.0662324,"totalarea":156.0019264}},{"type":"MultiPolygon","arcs":[[[1000]],[[1001]],[[1002,1003]]],"properties":{"name":"Pitalito","gaul_code":13997,"targetarea":58.5532449,"totpop":165669.380453,"country_id":"COL","targetpop":117174.050095,"new_mean":0.1187355,"totalarea":710.9014099}},{"type":"Polygon","arcs":[[1004]],"properties":{"name":"Amalfi","gaul_code":13345,"targetarea":6.5574132,"totpop":29261.537868,"country_id":"COL","targetpop":5646.3477936,"new_mean":0.108821,"totalarea":1181.1046054}},{"type":"Polygon","arcs":[[1005]],"properties":{"name":"San Andres","gaul_code":14273,"targetarea":2.7158143,"totpop":8017.7091599,"country_id":"COL","targetpop":1928.5883179,"new_mean":0.1020831,"totalarea":261.4640352}},{"type":"MultiPolygon","arcs":[[[1006]],[[1007,1008,-242,1009]],[[1010,1011]],[[1012,1013]]],"properties":{"name":"Villamaria","gaul_code":13683,"targetarea":25.7149427,"totpop":51400.8716736,"country_id":"COL","targetpop":24595.7806854,"new_mean":0.1297577,"totalarea":440.0080183}},{"type":"MultiPolygon","arcs":[[[1014]],[[1015,1016]]],"properties":{"name":"Zaragoza","gaul_code":13466,"targetarea":11.5068316,"totpop":40962.4132934,"country_id":"COL","targetpop":15273.9265442,"new_mean":0.1054129,"totalarea":1021.989232}},{"type":"MultiPolygon","arcs":[[[1017,-552,-147]],[[-324,1018,-151]]],"properties":{"name":"Ulloa","gaul_code":14402,"targetarea":24.4295222,"totpop":27788.7427559,"country_id":"COL","targetpop":20454.8881836,"new_mean":0.1097551,"totalarea":65.8388891}},{"type":"Polygon","arcs":[[1019]],"properties":{"name":"Cucaita","gaul_code":13564,"targetarea":6.0382926,"totpop":12468.553997,"country_id":"COL","targetpop":7536.6053467,"new_mean":0.082977,"totalarea":33.2367523}},{"type":"Polygon","arcs":[[-702,1020]],"properties":{"name":"Roldanillo","gaul_code":14396,"targetarea":5.6930067,"totpop":18685.550849,"country_id":"COL","targetpop":5571.2782593,"new_mean":0.1140028,"totalarea":274.9010529}},{"type":"MultiPolygon","arcs":[[[1021]],[[1022]],[[1023]]],"properties":{"name":"Montelibano","gaul_code":13819,"targetarea":41.5030199,"totpop":145784.534228,"country_id":"COL","targetpop":61650.4523315,"new_mean":0.1374446,"totalarea":2398.1080806}},{"type":"Polygon","arcs":[[1024]],"properties":{"name":"Santa Rosa De Osos","gaul_code":13442,"targetarea":13.8866218,"totpop":45542.4089127,"country_id":"COL","targetpop":11969.4713745,"new_mean":0.0959319,"totalarea":871.8167069}},{"type":"Polygon","arcs":[[1025]],"properties":{"name":"Oiba","gaul_code":14261,"targetarea":5.5319989,"totpop":13726.3484564,"country_id":"COL","targetpop":4554.0835571,"new_mean":0.108558,"totalarea":240.4984211}},{"type":"Polygon","arcs":[[1026]],"properties":{"name":"Caramanta","gaul_code":13370,"targetarea":2.2861521,"totpop":7523.1850948,"country_id":"COL","targetpop":1895.5461731,"new_mean":0.1087153,"totalarea":78.8707447}},{"type":"MultiPolygon","arcs":[[[1027]],[[-949,1028,1029]]],"properties":{"name":"Tarqui","gaul_code":14003,"targetarea":3.056273,"totpop":23360.3958826,"country_id":"COL","targetpop":1442.0325928,"new_mean":0.1151476,"totalarea":388.8533739}},{"type":"Polygon","arcs":[[1030]],"properties":{"name":"Puerto Asis","gaul_code":14168,"targetarea":18.1302028,"totpop":79183.5841088,"country_id":"COL","targetpop":13951.9887543,"new_mean":0.0349502,"totalarea":2366.0477026}},{"type":"Polygon","arcs":[[1031]],"properties":{"name":"Libano","gaul_code":14342,"targetarea":20.536545,"totpop":40585.4628267,"country_id":"COL","targetpop":27607.9459076,"new_mean":0.114397,"totalarea":350.1854509}},{"type":"Polygon","arcs":[[1032]],"properties":{"name":"Santana","gaul_code":13624,"targetarea":4.9843242,"totpop":9527.0289345,"country_id":"COL","targetpop":3167.8520203,"new_mean":0.1074078,"totalarea":72.3415044}},{"type":"Polygon","arcs":[[1033]],"properties":{"name":"Balboa","gaul_code":13721,"targetarea":2.2945601,"totpop":30340.6862011,"country_id":"COL","targetpop":1972.2189331,"new_mean":0.0934007,"totalarea":425.3018305}},{"type":"Polygon","arcs":[[1034]],"properties":{"name":"San Rafael","gaul_code":13438,"targetarea":5.0408279,"totpop":19768.2217636,"country_id":"COL","targetpop":3874.2262115,"new_mean":0.1020821,"totalarea":369.0472589}},{"type":"Polygon","arcs":[[1035]],"properties":{"name":"Agua De Dios","gaul_code":13836,"targetarea":4.7237921,"totpop":11090.6454401,"country_id":"COL","targetpop":4935.4428101,"new_mean":0.1458874,"totalarea":76.1521314}},{"type":"Polygon","arcs":[[1036,-773,1037]],"properties":{"name":"Cogua","gaul_code":13856,"targetarea":41.8219627,"totpop":77867.0760536,"country_id":"COL","targetpop":67180.6486511,"new_mean":0.0857881,"totalarea":127.4883982}},{"type":"MultiPolygon","arcs":[[[1038]],[[1039,1040,1041,-370,1042,-923,1043]]],"properties":{"name":"Bucaramanga","gaul_code":14214,"targetarea":158.4123768,"totpop":822386.178925,"country_id":"COL","targetpop":819086.027359,"new_mean":0.1339709,"totalarea":169.4537385}},{"type":"MultiPolygon","arcs":[[[1044,-140,-178,-932]],[[1045,1046,-930]]],"properties":{"name":"Circasia","gaul_code":14180,"targetarea":15.3732858,"totpop":29326.0206833,"country_id":"COL","targetpop":22386.7641907,"new_mean":0.0976587,"totalarea":62.2677172}},{"type":"Polygon","arcs":[[1047]],"properties":{"name":"Tena","gaul_code":13929,"targetarea":7.5195157,"totpop":12795.8020115,"country_id":"COL","targetpop":3395.3904419,"new_mean":0.0986888,"totalarea":82.0658486}},{"type":"Polygon","arcs":[[1048]],"properties":{"name":"Iles","gaul_code":14085,"targetarea":2.741476,"totpop":9131.6882591,"country_id":"COL","targetpop":1293.8457947,"new_mean":0.0852803,"totalarea":96.7049511}},{"type":"Polygon","arcs":[[1049]],"properties":{"name":"Tado","gaul_code":13806,"targetarea":2.2871942,"totpop":34681.7406616,"country_id":"COL","targetpop":1072.9376831,"new_mean":0.0315834,"totalarea":725.9001594}},{"type":"Polygon","arcs":[[1050,1051]],"properties":{"name":"Santa Rita","gaul_code":14418,"targetarea":1.3436232,"totpop":23678.2592575,"country_id":"COL","targetpop":577.2481079,"new_mean":0.0500497,"totalarea":19205.9518433}},{"type":"Polygon","arcs":[[1052,-9,-299]],"properties":{"name":"Antioquia","gaul_code":13350,"targetarea":8.1882847,"totpop":21574.218152,"country_id":"COL","targetpop":8981.0000916,"new_mean":0.1138671,"totalarea":444.9055367}},{"type":"Polygon","arcs":[[1053]],"properties":{"name":"Abejorral","gaul_code":13341,"targetarea":6.2077699,"totpop":28859.8855772,"country_id":"COL","targetpop":6643.6008301,"new_mean":0.1032144,"totalarea":507.6162901}},{"type":"Polygon","arcs":[[-869,1054,-465,1055,-443]],"properties":{"name":"Recetor","gaul_code":13710,"targetarea":115.5812005,"totpop":89176.7530065,"country_id":"COL","targetpop":85435.6422615,"new_mean":0.0909138,"totalarea":179.3650931}},{"type":"Polygon","arcs":[[-802,-827,1056]],"properties":{"name":"La Victoria","gaul_code":14389,"targetarea":20.7993507,"totpop":25003.3609676,"country_id":"COL","targetpop":10793.5879822,"new_mean":0.1228206,"totalarea":309.7198686}},{"type":"Polygon","arcs":[[1057]],"properties":{"name":"Palermo","gaul_code":13994,"targetarea":2.4262647,"totpop":25448.7285991,"country_id":"COL","targetpop":1605.1436462,"new_mean":0.1322295,"totalarea":681.0096596}},{"type":"Polygon","arcs":[[-656,1058]],"properties":{"name":"Sibundoy","gaul_code":14174,"targetarea":2.0898053,"totpop":7373.0893898,"country_id":"COL","targetpop":1496.5848084,"new_mean":0.0628908,"totalarea":70.7424719}},{"type":"Polygon","arcs":[[1059]],"properties":{"name":"Ituango","gaul_code":13399,"targetarea":1.9909793,"totpop":34990.601788,"country_id":"COL","targetpop":1315.7855225,"new_mean":0.1076613,"totalarea":2129.9585704}},{"type":"Polygon","arcs":[[1060]],"properties":{"name":"Puerto Rico","gaul_code":13695,"targetarea":5.2133209,"totpop":41980.0090075,"country_id":"COL","targetpop":4468.2844238,"new_mean":0.0883568,"totalarea":2733.4907268}},{"type":"Polygon","arcs":[[-526,1061,-775,-611,1062,-609,-806,1063]],"properties":{"name":"Tocancipa","gaul_code":13934,"targetarea":64.1011122,"totpop":66084.0259247,"country_id":"COL","targetpop":65297.6870422,"new_mean":0.091043,"totalarea":66.4213819}},{"type":"MultiPolygon","arcs":[[[1064,-794,1065]],[[1066,-109,1067]]],"properties":{"name":"San Pedro","gaul_code":14397,"targetarea":28.8961952,"totpop":40418.7160311,"country_id":"COL","targetpop":18361.8961792,"new_mean":0.1172156,"totalarea":300.7290432}},{"type":"Polygon","arcs":[[1068]],"properties":{"name":"Taminango","gaul_code":14119,"targetarea":3.0525224,"totpop":20431.1720009,"country_id":"COL","targetpop":1504.962616,"new_mean":0.1108343,"totalarea":240.8223657}},{"type":"MultiPolygon","arcs":[[[1069]],[[1070,1071]]],"properties":{"name":"La Dorada","gaul_code":13666,"targetarea":4.9082372,"totpop":29580.9177799,"country_id":"COL","targetpop":4765.7919006,"new_mean":0.1564085,"totalarea":583.629032}},{"type":"Polygon","arcs":[[-990,1072]],"properties":{"name":"El Colegio","gaul_code":13859,"targetarea":15.831872,"totpop":24235.6987476,"country_id":"COL","targetpop":13360.5515747,"new_mean":0.1100922,"totalarea":120.187723}},{"type":"Polygon","arcs":[[1073]],"properties":{"name":"Pesca","gaul_code":13605,"targetarea":2.2861206,"totpop":6719.4689646,"country_id":"COL","targetpop":1163.6297607,"new_mean":0.0894787,"totalarea":292.3611595}},{"type":"Polygon","arcs":[[1074]],"properties":{"name":"Garagoa","gaul_code":13573,"targetarea":7.9144307,"totpop":20272.9463539,"country_id":"COL","targetpop":7927.5589905,"new_mean":0.0914149,"totalarea":201.7377075}},{"type":"Polygon","arcs":[[1075,-689,-361]],"properties":{"name":"Piedras","gaul_code":14348,"targetarea":1.3941053,"totpop":10323.6250744,"country_id":"COL","targetpop":542.3017273,"new_mean":0.1436055,"totalarea":274.3837773}},{"type":"Polygon","arcs":[[1076,-1071]],"properties":{"name":"Puerto Salgar","gaul_code":13903,"targetarea":37.9856532,"totpop":78120.6869178,"country_id":"COL","targetpop":60096.5568085,"new_mean":0.1449788,"totalarea":566.9520807}},{"type":"MultiPolygon","arcs":[[[1077]],[[1078,-737]],[[1079]],[[1080]],[[1081]],[[-556,-510,-742,1082]]],"properties":{"name":"Caloto","gaul_code":13726,"targetarea":52.4593771,"totpop":69262.322525,"country_id":"COL","targetpop":26739.6714325,"new_mean":0.1055313,"totalarea":427.2122691}},{"type":"Polygon","arcs":[[1083,1084]],"properties":{"name":"Tello","gaul_code":14004,"targetarea":8.1864189,"totpop":26463.2322037,"country_id":"COL","targetpop":5968.185669,"new_mean":0.1497258,"totalarea":655.1241484}},{"type":"MultiPolygon","arcs":[[[1085]],[[1086]]],"properties":{"name":"Puerto Caicedo","gaul_code":14169,"targetarea":6.5310179,"totpop":38161.5757924,"country_id":"COL","targetpop":6237.1086731,"new_mean":0.0457295,"totalarea":1554.8110653}},{"type":"MultiPolygon","arcs":[[[1087,-863]],[[1088]],[[1089]],[[1090]],[[1091]]],"properties":{"name":"Puerto Boyaca","gaul_code":13607,"targetarea":52.0835743,"totpop":109123.94926,"country_id":"COL","targetpop":38942.4041748,"new_mean":0.0959493,"totalarea":1439.2672952}},{"type":"Polygon","arcs":[[1092]],"properties":{"name":"Acevedo","gaul_code":13973,"targetarea":8.0786527,"totpop":35990.2430162,"country_id":"COL","targetpop":7682.1290894,"new_mean":0.1010078,"totalarea":521.1727684}},{"type":"Polygon","arcs":[[1093]],"properties":{"name":"Alban","gaul_code":13837,"targetarea":5.0894493,"totpop":6604.2790794,"country_id":"COL","targetpop":2592.3570252,"new_mean":0.1037507,"totalarea":66.4161829}},{"type":"Polygon","arcs":[[1094,-695,1095]],"properties":{"name":"Sogamoso","gaul_code":13631,"targetarea":36.5386875,"totpop":71468.5414495,"country_id":"COL","targetpop":58770.6943817,"new_mean":0.0784713,"totalarea":207.2207102}},{"type":"Polygon","arcs":[[1096]],"properties":{"name":"Chaparral","gaul_code":14327,"targetarea":11.7216048,"totpop":54134.3791299,"country_id":"COL","targetpop":10071.1893616,"new_mean":0.1255307,"totalarea":2197.1074726}},{"type":"MultiPolygon","arcs":[[[1097]],[[-739,1098]]],"properties":{"name":"Buenos Aires","gaul_code":13723,"targetarea":41.7308967,"totpop":62171.37292,"country_id":"COL","targetpop":21314.6272736,"new_mean":0.106096,"totalarea":559.6732023}},{"type":"Polygon","arcs":[[1099,-413]],"properties":{"name":"Potosi","gaul_code":14104,"targetarea":20.1276368,"totpop":27353.876256,"country_id":"COL","targetpop":15600.0571747,"new_mean":0.0865223,"totalarea":353.5635801}},{"type":"Polygon","arcs":[[1100,-1052]],"properties":{"name":"Inirida","gaul_code":13953,"targetarea":4.6368347,"totpop":54033.5979909,"country_id":"COL","targetpop":6522.8331299,"new_mean":0.0451352,"totalarea":23529.7672107}},{"type":"MultiPolygon","arcs":[[[1101]],[[1102]],[[-1013,1103,-1011,1104,-815,1105,1106,-243,-1009,1107]]],"properties":{"name":"Manizales","gaul_code":13668,"targetarea":200.3025263,"totpop":506932.911829,"country_id":"COL","targetpop":468474.97551,"new_mean":0.1722026,"totalarea":443.8588054}},{"type":"Polygon","arcs":[[1108,-127,-893]],"properties":{"name":"Tibacuy","gaul_code":13931,"targetarea":1.200703,"totpop":6154.6011086,"country_id":"COL","targetpop":661.0948791,"new_mean":0.1119571,"totalarea":92.4069037}},{"type":"Polygon","arcs":[[-843,1109,-1041,1110,-769,1111]],"properties":{"name":"Giron","gaul_code":14241,"targetarea":93.6471099,"totpop":141309.378306,"country_id":"COL","targetpop":100885.686646,"new_mean":0.1294239,"totalarea":660.8827453}},{"type":"Polygon","arcs":[[1112]],"properties":{"name":"Gacheta","gaul_code":13869,"targetarea":3.2002506,"totpop":15184.1998258,"country_id":"COL","targetpop":1995.0261231,"new_mean":0.0911844,"totalarea":353.1157733}},{"type":"Polygon","arcs":[[1113]],"properties":{"name":"Olaya Herrera","gaul_code":14100,"targetarea":2.0041639,"totpop":41554.2968681,"country_id":"COL","targetpop":1147.811554,"new_mean":0.0879722,"totalarea":1035.1731531}},{"type":"Polygon","arcs":[[-86,1114,-494,1115]],"properties":{"name":"Alban","gaul_code":14060,"targetarea":15.9813184,"totpop":18190.8999157,"country_id":"COL","targetpop":10182.2776489,"new_mean":0.0857126,"totalarea":72.0097643}},{"type":"Polygon","arcs":[[1116,-921,-1043,-369]],"properties":{"name":"Charta","gaul_code":14222,"targetarea":0.6082567,"totpop":4079.685071,"country_id":"COL","targetpop":324.3470154,"new_mean":0.1068776,"totalarea":106.8913705}},{"type":"MultiPolygon","arcs":[[[1117,-981,1118]],[[1119,-580,1120]]],"properties":{"name":"Ubaque","gaul_code":13937,"targetarea":8.2736114,"totpop":10932.640583,"country_id":"COL","targetpop":5783.4706497,"new_mean":0.092147,"totalarea":112.9478106}},{"type":"Polygon","arcs":[[1121]],"properties":{"name":"Capitanejo","gaul_code":14217,"targetarea":3.8108758,"totpop":8454.1623678,"country_id":"COL","targetpop":2166.3963928,"new_mean":0.1071092,"totalarea":126.9524261}},{"type":"MultiPolygon","arcs":[[[1122,-1096,-279,-778]],[[-783,1123,1124]]],"properties":{"name":"Nobsa","gaul_code":13593,"targetarea":31.5259617,"totpop":46863.8803902,"country_id":"COL","targetpop":42472.4094543,"new_mean":0.0717515,"totalarea":51.2570754}},{"type":"MultiPolygon","arcs":[[[1125,-920,1126]],[[1127,1128]]],"properties":{"name":"Timbio","gaul_code":13755,"targetarea":5.6743882,"totpop":25878.9896202,"country_id":"COL","targetpop":3179.788269,"new_mean":0.093021,"totalarea":302.9380948}},{"type":"MultiPolygon","arcs":[[[1129]],[[1130]],[[1131,-226,1132]]],"properties":{"name":"Cordoba","gaul_code":14071,"targetarea":9.8022718,"totpop":19739.541297,"country_id":"COL","targetpop":4726.1670837,"new_mean":0.0832989,"totalarea":314.1082966}},{"type":"Polygon","arcs":[[-208,1133]],"properties":{"name":"San Agustin","gaul_code":14000,"targetarea":2.5900221,"totpop":33398.6415716,"country_id":"COL","targetpop":1968.4515686,"new_mean":0.0928936,"totalarea":1470.8035061}},{"type":"Polygon","arcs":[[-490,1134,-1046,-929]],"properties":{"name":"Salento","gaul_code":14188,"targetarea":32.5840245,"totpop":97376.9057268,"country_id":"COL","targetpop":86357.6788025,"new_mean":0.0889811,"totalarea":392.6873156}},{"type":"Polygon","arcs":[[1135]],"properties":{"name":"Urrao","gaul_code":13456,"targetarea":6.7979644,"totpop":58705.0809011,"country_id":"COL","targetpop":3803.9041138,"new_mean":0.0950385,"totalarea":2642.2397297}},{"type":"Polygon","arcs":[[1136,-913]],"properties":{"name":"Cisneros","gaul_code":13376,"targetarea":11.7432135,"totpop":12254.2381477,"country_id":"COL","targetpop":9141.3548279,"new_mean":0.1046862,"totalarea":39.0052692}},{"type":"Polygon","arcs":[[1137]],"properties":{"name":"Cumbal","gaul_code":14073,"targetarea":2.143067,"totpop":27987.2940192,"country_id":"COL","targetpop":1138.727356,"new_mean":0.0837877,"totalarea":815.5301733}},{"type":"Polygon","arcs":[[1138]],"properties":{"name":"Morales","gaul_code":13740,"targetarea":3.2586818,"totpop":20947.0532343,"country_id":"COL","targetpop":1587.8828735,"new_mean":0.0964565,"totalarea":397.7302239}},{"type":"MultiPolygon","arcs":[[[1139]],[[-638,1140]]],"properties":{"name":"Granada","gaul_code":14041,"targetarea":35.8195619,"totpop":73242.8337955,"country_id":"COL","targetpop":54300.4838562,"new_mean":0.1343413,"totalarea":229.6672468}},{"type":"MultiPolygon","arcs":[[[1141]],[[1142]],[[1143]],[[-480,1144,1145]]],"properties":{"name":"Pasto","gaul_code":14102,"targetarea":210.2268253,"totpop":554230.08112,"country_id":"COL","targetpop":461575.12822,"new_mean":0.0880877,"totalarea":1469.1872114}},{"type":"Polygon","arcs":[[1146]],"properties":{"name":"Mitu","gaul_code":14409,"targetarea":5.1275848,"totpop":65002.7936369,"country_id":"COL","targetpop":2888.4427185,"new_mean":0.0629022,"totalarea":13515.1677988}},{"type":"Polygon","arcs":[[1147]],"properties":{"name":"Apulo (rafael Reyes)","gaul_code":13840,"targetarea":6.0589656,"totpop":9235.4778328,"country_id":"COL","targetpop":3338.7626343,"new_mean":0.1316203,"totalarea":107.4874082}},{"type":"Polygon","arcs":[[1148]],"properties":{"name":"Puerto Libertador","gaul_code":13825,"targetarea":11.6245501,"totpop":68103.527712,"country_id":"COL","targetpop":15277.438324,"new_mean":0.1277918,"totalarea":1386.1830792}},{"type":"MultiPolygon","arcs":[[[1149,-250]],[[1150]],[[1151,1152,1153]]],"properties":{"name":"Inza","gaul_code":13733,"targetarea":18.5054778,"totpop":77941.1053934,"country_id":"COL","targetpop":12846.4501343,"new_mean":0.0903337,"totalarea":1343.7515547}},{"type":"MultiPolygon","arcs":[[[1154,-662]],[[-1085,1155]],[[1156]]],"properties":{"name":"Neiva","gaul_code":13991,"targetarea":174.1720821,"totpop":429498.210421,"country_id":"COL","targetpop":359327.801453,"new_mean":0.2221559,"totalarea":1472.2187778}},{"type":"Polygon","arcs":[[-256,1157]],"properties":{"name":"Calima  (darien)","gaul_code":14375,"targetarea":3.1297472,"totpop":14869.0673873,"country_id":"COL","targetpop":3038.5295715,"new_mean":0.099719,"totalarea":829.1678799}},{"type":"Polygon","arcs":[[-899,1158,-416,1159,-1124,-782]],"properties":{"name":"Duitama","gaul_code":13566,"targetarea":79.1521054,"totpop":130899.37388,"country_id":"COL","targetpop":119044.041214,"new_mean":0.0715499,"totalarea":281.1106101}},{"type":"Polygon","arcs":[[1160]],"properties":{"name":"Puerto Lopez","gaul_code":14051,"targetarea":10.2321698,"totpop":36052.6359822,"country_id":"COL","targetpop":10736.5915833,"new_mean":0.1030005,"totalarea":5576.297787}},{"type":"MultiPolygon","arcs":[[[1161,-1004]],[[1162]]],"properties":{"name":"Timana","gaul_code":14007,"targetarea":18.7555767,"totpop":33502.5587959,"country_id":"COL","targetpop":14240.1853333,"new_mean":0.1202157,"totalarea":204.3018156}},{"type":"Polygon","arcs":[[-533,1163]],"properties":{"name":"Pinchote","gaul_code":14267,"targetarea":1.6277421,"totpop":3337.8600845,"country_id":"COL","targetpop":616.385376,"new_mean":0.1130805,"totalarea":41.7545205}},{"type":"MultiPolygon","arcs":[[[1164]],[[1165,-724,1166,-71,1167]]],"properties":{"name":"Soacha","gaul_code":13920,"targetarea":135.8799665,"totpop":497998.987194,"country_id":"COL","targetpop":478810.675354,"new_mean":0.0893075,"totalarea":252.1521769}},{"type":"Polygon","arcs":[[1168,-221]],"properties":{"name":"Chiquiza","gaul_code":13552,"targetarea":1.0789826,"totpop":4446.6600666,"country_id":"COL","targetpop":1582.4830933,"new_mean":0.0903669,"totalarea":38.8343306}},{"type":"Polygon","arcs":[[-215,1169,1170]],"properties":{"name":"Patia (el Bordo)","gaul_code":13743,"targetarea":4.7628374,"totpop":41008.6519675,"country_id":"COL","targetpop":5439.7356873,"new_mean":0.1123701,"totalarea":757.2408892}},{"type":"Polygon","arcs":[[1171]],"properties":{"name":"Funes","gaul_code":14081,"targetarea":2.5900237,"totpop":11579.238094,"country_id":"COL","targetpop":1447.6704102,"new_mean":0.0844683,"totalarea":475.8469821}},{"type":"MultiPolygon","arcs":[[[1172]],[[-1170,-214,1173]],[[1174]]],"properties":{"name":"La Vega","gaul_code":13736,"targetarea":6.5379267,"totpop":65265.9659309,"country_id":"COL","targetpop":3586.1131897,"new_mean":0.0896495,"totalarea":511.5252851}},{"type":"Polygon","arcs":[[1175,-314,-658,-984,-818,-666,1176,-938,-854,-905]],"properties":{"name":"Medellin","gaul_code":13408,"targetarea":301.2593785,"totpop":2792185.82895,"country_id":"COL","targetpop":2781863.5172,"new_mean":0.0421271,"totalarea":361.4384535}},{"type":"MultiPolygon","arcs":[[[1177]],[[-3,1178,1179]]],"properties":{"name":"Cocorna","gaul_code":13377,"targetarea":5.1013822,"totpop":21306.554328,"country_id":"COL","targetpop":2836.8119812,"new_mean":0.0988556,"totalarea":262.9264333}},{"type":"Polygon","arcs":[[1180]],"properties":{"name":"Narino","gaul_code":13412,"targetarea":4.7183797,"totpop":19396.6400747,"country_id":"COL","targetpop":3858.5774536,"new_mean":0.0973233,"totalarea":303.9514694}},{"type":"MultiPolygon","arcs":[[[-525,1181,-1038,-776,-1062]],[[1182]],[[1183]]],"properties":{"name":"Nemocon","gaul_code":13894,"targetarea":29.663199,"totpop":26723.3466377,"country_id":"COL","targetpop":16777.8468475,"new_mean":0.086149,"totalarea":99.7881024}},{"type":"Polygon","arcs":[[1184,-1016]],"properties":{"name":"El Bagre","gaul_code":13384,"targetarea":20.2276319,"totpop":73044.5378942,"country_id":"COL","targetpop":17717.6437683,"new_mean":0.1025586,"totalarea":1927.7619391}},{"type":"MultiPolygon","arcs":[[[-630,-5,1185]],[[1186]]],"properties":{"name":"Granada","gaul_code":13392,"targetarea":2.2898643,"totpop":18407.9081326,"country_id":"COL","targetpop":1351.4179688,"new_mean":0.0955305,"totalarea":220.6665558}},{"type":"Polygon","arcs":[[1187,-560,-643,-996]],"properties":{"name":"Ubate","gaul_code":13938,"targetarea":21.374424,"totpop":39499.9260006,"country_id":"COL","targetpop":30903.2974548,"new_mean":0.0826627,"totalarea":111.0884474}},{"type":"Polygon","arcs":[[1188]],"properties":{"name":"Yondo","gaul_code":13465,"targetarea":3.0434762,"totpop":16083.5889007,"country_id":"COL","targetpop":1606.3002014,"new_mean":0.1003972,"totalarea":1825.8028943}},{"type":"Polygon","arcs":[[-371,-1042,-1110,-842,1189]],"properties":{"name":"Floridablanca","gaul_code":14238,"targetarea":94.4635644,"totpop":354726.971588,"country_id":"COL","targetpop":353577.766251,"new_mean":0.138461,"totalarea":98.940352}},{"type":"Polygon","arcs":[[1190]],"properties":{"name":"Don Matias","gaul_code":13382,"targetarea":7.6379712,"totpop":22913.8154449,"country_id":"COL","targetpop":7129.7133789,"new_mean":0.0952886,"totalarea":183.022344}},{"type":"Polygon","arcs":[[-977,1191,-982,-1118,1192,-1121,-579,1193,-307,-641,-407,-725,-1166,1194]],"properties":{"name":"Santafe De Bogota D.c.","gaul_code":13914,"targetarea":686.4438622,"totpop":10093640.3208,"country_id":"COL","targetpop":10024296.6237,"new_mean":0.0921962,"totalarea":1650.701243}},{"type":"Polygon","arcs":[[1195]],"properties":{"name":"Leticia","gaul_code":13336,"targetarea":20.044707,"totpop":71428.4255237,"country_id":"COL","targetpop":24560.0144043,"new_mean":0.0659751,"totalarea":4060.1868488}},{"type":"Polygon","arcs":[[1196]],"properties":{"name":"San Jose De La Montana","gaul_code":13433,"targetarea":1.9667383,"totpop":5947.692584,"country_id":"COL","targetpop":856.8699341,"new_mean":0.0993371,"totalarea":177.6083428}},{"type":"MultiPolygon","arcs":[[[-671,1197]],[[-673,1198]],[[-82,-675,1199,-431,1200,1201,-1179]]],"properties":{"name":"Carmen De Viboral","gaul_code":13372,"targetarea":50.0272776,"totpop":50532.1695094,"country_id":"COL","targetpop":34697.8240051,"new_mean":0.093034,"totalarea":423.6939593}},{"type":"Polygon","arcs":[[1202]],"properties":{"name":"Bugalagrande","gaul_code":14372,"targetarea":18.3829853,"totpop":35609.6410666,"country_id":"COL","targetpop":14967.4131622,"new_mean":0.1203463,"totalarea":371.4180514}},{"type":"MultiPolygon","arcs":[[[-365,1203,-620,1204]],[[1205,-711,1206]]],"properties":{"name":"Soraca","gaul_code":13634,"targetarea":4.1940687,"totpop":6975.0743332,"country_id":"COL","targetpop":1740.8688507,"new_mean":0.0817562,"totalarea":47.1759013}},{"type":"MultiPolygon","arcs":[[[1207]],[[-485,-831,1208]]],"properties":{"name":"Genova","gaul_code":14183,"targetarea":5.7067319,"totpop":9936.4879289,"country_id":"COL","targetpop":2781.8791504,"new_mean":0.1094043,"totalarea":215.8455311}},{"type":"MultiPolygon","arcs":[[[1209,-31]],[[1210]],[[1211]]],"properties":{"name":"Guamo","gaul_code":14336,"targetarea":18.7850757,"totpop":45182.1123085,"country_id":"COL","targetpop":17634.9458618,"new_mean":0.1542319,"totalarea":528.5348802}},{"type":"Polygon","arcs":[[1212,-100]],"properties":{"name":"Marmato","gaul_code":13670,"targetarea":2.5028315,"totpop":6839.3151093,"country_id":"COL","targetpop":1973.8124085,"new_mean":0.1177691,"totalarea":40.3155258}},{"type":"MultiPolygon","arcs":[[[1213,1214]],[[1215]]],"properties":{"name":"Barichara","gaul_code":14210,"targetarea":5.9071504,"totpop":6534.186811,"country_id":"COL","targetpop":3109.7060242,"new_mean":0.1223313,"totalarea":92.4515811}},{"type":"Polygon","arcs":[[1216]],"properties":{"name":"Frontino","gaul_code":13388,"targetarea":3.8084706,"totpop":30548.5770028,"country_id":"COL","targetpop":1914.8041992,"new_mean":0.102839,"totalarea":1315.017278}},{"type":"Polygon","arcs":[[1217,-301]],"properties":{"name":"La Montanita","gaul_code":13692,"targetarea":4.909636,"totpop":24623.5658479,"country_id":"COL","targetpop":2956.3352661,"new_mean":0.0865072,"totalarea":891.6515306}},{"type":"MultiPolygon","arcs":[[[1218,-956,1219,-954,-546,-896,1220,-722,-405,-633,1221],[1222]],[[1223,-958,1224]]],"properties":{"name":"Madrid","gaul_code":13889,"targetarea":90.3664303,"totpop":97894.5571899,"country_id":"COL","targetpop":90598.7029114,"new_mean":0.0874375,"totalarea":119.1129388}},{"type":"Polygon","arcs":[[1225]],"properties":{"name":"Salgar","gaul_code":13428,"targetarea":7.2231224,"totpop":27636.9188185,"country_id":"COL","targetpop":6225.4753418,"new_mean":0.1061394,"totalarea":448.0786542}},{"type":"MultiPolygon","arcs":[[[1226,-1145,-479]],[[-482,1227]]],"properties":{"name":"Chachagui","gaul_code":14067,"targetarea":2.6804631,"totpop":5684.3131065,"country_id":"COL","targetpop":1685.1593323,"new_mean":0.0932962,"totalarea":83.4432946}},{"type":"MultiPolygon","arcs":[[[1228]],[[1229,-969]]],"properties":{"name":"Puerto Wilches","gaul_code":14270,"targetarea":22.7094167,"totpop":57923.7099329,"country_id":"COL","targetpop":16598.1117249,"new_mean":0.0996177,"totalarea":1696.0147729}},{"type":"Polygon","arcs":[[-651,1230,-35]],"properties":{"name":"Malaga","gaul_code":14256,"targetarea":3.3947657,"totpop":6570.1552248,"country_id":"COL","targetpop":4301.517395,"new_mean":0.1013427,"totalarea":55.8533448}},{"type":"Polygon","arcs":[[1231]],"properties":{"name":"Lerida","gaul_code":14341,"targetarea":8.5989109,"totpop":23212.3483257,"country_id":"COL","targetpop":7244.9096069,"new_mean":0.1248583,"totalarea":308.4486933}},{"type":"MultiPolygon","arcs":[[[1232,-1127,-919]],[[1233,-1128]]],"properties":{"name":"Sotara","gaul_code":13753,"targetarea":14.8528351,"totpop":51233.7084017,"country_id":"COL","targetpop":15493.3010406,"new_mean":0.0863894,"totalarea":471.7261878}},{"type":"MultiPolygon","arcs":[[[1234,-232,-228,1235]],[[1236,-530,1237]],[[-1215,1238]]],"properties":{"name":"Cabrera","gaul_code":14215,"targetarea":37.9970137,"totpop":27894.525279,"country_id":"COL","targetpop":17039.6635437,"new_mean":0.1111218,"totalarea":104.6217259}},{"type":"MultiPolygon","arcs":[[[1239]],[[-419,1240,-1207,-710,-878]]],"properties":{"name":"Tunja","gaul_code":13649,"targetarea":63.3014265,"totpop":169354.908813,"country_id":"COL","targetpop":148032.162323,"new_mean":0.0662758,"totalarea":221.1874529}},{"type":"MultiPolygon","arcs":[[[1241]],[[-614,-1194,-578,1242]]],"properties":{"name":"La Calera","gaul_code":13882,"targetarea":64.2135109,"totpop":413060.901304,"country_id":"COL","targetpop":394349.654129,"new_mean":0.0959095,"totalarea":348.7030401}},{"type":"MultiPolygon","arcs":[[[1243]],[[1244]]],"properties":{"name":"Angelopolis","gaul_code":13347,"targetarea":3.496538,"totpop":11696.7901306,"country_id":"COL","targetpop":1343.8971252,"new_mean":0.1029078,"totalarea":87.9147706}},{"type":"MultiPolygon","arcs":[[[1245]],[[1246,-765,1247,-601]]],"properties":{"name":"Ginebra","gaul_code":14384,"targetarea":15.9416321,"totpop":25505.4969282,"country_id":"COL","targetpop":9511.5171967,"new_mean":0.11285,"totalarea":232.9725938}},{"type":"MultiPolygon","arcs":[[[1248]],[[1249,-591]],[[-594,1250,-595,-475,1251,-471,-293,-202,1252,-198,-380,1253],[1254],[1255]]],"properties":{"name":"Palmira","gaul_code":14392,"targetarea":433.9279348,"totpop":821908.502594,"country_id":"COL","targetpop":765663.656723,"new_mean":0.1314492,"totalarea":1036.814241}},{"type":"MultiPolygon","arcs":[[[1256,-1153,1257]],[[1258]],[[-717,-520,1259]]],"properties":{"name":"Cajibio","gaul_code":13724,"targetarea":10.1385926,"totpop":43874.7621207,"country_id":"COL","targetpop":5018.7496033,"new_mean":0.0929146,"totalarea":694.4673583}},{"type":"Polygon","arcs":[[-951,1260,-1029]],"properties":{"name":"La Argentina","gaul_code":13988,"targetarea":1.7505405,"totpop":11691.8848577,"country_id":"COL","targetpop":1340.4015503,"new_mean":0.0971168,"totalarea":303.6360442}},{"type":"MultiPolygon","arcs":[[[-428,1261]],[[-1201,-430,1262]]],"properties":{"name":"La Union","gaul_code":13404,"targetarea":16.7655657,"totpop":26536.690011,"country_id":"COL","targetpop":11382.9042816,"new_mean":0.0941791,"totalarea":200.9621582}},{"type":"MultiPolygon","arcs":[[[1263]],[[1264]]],"properties":{"name":"Tumaco","gaul_code":14121,"targetarea":21.4794845,"totpop":181414.075287,"country_id":"COL","targetpop":16707.0743561,"new_mean":0.0868071,"totalarea":2753.9145533}},{"type":"Polygon","arcs":[[-538,1265,-133]],"properties":{"name":"La Uvita","gaul_code":13582,"targetarea":0.0215117,"totpop":3007.710619,"country_id":"COL","targetpop":0,"new_mean":0.1014757,"totalarea":198.6449478}},{"type":"Polygon","arcs":[[1266]],"properties":{"name":"Cartagena (dist. Esp.) (i","gaul_code":13504,"targetarea":18.2384095,"totpop":15723.9537752,"country_id":"COL","targetpop":15490.9920807,"new_mean":0.1310269,"totalarea":22.4092128}},{"type":"Polygon","arcs":[[1267,1268,1269]],"properties":{"name":"La Gloria","gaul_code":13771,"targetarea":3.2793323,"totpop":17371.0707506,"country_id":"COL","targetpop":2080.8608398,"new_mean":0.1304703,"totalarea":799.352232}},{"type":"MultiPolygon","arcs":[[[1270]],[[1271,1272,1273]]],"properties":{"name":"Fundacion","gaul_code":14017,"targetarea":9.993044,"totpop":48271.6783428,"country_id":"COL","targetpop":14709.1721802,"new_mean":0.1306135,"totalarea":1084.0563678}},{"type":"Polygon","arcs":[[1274,1275]],"properties":{"name":"Agustin Codazzi","gaul_code":13760,"targetarea":6.4829196,"totpop":38774.3772054,"country_id":"COL","targetpop":8672.6755371,"new_mean":0.132239,"totalarea":1645.8810547}},{"type":"Polygon","arcs":[[1276]],"properties":{"name":"Guamal","gaul_code":14018,"targetarea":7.2624601,"totpop":38616.8272166,"country_id":"COL","targetpop":9470.5437317,"new_mean":0.1305538,"totalarea":555.5530326}},{"type":"MultiPolygon","arcs":[[[1277]],[[1278]]],"properties":{"name":"Cienaga De Oro","gaul_code":13814,"targetarea":24.2411653,"totpop":83482.5233879,"country_id":"COL","targetpop":20801.6158142,"new_mean":0.1706277,"totalarea":633.6114399}},{"type":"Polygon","arcs":[[1279,1280,1281,1282]],"properties":{"name":"Tiquisio","gaul_code":13531,"targetarea":470.566397,"totpop":292482.876884,"country_id":"COL","targetpop":232775.392876,"new_mean":0.1106461,"totalarea":862.6758272}},{"type":"Polygon","arcs":[[1283]],"properties":{"name":"MoÃ‘itos","gaul_code":13821,"targetarea":8.9994442,"totpop":37508.2656417,"country_id":"COL","targetpop":5106.4393768,"new_mean":0.1578742,"totalarea":275.3714934}},{"type":"Polygon","arcs":[[1284]],"properties":{"name":"San Andres Y Providencia","gaul_code":14203,"targetarea":25.1779117,"totpop":65404.1332092,"country_id":"COL","targetpop":65404.1332092,"new_mean":0.1083473,"totalarea":27.957555}},{"type":"Polygon","arcs":[[1285]],"properties":{"name":"Canalete","gaul_code":13810,"targetarea":5.9252712,"totpop":36249.7969398,"country_id":"COL","targetpop":6024.8278503,"new_mean":0.1627297,"totalarea":481.3992646}},{"type":"MultiPolygon","arcs":[[[1286]],[[1287]]],"properties":{"name":"Villanueva","gaul_code":13534,"targetarea":11.921423,"totpop":26271.1241264,"country_id":"COL","targetpop":11058.0071106,"new_mean":0.1606138,"totalarea":157.2817779}},{"type":"MultiPolygon","arcs":[[[1288,1289]],[[1290]],[[1291]],[[1292]]],"properties":{"name":"Santa Catalina","gaul_code":13525,"targetarea":19.6636599,"totpop":27798.7541733,"country_id":"COL","targetpop":13372.1003647,"new_mean":0.1558072,"totalarea":179.4568297}},{"type":"MultiPolygon","arcs":[[[1293]],[[1294]],[[1295]],[[1296]],[[1297]],[[1298]]],"properties":{"name":"San Andres De Sotavento","gaul_code":13828,"targetarea":70.8631783,"totpop":93046.5402946,"country_id":"COL","targetpop":52412.4194946,"new_mean":0.1828111,"totalarea":281.779121}},{"type":"MultiPolygon","arcs":[[[1299]],[[1300,1301,1302]]],"properties":{"name":"Sampues","gaul_code":14306,"targetarea":24.0358676,"totpop":47008.5215855,"country_id":"COL","targetpop":20940.6397095,"new_mean":0.1931483,"totalarea":235.4880474}},{"type":"MultiPolygon","arcs":[[[1303,1304,1305]],[[1306,1307,1308,1309]]],"properties":{"name":"Turbaco","gaul_code":13532,"targetarea":64.249782,"totpop":86564.9314461,"country_id":"COL","targetpop":70996.3779907,"new_mean":0.1658302,"totalarea":182.7617108}},{"type":"Polygon","arcs":[[1310,1311]],"properties":{"name":"Fonseca","gaul_code":13960,"targetarea":15.2343601,"totpop":34957.6070819,"country_id":"COL","targetpop":13109.1691284,"new_mean":0.1485927,"totalarea":663.387868}},{"type":"MultiPolygon","arcs":[[[1312]],[[1313]]],"properties":{"name":"El Copey","gaul_code":13767,"targetarea":15.0288733,"totpop":31950.351835,"country_id":"COL","targetpop":12040.9770203,"new_mean":0.1422584,"totalarea":996.4283201}},{"type":"Polygon","arcs":[[1314]],"properties":{"name":"Luruaco","gaul_code":13480,"targetarea":19.1396295,"totpop":35304.4491529,"country_id":"COL","targetpop":16509.3475037,"new_mean":0.1570944,"totalarea":285.4401925}},{"type":"Polygon","arcs":[[1315]],"properties":{"name":"Astrea","gaul_code":13761,"targetarea":2.9866649,"totpop":19461.1326485,"country_id":"COL","targetpop":2094.8410034,"new_mean":0.1391064,"totalarea":572.325204}},{"type":"Polygon","arcs":[[1316]],"properties":{"name":"Necocli","gaul_code":13414,"targetarea":8.7494079,"totpop":60860.4693842,"country_id":"COL","targetpop":5317.9879751,"new_mean":0.1311644,"totalarea":1161.7398952}},{"type":"Polygon","arcs":[[1317]],"properties":{"name":"Pueblo Nuevo","gaul_code":13823,"targetarea":9.5498184,"totpop":52756.7760434,"country_id":"COL","targetpop":8537.5273895,"new_mean":0.172466,"totalarea":890.9144966}},{"type":"Polygon","arcs":[[1318]],"properties":{"name":"Pelaya","gaul_code":13776,"targetarea":7.5486922,"totpop":18834.6698952,"country_id":"COL","targetpop":8339.8439941,"new_mean":0.1358903,"totalarea":421.52717}},{"type":"MultiPolygon","arcs":[[[1319]],[[1320]]],"properties":{"name":"Purisima","gaul_code":13826,"targetarea":10.1767781,"totpop":20501.9167309,"country_id":"COL","targetpop":10636.0274963,"new_mean":0.1698157,"totalarea":111.213648}},{"type":"Polygon","arcs":[[1321]],"properties":{"name":"Galeras","gaul_code":14298,"targetarea":8.7999942,"totpop":23339.3733196,"country_id":"COL","targetpop":6979.3098144,"new_mean":0.1773441,"totalarea":272.9982974}},{"type":"Polygon","arcs":[[1322,1323]],"properties":{"name":"Pueblo Viejo","gaul_code":14022,"targetarea":7.4273339,"totpop":21236.6614023,"country_id":"COL","targetpop":5052.8803635,"new_mean":0.1178955,"totalarea":672.1174616}},{"type":"MultiPolygon","arcs":[[[1324]],[[1325]]],"properties":{"name":"Villanueva","gaul_code":13968,"targetarea":17.9098456,"totpop":43367.3812084,"country_id":"COL","targetpop":23750.6002197,"new_mean":0.147414,"totalarea":317.2679454}},{"type":"MultiPolygon","arcs":[[[1326,-1312]],[[1327]],[[1328]]],"properties":{"name":"Barrancas","gaul_code":13958,"targetarea":31.4240799,"totpop":61211.0443573,"country_id":"COL","targetpop":38190.9982758,"new_mean":0.1512335,"totalarea":445.2393331}},{"type":"Polygon","arcs":[[1329]],"properties":{"name":"Usiacuri","gaul_code":13496,"targetarea":2.2574397,"totpop":9611.4456949,"country_id":"COL","targetpop":1951.0137634,"new_mean":0.163154,"totalarea":93.9001064}},{"type":"Polygon","arcs":[[1330,1331,1332,1333,1334,1335,1336,1337]],"properties":{"name":"Galapa","gaul_code":13478,"targetarea":59.2488652,"totpop":92876.8395157,"country_id":"COL","targetpop":84217.4006195,"new_mean":0.165882,"totalarea":102.832979}},{"type":"MultiPolygon","arcs":[[[1338,1339,1340]],[[1341]]],"properties":{"name":"El PiÃ‘on","gaul_code":14016,"targetarea":4.0541719,"totpop":20212.8070202,"country_id":"COL","targetpop":2780.5180969,"new_mean":0.1489888,"totalarea":593.2511777}},{"type":"MultiPolygon","arcs":[[[1342]],[[1343]]],"properties":{"name":"Tolu","gaul_code":14316,"targetarea":34.7468853,"totpop":56048.9627399,"country_id":"COL","targetpop":32826.9762726,"new_mean":0.1731411,"totalarea":369.4715268}},{"type":"MultiPolygon","arcs":[[[1344]],[[1345,1346,1347,1348,1349]],[[1350,1351,1352]],[[1353,1354,1355,1356,-1338,1357,1358]]],"properties":{"name":"Barranquilla  (dist.port.","gaul_code":13475,"targetarea":208.0055057,"totpop":1638046.30002,"country_id":"COL","targetpop":1600434.73243,"new_mean":0.1738927,"totalarea":1184.275357}},{"type":"Polygon","arcs":[[1359]],"properties":{"name":"Puerto Santander","gaul_code":14152,"targetarea":7.2078515,"totpop":20550.6443253,"country_id":"COL","targetpop":6387.5510254,"new_mean":0.1157113,"totalarea":161.4129049}},{"type":"Polygon","arcs":[[1360]],"properties":{"name":"Santa Lucia","gaul_code":13491,"targetarea":8.2774625,"totpop":14180.9460522,"country_id":"COL","targetpop":7772.8615112,"new_mean":0.1463576,"totalarea":69.2333636}},{"type":"MultiPolygon","arcs":[[[1361,-1340,1362,1363]],[[1364]]],"properties":{"name":"Campo De La Cruz","gaul_code":13476,"targetarea":11.8427304,"totpop":17337.0695038,"country_id":"COL","targetpop":10401.7159119,"new_mean":0.1491249,"totalarea":98.8048842}},{"type":"MultiPolygon","arcs":[[[1365,1366]],[[1367]]],"properties":{"name":"Since","gaul_code":14313,"targetarea":8.1380235,"totpop":30235.2041245,"country_id":"COL","targetpop":7609.0274963,"new_mean":0.1907054,"totalarea":374.5954949}},{"type":"Polygon","arcs":[[1368]],"properties":{"name":"San Jacinto","gaul_code":13521,"targetarea":7.3596648,"totpop":20700.2004676,"country_id":"COL","targetpop":8454.0390015,"new_mean":0.1422078,"totalarea":438.3320369}},{"type":"Polygon","arcs":[[1369,1370]],"properties":{"name":"Talaigua Nuevo","gaul_code":13530,"targetarea":1.5497772,"totpop":5834.3115696,"country_id":"COL","targetpop":896.5874329,"new_mean":0.134414,"totalarea":127.102311}},{"type":"MultiPolygon","arcs":[[[1371]],[[1372,1373,1374,-1309,1375]],[[-1290,1376]],[[1377]],[[1378]],[[1379]]],"properties":{"name":"Cartagena (dist. Esp.)","gaul_code":13503,"targetarea":357.8905744,"totpop":1255804.82551,"country_id":"COL","targetpop":1195868.36124,"new_mean":0.165865,"totalarea":728.8425535}},{"type":"MultiPolygon","arcs":[[[1380]],[[1381,1382]],[[1383]]],"properties":{"name":"Plato","gaul_code":14021,"targetarea":18.0916892,"totpop":93583.4567025,"country_id":"COL","targetpop":22165.2991028,"new_mean":0.1375686,"totalarea":2584.6424048}},{"type":"Polygon","arcs":[[1384]],"properties":{"name":"Teorama","gaul_code":14160,"targetarea":4.720987,"totpop":29113.20594,"country_id":"COL","targetpop":4074.2295227,"new_mean":0.1089364,"totalarea":871.0743242}},{"type":"Polygon","arcs":[[1385]],"properties":{"name":"San Juan De Uraba","gaul_code":13434,"targetarea":11.1488022,"totpop":29348.5899868,"country_id":"COL","targetpop":7926.7326813,"new_mean":0.1412791,"totalarea":309.8541591}},{"type":"Polygon","arcs":[[1386]],"properties":{"name":"Becerril","gaul_code":13762,"targetarea":1.7909819,"totpop":19058.5464056,"country_id":"COL","targetpop":1086.7493897,"new_mean":0.1377342,"totalarea":1397.2470895}},{"type":"Polygon","arcs":[[1387,1388]],"properties":{"name":"Arboletes","gaul_code":13353,"targetarea":3.9260919,"totpop":29551.7705917,"country_id":"COL","targetpop":7154.6942444,"new_mean":0.1419657,"totalarea":482.9715552}},{"type":"Polygon","arcs":[[1389,1390,1391]],"properties":{"name":"Soplaviento","gaul_code":13529,"targetarea":5.8148538,"totpop":10761.5884393,"country_id":"COL","targetpop":6213.3200607,"new_mean":0.1489717,"totalarea":120.9042657}},{"type":"MultiPolygon","arcs":[[[1392,1393,1394]],[[1395,1396,1397]],[[1398,1399,1400,1401,1402,1403,1404,1405,1406,1407,1408,-1281,1409,1410,1411,1412,1413,1414,1415,1416,1417],[1418],[1419],[1420]]],"properties":{"name":"Pinillos","gaul_code":13517,"targetarea":471.5365365,"totpop":330806.743855,"country_id":"COL","targetpop":295626.958168,"new_mean":0.1148904,"totalarea":756.0394437}},{"type":"MultiPolygon","arcs":[[[1421,-1408,1422]],[[1423,-1394,1424]],[[1425]],[[1426]],[[1427]],[[1428]]],"properties":{"name":"Magangue","gaul_code":13510,"targetarea":57.7758198,"totpop":158468.582849,"country_id":"COL","targetpop":81385.3404846,"new_mean":0.1418171,"totalarea":1298.5470243}},{"type":"Polygon","arcs":[[1429]],"properties":{"name":"Curumani","gaul_code":13766,"targetarea":8.7018172,"totpop":25636.6865277,"country_id":"COL","targetpop":7932.5999451,"new_mean":0.1358847,"totalarea":806.7560319}},{"type":"Polygon","arcs":[[1430]],"properties":{"name":"San Carlos","gaul_code":13832,"targetarea":2.7032983,"totpop":32653.2881222,"country_id":"COL","targetpop":1728.9977722,"new_mean":0.169143,"totalarea":489.4283869}},{"type":"Polygon","arcs":[[1431]],"properties":{"name":"Puerto Escondido","gaul_code":13824,"targetarea":5.6910526,"totpop":48778.581665,"country_id":"COL","targetpop":2043.0384522,"new_mean":0.1646028,"totalarea":435.1633967}},{"type":"Polygon","arcs":[[1432]],"properties":{"name":"San Martin De Loba","gaul_code":13523,"targetarea":4.8017168,"totpop":17851.3288779,"country_id":"COL","targetpop":2454.5047913,"new_mean":0.1234596,"totalarea":387.2128598}},{"type":"MultiPolygon","arcs":[[[1433]],[[1434,1435]]],"properties":{"name":"Monteria","gaul_code":13820,"targetarea":155.175084,"totpop":563194.075619,"country_id":"COL","targetpop":362836.585678,"new_mean":0.1675634,"totalarea":3034.8770748}},{"type":"MultiPolygon","arcs":[[[1436]],[[1437,1438]],[[1439]]],"properties":{"name":"Hato Nuevo","gaul_code":13961,"targetarea":13.9226071,"totpop":26826.0486944,"country_id":"COL","targetpop":10518.3736267,"new_mean":0.1501236,"totalarea":394.2308722}},{"type":"Polygon","arcs":[[1440]],"properties":{"name":"Chima","gaul_code":13812,"targetarea":1.882005,"totpop":22392.8538156,"country_id":"COL","targetpop":896.1692505,"new_mean":0.1760185,"totalarea":331.4181175}},{"type":"MultiPolygon","arcs":[[[1441]],[[1442]],[[1443]]],"properties":{"name":"Santa Ana","gaul_code":14027,"targetarea":14.488046,"totpop":75603.2959006,"country_id":"COL","targetpop":10150.0723877,"new_mean":0.1416365,"totalarea":2211.635209}},{"type":"Polygon","arcs":[[1444]],"properties":{"name":"El Banco","gaul_code":14015,"targetarea":17.5724289,"totpop":59642.3619978,"country_id":"COL","targetpop":27617.8685303,"new_mean":0.1234355,"totalarea":798.7527201}},{"type":"MultiPolygon","arcs":[[[1445,1446,-1268]],[[1447]]],"properties":{"name":"Tamalameque","gaul_code":13781,"targetarea":5.4366534,"totpop":23804.8201558,"country_id":"COL","targetpop":3648.5477295,"new_mean":0.1277978,"totalarea":678.2491214}},{"type":"MultiPolygon","arcs":[[[-1383,1448]],[[1449]]],"properties":{"name":"Tenerife","gaul_code":14030,"targetarea":7.8541605,"totpop":26725.6645566,"country_id":"COL","targetpop":6974.0622253,"new_mean":0.1351092,"totalarea":746.1884631}},{"type":"MultiPolygon","arcs":[[[1450]],[[1451]]],"properties":{"name":"El Paso","gaul_code":13768,"targetarea":7.3368692,"totpop":26975.6845164,"country_id":"COL","targetpop":3963.6198731,"new_mean":0.1392977,"totalarea":882.5573095}},{"type":"Polygon","arcs":[[1452]],"properties":{"name":"Ovejas","gaul_code":14304,"targetarea":7.2529432,"totpop":22206.1860723,"country_id":"COL","targetpop":5417.4779053,"new_mean":0.1600909,"totalarea":495.2653272}},{"type":"MultiPolygon","arcs":[[[1453]],[[1454]],[[1455]],[[1456]],[[1457]],[[1458]],[[1459,1460,-1323,1461]]],"properties":{"name":"Cienaga","gaul_code":14014,"targetarea":113.5126565,"totpop":231347.407099,"country_id":"COL","targetpop":135928.869888,"new_mean":0.1149356,"totalarea":1771.0271798}},{"type":"Polygon","arcs":[[1462]],"properties":{"name":"Pailitas","gaul_code":13775,"targetarea":5.0678126,"totpop":18738.7919157,"country_id":"COL","targetpop":4984.8112488,"new_mean":0.1315134,"totalarea":447.8739633}},{"type":"MultiPolygon","arcs":[[[1463,1464,-1272]],[[1465]],[[1466]]],"properties":{"name":"Aracataca","gaul_code":14010,"targetarea":49.0782099,"totpop":115577.496959,"country_id":"COL","targetpop":70858.2232056,"new_mean":0.1203838,"totalarea":1929.106272}},{"type":"Polygon","arcs":[[-1348,1467,1468,1469]],"properties":{"name":"Santo Tomas","gaul_code":13492,"targetarea":12.0138646,"totpop":28720.2594872,"country_id":"COL","targetpop":22505.3935852,"new_mean":0.1547545,"totalarea":61.1698166}},{"type":"MultiPolygon","arcs":[[[1470]],[[-1465,1471,-1273]]],"properties":{"name":"Pivijay","gaul_code":14020,"targetarea":9.7599413,"totpop":61287.5537254,"country_id":"COL","targetpop":7431.7322998,"new_mean":0.1440274,"totalarea":2170.158556}},{"type":"MultiPolygon","arcs":[[[1472]],[[1473,-1336,1474,1475,-1351,1476,-1359]]],"properties":{"name":"Malambo","gaul_code":13481,"targetarea":72.6407018,"totpop":147238.181862,"country_id":"COL","targetpop":138784.322144,"new_mean":0.1810672,"totalarea":107.0817474}},{"type":"MultiPolygon","arcs":[[[1477,1478]],[[1479,1480,1481]],[[1482]],[[1483]]],"properties":{"name":"Urumita","gaul_code":13967,"targetarea":16.7716364,"totpop":34572.2811897,"country_id":"COL","targetpop":11137.8145142,"new_mean":0.1364178,"totalarea":481.2965811}},{"type":"MultiPolygon","arcs":[[[1484,1485]],[[1486]]],"properties":{"name":"Polo Nuevo","gaul_code":13485,"targetarea":9.6656014,"totpop":18130.0846405,"country_id":"COL","targetpop":9221.7190857,"new_mean":0.164457,"totalarea":72.753239}},{"type":"Polygon","arcs":[[1487]],"properties":{"name":"Manaure Balcon Del Cesar","gaul_code":13774,"targetarea":6.9247377,"totpop":16492.914048,"country_id":"COL","targetpop":7844.7038879,"new_mean":0.1297587,"totalarea":218.7331619}},{"type":"MultiPolygon","arcs":[[[1488,1489,-1391]],[[1490]]],"properties":{"name":"Repelon","gaul_code":13488,"targetarea":15.8761012,"totpop":35432.9284551,"country_id":"COL","targetpop":12139.0080948,"new_mean":0.1495412,"totalarea":390.389641}},{"type":"MultiPolygon","arcs":[[[1491]],[[1492,1493]],[[1494]]],"properties":{"name":"Uribia","gaul_code":13966,"targetarea":42.2846225,"totpop":302171.407108,"country_id":"COL","targetpop":74516.813385,"new_mean":0.1396278,"totalarea":7934.3418325}},{"type":"Polygon","arcs":[[1495]],"properties":{"name":"San Juan Nepomuceno","gaul_code":13522,"targetarea":10.1000366,"totpop":31523.2142228,"country_id":"COL","targetpop":12426.3361816,"new_mean":0.140597,"totalarea":640.0549071}},{"type":"MultiPolygon","arcs":[[[1496,1497,1498]],[[1499]]],"properties":{"name":"Hatillo De Loba","gaul_code":13509,"targetarea":5.6168062,"totpop":12814.448958,"country_id":"COL","targetpop":3150.6643105,"new_mean":0.1199413,"totalarea":147.9786031}},{"type":"Polygon","arcs":[[1500,-1374]],"properties":{"name":"Turbana","gaul_code":13533,"targetarea":10.4778668,"totpop":25425.902174,"country_id":"COL","targetpop":8565.5209351,"new_mean":0.1613922,"totalarea":183.2630236}},{"type":"MultiPolygon","arcs":[[[1501,1502]],[[1503]]],"properties":{"name":"Chinu","gaul_code":13813,"targetarea":55.5262424,"totpop":77365.4193497,"country_id":"COL","targetpop":36672.6728058,"new_mean":0.1853527,"totalarea":575.6038564}},{"type":"MultiPolygon","arcs":[[[1504]],[[1505]],[[1506,1507]],[[1508]],[[1509]],[[1510]],[[1511]]],"properties":{"name":"Sabanalarga","gaul_code":13490,"targetarea":53.4842657,"totpop":121581.45086,"country_id":"COL","targetpop":74183.5027313,"new_mean":0.1634684,"totalarea":437.3177756}},{"type":"MultiPolygon","arcs":[[[1512]],[[1513]],[[1514]],[[1515]]],"properties":{"name":"San Juan Del Cesar","gaul_code":13965,"targetarea":22.5576624,"totpop":54172.5371358,"country_id":"COL","targetpop":20046.2970581,"new_mean":0.1453511,"totalarea":1070.0246247}},{"type":"MultiPolygon","arcs":[[[1516,-1376,-1308]],[[1517]]],"properties":{"name":"Santa Rosa","gaul_code":13526,"targetarea":12.2716448,"totpop":25263.8335838,"country_id":"COL","targetpop":10373.043808,"new_mean":0.1634161,"totalarea":128.8340252}},{"type":"MultiPolygon","arcs":[[[-1400,1518,-1397,1519]],[[1520]],[[1521,1522,-1402]]],"properties":{"name":"San Fernando","gaul_code":13520,"targetarea":52.1532215,"totpop":38436.2929283,"country_id":"COL","targetpop":24182.5050268,"new_mean":0.1249223,"totalarea":359.734862}},{"type":"MultiPolygon","arcs":[[[1523,-1405]],[[-1523,1524,-1403]]],"properties":{"name":"Mompos","gaul_code":13514,"targetarea":25.7436781,"totpop":34680.065905,"country_id":"COL","targetpop":10581.3048859,"new_mean":0.1230321,"totalarea":603.1254548}},{"type":"Polygon","arcs":[[-1352,-1476,1525,-1468,-1347,1526]],"properties":{"name":"Sabanagrande","gaul_code":13489,"targetarea":25.7615525,"totpop":37618.6648331,"country_id":"COL","targetpop":35542.1331177,"new_mean":0.1549565,"totalarea":31.8468785}},{"type":"Polygon","arcs":[[1527]],"properties":{"name":"Chivolo","gaul_code":14013,"targetarea":4.4188897,"totpop":21941.0460119,"country_id":"COL","targetpop":2986.9302673,"new_mean":0.1439166,"totalarea":596.2125862}},{"type":"Polygon","arcs":[[1528]],"properties":{"name":"Buenavista","gaul_code":14293,"targetarea":4.8768873,"totpop":11534.952877,"country_id":"COL","targetpop":3759.8948975,"new_mean":0.1828023,"totalarea":115.1499395}},{"type":"Polygon","arcs":[[1529]],"properties":{"name":"Palmito","gaul_code":14305,"targetarea":3.2720754,"totpop":27065.3637238,"country_id":"COL","targetpop":2197.2654724,"new_mean":0.1762095,"totalarea":239.8365144}},{"type":"MultiPolygon","arcs":[[[1530]],[[1531]]],"properties":{"name":"La Jagua De Iribico","gaul_code":13772,"targetarea":6.2398472,"totpop":21275.590083,"country_id":"COL","targetpop":2905.3590088,"new_mean":0.1336247,"totalarea":744.805463}},{"type":"MultiPolygon","arcs":[[[1532]],[[1533]]],"properties":{"name":"Ariguani","gaul_code":14011,"targetarea":11.5024869,"totpop":51808.9431057,"country_id":"COL","targetpop":8457.1034241,"new_mean":0.1427627,"totalarea":1663.8585088}},{"type":"Polygon","arcs":[[1534]],"properties":{"name":"Chimichagua","gaul_code":13764,"targetarea":2.2674999,"totpop":34700.4050637,"country_id":"COL","targetpop":1569.6513367,"new_mean":0.1296341,"totalarea":1476.2905948}},{"type":"Polygon","arcs":[[1535,1536,1537]],"properties":{"name":"Remolino","gaul_code":14023,"targetarea":3.1798531,"totpop":12114.470561,"country_id":"COL","targetpop":3486.0046692,"new_mean":0.145387,"totalarea":547.7222071}},{"type":"Polygon","arcs":[[-1371,1538]],"properties":{"name":"Cicuco","gaul_code":13505,"targetarea":4.362375,"totpop":5377.0789752,"country_id":"COL","targetpop":2402.4961243,"new_mean":0.1306833,"totalarea":65.4316122}},{"type":"MultiPolygon","arcs":[[[1539,1540,-1537]],[[-1349,-1470,1541]]],"properties":{"name":"Palmar De Varela","gaul_code":13483,"targetarea":7.5707671,"totpop":12564.6520157,"country_id":"COL","targetpop":5970.2966003,"new_mean":0.1590593,"totalarea":56.2434123}},{"type":"MultiPolygon","arcs":[[[1542]],[[1543]]],"properties":{"name":"Manati","gaul_code":13482,"targetarea":13.7479228,"totpop":23825.9866037,"country_id":"COL","targetpop":13183.2598724,"new_mean":0.1525237,"totalarea":216.6557862}},{"type":"Polygon","arcs":[[1544]],"properties":{"name":"El Carmen De Bolivar","gaul_code":13507,"targetarea":21.915129,"totpop":70148.0048199,"country_id":"COL","targetpop":37619.7997131,"new_mean":0.1547606,"totalarea":811.9194584}},{"type":"Polygon","arcs":[[-1392,-1490,1545]],"properties":{"name":"San Estanislao","gaul_code":13519,"targetarea":7.002872,"totpop":17373.5409765,"country_id":"COL","targetpop":8045.6642761,"new_mean":0.152696,"totalarea":191.914592}},{"type":"Polygon","arcs":[[1546]],"properties":{"name":"Caimito","gaul_code":14294,"targetarea":2.0022347,"totpop":14749.1956397,"country_id":"COL","targetpop":873.804718,"new_mean":0.1560383,"totalarea":451.2382035}},{"type":"MultiPolygon","arcs":[[[-1367,1547]],[[1548]]],"properties":{"name":"San Juan De Betulia","gaul_code":14308,"targetarea":6.8469604,"totpop":23736.526926,"country_id":"COL","targetpop":4734.7639465,"new_mean":0.1941107,"totalarea":248.3099976}},{"type":"Polygon","arcs":[[1549]],"properties":{"name":"Tibu","gaul_code":14161,"targetarea":5.3159499,"totpop":41294.5132625,"country_id":"COL","targetpop":3282.9606628,"new_mean":0.1062953,"totalarea":3162.8811298}},{"type":"Polygon","arcs":[[1550,1551,-1435,1552]],"properties":{"name":"Cerete","gaul_code":13811,"targetarea":65.1694069,"totpop":111117.197098,"country_id":"COL","targetpop":87121.001236,"new_mean":0.1578249,"totalarea":242.823616}},{"type":"Polygon","arcs":[[1553]],"properties":{"name":"Candelaria","gaul_code":13477,"targetarea":6.1957263,"totpop":13733.7827454,"country_id":"COL","targetpop":4245.3642578,"new_mean":0.154973,"totalarea":136.0438658}},{"type":"MultiPolygon","arcs":[[[1554,1555,1556]],[[1557]],[[1558,1559]]],"properties":{"name":"Juan De Acosta","gaul_code":13479,"targetarea":13.1252116,"totpop":21304.3769951,"country_id":"COL","targetpop":9507.5643921,"new_mean":0.1605026,"totalarea":203.9015021}},{"type":"MultiPolygon","arcs":[[[1560]],[[1561]],[[1562]],[[1563]],[[1564,-1481,1565]],[[1566]],[[1567]]],"properties":{"name":"Valledupar","gaul_code":13782,"targetarea":154.1370246,"totpop":590628.365811,"country_id":"COL","targetpop":365111.338409,"new_mean":0.1341305,"totalarea":4970.1374093}},{"type":"MultiPolygon","arcs":[[[1568]],[[1569]],[[1570,-1305]]],"properties":{"name":"Arjona","gaul_code":13499,"targetarea":31.8265228,"totpop":85164.6375235,"country_id":"COL","targetpop":43651.124649,"new_mean":0.1588132,"totalarea":542.7589152}},{"type":"Polygon","arcs":[[-1358,-1337,-1474]],"properties":{"name":"Soledad","gaul_code":13493,"targetarea":50.1230674,"totpop":816608.133972,"country_id":"COL","targetpop":816484.422607,"new_mean":0.1812066,"totalarea":50.6977591}},{"type":"MultiPolygon","arcs":[[[-1439,1571]],[[1572]],[[1573,1574,1575]],[[1576]],[[1577]],[[1578]],[[1579]],[[1580]],[[1581]],[[1582]],[[1583]],[[1584]],[[1585]],[[1586]],[[1587]],[[1588,1589]]],"properties":{"name":"Riohacha","gaul_code":13964,"targetarea":87.9731423,"totpop":367918.052794,"country_id":"COL","targetpop":117292.563194,"new_mean":0.1532656,"totalarea":5704.5069353}},{"type":"MultiPolygon","arcs":[[[1590,1591]],[[1592]],[[1593]]],"properties":{"name":"Mahates","gaul_code":13511,"targetarea":17.2721293,"totpop":37781.8208694,"country_id":"COL","targetpop":12090.5636292,"new_mean":0.1466052,"totalarea":465.2996977}},{"type":"MultiPolygon","arcs":[[[1594]],[[1595]],[[1596,-1575,1597,1598]],[[1599]],[[1600]],[[1601]]],"properties":{"name":"Maicao","gaul_code":13962,"targetarea":85.4513929,"totpop":247684.161567,"country_id":"COL","targetpop":134870.283386,"new_mean":0.1504477,"totalarea":2277.5027755}},{"type":"MultiPolygon","arcs":[[[1602,1603,1604]],[[1605]],[[1606,-1507,1607]],[[1608]],[[-1538,-1541,1609]]],"properties":{"name":"Ponedera","gaul_code":13486,"targetarea":11.0097436,"totpop":28679.4520893,"country_id":"COL","targetpop":12649.8443909,"new_mean":0.1541837,"totalarea":198.2180701}},{"type":"MultiPolygon","arcs":[[[1610,1611]],[[1612,1613,1614,1615]],[[1616,1617,1618]]],"properties":{"name":"Morroa","gaul_code":14303,"targetarea":24.6741485,"totpop":42771.0038433,"country_id":"COL","targetpop":33725.9207153,"new_mean":0.184544,"totalarea":169.9558258}},{"type":"Polygon","arcs":[[1619]],"properties":{"name":"San Onofre","gaul_code":14310,"targetarea":10.9846589,"totpop":52999.2907143,"country_id":"COL","targetpop":12790.6093445,"new_mean":0.1583899,"totalarea":1012.0147594}},{"type":"MultiPolygon","arcs":[[[1620]],[[1621]]],"properties":{"name":"Toluviejo","gaul_code":14317,"targetarea":4.577419,"totpop":18531.3363342,"country_id":"COL","targetpop":3520.2407532,"new_mean":0.1739613,"totalarea":265.1421614}},{"type":"Polygon","arcs":[[1622,-1618]],"properties":{"name":"Los Palmitos","gaul_code":14301,"targetarea":5.8840544,"totpop":18401.1748877,"country_id":"COL","targetpop":3971.7148438,"new_mean":0.1833161,"totalarea":229.2049163}},{"type":"MultiPolygon","arcs":[[[1623]],[[1624,1625,1626]],[[-1341,-1362,1627,1628]]],"properties":{"name":"Cerro San Antonio","gaul_code":14012,"targetarea":20.1838925,"totpop":34660.9647079,"country_id":"COL","targetpop":22492.3041,"new_mean":0.1409953,"totalarea":279.0382729}},{"type":"MultiPolygon","arcs":[[[1629]],[[1630]],[[1631]],[[1632,1633,1634]],[[1635]],[[1636]],[[1637]],[[1638,-1503,1639]]],"properties":{"name":"Sahagun","gaul_code":13827,"targetarea":233.2511651,"totpop":391291.869087,"country_id":"COL","targetpop":266628.211609,"new_mean":0.1802144,"totalarea":868.6113525}},{"type":"MultiPolygon","arcs":[[[1640,1641,-1627]],[[1642]]],"properties":{"name":"Calamar","gaul_code":13501,"targetarea":4.3246127,"totpop":24145.2019993,"country_id":"COL","targetpop":3362.7252197,"new_mean":0.1458415,"totalarea":365.9227351}},{"type":"MultiPolygon","arcs":[[[1643,1644,-1410,-1280,1645]],[[1646,-1414,1647]],[[1648,-1499,-1416]]],"properties":{"name":"Barranco De Loba","gaul_code":13500,"targetarea":9.30677,"totpop":24928.3598676,"country_id":"COL","targetpop":5910.9920959,"new_mean":0.1170043,"totalarea":406.0868987}},{"type":"MultiPolygon","arcs":[[[1649,-1634,1650]],[[1651]]],"properties":{"name":"La Union","gaul_code":14300,"targetarea":7.1563944,"totpop":18797.2979507,"country_id":"COL","targetpop":5157.8808594,"new_mean":0.1772859,"totalarea":235.4283778}},{"type":"MultiPolygon","arcs":[[[1652]],[[1653]],[[1654]]],"properties":{"name":"San Bernardo El Viento","gaul_code":13830,"targetarea":30.5274693,"totpop":61840.2365439,"country_id":"COL","targetpop":24516.8976135,"new_mean":0.1531404,"totalarea":339.4377927}},{"type":"MultiPolygon","arcs":[[[-1357,1655,1656,-1331]],[[-1355,1657]]],"properties":{"name":"Puerto Colombia","gaul_code":13487,"targetarea":39.8009445,"totpop":59429.8019338,"country_id":"COL","targetpop":52736.3205109,"new_mean":0.1465595,"totalarea":92.3181258}},{"type":"Polygon","arcs":[[1658]],"properties":{"name":"Convencion","gaul_code":14133,"targetarea":3.8468639,"totpop":16956.793824,"country_id":"COL","targetpop":2424.0800476,"new_mean":0.1145192,"totalarea":998.1117179}},{"type":"MultiPolygon","arcs":[[[1659]],[[-1589,1660]],[[1661]],[[1662]],[[1663,-1494]]],"properties":{"name":"Manaure","gaul_code":13963,"targetarea":103.2827127,"totpop":342417.410593,"country_id":"COL","targetpop":178044.036315,"new_mean":0.1506161,"totalarea":1953.0752138}},{"type":"Polygon","arcs":[[1664,-1615,1665]],"properties":{"name":"Corozal","gaul_code":14297,"targetarea":39.5759992,"totpop":65709.3585396,"country_id":"COL","targetpop":36757.5631866,"new_mean":0.1945657,"totalarea":422.7166992}},{"type":"MultiPolygon","arcs":[[[1666]],[[-1592,1667]]],"properties":{"name":"Maria La Baja","gaul_code":13513,"targetarea":23.504424,"totpop":54274.7681093,"country_id":"COL","targetpop":22513.6934814,"new_mean":0.1333855,"totalarea":461.694543}},{"type":"MultiPolygon","arcs":[[[1668,-1551,1669]],[[1670]]],"properties":{"name":"San Pelayo","gaul_code":13833,"targetarea":19.9857989,"totpop":55664.8865929,"country_id":"COL","targetpop":17622.4050598,"new_mean":0.1630101,"totalarea":483.447143}},{"type":"Polygon","arcs":[[1671]],"properties":{"name":"San Pedro","gaul_code":14312,"targetarea":7.4131454,"totpop":17425.1655464,"country_id":"COL","targetpop":5841.5759888,"new_mean":0.1804141,"totalarea":220.6128166}},{"type":"MultiPolygon","arcs":[[[1672]],[[1673,1674,-1557]],[[-1486,1675,-1334,1676]]],"properties":{"name":"Baranoa","gaul_code":13474,"targetarea":50.582396,"totpop":71738.2805023,"country_id":"COL","targetpop":56594.4636688,"new_mean":0.1668883,"totalarea":134.2487224}},{"type":"MultiPolygon","arcs":[[[-1276,1677]],[[1678]],[[1679,-1478]],[[-1482,-1565,1680]]],"properties":{"name":"La Paz","gaul_code":13773,"targetarea":20.0627465,"totpop":49124.7694902,"country_id":"COL","targetpop":20333.0503845,"new_mean":0.1347014,"totalarea":1464.471046}},{"type":"MultiPolygon","arcs":[[[1681]],[[1682]],[[1683]],[[1684]]],"properties":{"name":"Lorica","gaul_code":13815,"targetarea":63.5660119,"totpop":161826.827202,"country_id":"COL","targetpop":76376.3594055,"new_mean":0.1681272,"totalarea":981.4504326}},{"type":"MultiPolygon","arcs":[[[1685,-1555,-1675]],[[1686]],[[1687,-1560]],[[-1332,-1657,1688]]],"properties":{"name":"Tubara","gaul_code":13495,"targetarea":12.0626488,"totpop":15503.6992302,"country_id":"COL","targetpop":6397.3550873,"new_mean":0.1570344,"totalarea":171.5293091}},{"type":"MultiPolygon","arcs":[[[1689,-1388]],[[1690]]],"properties":{"name":"Los Cordobas","gaul_code":13816,"targetarea":9.4897356,"totpop":32860.6211166,"country_id":"COL","targetpop":5577.7375793,"new_mean":0.157375,"totalarea":300.3647433}},{"type":"MultiPolygon","arcs":[[[1691]],[[1692]]],"properties":{"name":"San Sebastian De Buenavis","gaul_code":14025,"targetarea":7.1728852,"totpop":22771.046675,"country_id":"COL","targetpop":4507.5394287,"new_mean":0.1346044,"totalarea":417.2036873}},{"type":"Polygon","arcs":[[1693]],"properties":{"name":"Bosconia","gaul_code":13763,"targetarea":16.0954154,"totpop":46179.5063853,"country_id":"COL","targetpop":23201.4855499,"new_mean":0.1385882,"totalarea":593.3700111}},{"type":"Polygon","arcs":[[1694,-1604]],"properties":{"name":"Salamina","gaul_code":14024,"targetarea":3.1717563,"totpop":8942.752635,"country_id":"COL","targetpop":2978.317688,"new_mean":0.1457408,"totalarea":184.9184095}},{"type":"Polygon","arcs":[[-1498,1695,-1417]],"properties":{"name":"Margarita","gaul_code":13512,"targetarea":8.3267686,"totpop":20707.7967968,"country_id":"COL","targetpop":3478.4995117,"new_mean":0.1263352,"totalarea":417.6661255}},{"type":"MultiPolygon","arcs":[[[1696]],[[-1302,1697,-1666,-1614,1698,-1611,1699]],[[1700]]],"properties":{"name":"Sincelejo","gaul_code":14314,"targetarea":140.2011959,"totpop":354630.856302,"country_id":"COL","targetpop":325328.749573,"new_mean":0.2432471,"totalarea":303.2140486}},{"type":"MultiPolygon","arcs":[[[1701,-1411,-1645]],[[1702,-1648,-1413]]],"properties":{"name":"Altos Del Rosario","gaul_code":13498,"targetarea":42.5329837,"totpop":39063.6283046,"country_id":"COL","targetpop":25135.4131393,"new_mean":0.1126484,"totalarea":271.6427435}},{"type":"MultiPolygon","arcs":[[[1703]],[[1704,-1460]]],"properties":{"name":"Santa Marta (dist. Esp.)","gaul_code":14028,"targetarea":167.1044101,"totpop":629303.557782,"country_id":"COL","targetpop":542046.592636,"new_mean":0.1075612,"totalarea":2416.5427304}},{"type":"MultiPolygon","arcs":[[[1705]],[[-1651,-1633,1706]]],"properties":{"name":"San Marcos","gaul_code":14309,"targetarea":15.4026921,"totpop":78267.1687635,"country_id":"COL","targetpop":13696.9798279,"new_mean":0.1673489,"totalarea":1119.5217675}},{"type":"Polygon","arcs":[[1707]],"properties":{"name":"San Zenon","gaul_code":14026,"targetarea":15.512016,"totpop":33428.4879016,"country_id":"COL","targetpop":21166.7740173,"new_mean":0.129608,"totalarea":271.4901486}},{"type":"MultiPolygon","arcs":[[[-1626,1708,-1641]],[[-1364,1709,-1628]]],"properties":{"name":"Suan","gaul_code":13494,"targetarea":1.2029414,"totpop":2883.1891289,"country_id":"COL","targetpop":514.8997192,"new_mean":0,"totalarea":23.0532587}},{"type":"Polygon","arcs":[[1710]],"properties":{"name":"Aguachica","gaul_code":13759,"targetarea":43.5818362,"totpop":110946.830812,"country_id":"COL","targetpop":69675.869812,"new_mean":0.1342309,"totalarea":915.6478823}},{"type":"Polygon","arcs":[[1711]],"properties":{"name":"Tierralta","gaul_code":13834,"targetarea":26.0319828,"totpop":152504.108067,"country_id":"COL","targetpop":29892.1144409,"new_mean":0.1325567,"totalarea":5058.4077007}},{"type":"MultiPolygon","arcs":[[[1712]],[[1713]]],"properties":{"name":"Ayapel","gaul_code":13808,"targetarea":18.7107247,"totpop":85692.2500222,"country_id":"COL","targetpop":21151.9778137,"new_mean":0.137306,"totalarea":2153.454992}},{"type":"Polygon","arcs":[[1714,1715]],"properties":{"name":"Rio De Oro","gaul_code":13777,"targetarea":2.7269605,"totpop":11074.5472999,"country_id":"COL","targetpop":1044.5914612,"new_mean":0.1260204,"totalarea":348.9620674}},{"type":"Polygon","arcs":[[1716]],"properties":{"name":"Sardinata","gaul_code":14158,"targetarea":4.9150924,"totpop":24828.6924474,"country_id":"COL","targetpop":3776.7348023,"new_mean":0.111159,"totalarea":1341.4512875}},{"type":"Polygon","arcs":[[1717,-1715]],"properties":{"name":"OcaÃ‘a","gaul_code":14149,"targetarea":49.1627428,"totpop":111069.41065,"country_id":"COL","targetpop":88329.5595703,"new_mean":0.1866691,"totalarea":381.4835933}},{"type":"MultiPolygon","arcs":[[[-686,1718]],[[-264,1719]],[[1720]],[[1721]],[[1722]]],"properties":{"name":"Cucuta","gaul_code":14134,"targetarea":218.1436062,"totpop":742440.163736,"country_id":"COL","targetpop":645409.8134,"new_mean":0.2573317,"totalarea":1182.0551131}},{"type":"Polygon","arcs":[[1723]],"properties":{"name":"Buenavista","gaul_code":13809,"targetarea":3.47378,"totpop":29773.3575935,"country_id":"COL","targetpop":3148.9120483,"new_mean":0.1471823,"totalarea":876.0828609}},{"type":"MultiPolygon","arcs":[[[1724]],[[1725]],[[1726]]],"properties":{"name":"Turbo","gaul_code":13453,"targetarea":34.6199222,"totpop":187326.811875,"country_id":"COL","targetpop":39610.2489929,"new_mean":0.1061176,"totalarea":3595.4891011}},{"type":"Polygon","arcs":[[1727]],"properties":{"name":"Abrego","gaul_code":14125,"targetarea":9.8822472,"totpop":44289.3614326,"country_id":"COL","targetpop":10225.8136292,"new_mean":0.1324382,"totalarea":1529.5155041}},{"type":"Polygon","arcs":[[1728]],"properties":{"name":"Planeta Rica","gaul_code":13822,"targetarea":16.8691957,"totpop":74889.9897223,"country_id":"COL","targetpop":26815.1589203,"new_mean":0.1648868,"totalarea":1009.6715406}},{"type":"Polygon","arcs":[[1729]],"properties":{"name":"Gamarra","gaul_code":13769,"targetarea":6.2087193,"totpop":24134.0415835,"country_id":"COL","targetpop":4625.8158607,"new_mean":0.1304274,"totalarea":391.020372}},{"type":"Polygon","arcs":[[1730]],"properties":{"name":"San Pedro De Uraba","gaul_code":13437,"targetarea":8.6393266,"totpop":44319.8201447,"country_id":"COL","targetpop":6611.9780273,"new_mean":0.1461274,"totalarea":715.2585967}},{"type":"Polygon","arcs":[[1731]],"properties":{"name":"Valencia","gaul_code":13835,"targetarea":10.3425039,"totpop":53368.1063442,"country_id":"COL","targetpop":7437.6608582,"new_mean":0.1410793,"totalarea":926.6303498}},{"type":"MultiPolygon","arcs":[[[1732]],[[1733]],[[1734]],[[1735,-1646,-1283]],[[-1447,1736,-1269]]],"properties":{"name":"Morales","gaul_code":13516,"targetarea":10.3783081,"totpop":85965.5708886,"country_id":"COL","targetpop":8198.7045898,"new_mean":0.1225646,"totalarea":3121.4471436}}]}},"arcs":[[[-75.2543797,6.1518664],[-75.2762389,6.1582804]],[[-75.2762389,6.1582804],[-75.3121033,6.1543999],[-75.3172989,6.1377001],[-75.3108978,6.1048002],[-75.3040009,6.0949001]],[[-75.3040009,6.0949001],[-75.3038029,6.0948512]],[[-75.3038029,6.0948512],[-75.3064295,6.1301296],[-75.2795496,6.1200303],[-75.2295496,6.1159328],[-75.2474999,6.1472682]],[[-75.2474999,6.1472682],[-75.248703,6.1478]],[[-75.248703,6.1478],[-75.2543797,6.1518664]],[[-75.7342131,6.4944088],[-75.7411951,6.5194891],[-75.7619633,6.4961127],[-75.736426,6.4917754],[-75.7342131,6.4944088]],[[-75.8133931,6.5387082],[-75.8247986,6.5384002]],[[-75.8247986,6.5384002],[-75.8280424,6.5355103]],[[-75.8280424,6.5355103],[-75.8213709,6.5115464],[-75.8083338,6.5079169],[-75.8133931,6.5387082]],[[-74.9136316,4.7266506],[-74.9353764,4.7363186],[-74.9450688,4.7134426],[-74.9250004,4.6995835],[-74.9136316,4.7266506]],[[-75.801064,5.3067289],[-75.7759282,5.3124416],[-75.7677088,5.3367743],[-75.8139089,5.3166101]],[[-75.8139089,5.3166101],[-75.801064,5.3067289]],[[-75.7037125,5.3307181],[-75.7145004,5.3382001],[-75.7222373,5.3570115]],[[-75.7222373,5.3570115],[-75.7403406,5.3613186],[-75.7534021,5.3297023],[-75.7000004,5.3162502],[-75.7037125,5.3307181]],[[-72.6270919,2.3436021],[-72.6362879,2.3288072],[-72.6166671,2.3245835],[-72.6270919,2.3436021]],[[-72.6334083,2.5922494],[-72.6537358,2.5859198],[-72.6615076,2.5521714],[-72.6250004,2.5329169],[-72.6110356,2.5620835],[-72.622923,2.5870654],[-72.6334083,2.5922494]],[[-71.8000004,6.9245835],[-71.8000004,6.9495835],[-71.8166671,6.9495835],[-71.8166671,6.9245835],[-71.8000004,6.9245835]],[[-71.8430017,6.9614162],[-71.8697921,6.979918],[-71.8935226,6.9745957],[-71.9034021,6.936819],[-71.8500004,6.9329169],[-71.8430017,6.9614162]],[[-75.8546953,4.9168341],[-75.8846209,4.9169191]],[[-75.8846209,4.9169191],[-75.9097226,4.9110805],[-75.9103882,4.9088675],[-75.8951013,4.8952053],[-75.8964034,4.8733547],[-75.8890244,4.8719776]],[[-75.8890244,4.8719776],[-75.8595963,4.8912001]],[[-75.8595963,4.8912001],[-75.8539125,4.9036916]],[[-75.8539125,4.9036916],[-75.8546953,4.9168341]],[[-75.8049076,5.6025946],[-75.8342045,5.6112453],[-75.828158,5.5872422],[-75.8000004,5.5829169],[-75.8049076,5.6025946]],[[-73.1798263,5.5863389],[-73.20363,5.5658881],[-73.1750004,5.5579169],[-73.1798263,5.5863389]],[[-75.0557052,4.4778672],[-75.0703699,4.4637396],[-75.0500004,4.4579169],[-75.0557052,4.4778672]],[[-74.9423263,4.5774359],[-74.9619633,4.5671495],[-74.9500004,4.5579169],[-74.9423263,4.5774359]],[[-75.0325905,5.1234038],[-75.0361332,5.1118475],[-75.0166671,5.1079169],[-75.0000981,5.1204169],[-75.0179962,5.1294717],[-75.0325905,5.1234038]],[[-75.0302038,3.9226322],[-75.0000004,3.9162502],[-75.0021792,3.9270352]],[[-75.0021792,3.9270352],[-75.0190964,3.9212999],[-75.0302038,3.9226322]],[[-77.4493859,1.296676],[-77.4599203,1.3118278],[-77.4668949,1.3196519],[-77.4878748,1.2892727],[-77.4945719,1.2648781],[-77.473339,1.2604308],[-77.4493859,1.296676]],[[-72.7395161,6.686244],[-72.7166671,6.6829169],[-72.7125475,6.6997263]],[[-72.7125475,6.6997263],[-72.7347412,6.7127829]],[[-72.7347412,6.7127829],[-72.7395161,6.686244]],[[-73.3833338,5.3132616],[-73.3833338,5.3245835],[-73.4039321,5.3245835]],[[-73.4039321,5.3245835],[-73.3833338,5.3132616]],[[-73.4501916,5.3425999],[-73.4586897,5.3619243],[-73.4611955,5.3438104],[-73.4610768,5.3437833]],[[-73.4610768,5.3437833],[-73.4575348,5.3432889]],[[-73.4575348,5.3432889],[-73.4501916,5.3425999]],[[-76.3069096,4.2192084],[-76.3203129,4.227383],[-76.3277999,4.205215],[-76.3166671,4.1995835],[-76.3069096,4.2192084]],[[-76.2738343,3.274479],[-76.2709965,3.2813625],[-76.3328455,3.2960964],[-76.3575281,3.2951198],[-76.3636786,3.2756858]],[[-76.3636786,3.2756858],[-76.2738343,3.274479]],[[-76.331698,3.3363023],[-76.3476811,3.3440497],[-76.3611332,3.3201809],[-76.3416671,3.3162502],[-76.331698,3.3363023]],[[-76.2133976,3.2395775],[-76.2068689,3.2695176],[-76.2213139,3.2954169],[-76.2115645,3.3129014],[-76.2133956,3.3357733],[-76.2607345,3.3465277],[-76.2705245,3.3427395],[-76.2295821,3.2849961],[-76.246397,3.2694302]],[[-76.246397,3.2694302],[-76.2344971,3.2534001],[-76.2133976,3.2395775]],[[-76.2775973,3.3621291],[-76.3019064,3.3719503]],[[-76.3019064,3.3719503],[-76.3117354,3.3423448],[-76.2750004,3.3329169],[-76.2775973,3.3621291]],[[-76.3474172,3.3773717],[-76.3532562,3.377106]],[[-76.3532562,3.377106],[-76.3574023,3.37038]],[[-76.3574023,3.37038],[-76.3474172,3.3773717]],[[-73.5521244,5.8704047],[-73.5609054,5.8883815],[-73.5793705,5.8940497],[-73.5861332,5.8614243],[-73.5583338,5.8579169],[-73.5521244,5.8704047]],[[-73.6317401,5.9102925],[-73.6132654,5.9128485],[-73.5930343,5.9204169],[-73.59678,5.9371225]],[[-73.59678,5.9371225],[-73.6304016,5.9464002]],[[-73.6304016,5.9464002],[-73.6317401,5.9102925]],[[-76.8856961,0.4236056],[-76.8878666,0.4456773],[-76.8784998,0.4537502],[-76.8935632,0.4667304],[-76.921143,0.4373928],[-76.9241197,0.4251028]],[[-76.9241197,0.4251028],[-76.9135971,0.4179],[-76.8856961,0.4236056]],[[-76.8266362,0.4797186],[-76.8440434,0.4857164],[-76.8527999,0.4701809],[-76.8333337,0.4662502],[-76.8266362,0.4797186]],[[-76.8249272,0.6532131],[-76.8486332,0.6620835],[-76.8447433,0.6794338],[-76.8715987,0.6863186],[-76.8809493,0.7113186],[-76.8950688,0.6981757],[-76.8870284,0.6546373],[-76.8598311,0.6432115],[-76.8249272,0.6532131]],[[-77.5959816,1.2778993],[-77.6038741,1.3041083],[-77.6168728,1.3030643]],[[-77.6168728,1.3030643],[-77.6162596,1.2833904]],[[-77.6162596,1.2833904],[-77.6089206,1.2774796]],[[-77.6089206,1.2774796],[-77.5993652,1.2706881]],[[-77.5993652,1.2706881],[-77.5959816,1.2778993]],[[-77.5834884,1.3162727],[-77.579396,1.3250417],[-77.57567,1.3333604],[-77.5771027,1.3429064],[-77.6036056,1.3527574],[-77.6115076,1.3203518],[-77.5834884,1.3162727]],[[-73.6089929,5.6274359],[-73.62863,5.6171494],[-73.6166671,5.6079169],[-73.6089929,5.6274359]],[[-75.5425248,5.8564669],[-75.5277999,5.8607163],[-75.5222009,5.8706529],[-75.550843,5.8764366]],[[-75.550843,5.8764366],[-75.5425248,5.8564669]],[[-75.5217436,5.9595253],[-75.5261741,5.95955],[-75.545671,5.9499701],[-75.5166671,5.9329169],[-75.5217436,5.9595253]],[[-75.6979659,5.6784735],[-75.7289311,5.6679877],[-75.7083338,5.6495835],[-75.6979659,5.6784735]],[[-74.2417984,4.4777122],[-74.2453003,4.5071998],[-74.2666016,4.5107999],[-74.2818222,4.519269]],[[-74.2818222,4.519269],[-74.2797123,4.4988308],[-74.2626144,4.461583],[-74.2417984,4.4777122]],[[-73.8366866,5.5281561],[-73.870671,5.4974921],[-73.8250004,5.4912502],[-73.8366866,5.5281561]],[[-71.6467859,5.424201],[-71.6873377,5.418126],[-71.6583338,5.3912502],[-71.6467859,5.424201]],[[-71.7086756,5.4269476],[-71.7503341,5.4363186],[-71.744963,5.4123765],[-71.7166671,5.4079169],[-71.7086756,5.4269476]],[[-75.9515868,5.6933061],[-75.9653162,5.7110988],[-75.97863,5.6961127],[-75.9647523,5.6937557],[-75.9515868,5.6933061]],[[-75.1493568,5.2724608],[-75.1700688,5.2457261],[-75.1416671,5.2412502],[-75.136475,5.2623765],[-75.1424852,5.2732823],[-75.1493568,5.2724608]],[[-75.7757034,4.4327998],[-75.7682037,4.4489002],[-75.7711029,4.4696999],[-75.7791977,4.4748998]],[[-75.7791977,4.4748998],[-75.7998962,4.4657998],[-75.8080071,4.4665001]],[[-75.8080071,4.4665001],[-75.8338302,4.4465684],[-75.7945154,4.4270982],[-75.7852858,4.428462]],[[-75.7852858,4.428462],[-75.7757034,4.4327998]],[[-75.3713989,6.131],[-75.3321991,6.0805998],[-75.3132019,6.0862999],[-75.3040009,6.0949001]],[[-75.2762389,6.1582804],[-75.2897547,6.1622463],[-75.3037846,6.1791367],[-75.3393483,6.204403]],[[-75.3393483,6.204403],[-75.3472977,6.1834998],[-75.365097,6.1714001],[-75.3713989,6.131]],[[-77.0108688,1.5105566],[-77.0288334,1.5461819],[-77.0599044,1.5342352],[-77.0665458,1.5233033]],[[-77.0665458,1.5233033],[-77.0434036,1.5165],[-77.036499,1.5187],[-77.0108688,1.5105566]],[[-76.2623377,7.0098456],[-76.2779545,7.0020046],[-76.2583337,6.9912502],[-76.2623377,7.0098456]],[[-76.0737175,4.6198174],[-76.0700361,4.6000086]],[[-76.0700361,4.6000086],[-76.0666671,4.5995835],[-76.0600509,4.6129014],[-76.0737175,4.6198174]],[[-75.9860338,4.7986999],[-76.0013488,4.7885835]],[[-76.0013488,4.7885835],[-75.9694584,4.7755357],[-75.9696619,4.7499945],[-75.9457768,4.7315578],[-75.9370691,4.6902858],[-75.9153976,4.6792873],[-75.8803876,4.7256723]],[[-75.8803876,4.7256723],[-75.8843002,4.7521],[-75.8899994,4.7659998],[-75.8986969,4.7677002],[-75.9141998,4.7568002],[-75.9337997,4.7516999],[-75.9487991,4.7522998],[-75.9580994,4.7610002],[-75.9569016,4.7732],[-75.9632519,4.785127]],[[-75.9632519,4.785127],[-75.9860338,4.7986999]],[[-74.4422748,5.0677692],[-74.4353068,5.0733363],[-74.4411625,5.0943671],[-74.4594405,5.0706854],[-74.4422748,5.0677692]],[[-74.3756596,5.1357692],[-74.3952966,5.1254828],[-74.3833338,5.1162502],[-74.3756596,5.1357692]],[[-75.7828617,6.0861558],[-75.80363,6.0627793],[-75.7750004,6.0579169],[-75.7828617,6.0861558]],[[-75.6524425,5.4656684],[-75.678573,5.4590847],[-75.6866622,5.4712551],[-75.7008712,5.477912],[-75.6946049,5.4530503],[-75.7130031,5.4463768]],[[-75.7130031,5.4463768],[-75.7134018,5.4081001],[-75.6986699,5.4012849]],[[-75.6986699,5.4012849],[-75.6833338,5.3995835],[-75.6783289,5.4112453],[-75.6712976,5.4482163],[-75.6559574,5.4251491],[-75.6353927,5.430329],[-75.6358846,5.4429495]],[[-75.6358846,5.4429495],[-75.6524425,5.4656684]],[[-71.1098813,6.9473204],[-71.0750004,6.9412502],[-71.0505555,6.9817905],[-71.0979659,6.9758937],[-71.1113515,6.9490684],[-71.1098813,6.9473204]],[[-70.7510147,7.0874529],[-70.7620697,7.088347],[-70.7801258,7.0763738],[-70.7874191,7.0558742],[-70.7166671,7.0495835],[-70.6964034,7.0693793],[-70.7204599,7.0869568],[-70.7391205,7.0842409],[-70.7510147,7.0874529]],[[-75.7609424,4.8635832],[-75.756897,4.848],[-75.7489014,4.8415999],[-75.7281036,4.8449998],[-75.714798,4.8379998],[-75.6847992,4.7817998],[-75.6663971,4.7557998],[-75.656601,4.7516999]],[[-75.656601,4.7516999],[-75.6520004,4.7725],[-75.6526031,4.8151999],[-75.6509018,4.8389001],[-75.6901016,4.8645],[-75.7026272,4.867132]],[[-75.7026272,4.867132],[-75.7387374,4.8541368],[-75.7377417,4.8638994],[-75.7526987,4.8683048],[-75.7609424,4.8635832]],[[-76.1029459,4.0537208],[-76.1191041,4.062896],[-76.128101,4.0368964],[-76.1000004,4.0329169],[-76.1029459,4.0537208]],[[-76.144741,4.0816168],[-76.1766968,4.0913],[-76.2136002,4.1227002],[-76.2328713,4.134647]],[[-76.2328713,4.134647],[-76.2534021,4.126968],[-76.245614,4.0804714],[-76.2207096,4.0418101]],[[-76.2207096,4.0418101],[-76.2045309,4.0300856]],[[-76.2045309,4.0300856],[-76.1997156,4.0370591],[-76.1500004,4.0495835],[-76.144741,4.0816168]],[[-76.2805221,4.1627605],[-76.2853787,4.1640227],[-76.2965722,4.1594675],[-76.293625,4.1513737],[-76.2750004,4.1412502],[-76.2805221,4.1627605]],[[-75.2359623,6.8259304],[-75.2518233,6.8106105],[-75.2333338,6.8079169],[-75.2359623,6.8259304]],[[-76.6071223,1.0064199],[-76.6113285,0.9833319],[-76.5957504,0.9797661]],[[-76.5957504,0.9797661],[-76.6071223,1.0064199]],[[-75.7890385,1.9861965],[-75.8037032,1.972077],[-75.7833338,1.9662502],[-75.7890385,1.9861965]],[[-75.7347986,2.0358954],[-75.7732996,2.027261],[-75.769963,2.0123765],[-75.7416671,2.0079169],[-75.7347986,2.0358954]],[[-74.522323,4.4602565],[-74.5362879,4.4366563],[-74.5083338,4.4329169],[-74.522323,4.4602565]],[[-77.1089929,1.5607652],[-77.12863,1.5504869],[-77.1166671,1.5412502],[-77.1089929,1.5607652]],[[-75.5640385,2.7528632],[-75.5787032,2.7387437],[-75.5583338,2.7329169],[-75.5640385,2.7528632]],[[-77.601799,1.2173001],[-77.5842867,1.2244806]],[[-77.5842867,1.2244806],[-77.5812667,1.229035],[-77.5959816,1.2778993]],[[-77.5993652,1.2706881],[-77.5988998,1.2531],[-77.6046982,1.2201999],[-77.601799,1.2173001]],[[-76.64012,7.7839768],[-76.640837,7.7888291],[-76.6276209,7.8224514],[-76.6300623,7.8389837],[-76.5952966,7.8532131],[-76.5623621,7.8776353],[-76.5781417,7.8853867],[-76.6057052,7.9058254],[-76.6025232,7.9273993],[-76.6128015,7.9448797],[-76.6619633,7.9032131],[-76.6810144,7.8954169],[-76.6762862,7.8634426],[-76.6491947,7.8425279],[-76.67356,7.8096706],[-76.6714569,7.795452]],[[-76.6714569,7.795452],[-76.651001,7.7842999],[-76.64012,7.7839768]],[[-74.6026573,4.2632076],[-74.6218754,4.2616644],[-74.6195479,4.2905829],[-74.6410486,4.2656317],[-74.6619715,4.2476019],[-74.6735763,4.2215928],[-74.6998539,4.2520941],[-74.7118355,4.2485104],[-74.727675,4.2424],[-74.7107345,4.2278062],[-74.697516,4.1981824]],[[-74.697516,4.1981824],[-74.6809006,4.1989002],[-74.6406021,4.2298999],[-74.6296005,4.2449002],[-74.6085663,4.252471]],[[-74.6085663,4.252471],[-74.6026573,4.2632076]],[[-74.6140385,4.3195339],[-74.6287032,4.3054063],[-74.6083338,4.2995835],[-74.6140385,4.3195339]],[[-74.060417,7.9520661],[-74.0333338,7.9495835],[-74.0361332,7.971784],[-74.0539387,7.98079]],[[-74.0539387,7.98079],[-74.060417,7.9520661]],[[-72.7557052,2.6361965],[-72.7703699,2.622077],[-72.7500004,2.6162502],[-72.7557052,2.6361965]],[[-72.5667266,6.141462],[-72.574501,6.1452999]],[[-72.574501,6.1452999],[-72.5756273,6.1452999]],[[-72.5756273,6.1452999],[-72.5667266,6.141462]],[[-75.3088058,1.5737372],[-75.3288172,1.5857164],[-75.3361332,1.5618475],[-75.3166671,1.5579169],[-75.3088058,1.5737372]],[[-75.2750004,1.6662502],[-75.2750004,1.6912502],[-75.2916671,1.6912502],[-75.2916671,1.6662502],[-75.2750004,1.6662502]],[[-74.820671,6.5015122],[-74.8362879,6.4936713],[-74.8166671,6.4829169],[-74.820671,6.5015122]],[[-73.6159833,3.4510771],[-73.626985,3.472479]],[[-73.626985,3.472479],[-73.6266524,3.4531602],[-73.6159833,3.4510771]],[[-75.7712021,4.5650001],[-75.7369773,4.5817711]],[[-75.7369773,4.5817711],[-75.7396326,4.5852118],[-75.7788358,4.5697995]],[[-75.7788358,4.5697995],[-75.7712021,4.5650001]],[[-75.7453298,4.6294885],[-75.7634888,4.628068]],[[-75.7634888,4.628068],[-75.7810123,4.6116716]],[[-75.7810123,4.6116716],[-75.7416671,4.6079169],[-75.7453298,4.6294885]],[[-75.739502,4.6593207],[-75.7128829,4.6686265],[-75.7452701,4.6826722]],[[-75.7452701,4.6826722],[-75.7417984,4.6705999]],[[-75.7417984,4.6705999],[-75.739502,4.6593207]],[[-75.6571986,4.6941699],[-75.6700688,4.6630682],[-75.6500004,4.6579169],[-75.6429448,4.6866359],[-75.6562117,4.6942028],[-75.6571986,4.6941699]],[[-75.7280039,4.7059104],[-75.745903,4.7087002]],[[-75.745903,4.7087002],[-75.745903,4.7043329]],[[-75.745903,4.7043329],[-75.7280039,4.7059104]],[[-74.4837737,4.2676793],[-74.520407,4.2511986]],[[-74.520407,4.2511986],[-74.5104822,4.2487453],[-74.4837737,4.2676793]],[[-75.4404062,2.5757857],[-75.4523547,2.5902627],[-75.4619633,2.5794501],[-75.4404062,2.5757857]],[[-73.6180145,3.8743788],[-73.6501497,3.8746944]],[[-73.6501497,3.8746944],[-73.6166671,3.8662502],[-73.6180145,3.8743788]],[[-75.4964138,6.8048269],[-75.4966476,6.7894354],[-75.4750004,6.7829169],[-75.481462,6.8005072],[-75.4643578,6.8327284]],[[-75.4643578,6.8327284],[-75.4964138,6.8048269]],[[-75.3307052,6.8945339],[-75.3453699,6.8804063],[-75.3250004,6.8745835],[-75.3307052,6.8945339]],[[-74.8543975,4.1818887],[-74.8718654,4.1858576]],[[-74.8718654,4.1858576],[-74.9075444,4.1767035],[-74.9339522,4.1826239],[-74.9194666,4.1358872],[-74.8833338,4.1162502],[-74.8765304,4.1261094],[-74.8509933,4.1437404],[-74.8569666,4.1704169],[-74.8543975,4.1818887]],[[-74.9872602,4.19743],[-74.9715987,4.1878485],[-74.9528487,4.1948594],[-74.9588989,4.2092654]],[[-74.9588989,4.2092654],[-74.9872602,4.19743]],[[-74.2973718,4.3195339],[-74.3120366,4.3054063],[-74.2916671,4.2995835],[-74.2973718,4.3195339]],[[-75.7687586,2.2686021],[-75.7779545,2.2538072],[-75.7583338,2.2495835],[-75.7687586,2.2686021]],[[-75.7916671,2.2579169],[-75.7916671,2.2745835],[-75.8166671,2.2745835],[-75.8166671,2.2579169],[-75.7916671,2.2579169]],[[-77.6138268,1.09773],[-77.6259003,1.0863]],[[-77.6259003,1.0863],[-77.6277234,1.0705832]],[[-77.6277234,1.0705832],[-77.5872074,1.0711819],[-77.5877608,1.0618638],[-77.5500004,1.0412502],[-77.5656989,1.092093],[-77.5704789,1.0951454],[-77.6138268,1.09773]],[[-74.3208722,4.9913657],[-74.3276209,5.0130357],[-74.3531743,5.014826],[-74.3443608,4.9865098],[-74.3304137,4.9779182],[-74.3208722,4.9913657]],[[-76.0227055,6.7615749],[-76.0430099,6.7690497],[-76.0269129,6.7366685],[-76.0083337,6.7329169],[-76.0227055,6.7615749]],[[-74.988713,6.1799668],[-74.9726404,6.1887803],[-74.9965418,6.2025336],[-75.0112879,6.1788031],[-74.9916671,6.1745835],[-74.988713,6.1799668]],[[-75.7916671,4.4829169],[-75.7916671,4.4995835]],[[-75.7916671,4.4995835],[-75.8181726,4.4971259],[-75.8065515,4.4850856],[-75.7916671,4.4829169]],[[-75.7916671,4.4829169],[-75.8080071,4.4665001]],[[-75.7791977,4.4748998],[-75.7612991,4.4882002],[-75.7549973,4.5215998],[-75.7543182,4.5438118]],[[-75.7543182,4.5438118],[-75.7637024,4.5650001],[-75.7712021,4.5650001]],[[-75.7712021,4.5650001],[-75.7810846,4.5625452]],[[-75.7810846,4.5625452],[-75.778516,4.5451727],[-75.7880375,4.520954],[-75.7916671,4.4995835]],[[-75.7916671,4.4995835],[-75.7750004,4.4995835],[-75.7750004,4.4829169],[-75.7916671,4.4829169]],[[-73.9623377,5.8681789],[-73.9779545,5.8603379],[-73.9583338,5.8495835],[-73.9623377,5.8681789]],[[-74.4402712,4.7164664],[-74.4126632,4.733458],[-74.4360519,4.7445]],[[-74.4360519,4.7445],[-74.4356003,4.7431002]],[[-74.4356003,4.7431002],[-74.4402712,4.7164664]],[[-74.4333338,4.7579169],[-74.4373609,4.7579169]],[[-74.4373609,4.7579169],[-74.4370021,4.7474455]],[[-74.4370021,4.7474455],[-74.4333338,4.7579169]],[[-74.3761172,4.7504454],[-74.3744965,4.7589998]],[[-74.3744965,4.7589998],[-74.3752229,4.7649661]],[[-74.3752229,4.7649661],[-74.3761172,4.7504454]],[[-74.4333338,4.7579169],[-74.4223637,4.76494],[-74.4350299,4.7766212]],[[-74.4350299,4.7766212],[-74.4338329,4.7662502]],[[-74.4338329,4.7662502],[-74.4333338,4.7619254],[-74.4333338,4.761566],[-74.4333338,4.7579169]],[[-73.4460935,5.0188166],[-73.4626999,5.0105],[-73.4774876,5.0155416]],[[-73.4774876,5.0155416],[-73.4851615,5.0008025],[-73.4827686,4.995734],[-73.4666671,4.9912502],[-73.4460935,5.0188166]],[[-75.8499637,5.2028398],[-75.8515796,5.2122032],[-75.8727299,5.2196519],[-75.8867354,5.1902045],[-75.8583338,5.1829169],[-75.8499637,5.2028398]],[[-76.3401031,3.4554999],[-76.3487419,3.4553583]],[[-76.3487419,3.4553583],[-76.3420133,3.4499575]],[[-76.3420133,3.4499575],[-76.3401031,3.4554999]],[[-76.3469581,3.4212517],[-76.368075,3.4434271],[-76.3793217,3.419599],[-76.4206222,3.4212347],[-76.4373377,3.4513698],[-76.3977314,3.4670417]],[[-76.3977314,3.4670417],[-76.4172974,3.4697001],[-76.4311981,3.4559],[-76.4599991,3.4531],[-76.4973984,3.4433999],[-76.5015411,3.4451139]],[[-76.5015411,3.4451139],[-76.4927979,3.4307001],[-76.495697,3.3845],[-76.5014038,3.3487],[-76.4962006,3.3129001]],[[-76.4962006,3.3129001],[-76.4898987,3.3162999],[-76.4615309,3.3156792]],[[-76.4615309,3.3156792],[-76.4593429,3.37084],[-76.4441573,3.3952582],[-76.4209802,3.370246],[-76.3574023,3.37038]],[[-76.3532562,3.377106],[-76.3469581,3.4212517]],[[-76.2544672,1.86673],[-76.2525883,1.8814927],[-76.2741866,1.9020087],[-76.2855963,1.8937876]],[[-76.2855963,1.8937876],[-76.2745972,1.876],[-76.2544672,1.86673]],[[-76.1980473,1.9369452],[-76.2204838,1.9440497],[-76.2277999,1.9201809],[-76.2083337,1.9162502],[-76.1980473,1.9369452]],[[-74.8729659,5.0451402],[-74.9039311,5.0346543],[-74.8833338,5.0162502],[-74.8729659,5.0451402]],[[-75.2187586,6.693598],[-75.2279545,6.6788031],[-75.2083338,6.6745835],[-75.2187586,6.693598]],[[-75.227629,6.8009304],[-75.24349,6.7856105],[-75.2250004,6.7829169],[-75.227629,6.8009304]],[[-76.9504724,1.8404039],[-76.9704838,1.852383],[-76.9777999,1.8285142],[-76.9583337,1.8245835],[-76.9504724,1.8404039]],[[-76.9693647,2.1130091],[-76.9750977,2.1185999]],[[-76.9750977,2.1185999],[-76.9913766,2.1037878]],[[-76.9913766,2.1037878],[-76.9750004,2.0995835],[-76.9693647,2.1130091]],[[-73.7982515,5.4447675],[-73.7937911,5.453738],[-73.802572,5.4717149],[-73.8210372,5.477383],[-73.8277999,5.4447577],[-73.8029659,5.4416244],[-73.7982515,5.4447675]],[[-74.4356003,4.7431002],[-74.450382,4.7378976]],[[-74.450382,4.7378976],[-74.4402712,4.7164664]],[[-73.5338035,5.5767653],[-73.5373377,5.5931789],[-73.5529545,5.5853379],[-73.536847,5.5765092],[-73.5338035,5.5767653]],[[-73.5135161,5.6225893],[-73.5167007,5.645],[-73.5108718,5.6492359]],[[-73.5108718,5.6492359],[-73.5107345,5.6607163],[-73.5388269,5.6469997],[-73.5444666,5.6197577],[-73.5166671,5.6162502],[-73.5135161,5.6225893]],[[-77.5414712,0.8833831],[-77.5318282,0.9063381],[-77.5395384,0.9123117]],[[-77.5395384,0.9123117],[-77.5583527,0.9021765]],[[-77.5583527,0.9021765],[-77.5597184,0.8977537]],[[-77.5597184,0.8977537],[-77.5414712,0.8833831]],[[-73.2550786,6.4463324],[-73.2332036,6.4603379],[-73.2539148,6.4945013],[-73.2817468,6.4754421],[-73.2751713,6.452029],[-73.2550786,6.4463324]],[[-73.2835099,6.4993653],[-73.2947006,6.4977999]],[[-73.2947006,6.4977999],[-73.2942791,6.485915]],[[-73.2942791,6.485915],[-73.2835099,6.4993653]],[[-73.2180147,6.5084338],[-73.2455978,6.502208],[-73.2333338,6.4912502],[-73.2171131,6.5066289],[-73.2180147,6.5084338]],[[-73.2947006,6.4977999],[-73.2960203,6.506414]],[[-73.2960203,6.506414],[-73.2942791,6.485915]],[[-77.1224309,1.5846034],[-77.111239,1.6125067],[-77.1380212,1.6309882],[-77.1450688,1.5884426],[-77.1377791,1.5834084],[-77.1224309,1.5846034]],[[-72.6166671,7.3579169],[-72.6095937,7.3519782],[-72.610659,7.3562295],[-72.6166671,7.3579169]],[[-72.6166671,7.3579169],[-72.6226071,7.3926001]],[[-72.6226071,7.3926001],[-72.663916,7.3881949]],[[-72.663916,7.3881949],[-72.6736577,7.3547837],[-72.6536951,7.3518337],[-72.6166671,7.3579169]],[[-75.72797,4.9243652],[-75.7194991,4.9371812],[-75.740186,4.9613186],[-75.7498573,4.9384801]],[[-75.7498573,4.9384801],[-75.72797,4.9243652]],[[-75.6473718,4.9778672],[-75.6620366,4.9637396],[-75.6416671,4.9579169],[-75.6473718,4.9778672]],[[-75.6272964,4.9721606],[-75.6203995,4.9791002]],[[-75.6203995,4.9791002],[-75.6331024,4.9941944]],[[-75.6331024,4.9941944],[-75.6272964,4.9721606]],[[-75.0881596,3.6363389],[-75.1119633,3.6158881],[-75.0833338,3.6079169],[-75.0881596,3.6363389]],[[-73.5030685,5.3793565],[-73.518197,5.3863186],[-73.5367355,5.3623928],[-73.5083338,5.3579169],[-73.5030685,5.3793565]],[[-75.0890385,4.6445339],[-75.1037032,4.6304063],[-75.0833338,4.6245835],[-75.0890385,4.6445339]],[[-76.6437586,2.5269354],[-76.6529545,2.5121405],[-76.6333337,2.5079169],[-76.6437586,2.5269354]],[[-76.5790269,2.5293672],[-76.620671,2.5401597],[-76.5926762,2.5100734],[-76.6224369,2.4943264],[-76.6692631,2.4961818],[-76.6965499,2.4866197],[-76.7290043,2.4879055],[-76.7208419,2.4699205],[-76.6867599,2.4712714],[-76.645671,2.428913],[-76.636086,2.4118045],[-76.6139557,2.4101736],[-76.5833337,2.4079169],[-76.5623377,2.4202541],[-76.5518884,2.4532701],[-76.5154545,2.4339992],[-76.5296228,2.4880601],[-76.5291518,2.4999265]],[[-76.5291518,2.4999265],[-76.5718994,2.5276001],[-76.5790269,2.5293672]],[[-76.0737175,4.6198174],[-76.0829106,4.6244696],[-76.0944666,4.603091],[-76.0700361,4.6000086]],[[-76.6745691,7.7409796],[-76.63766,7.7443455]],[[-76.63766,7.7443455],[-76.6346114,7.7466986],[-76.64012,7.7839768]],[[-76.6714569,7.795452],[-76.6689864,7.7787502],[-76.6745691,7.7409796]],[[-76.4898695,3.9177449],[-76.4833337,3.9162502],[-76.4719975,3.9410345],[-76.4869054,3.9494182]],[[-76.4869054,3.9494182],[-76.4898695,3.9177449]],[[-75.5197433,2.6406317],[-75.5361332,2.6260972],[-75.5166671,2.6162502],[-75.5197433,2.6406317]],[[-75.5140385,2.6778632],[-75.5287032,2.6637437],[-75.5083338,2.6579169],[-75.5140385,2.6778632]],[[-73.7895203,5.039681],[-73.7683029,5.0469999],[-73.7690943,5.0623155]],[[-73.7690943,5.0623155],[-73.7881677,5.0787502],[-73.777151,5.0882406],[-73.7800858,5.0979308],[-73.7897221,5.1151963],[-73.8205245,5.1017523],[-73.8034998,5.0870835],[-73.8128097,5.0790594],[-73.8357503,5.047114]],[[-73.8357503,5.047114],[-73.7983017,5.0558],[-73.7895203,5.039681]],[[-73.2640385,6.8278672],[-73.2787032,6.8137396],[-73.2583338,6.8079169],[-73.2640385,6.8278672]],[[-67.4787206,6.1964932],[-67.4834682,6.1998766],[-67.50363,6.1825547],[-67.4760355,6.1748717],[-67.4787206,6.1964932]],[[-72.4514653,7.8670834],[-72.509201,7.8720999],[-72.5305023,7.8526001],[-72.5331496,7.842002]],[[-72.5331496,7.842002],[-72.5294763,7.8408962],[-72.5368284,7.7734255]],[[-72.5368284,7.7734255],[-72.5303179,7.7438485]],[[-72.5303179,7.7438485],[-72.5121912,7.7701076],[-72.4973149,7.8034409],[-72.4738541,7.7855878],[-72.4490204,7.8309231],[-72.4514653,7.8670834]],[[-77.6138268,1.09773],[-77.6455977,1.0996242],[-77.6359307,1.0839179]],[[-77.6359307,1.0839179],[-77.6259003,1.0863]],[[-77.7029056,1.1005257],[-77.6902104,1.1281968],[-77.7132738,1.111672],[-77.7029056,1.1005257]],[[-77.7038798,1.2281638],[-77.704517,1.2202216],[-77.6930261,1.1889227],[-77.7121749,1.172427],[-77.6788578,1.1623928],[-77.6666671,1.1495835],[-77.6621912,1.1617743],[-77.6580218,1.1981561]],[[-77.6580218,1.1981561],[-77.665802,1.2141],[-77.6605988,1.24],[-77.6473999,1.2752],[-77.6526032,1.303]],[[-77.6526032,1.303],[-77.6687012,1.2661],[-77.6837006,1.2563],[-77.6854019,1.2477],[-77.7038798,1.2281638]],[[-73.6613178,6.0203205],[-73.6702931,6.0226554],[-73.6864343,6.0207465],[-73.6778406,5.9957098],[-73.6583338,5.9912502],[-73.6613178,6.0203205]],[[-75.5984216,2.2293199],[-75.6220707,2.2533677],[-75.621379,2.2275295],[-75.6447921,2.2299139],[-75.6621179,2.1841701],[-75.6083338,2.1745835],[-75.595378,2.1951402],[-75.5971114,2.2120835],[-75.5778894,2.2204169],[-75.5984216,2.2293199]],[[-74.275269,4.9744696],[-74.2974939,4.9857937],[-74.3112065,4.9615383],[-74.2833338,4.9579169],[-74.275269,4.9744696]],[[-72.8774667,5.746008],[-72.8593103,5.7629991],[-72.8662276,5.7863186],[-72.9203434,5.7758386]],[[-72.9203434,5.7758386],[-72.9259033,5.7655001]],[[-72.9259033,5.7655001],[-72.9017029,5.7382998]],[[-72.9017029,5.7382998],[-72.8883972,5.7388],[-72.8774667,5.746008]],[[-75.7171391,5.9653998],[-75.7371505,5.977383],[-75.7444666,5.9535142],[-75.7250004,5.9495835],[-75.7171391,5.9653998]],[[-75.8269535,5.9707587],[-75.8393477,5.9857163],[-75.8527999,5.9618475],[-75.8333338,5.9579169],[-75.8269535,5.9707587]],[[-77.601799,1.2173001],[-77.6020079,1.2089095]],[[-77.6020079,1.2089095],[-77.5842867,1.2244806]],[[-75.9540219,5.0527542],[-75.9516539,5.0784033]],[[-75.9516539,5.0784033],[-75.9771977,5.0946519],[-75.9686528,5.056509],[-75.9540219,5.0527542]],[[-75.95115,5.095697],[-75.9531021,5.1128001],[-75.9428239,5.1203703]],[[-75.9428239,5.1203703],[-75.9613041,5.127912],[-75.95115,5.095697]],[[-76.517601,3.4672],[-76.5378037,3.4754],[-76.550499,3.4909999],[-76.5661011,3.5009],[-76.5718002,3.5130999],[-76.6001006,3.5374112]],[[-76.6001006,3.5374112],[-76.6158614,3.5367865],[-76.6290043,3.4952582],[-76.6410893,3.4724188],[-76.6628422,3.4621527],[-76.6290043,3.4205756],[-76.6209965,3.3702582],[-76.6120203,3.3533067],[-76.6126876,3.3365953],[-76.637476,3.3375759],[-76.645671,3.3227972],[-76.611475,3.3119696],[-76.590632,3.28947]],[[-76.590632,3.28947],[-76.5631027,3.2888999],[-76.5475006,3.2813001],[-76.5175018,3.2823999]],[[-76.5175018,3.2823999],[-76.5197983,3.2928],[-76.5054016,3.2985001],[-76.4962006,3.3129001]],[[-76.5015411,3.4451139],[-76.517601,3.4672]],[[-73.8061776,5.5904275],[-73.8234024,5.5988998],[-73.8216158,5.5837578]],[[-73.8216158,5.5837578],[-73.8061776,5.5904275]],[[-75.9540219,5.0527542],[-75.9416671,5.0495835],[-75.9455977,5.074551],[-75.9516539,5.0784033]],[[-75.95115,5.095697],[-75.9333337,5.0912502],[-75.9241134,5.1127346],[-75.9428239,5.1203703]],[[-75.8133931,6.5387082],[-75.8105717,6.562641],[-75.8186821,6.5695723]],[[-75.8186821,6.5695723],[-75.8190002,6.5510998],[-75.8247986,6.5384002]],[[-75.5602598,1.6070189],[-75.5777511,1.6367743],[-75.6087407,1.6615953],[-75.6458093,1.6398016],[-75.6552739,1.5960516],[-75.6452804,1.5790513],[-75.6465906,1.5685289],[-75.6333338,1.5579169],[-75.6294438,1.5890041],[-75.5677059,1.5790515]],[[-75.5677059,1.5790515],[-75.5602598,1.6070189]],[[-72.0797368,4.3274725],[-72.0952967,4.3152492],[-72.0750004,4.2995835],[-72.0797368,4.3274725]],[[-74.0229034,4.7951002],[-74.0130997,4.8234],[-74.0126038,4.8390002],[-74.0171967,4.8881001],[-74.0237656,4.8973279]],[[-74.0237656,4.8973279],[-74.031601,4.8951001],[-74.0523987,4.8650999],[-74.0765991,4.8797002],[-74.0864072,4.8798345]],[[-74.0864072,4.8798345],[-74.0894454,4.842007],[-74.1090014,4.8227578]],[[-74.1090014,4.8227578],[-74.0979004,4.8098998]],[[-74.0979004,4.8098998],[-74.0960999,4.8150001],[-74.0708008,4.8161001],[-74.0488968,4.8102002],[-74.0229034,4.7951002]],[[-75.4519875,6.40443],[-75.4826664,6.4061143],[-75.5027442,6.3912288]],[[-75.5027442,6.3912288],[-75.4932022,6.3516002],[-75.4857025,6.3389001],[-75.4798965,6.3168998]],[[-75.4798965,6.3168998],[-75.4481703,6.3161998]],[[-75.4481703,6.3161998],[-75.4666671,6.3495835],[-75.4340092,6.3554022],[-75.4202931,6.3719133]],[[-75.4202931,6.3719133],[-75.4240036,6.3825002],[-75.4519875,6.40443]],[[-75.6407013,6.1524],[-75.6492996,6.1511998],[-75.6499023,6.1691999],[-75.6603012,6.1784]],[[-75.6603012,6.1784],[-75.6817312,6.1750573]],[[-75.6817312,6.1750573],[-75.655339,6.1277574],[-75.6570908,6.1028916]],[[-75.6570908,6.1028916],[-75.6371994,6.1009002]],[[-75.6371994,6.1009002],[-75.6481018,6.1430998],[-75.6407013,6.1524]],[[-72.6790344,6.3257367],[-72.6831312,6.3421967],[-72.6953699,6.3304063],[-72.6790344,6.3257367]],[[-75.154631,5.3708767],[-75.1440759,5.3793321],[-75.1478601,5.4032904],[-75.1787032,5.3825629],[-75.1583338,5.3662502],[-75.154631,5.3708767]],[[-75.9860338,4.7986999],[-75.9961267,4.8047878],[-76.0013488,4.7885835]],[[-75.8750004,4.7745835],[-75.8797042,4.7782131],[-75.9363367,4.7891018],[-75.9632519,4.785127]],[[-75.8803876,4.7256723],[-75.8642013,4.7471177],[-75.8750004,4.7745835]],[[-75.8423263,4.8607692],[-75.8619633,4.8504828],[-75.8500004,4.8412502],[-75.8423263,4.8607692]],[[-75.7601961,4.7105317],[-75.745903,4.7087002]],[[-75.7280039,4.7059104],[-75.6976648,4.7143947],[-75.6704838,4.7116237],[-75.6628829,4.7291368],[-75.6537846,4.736697],[-75.6510179,4.7491648]],[[-75.6510179,4.7491648],[-75.656601,4.7516999]],[[-75.7609424,4.8635832],[-75.7946782,4.8442613],[-75.848088,4.8285874],[-75.8701013,4.802086],[-75.8750004,4.7745835]],[[-75.8750004,4.7745835],[-75.8468103,4.7856675],[-75.7958338,4.7781358],[-75.7812423,4.7802924],[-75.7781661,4.7594672],[-75.8001388,4.7230332],[-75.7750004,4.7329169],[-75.7712488,4.7515122],[-75.7524011,4.7607163],[-75.7528243,4.7343898],[-75.7625086,4.7391262],[-75.7750004,4.7329169],[-75.7601961,4.7105317]],[[-75.8890244,4.8719776],[-75.8583338,4.8662502],[-75.8532687,4.8928825]],[[-75.8532687,4.8928825],[-75.8595963,4.8912001]],[[-75.8532687,4.8928825],[-75.8539125,4.9036916]],[[-75.7498573,4.9384801],[-75.7534021,4.9301092],[-75.7333338,4.9162502],[-75.72797,4.9243652]],[[-72.6226071,7.3926001],[-72.6609786,7.3982692],[-72.663916,7.3881949]],[[-75.4890385,5.2862006],[-75.5037032,5.272073],[-75.4833338,5.2662502],[-75.4890385,5.2862006]],[[-76.5583337,3.1162502],[-76.5666671,3.1245835]],[[-76.5666671,3.1245835],[-76.5833337,3.1162502]],[[-76.5833337,3.1162502],[-76.5614018,3.1010402],[-76.5583337,3.1162502]],[[-76.5833337,3.1162502],[-76.5876469,3.1313218],[-76.6125004,3.1282294],[-76.6287032,3.1302476],[-76.6212488,3.1115139],[-76.6100271,3.1129157],[-76.5999698,3.114172],[-76.5833337,3.1162502]],[[-76.5583337,3.1162502],[-76.5527096,3.1194923]],[[-76.5527096,3.1194923],[-76.5549011,3.1382392]],[[-76.5549011,3.1382392],[-76.5666671,3.1245835]],[[-76.590632,3.28947],[-76.6043949,3.2621161],[-76.5953699,3.2363633],[-76.5964034,3.2102443],[-76.5370935,3.2125962],[-76.5192795,3.2031705]],[[-76.5192795,3.2031705],[-76.5047989,3.2153001],[-76.4955978,3.2418001]],[[-76.4955978,3.2418001],[-76.5076981,3.2458999],[-76.5001984,3.2614999],[-76.5175018,3.2823999]],[[-74.3647145,4.3860325],[-74.3984985,4.3860002],[-74.4113867,4.3746015]],[[-74.4113867,4.3746015],[-74.4115157,4.3540188],[-74.421143,4.3457261],[-74.4670984,4.2923895],[-74.503532,4.2785642],[-74.5088778,4.2765356],[-74.5538578,4.2594672],[-74.520407,4.2511986]],[[-74.4837737,4.2676793],[-74.4193526,4.301378],[-74.422352,4.2640575],[-74.4205858,4.2638167],[-74.4044356,4.2791083],[-74.3947921,4.2783311],[-74.3968022,4.3033392],[-74.3872319,4.3041083],[-74.3768071,4.292003],[-74.3381108,4.3253404],[-74.3361495,4.3497219],[-74.3455245,4.3707261],[-74.3647145,4.3860325]],[[-76.5243923,3.8351291],[-76.5450688,3.8150214],[-76.5166671,3.7995835],[-76.5105798,3.8243597],[-76.5137246,3.8383675],[-76.5243923,3.8351291]],[[-73.7504562,3.1447007],[-73.7622644,3.1226141],[-73.7416671,3.1162502],[-73.7504562,3.1447007]],[[-76.8505538,1.9254869],[-76.8694666,1.9114244],[-76.8416671,1.9079169],[-76.8505538,1.9254869]],[[-73.4460935,5.0188166],[-73.4472009,5.0338161],[-73.4774876,5.0155416]],[[-75.7788358,4.5697995],[-75.7810846,4.5625452]],[[-75.7634888,4.628068],[-75.7887516,4.6247258]],[[-75.7887516,4.6247258],[-75.7810123,4.6116716]],[[-75.3861332,7.5884507],[-75.4052576,7.5981268],[-75.4111332,7.5697577],[-75.3833338,7.5662502],[-75.3861332,7.5884507]],[[-73.405461,6.8948716],[-73.4290043,6.8833034],[-73.4000004,6.8662502],[-73.405461,6.8948716]],[[-75.1819096,3.8025417],[-75.1953129,3.8107163],[-75.2027999,3.7885484],[-75.1916671,3.7829169],[-75.1819096,3.8025417]],[[-74.9588989,4.2092654],[-74.9660893,4.2263861],[-75.0034021,4.2358628],[-74.9872602,4.19743]],[[-75.0586543,4.2908661],[-75.0297042,4.2782131],[-75.0260746,4.290176],[-75.0483293,4.318763]],[[-75.0483293,4.318763],[-75.0586543,4.2908661]],[[-75.0259337,4.353918],[-75.0262985,4.3534002]],[[-75.0262985,4.3534002],[-75.0258656,4.3500577]],[[-75.0258656,4.3500577],[-75.0259337,4.353918]],[[-73.3536378,5.3976111],[-73.3311121,5.3881496],[-73.3215987,5.4109768],[-73.3433748,5.416958]],[[-73.3433748,5.416958],[-73.3536378,5.3976111]],[[-77.5395384,0.9123117],[-77.5705245,0.9363186],[-77.5817143,0.9183091],[-77.5583527,0.9021765]],[[-75.7104008,6.4478379],[-75.7392094,6.4677232],[-75.7534021,6.4423448],[-75.7166671,6.4329169],[-75.7104008,6.4478379]],[[-73.0378526,7.1186514],[-73.0367355,7.1373765],[-73.0468836,7.1367743],[-73.0650802,7.1571315],[-73.0758469,7.1805931]],[[-73.0758469,7.1805931],[-73.0777969,7.1802001]],[[-73.0777969,7.1802001],[-73.0811996,7.1479001],[-73.0626984,7.1293001]],[[-73.0626984,7.1293001],[-73.0454025,7.1292],[-73.0378526,7.1186514]],[[-75.8328617,5.8111558],[-75.85363,5.7877793],[-75.8250004,5.7829169],[-75.8328617,5.8111558]],[[-75.9057052,5.8112006],[-75.9203699,5.7970729],[-75.9000004,5.7912502],[-75.9057052,5.8112006]],[[-75.1390385,5.7445339],[-75.1537032,5.7304063],[-75.1333338,5.7245835],[-75.1390385,5.7445339]],[[-76.2775973,3.3621291],[-76.2784021,3.3711818],[-76.2999028,3.3779852],[-76.3019064,3.3719503]],[[-76.3474172,3.3773717],[-76.321143,3.378266],[-76.2953617,3.3960109],[-76.2960453,3.413231],[-76.3293054,3.4119126],[-76.3469581,3.4212517]],[[-76.2294763,3.3957261],[-76.1961593,3.4057603],[-76.2416752,3.4449774],[-76.2788578,3.4229478],[-76.2333337,3.3912502],[-76.2294763,3.3957261]],[[-76.3416671,3.4495835],[-76.3421931,3.4494358],[-76.3451935,3.440094],[-76.3416671,3.4495835]],[[-76.3416671,3.4495835],[-76.3222009,3.4541693],[-76.3178541,3.4669335]],[[-76.3178541,3.4669335],[-76.3401031,3.4554999]],[[-76.3420133,3.4499575],[-76.3416671,3.4495835]],[[-75.8006596,6.6857692],[-75.8202966,6.6754828],[-75.8083338,6.6662502],[-75.8006596,6.6857692]],[[-77.8079274,0.9156154],[-77.8021326,0.9037502],[-77.8067957,0.8942043],[-77.7833337,0.8912502],[-77.7748621,0.9082912],[-77.7857345,0.927383],[-77.8073201,0.9168394],[-77.8079274,0.9156154]],[[-73.8703446,4.9774421],[-73.8748398,4.977057]],[[-73.8748398,4.977057],[-73.8763685,4.9722521]],[[-73.8763685,4.9722521],[-73.8703446,4.9774421]],[[-75.6437586,3.543598],[-75.6529545,3.5288031],[-75.6333338,3.5245835],[-75.6437586,3.543598]],[[-75.5196782,2.3957098],[-75.5383793,2.4032131],[-75.5702966,2.3742255],[-75.5416671,2.3662502],[-75.5196782,2.3957098]],[[-75.5473718,2.4647121],[-75.5580245,2.4776109],[-75.5696944,2.4477281],[-75.5583338,2.4412502],[-75.5473718,2.4647121]],[[-72.8057052,7.7862005],[-72.8203699,7.7720729],[-72.8000004,7.7662502],[-72.8057052,7.7862005]],[[-74.7570578,5.2201963],[-74.7719568,5.2227606],[-74.7685388,5.2029038],[-74.7588365,5.1956874]],[[-74.7588365,5.1956874],[-74.7570578,5.2201963]],[[-73.7569096,3.885875],[-73.7703129,3.8940497],[-73.7777999,3.8718817],[-73.7666671,3.8662502],[-73.7569096,3.885875]],[[-75.2984949,2.6937486],[-75.3337081,2.7113186],[-75.3450688,2.6735419],[-75.3166671,2.6662502],[-75.2984949,2.6937486]],[[-71.8772453,5.8794668],[-71.9051923,5.8864856]],[[-71.9051923,5.8864856],[-71.9119633,5.8707668],[-71.8750004,5.8662502],[-71.8772453,5.8794668]],[[-73.2724224,5.6866999],[-73.2503967,5.6883001],[-73.2435203,5.7004224]],[[-73.2435203,5.7004224],[-73.2447189,5.7063544],[-73.2716313,5.6929755],[-73.2724224,5.6866999]],[[-73.2084884,5.7361477],[-73.2368168,5.7215643],[-73.2166671,5.7162502],[-73.2084884,5.7361477]],[[-73.4085827,7.7454774],[-73.3859247,7.7731993]],[[-73.3859247,7.7731993],[-73.4000004,7.7829169],[-73.4085827,7.7454774]],[[-76.5687586,3.6602647],[-76.5779545,3.6454698],[-76.5583337,3.6412502],[-76.5687586,3.6602647]],[[-75.2965173,5.7044379],[-75.2800379,5.7162502],[-75.3044926,5.7337754],[-75.3284835,5.7041896],[-75.3000004,5.6995835],[-75.2965173,5.7044379]],[[-74.8416671,5.8495835],[-74.8416671,5.8829169],[-74.8583338,5.8829169],[-74.8583338,5.8495835],[-74.8416671,5.8495835]],[[-74.2264023,4.7814999],[-74.2510765,4.7723576],[-74.2564289,4.7690008],[-74.2621002,4.7528],[-74.2564011,4.7360001],[-74.2453995,4.7209001],[-74.2535019,4.7164001]],[[-74.2535019,4.7164001],[-74.2378998,4.6961002],[-74.2217026,4.6879001],[-74.1958008,4.6924],[-74.1876984,4.6866002]],[[-74.1876984,4.6866002],[-74.1722031,4.6940999],[-74.1722031,4.7084999]],[[-74.1722031,4.7084999],[-74.1733017,4.7247],[-74.1837006,4.7414999]],[[-74.1837006,4.7414999],[-74.2100913,4.7678918],[-74.2143819,4.7716797],[-74.2264023,4.7814999]],[[-76.8887781,0.3281317],[-76.9010014,0.3615464],[-76.9307459,0.3436021],[-76.9285486,0.3287502],[-76.9320561,0.3050279],[-76.9000004,0.2995836],[-76.8887781,0.3281317]],[[-76.9241197,0.4251028],[-76.9288578,0.4055406],[-76.8833337,0.3995835],[-76.8856961,0.4236056]],[[-77.5924595,0.8474287],[-77.6129643,0.8532863],[-77.6268722,0.8863023],[-77.6325824,0.8901661],[-77.6460558,0.8797718],[-77.6583582,0.8505845],[-77.6794438,0.8629787],[-77.6870365,0.844953],[-77.7098923,0.8396639],[-77.67379,0.8172399],[-77.6452804,0.7928941],[-77.6233204,0.795625]],[[-77.6233204,0.795625],[-77.6176987,0.8107],[-77.5924595,0.8474287]],[[-75.3056645,2.5369452],[-75.337419,2.5200588],[-75.3000004,2.5079169],[-75.3056645,2.5369452]],[[-73.1150034,5.796736],[-73.1378259,5.7928819],[-73.1618168,5.7622056],[-73.1250004,5.7579169],[-73.1061609,5.7461045],[-73.1005971,5.7605281]],[[-73.1005971,5.7605281],[-73.1035004,5.7842002],[-73.1150034,5.796736]],[[-73.3528976,5.5472002],[-73.3386002,5.5841999],[-73.3285333,5.5966133]],[[-73.3285333,5.5966133],[-73.3683028,5.5842841],[-73.3743606,5.5755099]],[[-73.3743606,5.5755099],[-73.3702011,5.5577002],[-73.3528976,5.5472002]],[[-73.3081554,5.6167246],[-73.3057022,5.6244998]],[[-73.3057022,5.6244998],[-73.3016143,5.6341262]],[[-73.3016143,5.6341262],[-73.3371179,5.6401597],[-73.3081554,5.6167246]],[[-72.5869389,7.6124538],[-72.6027999,7.6282904],[-72.6120366,7.5908962],[-72.5916671,7.5745835],[-72.5869389,7.6124538]],[[-74.4354252,4.9769314],[-74.4446212,4.9621364],[-74.4250004,4.9579169],[-74.4354252,4.9769314]],[[-75.3961921,6.0588999],[-75.4164895,6.0647043]],[[-75.4164895,6.0647043],[-75.4269377,6.0632339]],[[-75.4269377,6.0632339],[-75.4491622,6.0405625],[-75.4451095,6.000849],[-75.3922608,6.0041479]],[[-75.3922608,6.0041479],[-75.3877558,6.0129302]],[[-75.3877558,6.0129302],[-75.3825693,6.0300808],[-75.3789435,6.0390895],[-75.3724976,6.0535792]],[[-75.3724976,6.0535792],[-75.3724976,6.0594001]],[[-75.3724976,6.0594001],[-75.3961921,6.0588999]],[[-72.477629,7.317597],[-72.49349,7.3022772],[-72.4750004,7.2995835],[-72.477629,7.317597]],[[-75.4750004,5.3912502],[-75.4750004,5.4162502],[-75.5000004,5.4162502],[-75.5000004,5.3912502],[-75.4750004,5.3912502]],[[-75.4723718,3.9278672],[-75.4870366,3.9137396],[-75.4666671,3.9079169],[-75.4723718,3.9278672]],[[-72.6890385,6.0112006],[-72.7037032,5.9970729],[-72.6833338,5.9912502],[-72.6890385,6.0112006]],[[-74.3890385,5.3695339],[-74.4037032,5.3554063],[-74.3833338,5.3495835],[-74.3890385,5.3695339]],[[-72.7522395,5.0331728],[-72.7501984,5.0191002],[-72.7350788,4.9985931]],[[-72.7350788,4.9985931],[-72.7158473,4.9864124],[-72.6960737,4.9794089],[-72.67863,4.9865464],[-72.6713709,5.0113877],[-72.7213709,5.0198798],[-72.7522395,5.0331728]],[[-72.5382654,5.1461818],[-72.5218673,5.1574978],[-72.5328943,5.1946519],[-72.5732996,5.1855943],[-72.5646814,5.1471584],[-72.5416671,5.1412502],[-72.5382654,5.1461818]],[[-72.5970138,5.2187933],[-72.6258468,5.2282131],[-72.6369633,5.207278],[-72.5916671,5.1995835],[-72.5970138,5.2187933]],[[-72.7215846,5.2277782],[-72.7043787,5.2350287],[-72.6979994,5.2501694]],[[-72.6979994,5.2501694],[-72.713501,5.2350001]],[[-72.713501,5.2350001],[-72.7215846,5.2277782]],[[-76.2911599,3.2257909],[-76.2832361,3.2446519],[-76.322348,3.2377139]],[[-76.322348,3.2377139],[-76.3065033,3.2272]],[[-76.3065033,3.2272],[-76.2911599,3.2257909]],[[-76.246397,3.2694302],[-76.2538578,3.2313666],[-76.2166671,3.2245835],[-76.2133976,3.2395775]],[[-76.3636786,3.2756858],[-76.3684241,3.2606912]],[[-76.3684241,3.2606912],[-76.3492248,3.2532076]],[[-76.3492248,3.2532076],[-76.3364994,3.2625393],[-76.312948,3.2616075],[-76.2957768,3.2706895],[-76.2816736,3.2554633],[-76.2738343,3.274479]],[[-75.7805343,5.7801174],[-75.765129,5.7879095],[-75.7757166,5.8095892],[-75.8027999,5.7844305],[-75.7805343,5.7801174]],[[-75.3807052,3.6028672],[-75.3953699,3.5887396],[-75.3750004,3.5829169],[-75.3807052,3.6028672]],[[-71.3333338,6.6745835],[-71.3333338,6.6995835],[-71.3500004,6.6995835],[-71.3500004,6.6745835],[-71.3333338,6.6745835]],[[-71.3087163,6.7423325],[-71.3365076,6.7368109],[-71.3166671,6.7245835],[-71.3087163,6.7423325]],[[-71.1500004,6.9245835],[-71.1500004,6.9412502],[-71.1750004,6.9412502],[-71.1750004,6.9245835],[-71.1500004,6.9245835]],[[-74.4784591,4.1980311],[-74.4818883,4.2008859],[-74.503101,4.1868964],[-74.4750004,4.1829169],[-74.4784591,4.1980311]],[[-75.9815886,6.0995835],[-75.9750004,6.1055981],[-75.9750004,6.1245835],[-75.9916671,6.1245835],[-75.9916671,6.0995835],[-75.9815886,6.0995835]],[[-74.8251038,4.2768998],[-74.802597,4.2912002],[-74.7886963,4.3044],[-74.7967987,4.3344998],[-74.7928009,4.3634],[-74.775663,4.3649202]],[[-74.775663,4.3649202],[-74.780754,4.3867987],[-74.8068119,4.360167],[-74.8539311,4.3027329],[-74.8502019,4.2714958]],[[-74.8502019,4.2714958],[-74.8251038,4.2768998]],[[-75.4354252,1.4936021],[-75.4446212,1.4788072],[-75.4250004,1.4745835],[-75.4354252,1.4936021]],[[-77.2021244,1.5037421],[-77.2089848,1.5177802],[-77.2277999,1.5010972],[-77.2083337,1.4912502],[-77.2021244,1.5037421]],[[-77.2871347,1.564055],[-77.2750004,1.5579169],[-77.2687911,1.5704087],[-77.2756515,1.5844468],[-77.2887637,1.5728205],[-77.2871347,1.564055]],[[-72.8687586,5.2269313],[-72.8779545,5.2121364],[-72.8583338,5.2079169],[-72.8687586,5.2269313]],[[-72.8209168,5.2430563],[-72.8115005,5.2642999],[-72.8115005,5.2759964]],[[-72.8115005,5.2759964],[-72.8209168,5.2430563]],[[-75.6307052,2.6611965],[-75.6453699,2.647077],[-75.6250004,2.6412502],[-75.6307052,2.6611965]],[[-73.6304016,5.9464002],[-73.6283138,5.9504697]],[[-73.6283138,5.9504697],[-73.6485112,5.9365261],[-73.6430261,5.9120713],[-73.6317401,5.9102925]],[[-73.4944909,4.2610813],[-73.4680471,4.2632947],[-73.4735356,4.2846828],[-73.5066329,4.2772609],[-73.5032312,4.2620754],[-73.4944909,4.2610813]],[[-76.517601,3.4672],[-76.5170975,3.5151],[-76.5130997,3.5371001],[-76.5158997,3.5504],[-76.5037994,3.5648],[-76.4957962,3.5659001],[-76.4951249,3.607784]],[[-76.4951249,3.607784],[-76.5213302,3.5954169],[-76.5203862,3.5465358],[-76.5225102,3.5372422],[-76.545671,3.5622422],[-76.5790043,3.5687404],[-76.5461511,3.5383002],[-76.5376632,3.519599],[-76.572266,3.5209703],[-76.5879399,3.5378933],[-76.6001006,3.5374112]],[[-76.4871979,3.6427],[-76.4882263,3.642853]],[[-76.4882263,3.642853],[-76.4881837,3.6417762]],[[-76.4881837,3.6417762],[-76.4871979,3.6427]],[[-74.5253621,4.1675151],[-74.5351075,4.1819595],[-74.5453699,4.172073],[-74.5253621,4.1675151]],[[-74.5584314,4.1829901],[-74.5863937,4.1946519],[-74.5950688,4.1630682],[-74.5750004,4.1579169],[-74.5584314,4.1829901]],[[-77.2825012,1.3495835],[-77.2750004,1.3495835],[-77.2750004,1.3745835],[-77.2807239,1.3745835]],[[-77.2807239,1.3745835],[-77.2825012,1.3679]],[[-77.2825012,1.3679],[-77.2825012,1.3495835]],[[-77.2821066,1.3962484],[-77.2764164,1.419424],[-77.2897942,1.4162707]],[[-77.2897942,1.4162707],[-77.2821066,1.3962484]],[[-75.8130245,4.3249248],[-75.8054773,4.3428981],[-75.8243178,4.3471349]],[[-75.8243178,4.3471349],[-75.8265762,4.3250098]],[[-75.8265762,4.3250098],[-75.8130245,4.3249248]],[[-75.8546953,4.9168341],[-75.8558761,4.9366563],[-75.8705977,4.9201809],[-75.8846209,4.9169191]],[[-73.2451638,5.5271567],[-73.245389,5.5271577],[-73.2527999,5.505215],[-73.2416671,5.4995835],[-73.2353601,5.5122748],[-73.2451638,5.5271567]],[[-75.7716153,4.430482],[-75.7757034,4.4327998]],[[-75.7852858,4.428462],[-75.7716153,4.430482]],[[-75.618482,4.5458702],[-75.6461029,4.5345001],[-75.6651001,4.5437999]],[[-75.6651001,4.5437999],[-75.680603,4.5114999],[-75.7031021,4.4804001],[-75.7232971,4.4632001],[-75.7266998,4.4492998],[-75.7425602,4.4365374]],[[-75.7425602,4.4365374],[-75.7297042,4.4198798],[-75.7132003,4.4126206],[-75.7029057,4.4732001],[-75.663949,4.4891465],[-75.6437016,4.4861517],[-75.6260746,4.5089911],[-75.6091231,4.5220689],[-75.618482,4.5458702]],[[-77.2442957,2.267593],[-77.2601567,2.2522772],[-77.2416671,2.2495835],[-77.2442957,2.267593]],[[-77.0192254,1.4963905],[-77.052002,1.5015],[-77.0826035,1.4929],[-77.089003,1.4850712]],[[-77.089003,1.4850712],[-77.0994465,1.4666893],[-77.1155299,1.4470148],[-77.0916671,1.4245835],[-77.0768477,1.4430975],[-77.0351974,1.4764472],[-77.0192254,1.4963905]],[[-75.68868,5.9614],[-75.6855011,5.9614]],[[-75.6855011,5.9614],[-75.6764344,5.9914546]],[[-75.6764344,5.9914546],[-75.6803796,6.0034491],[-75.6948409,6.0064927],[-75.6838139,5.9710882],[-75.6916671,5.9662502],[-75.68868,5.9614]],[[-75.685466,6.0220193],[-75.6936035,6.0451002],[-75.6849609,6.0649263]],[[-75.6849609,6.0649263],[-75.694075,6.0843004],[-75.7086123,6.0822001],[-75.7204513,6.066828],[-75.7068038,6.0124701],[-75.685466,6.0220193]],[[-74.3250004,4.5829169],[-74.3250004,4.5995835],[-74.3583338,4.5995835],[-74.3583338,4.5829169],[-74.3250004,4.5829169]],[[-74.3854252,4.6102647],[-74.3946212,4.5954698],[-74.3750004,4.5912502],[-74.3854252,4.6102647]],[[-77.0131302,3.9138989],[-77.0400391,3.90203],[-77.0579834,3.8876269],[-77.0765228,3.8916469],[-77.0767517,3.879087],[-77.0523758,3.87924],[-77.06021,3.8558186],[-77.015837,3.8336167],[-77.0042566,3.8196804],[-76.9462162,3.8624701],[-76.9048018,3.8746242],[-76.954102,3.9050319],[-76.9732752,3.9030747],[-77.0042365,3.9147099],[-77.0131302,3.9138989]],[[-77.020614,3.9208645],[-77.0458337,3.9182928],[-77.0708337,3.92084],[-77.0721283,3.9041979],[-77.0615005,3.9027081],[-77.020614,3.9208645]],[[-74.857277,1.3287004],[-74.8416671,1.3245835],[-74.8334884,1.344481],[-74.859363,1.3311609],[-74.857277,1.3287004]],[[-74.750741,2.1176499],[-74.758643,2.1528713],[-74.7768803,2.1264634],[-74.8002364,2.1103339],[-74.7583338,2.0995835],[-74.750741,2.1176499]],[[-76.4955978,3.2418001],[-76.4893036,3.2476001],[-76.4747715,3.2419739]],[[-76.4747715,3.2419739],[-76.4709965,3.2539089],[-76.4559168,3.2619248],[-76.4468407,3.2238273]],[[-76.4468407,3.2238273],[-76.4287033,3.2167001]],[[-76.4287033,3.2167001],[-76.4120026,3.2126],[-76.4078979,3.2028]],[[-76.4078979,3.2028],[-76.4079971,3.2137001],[-76.3991222,3.2453812]],[[-76.3991222,3.2453812],[-76.4129724,3.2459296],[-76.4123051,3.2629177],[-76.437655,3.2619126],[-76.445671,3.2789089],[-76.4626713,3.2869289],[-76.4615309,3.3156792]],[[-73.6723718,5.8862006],[-73.6870366,5.8720729],[-73.6666671,5.8662502],[-73.6723718,5.8862006]],[[-77.6089206,1.2774796],[-77.6133712,1.2220933],[-77.6020079,1.2089095]],[[-77.6168728,1.3030643],[-77.6267745,1.3022691],[-77.6427986,1.3229537]],[[-77.6427986,1.3229537],[-77.6526032,1.303]],[[-77.6580218,1.1981561],[-77.6520675,1.2501125],[-77.6162596,1.2833904]],[[-76.5583337,2.6329169],[-76.5693291,2.6297722],[-76.5604399,2.6255541],[-76.5583337,2.6329169]],[[-76.5583337,2.6329169],[-76.5306026,2.6197525]],[[-76.5306026,2.6197525],[-76.5199966,2.6262]],[[-76.5199966,2.6262],[-76.5401993,2.6471],[-76.5355988,2.6702001],[-76.5419998,2.6811969]],[[-76.5419998,2.6811969],[-76.5439409,2.6831389]],[[-76.5439409,2.6831389],[-76.5500004,2.6745835],[-76.5555343,2.6634507],[-76.5583337,2.6329169]],[[-73.8778671,5.0136415],[-73.8930994,5.0018581],[-73.9224695,5.0042181],[-73.9213303,5.0184089]],[[-73.9213303,5.0184089],[-73.9343033,5.0026999]],[[-73.9343033,5.0026999],[-73.9233017,4.9836001],[-73.9233017,4.9622002],[-73.9015569,4.9437769]],[[-73.9015569,4.9437769],[-73.8924077,4.9584336],[-73.8763685,4.9722521]],[[-73.8748398,4.977057],[-73.8667984,4.9966002],[-73.8778671,5.0136415]],[[-73.2117004,6.5329169],[-73.2083338,6.5579169],[-73.2250004,6.5552077]],[[-73.2250004,6.5552077],[-73.2117004,6.5329169]],[[-73.1007488,6.5593275],[-73.1183014,6.5594001],[-73.1247795,6.5728741]],[[-73.1247795,6.5728741],[-73.1603845,6.5782131],[-73.1661436,6.5443302]],[[-73.1661436,6.5443302],[-73.1566041,6.5395411]],[[-73.1566041,6.5395411],[-73.1452967,6.5376206],[-73.1185795,6.5215033],[-73.1007488,6.5593275]],[[-74.6850509,7.0295681],[-74.704989,7.0396551],[-74.7111332,7.0260972],[-74.6916671,7.0162502],[-74.6850509,7.0295681]],[[-72.4418462,6.4006],[-72.4439615,6.4126058],[-72.4444551,6.4007764],[-72.4440426,6.4006],[-72.4418462,6.4006]],[[-72.5667266,6.141462],[-72.57251,6.1484207]],[[-72.57251,6.1484207],[-72.574501,6.1452999]],[[-75.3738022,6.2407416],[-75.3583338,6.2329169],[-75.3614099,6.2572984],[-75.3751884,6.2450797],[-75.3738022,6.2407416]],[[-75.3223718,6.289708],[-75.3330245,6.3026109],[-75.3446944,6.2727281],[-75.3333338,6.2662502],[-75.3223718,6.289708]],[[-75.8140385,6.8612005],[-75.8287032,6.8470729],[-75.8083338,6.8412502],[-75.8140385,6.8612005]],[[-74.371506,4.7584715],[-74.3752229,4.7649661]],[[-74.3744965,4.7589998],[-74.371506,4.7584715]],[[-74.2955357,4.8529196],[-74.29467,4.8383938],[-74.3210453,4.8368231],[-74.3422693,4.860578],[-74.3706466,4.8451564],[-74.3862553,4.8460883],[-74.3962407,4.8371649],[-74.3794031,4.8035142],[-74.3553146,4.7819932],[-74.3412581,4.7596405]],[[-74.3412581,4.7596405],[-74.3290024,4.7721]],[[-74.3290024,4.7721],[-74.2863998,4.7912331]],[[-74.2863998,4.7912331],[-74.2870026,4.8348999],[-74.2955357,4.8529196]],[[-74.3112879,4.8186713],[-74.295671,4.8265122],[-74.2916671,4.8079169],[-74.3112879,4.8186713]],[[-74.0539387,7.98079],[-74.0628097,7.9852769],[-74.0694666,7.9528957],[-74.060417,7.9520661]],[[-75.7453298,4.6294885],[-75.7475183,4.6423773],[-75.790422,4.6360337],[-75.7887516,4.6247258]],[[-75.8234596,4.6810606],[-75.8071863,4.6614732],[-75.7666671,4.6495835],[-75.739502,4.6593207]],[[-75.7417984,4.6705999],[-75.7470016,4.6735001],[-75.7862015,4.6736999],[-75.8234596,4.6810606]],[[-76.3136841,3.2120203],[-76.3065033,3.2272]],[[-76.322348,3.2377139],[-76.3136841,3.2120203]],[[-76.3684241,3.2606912],[-76.370671,3.2535915],[-76.3889246,3.2449774],[-76.3991222,3.2453812]],[[-76.4078979,3.2028],[-76.3905789,3.1881387]],[[-76.3905789,3.1881387],[-76.3990727,3.2123765],[-76.3791183,3.2115871],[-76.3709965,3.2372422],[-76.3492248,3.2532076]],[[-73.7914527,5.2958514],[-73.7819929,5.31669]],[[-73.7819929,5.31669],[-73.792099,5.3123002]],[[-73.792099,5.3123002],[-73.7914527,5.2958514]],[[-73.6969782,5.3237714],[-73.7120991,5.3198182]],[[-73.7120991,5.3198182],[-73.7184086,5.3048448],[-73.7000004,5.2995835],[-73.6969782,5.3237714]],[[-74.055194,4.9534998],[-74.0656967,4.9569998],[-74.0673981,4.9709001],[-74.0800266,4.9778227]],[[-74.0800266,4.9778227],[-74.0888595,4.9580267],[-74.1128097,4.9373928],[-74.1205245,4.9068833],[-74.0897124,4.8931342]],[[-74.0897124,4.8931342],[-74.0765991,4.9183998],[-74.0552464,4.9461553]],[[-74.0552464,4.9461553],[-74.055194,4.9534998]],[[-73.7557052,6.8945339],[-73.7703699,6.8804063],[-73.7500004,6.8745835],[-73.7557052,6.8945339]],[[-73.8961267,7.1135321],[-73.9059656,7.0992743],[-73.8998702,7.0720933],[-73.9144698,7.0620103],[-73.8867355,7.0461818],[-73.8632654,7.0279852],[-73.8254236,7.0205959],[-73.8037521,6.9892157],[-73.7965987,6.9613185],[-73.7784021,6.9378485],[-73.7715987,6.9196519],[-73.7500004,6.9162502],[-73.7448491,6.9285183],[-73.7523849,6.9621446],[-73.7632654,6.9696519],[-73.7700688,7.0211818],[-73.7806157,7.0373724],[-73.768962,7.0454169],[-73.7897872,7.0597927],[-73.8034021,7.0795152],[-73.8465987,7.1029852],[-73.8537439,7.1133449],[-73.8793299,7.1025987],[-73.8961267,7.1135321]],[[-73.5500004,7.1162502],[-73.5553387,7.103577],[-73.5482386,7.1117666],[-73.5500004,7.1162502]],[[-73.5500004,7.1162502],[-73.5408187,7.1343412],[-73.5486636,7.1377364],[-73.5583338,7.1330145],[-73.5500004,7.1162502]],[[-76.998088,1.6035223],[-77.0193689,1.6107164],[-77.0319259,1.5858954],[-77.0083337,1.5829169],[-76.998088,1.6035223]],[[-76.9671228,1.6197007],[-76.9789311,1.5976141],[-76.9583337,1.5912502],[-76.9671228,1.6197007]],[[-73.0109623,6.7092637],[-73.0268233,6.6939439],[-73.0083338,6.6912502],[-73.0109623,6.7092637]],[[-75.8843994,5.062774],[-75.8666671,5.0495835],[-75.8553634,5.0776963],[-75.8843994,5.0656592],[-75.8843994,5.062774]],[[-75.7609773,5.1610271],[-75.7708008,5.1759383],[-75.7777999,5.155215],[-75.7666671,5.1495835],[-75.7609773,5.1610271]],[[-73.920671,4.5348456],[-73.9362879,4.5270046],[-73.9166671,4.5162502],[-73.920671,4.5348456]],[[-74.0236572,4.5504364],[-74.0043299,4.5685492],[-73.9926681,4.607274],[-74.0004013,4.6211363]],[[-74.0004013,4.6211363],[-74.0101013,4.6229]],[[-74.0101013,4.6229],[-74.0198975,4.605],[-74.0262985,4.5819998],[-74.0257034,4.5514002]],[[-74.0257034,4.5514002],[-74.0236572,4.5504364]],[[-77.0145477,1.6368157],[-77.0015466,1.6607326],[-76.9622725,1.6442369],[-76.9549321,1.6499253],[-77.0045414,1.6833401],[-77.0316329,1.677261],[-77.0241105,1.6436951],[-77.0145477,1.6368157]],[[-77.6423263,1.0774319],[-77.6619633,1.0671535],[-77.6500004,1.0579169],[-77.6423263,1.0774319]],[[-77.6359307,1.0839179],[-77.6277234,1.0705832]],[[-75.2319527,4.227362],[-75.2303842,4.2476017],[-75.2454838,4.252383],[-75.2527999,4.2285142],[-75.2319527,4.227362]],[[-76.2371912,2.9457261],[-76.2687748,2.9783677],[-76.2788578,2.945897],[-76.2371912,2.9457261]],[[-76.3169639,2.9759795],[-76.3200688,2.9660223],[-76.3083337,2.9579169],[-76.3045207,2.9817005],[-76.3169639,2.9759795]],[[-76.2000004,3.0079169],[-76.221143,3.028441],[-76.2323002,3.053441],[-76.2538578,3.0232652],[-76.2433598,2.9962795],[-76.2294031,3.0124823],[-76.2000004,3.0079169]],[[-73.1697433,6.6822984],[-73.1861332,6.6677639],[-73.1666671,6.6579169],[-73.1697433,6.6822984]],[[-75.1432133,6.238231],[-75.17627,6.2440497],[-75.1685958,6.2283392],[-75.1500004,6.2245835],[-75.1432133,6.238231]],[[-72.7522395,5.0331728],[-72.7655034,5.0365464],[-72.7614913,5.0094021],[-72.7350788,4.9985931]],[[-76.2839359,3.6136402],[-76.2596948,3.6209829]],[[-76.2596948,3.6209829],[-76.2862634,3.6447292],[-76.3034835,3.6330511],[-76.2868168,3.6211045],[-76.2839359,3.6136402]],[[-76.365302,3.615198],[-76.3735763,3.64678],[-76.4148509,3.6381433]],[[-76.4148509,3.6381433],[-76.365302,3.615198]],[[-76.4871979,3.6427],[-76.4784026,3.6532852]],[[-76.4784026,3.6532852],[-76.4841957,3.6530552]],[[-76.4841957,3.6530552],[-76.4871979,3.6427]],[[-76.2513383,3.6763775],[-76.2692306,3.6504624],[-76.2333337,3.6412502],[-76.2367354,3.6628485],[-76.2487841,3.6763651],[-76.2513383,3.6763775]],[[-76.4416671,3.6829169],[-76.4606856,3.6724921],[-76.4458907,3.6633002],[-76.4416671,3.6829169]],[[-76.32938,3.6986269],[-76.3328455,3.6831732],[-76.2982914,3.6593166],[-76.2799321,3.6707302],[-76.3002984,3.6970097]],[[-76.3002984,3.6970097],[-76.32938,3.6986269]],[[-76.4416671,3.6829169],[-76.4277999,3.6857163],[-76.4222009,3.7050726],[-76.4491838,3.7052843],[-76.4514325,3.7025619],[-76.4416671,3.6829169]],[[-75.9069991,4.27473],[-75.9412602,4.2949571],[-75.9537032,4.2560288],[-75.9166671,4.2495835],[-75.9069991,4.27473]],[[-75.7037125,5.3307181],[-75.7096928,5.3540269],[-75.7222373,5.3570115]],[[-75.7130031,5.4463768],[-75.7324142,5.4335191],[-75.7195724,5.4036037],[-75.6986699,5.4012849]],[[-75.9983891,5.8570664],[-76.0338383,5.8715725],[-76.0475509,5.8695461],[-76.0434412,5.84171],[-75.9916671,5.8329169],[-75.9983891,5.8570664]],[[-76.1515715,5.887927],[-76.1416671,5.8829169],[-76.1319096,5.9025417],[-76.1453129,5.9107163],[-76.150155,5.8963797],[-76.1515715,5.887927]],[[-73.9411435,4.8609071],[-73.9393997,4.8934999],[-73.9358978,4.8976002]],[[-73.9358978,4.8976002],[-73.9603805,4.9176167]],[[-73.9603805,4.9176167],[-73.9654545,4.8544541],[-73.9518559,4.884927],[-73.9411435,4.8609071]],[[-73.962814,4.9201065],[-73.986702,4.9330001],[-74.0161285,4.957654]],[[-74.0161285,4.957654],[-74.0201035,4.9580002]],[[-74.0201035,4.9580002],[-74.0235977,4.9534001],[-74.0276032,4.9088998],[-74.0237656,4.8973279]],[[-74.0229034,4.7951002],[-74.0047329,4.792571]],[[-74.0047329,4.792571],[-74.005103,4.8279323],[-73.9892989,4.8562608],[-73.9793705,4.9214382],[-73.962814,4.9201065]],[[-73.3583338,5.3995835],[-73.370491,5.3902001]],[[-73.370491,5.3902001],[-73.3592109,5.3944235]],[[-73.3592109,5.3944235],[-73.3583338,5.3995835]],[[-73.3583338,5.3995835],[-73.3542073,5.3978503]],[[-73.3542073,5.3978503],[-73.3565974,5.406348]],[[-73.3565974,5.406348],[-73.3583338,5.3995835]],[[-76.5957504,0.9797661],[-76.5815108,0.9907538],[-76.6071223,1.0064199]],[[-76.5341433,1.0209048],[-76.5646973,1.0355999],[-76.5825291,1.0503063]],[[-76.5825291,1.0503063],[-76.6287032,1.0435858],[-76.6231647,1.0321526],[-76.612363,1.019557],[-76.5998051,1.0352362],[-76.5333337,1.0162502],[-76.5341433,1.0209048]],[[-76.6305668,1.1499009],[-76.6423507,1.1918524],[-76.6699223,1.16765],[-76.6613611,1.1371893],[-76.6416671,1.1245835],[-76.6305668,1.1499009]],[[-71.6172205,6.9754868],[-71.6361332,6.9614243],[-71.6083338,6.9579169],[-71.6172205,6.9754868]],[[-71.4187214,7.0330486],[-71.4327927,7.0314503],[-71.4349858,7.0198269],[-71.4166671,7.0162502],[-71.4187214,7.0330486]],[[-75.20363,3.9292873],[-75.2222009,3.9532131],[-75.2369633,3.9225287],[-75.2000004,3.9162502],[-75.20363,3.9292873]],[[-75.2481317,6.148371],[-75.2543797,6.1518664]],[[-75.248703,6.1478],[-75.2481317,6.148371]],[[-75.233407,6.2396551],[-75.2649418,6.2298325],[-75.2521814,6.2116603],[-75.2166671,6.2079169],[-75.233407,6.2396551]],[[-74.1707689,4.7780043],[-74.2021733,4.8074815],[-74.2033735,4.8140604]],[[-74.2033735,4.8140604],[-74.2102966,4.8115001],[-74.2240982,4.7919002],[-74.2264023,4.7814999]],[[-74.1837006,4.7414999],[-74.1744995,4.7488999],[-74.1707689,4.7780043]],[[-74.1250981,4.8759222],[-74.1485681,4.8839829],[-74.1690353,4.8555446],[-74.1456791,4.8635647],[-74.1333338,4.8579169],[-74.1250981,4.8759222]],[[-73.6159833,3.4510771],[-73.6083338,3.4495835],[-73.6114588,3.4751369],[-73.626985,3.472479]],[[-73.6927682,3.5647122],[-73.7015629,3.5760606],[-73.7161709,3.5810171]],[[-73.7161709,3.5810171],[-73.6927682,3.5647122]],[[-73.6866052,3.7186224],[-73.7040369,3.7101101],[-73.7111332,3.6864244],[-73.6833338,3.6829169],[-73.6866052,3.7186224]],[[-74.1090014,4.8227578],[-74.1337325,4.7883164],[-74.1669031,4.7735175],[-74.1707689,4.7780043]],[[-74.1722031,4.7084999],[-74.1548996,4.7210999],[-74.1330032,4.7712998],[-74.1093979,4.7803998],[-74.0979004,4.8098998]],[[-73.7877444,5.3423344],[-73.7982178,5.3272319]],[[-73.7982178,5.3272319],[-73.792099,5.3123002]],[[-73.7819929,5.31669],[-73.7877444,5.3423344]],[[-73.6969782,5.3237714],[-73.6952722,5.3374253],[-73.701506,5.3449571],[-73.7120991,5.3198182]],[[-73.6805343,5.3801174],[-73.6683924,5.3862575],[-73.6684656,5.4044338],[-73.6777022,5.4107163],[-73.6934005,5.3796779],[-73.6805343,5.3801174]],[[-74.1093484,5.5296378],[-74.0916671,5.5245835],[-74.0973718,5.5445339],[-74.1110166,5.5313888],[-74.1093484,5.5296378]],[[-75.2520919,7.768598],[-75.2612879,7.7538031],[-75.2416671,7.7495835],[-75.2520919,7.768598]],[[-73.8973718,5.3612006],[-73.9120366,5.347073],[-73.8916671,5.3412502],[-73.8973718,5.3612006]],[[-72.7125475,6.6997263],[-72.7212488,6.7276638],[-72.7389308,6.7152469]],[[-72.7389308,6.7152469],[-72.7347412,6.7127829]],[[-75.6723718,6.9278672],[-75.6870366,6.9137396],[-75.6666671,6.9079169],[-75.6723718,6.9278672]],[[-75.1741541,8.0019924],[-75.2275313,8.0115464],[-75.2202234,7.9621079],[-75.1666671,7.9579169],[-75.1741541,8.0019924]],[[-76.8916671,1.1912502],[-76.8875655,1.1721828],[-76.8661788,1.1632961],[-76.8763432,1.1879543],[-76.8916671,1.1912502]],[[-76.8916671,1.1912502],[-76.9083012,1.2201076],[-76.9267621,1.2152805]],[[-76.9267621,1.2152805],[-76.938467,1.1999959]],[[-76.938467,1.1999959],[-76.9243575,1.1792466],[-76.8916671,1.1912502]],[[-75.5911026,6.1862001],[-75.6147003,6.1932998],[-75.6315002,6.1945],[-75.6407013,6.2020001],[-75.6528015,6.2014999],[-75.6603012,6.1784]],[[-75.6407013,6.1524],[-75.6207199,6.1631408]],[[-75.6207199,6.1631408],[-75.6019974,6.1718001],[-75.5911026,6.1862001]],[[-75.2465743,2.7859279],[-75.2758712,2.7945787],[-75.2698246,2.7705715],[-75.2416671,2.7662502],[-75.2465743,2.7859279]],[[-75.2065484,2.8589921],[-75.2138977,2.8673999],[-75.2519989,2.8785],[-75.2858069,2.8773528]],[[-75.2858069,2.8773528],[-75.2789555,2.8696845],[-75.2543787,2.8711493],[-75.2460698,2.8618475],[-75.2065484,2.8589921]],[[-75.6640385,5.2862006],[-75.6787032,5.272073],[-75.6583338,5.2662502],[-75.6640385,5.2862006]],[[-75.4666671,6.1912502],[-75.4818943,6.2061267]],[[-75.4818943,6.2061267],[-75.5070038,6.2125001],[-75.5173035,6.2044001]],[[-75.5173035,6.2044001],[-75.5066834,6.1884772]],[[-75.5066834,6.1884772],[-75.4666671,6.1912502]],[[-75.4666671,6.1912502],[-75.4850346,6.1745835],[-75.465894,6.1586859],[-75.4531091,6.1432928],[-75.4562586,6.1124375],[-75.4371179,6.1041367],[-75.4269377,6.0632339]],[[-75.4164895,6.0647043],[-75.4114372,6.0759866]],[[-75.4114372,6.0759866],[-75.4116613,6.0842154]],[[-75.4116613,6.0842154],[-75.4097099,6.0907132]],[[-75.4097099,6.0907132],[-75.4072808,6.0957233]],[[-75.4072808,6.0957233],[-75.396487,6.0991415]],[[-75.396487,6.0991415],[-75.3713989,6.131]],[[-75.3393483,6.204403],[-75.3628504,6.2032904],[-75.3766477,6.2287727]],[[-75.3766477,6.2287727],[-75.3973999,6.2160001],[-75.4094545,6.2150452]],[[-75.4094545,6.2150452],[-75.389836,6.188585],[-75.4073897,6.185993],[-75.4364685,6.2119797],[-75.4385821,6.2112833],[-75.4452966,6.1948798],[-75.4666671,6.1912502]],[[-72.4500004,5.2995835],[-72.4705896,5.2811875],[-72.4396163,5.2706529],[-72.4500004,5.2995835]],[[-72.1538893,5.3692212],[-72.1564175,5.3744198],[-72.1702967,5.3671494],[-72.1583338,5.3579169],[-72.1538893,5.3692212]],[[-72.4500004,5.2995835],[-72.4369633,5.295954],[-72.4079757,5.2633164],[-72.391309,5.2542873],[-72.3797042,5.295954],[-72.3619633,5.3032131],[-72.3464034,5.323371],[-72.3380375,5.3599717],[-72.3963709,5.3698798],[-72.4250004,5.3912502],[-72.4182052,5.3635809],[-72.4339116,5.321605],[-72.4465987,5.3128485],[-72.4500004,5.2995835]],[[-72.2833338,5.4079169],[-72.2833338,5.4245835],[-72.3083338,5.4245835],[-72.3083338,5.4079169],[-72.2833338,5.4079169]],[[-72.4379155,5.4574937],[-72.4574955,5.4701076],[-72.4705245,5.4307644],[-72.4500004,5.4245835],[-72.4379155,5.4574937]],[[-72.5758952,7.7234633],[-72.5691655,7.7069159],[-72.5303179,7.7438485]],[[-72.5368284,7.7734255],[-72.5376062,7.7662868],[-72.5638331,7.743692]],[[-72.5638331,7.743692],[-72.5644989,7.7343001],[-72.5758952,7.7234633]],[[-75.8549646,5.6607774],[-75.8715987,5.6863186],[-75.8784021,5.7045152],[-75.890129,5.7113186],[-75.8837,5.6826442],[-75.8982426,5.6603216],[-75.8936528,5.6398423],[-75.8666671,5.6329169],[-75.8549646,5.6607774]],[[-74.9890385,6.0528672],[-75.0037032,6.0387396],[-74.9833338,6.0329169],[-74.9890385,6.0528672]],[[-75.0262985,4.3534002],[-75.0383493,4.3569002]],[[-75.0383493,4.3569002],[-75.0258656,4.3500577]],[[-75.0483293,4.318763],[-75.0857589,4.3476548],[-75.0952966,4.370954],[-75.1196456,4.4113186],[-75.080339,4.4416612],[-75.0784835,4.4542263],[-75.0991459,4.4626857],[-75.1119633,4.4792873],[-75.2733403,4.4866359],[-75.3118657,4.5365464],[-75.3142338,4.5218654],[-75.2881189,4.4785752],[-75.2784754,4.4369452],[-75.2947595,4.3955227],[-75.2049483,4.3869493],[-75.1951664,4.3707424],[-75.2000655,4.3376206],[-75.17863,4.3532131],[-75.1684005,4.3782131],[-75.1156336,4.3575262],[-75.1025151,4.3357692],[-75.1092208,4.2903591],[-75.0705652,4.296072],[-75.0586543,4.2908661]],[[-76.62592,5.6671739],[-76.6093184,5.6804673],[-76.6229578,5.715941],[-76.6581873,5.7282904],[-76.6870365,5.6958889],[-76.6463058,5.6449611],[-76.6333337,5.6412502],[-76.62592,5.6671739]],[[-72.8473718,5.7362006],[-72.8620366,5.7220729],[-72.8416671,5.7162502],[-72.8473718,5.7362006]],[[-72.8861982,5.7200254],[-72.8885584,5.737641],[-72.8774667,5.746008]],[[-72.9017029,5.7382998],[-72.8861982,5.7200254]],[[-75.5978113,5.7555731],[-75.6368901,5.7646267],[-75.6201908,5.7376451],[-75.5916671,5.7329169],[-75.5978113,5.7555731]],[[-75.550843,5.8764366],[-75.5601241,5.8783107],[-75.5708338,5.8994859],[-75.5812667,5.8788601],[-75.5685795,5.8533352],[-75.5500004,5.8495835],[-75.5425248,5.8564669]],[[-75.9692957,1.342593],[-75.9851567,1.3272772],[-75.9666671,1.3245835],[-75.9692957,1.342593]],[[-76.0552413,4.3267808],[-76.077922,4.3363186],[-76.1034021,4.3195502],[-76.0666671,4.2995835],[-76.0552413,4.3267808]],[[-76.0598637,4.3761094],[-76.0443852,4.3867946],[-76.0589848,4.4092108],[-76.0928064,4.4016262],[-76.0722986,4.3701402],[-76.0598637,4.3761094]],[[-76.168101,4.404775],[-76.1416671,4.3912502],[-76.1221928,4.4056911],[-76.1378277,4.426358]],[[-76.1378277,4.426358],[-76.1613007,4.4130001],[-76.168101,4.404775]],[[-76.4841957,3.6530552],[-76.4882263,3.642853]],[[-75.455518,5.6196437],[-75.4700688,5.6068711],[-75.4416671,5.5995835],[-75.455518,5.6196437]],[[-75.6532149,5.9474066],[-75.6856368,5.9426133],[-75.6952966,5.9225287],[-75.6583338,5.9162502],[-75.6532149,5.9474066]],[[-75.68868,5.9614],[-75.6868331,5.9584011],[-75.6676304,5.9646882]],[[-75.6676304,5.9646882],[-75.6855011,5.9614]],[[-73.3314671,5.5018425],[-73.3296789,5.5185359]],[[-73.3296789,5.5185359],[-73.3299026,5.5183001]],[[-73.3299026,5.5183001],[-73.3361969,5.5039001]],[[-73.3361969,5.5039001],[-73.3314671,5.5018425]],[[-73.2807052,5.5695339],[-73.2953699,5.5554063],[-73.2750004,5.5495835],[-73.2807052,5.5695339]],[[-73.1955652,7.484756],[-73.2196375,7.4945786],[-73.2116459,7.4628688],[-73.1916671,7.4495835],[-73.1955652,7.484756]],[[-76.3650313,2.6196356],[-76.3810144,2.627383],[-76.3944666,2.6035142],[-76.3750004,2.5995835],[-76.3650313,2.6196356]],[[-76.5018343,2.6254142],[-76.4967452,2.6284979],[-76.5134119,2.6528387],[-76.5208231,2.6923542]],[[-76.5208231,2.6923542],[-76.5419998,2.6811969]],[[-76.5199966,2.6262],[-76.5018343,2.6254142]],[[-73.4955815,7.4105536],[-73.5114343,7.3874375],[-73.4916671,7.3829169],[-73.4955815,7.4105536]],[[-73.7511238,5.6238894],[-73.7668991,5.6269999],[-73.8422598,5.6272998]],[[-73.8422598,5.6272998],[-73.8478927,5.6135321],[-73.8440597,5.5875718],[-73.8216158,5.5837578]],[[-73.8061776,5.5904275],[-73.7880375,5.6042873],[-73.7548995,5.6178493],[-73.7511238,5.6238894]],[[-74.2535019,4.7164001],[-74.2643967,4.7164001],[-74.2730026,4.6893001],[-74.2929002,4.6746886]],[[-74.2929002,4.6746886],[-74.2895349,4.6589341],[-74.3015894,4.6481624],[-74.3014569,4.6369856],[-74.2961502,4.6109297]],[[-74.2961502,4.6109297],[-74.2429962,4.6198001],[-74.2297974,4.6261001]],[[-74.2297974,4.6261001],[-74.2154007,4.6353002],[-74.1929016,4.6433001],[-74.1940994,4.6785998],[-74.1876984,4.6866002]],[[-71.8772453,5.8794668],[-71.8802413,5.8971055],[-71.9020024,5.893891],[-71.9051923,5.8864856]],[[-71.7588872,6.1671535],[-71.7777999,6.153091],[-71.7500004,6.1495835],[-71.7588872,6.1671535]],[[-75.0131596,6.5030056],[-75.0369633,6.4825547],[-75.0083338,6.4745835],[-75.0131596,6.5030056]],[[-76.6838871,3.6671535],[-76.7027999,3.653091],[-76.6750004,3.6495835],[-76.6838871,3.6671535]],[[-73.4268315,4.0526475],[-73.4619633,4.0406114],[-73.4333338,4.0245835],[-73.4268315,4.0526475]],[[-73.76614,4.0449088],[-73.7250004,4.0412502],[-73.7300786,4.0610256],[-73.7668194,4.0465393],[-73.76614,4.0449088]],[[-73.35363,4.0782131],[-73.3463709,4.107982],[-73.3899907,4.1015367],[-73.4119633,4.055862],[-73.3750004,4.0495835],[-73.35363,4.0782131]],[[-73.5258254,4.1407064],[-73.5578995,4.1381001],[-73.6074982,4.1388998],[-73.6427002,4.1511998],[-73.6432291,4.187108]],[[-73.6432291,4.187108],[-73.670142,4.1821315],[-73.6885584,4.1599595],[-73.6870772,4.1204169],[-73.689128,4.1002834],[-73.7148035,4.0751288],[-73.7083338,4.0579169],[-73.6892175,4.0652655],[-73.6739994,4.0462592],[-73.6417647,4.0652045],[-73.6083338,4.0610459],[-73.5833338,4.0641547],[-73.5583338,4.0610459],[-73.5378748,4.0635931],[-73.5333338,4.0579169],[-73.5039474,4.0532701],[-73.4704513,4.0700303],[-73.4628829,4.0837958],[-73.5195073,4.0679673],[-73.5317387,4.0826931],[-73.5258254,4.1407064]],[[-73.7083338,4.1912502],[-73.7051111,4.1561387],[-73.6892989,4.1874091],[-73.7083338,4.1912502]],[[-73.7083338,4.1912502],[-73.7187586,4.2102647],[-73.7279545,4.1954698],[-73.7083338,4.1912502]],[[-76.4881114,2.9742139],[-76.4804993,2.9876001],[-76.4626007,3.0014],[-76.4809646,3.0595388]],[[-76.4809646,3.0595388],[-76.4875004,3.0435695],[-76.5120772,3.0471991],[-76.5253503,3.0300035],[-76.5166671,3.0079169],[-76.5080896,3.0013007],[-76.528516,2.9674302],[-76.4881114,2.9742139]],[[-76.5880869,3.0994904],[-76.5883026,3.0829499]],[[-76.5883026,3.0829499],[-76.5811129,3.1008284],[-76.5829722,3.1016108],[-76.5880869,3.0994904]],[[-76.5527096,3.1194923],[-76.5299158,3.132632],[-76.5464742,3.1434661],[-76.550731,3.1430791],[-76.5549011,3.1382392]],[[-76.4555401,3.1504023],[-76.4413986,3.1861999],[-76.4327011,3.1988001],[-76.4287033,3.2167001]],[[-76.4468407,3.2238273],[-76.4456628,3.1952663],[-76.4713302,3.1786932],[-76.4704675,3.1570909],[-76.4555401,3.1504023]],[[-76.5192795,3.2031705],[-76.4974044,3.1915961],[-76.4790043,3.2285915],[-76.4747715,3.2419739]],[[-73.5258254,4.1407064],[-73.5672286,4.1588609],[-73.5465825,4.1760118],[-73.5934086,4.1963202],[-73.6432291,4.187108]],[[-74.5280295,4.5783736],[-74.5351811,4.5774847],[-74.5487553,4.5452663],[-74.5333338,4.5329169],[-74.5122975,4.5530829]],[[-74.5122975,4.5530829],[-74.5280295,4.5783736]],[[-73.8611332,4.3384507],[-73.8777999,4.3388495],[-73.864128,4.3108466],[-73.8611332,4.3384507]],[[-73.7511238,5.6238894],[-73.7463709,5.6314927],[-73.8350672,5.6448798],[-73.8422598,5.6272998]],[[-72.9494342,4.6239254],[-72.9445154,4.5906724],[-72.9166671,4.5829169],[-72.9112309,4.616002],[-72.9133712,4.6304673],[-72.948978,4.6252059],[-72.9494342,4.6239254]],[[-74.0201035,4.9580002],[-74.0339684,4.9621]],[[-74.0339684,4.9621],[-74.0552464,4.9461553]],[[-74.0897124,4.8931342],[-74.0864072,4.8798345]],[[-74.4416671,4.7662502],[-74.4625899,4.7706285],[-74.4790043,4.7573757],[-74.4540043,4.7455756],[-74.450382,4.7378976]],[[-74.4360519,4.7445],[-74.4370021,4.7474455]],[[-74.4373609,4.7579169],[-74.4416671,4.7662502]],[[-74.4416671,4.7662502],[-74.4338329,4.7662502]],[[-74.4350299,4.7766212],[-74.4416671,4.7662502]],[[-75.4202931,6.3719133],[-75.4046554,6.3907375],[-75.3212895,6.4268947],[-75.3083338,6.4495835],[-75.3318933,6.4588446],[-75.3719161,6.4291693],[-75.4297042,6.420954],[-75.4519875,6.40443]],[[-74.467598,5.1847573],[-74.4755538,5.2004869],[-74.4944666,5.1864244],[-74.467598,5.1830343],[-74.467598,5.1847573]],[[-76.6750004,5.1412502],[-76.6750004,5.1662502],[-76.6916671,5.1662502],[-76.6916671,5.1412502],[-76.6750004,5.1412502]],[[-75.6381596,3.2113389],[-75.6619633,3.1908881],[-75.6333338,3.1829169],[-75.6381596,3.2113389]],[[-76.2990207,3.8175],[-76.3188158,3.7995404]],[[-76.3188158,3.7995404],[-76.3208744,3.7915188],[-76.3382654,3.7795152],[-76.3488285,3.7642035],[-76.3260613,3.7348265]],[[-76.3260613,3.7348265],[-76.3175601,3.7378603]],[[-76.3175601,3.7378603],[-76.3200688,3.748489],[-76.2700688,3.7613186],[-76.2632654,3.7758124],[-76.2916671,3.7912502],[-76.3000004,3.7829169],[-76.3107507,3.7633002],[-76.3185958,3.778917],[-76.3000004,3.7829169],[-76.2916671,3.7912502],[-76.2990207,3.8175]],[[-73.5099695,5.4797186],[-73.5274011,5.4857163],[-73.5607589,5.469424],[-73.5166671,5.4662502],[-73.5099695,5.4797186]],[[-76.144741,4.0816168],[-76.1437179,4.0878485],[-76.1668787,4.1262559],[-76.2250004,4.1412502],[-76.2328713,4.134647]],[[-73.2210092,7.0947318],[-73.2062988,7.1334],[-73.2062988,7.1407456]],[[-73.2062988,7.1407456],[-73.244906,7.1168483],[-73.2210092,7.0947318]],[[-74.1468266,5.129739],[-74.1302332,5.166771],[-74.1619552,5.152562],[-74.1698409,5.1209255],[-74.1500004,5.1162502],[-74.1468266,5.129739]],[[-74.055194,4.9534998],[-74.0532231,4.9780096],[-74.0685958,5.003441],[-74.0800266,4.9778227]],[[-73.9557571,5.02952],[-73.9889984,5.0265999],[-74.0235977,5.0285001],[-74.0365564,5.0347989]],[[-74.0365564,5.0347989],[-74.0511723,5.024437],[-74.0371912,5.0123928],[-74.0242436,4.9693874],[-74.0339684,4.9621]],[[-74.0161285,4.957654],[-74.0063019,4.9568],[-74.0005035,4.9693999],[-73.9820687,4.9638607],[-73.9757046,4.9604215],[-73.9636002,4.9566002],[-73.9567032,4.9664001],[-73.9539032,4.9998999],[-73.9404526,5.0025582]],[[-73.9404526,5.0025582],[-73.9493027,5.0068002],[-73.9557571,5.02952]],[[-76.5341433,1.0209048],[-76.5396326,1.0524644],[-76.5547856,1.0543443],[-76.5825291,1.0503063]],[[-72.9483189,5.768681],[-72.9414978,5.7621002],[-72.9259033,5.7655001]],[[-72.9203434,5.7758386],[-72.9402918,5.7803086],[-72.9483189,5.768681]],[[-72.9701021,5.7792278],[-72.971851,5.7880764],[-72.9974651,5.8191133]],[[-72.9974651,5.8191133],[-73.001503,5.8167]],[[-73.001503,5.8167],[-72.9841995,5.8021998],[-72.982933,5.7826538]],[[-72.982933,5.7826538],[-72.9701021,5.7792278]],[[-75.8805343,5.2884507],[-75.8641036,5.2967596],[-75.8869796,5.3107163],[-75.8944666,5.2885484],[-75.8805343,5.2884507]],[[-75.8139089,5.3166101],[-75.8288578,5.3100856],[-75.8166671,5.2995835],[-75.801064,5.3067289]],[[-73.1007488,6.5593275],[-73.0963709,6.5686143],[-73.1247795,6.5728741]],[[-73.0756596,6.6283026],[-73.0872644,6.6045681],[-73.0500004,6.5995835],[-73.0756596,6.6283026]],[[-74.9754724,5.4153998],[-74.9954838,5.427383],[-75.0027999,5.4035142],[-74.9833338,5.3995835],[-74.9754724,5.4153998]],[[-72.8790694,4.8837592],[-72.915129,4.9029852],[-72.905811,4.8614203],[-72.8750004,4.8579169],[-72.8790694,4.8837592]],[[-76.2990207,3.8175],[-76.3115157,3.8279852],[-76.3188158,3.7995404]],[[-76.3807052,3.8695339],[-76.3953699,3.8554063],[-76.3750004,3.8495835],[-76.3807052,3.8695339]],[[-76.3770919,3.9102647],[-76.3862878,3.8954698],[-76.3666671,3.8912502],[-76.3770919,3.9102647]],[[-76.2954886,3.9466816],[-76.3325606,3.9071478],[-76.3534184,3.889822],[-76.3171554,3.8740953],[-76.3045496,3.8450303],[-76.291781,3.8291368],[-76.2790043,3.872667],[-76.2595056,3.8888658],[-76.2712813,3.9201971],[-76.2693296,3.9393622]],[[-76.2693296,3.9393622],[-76.2954886,3.9466816]],[[-73.4085827,7.7454774],[-73.3746668,7.7378485],[-73.3819828,7.7704779],[-73.3859247,7.7731993]],[[-75.2858809,3.1252999],[-75.2835503,3.1253538],[-75.2921976,3.1287331],[-75.2917289,3.1269447],[-75.2858809,3.1252999]],[[-75.2297042,3.2126206],[-75.2110519,3.2202541],[-75.245964,3.2471991],[-75.25363,3.2235826],[-75.2333338,3.2079169],[-75.2297042,3.2126206]],[[-74.5950688,5.0878485],[-74.6188644,5.0946519],[-74.6115645,5.0620754],[-74.5750004,5.0579169],[-74.5950688,5.0878485]],[[-74.7588365,5.1956874],[-74.7416671,5.1829169],[-74.7142094,5.2054755],[-74.7328211,5.2364732],[-74.7463058,5.2183457],[-74.7570578,5.2201963]],[[-76.0468704,4.5374843],[-76.0590336,4.5521226],[-76.0758252,4.5538346]],[[-76.0758252,4.5538346],[-76.0777969,4.5461001]],[[-76.0777969,4.5461001],[-76.0599976,4.5476999],[-76.0468704,4.5374843]],[[-75.9705815,4.5938869],[-75.9864343,4.5707709],[-75.9666671,4.5662502],[-75.9705815,4.5938869]],[[-73.8719201,4.8749182],[-73.8751319,4.8767416],[-73.8955978,4.8668524],[-73.8666671,4.8579169],[-73.8719201,4.8749182]],[[-73.9411435,4.8609071],[-73.9284591,4.8824408],[-73.9297612,4.8985948],[-73.9187285,4.9162687]],[[-73.9187285,4.9162687],[-73.9358978,4.8976002]],[[-77.3833337,1.1245835],[-77.4112227,1.1198472],[-77.3989994,1.1042873],[-77.3833337,1.1245835]],[[-74.8251038,4.2768998],[-74.8145392,4.2537281]],[[-74.8145392,4.2537281],[-74.8039555,4.2534898],[-74.7916671,4.2662502],[-74.7833338,4.2662502],[-74.7643071,4.2594224],[-74.753809,4.2787502],[-74.7632084,4.2960516],[-74.7618168,4.3193955],[-74.775663,4.3649202]],[[-76.2490808,3.1755072],[-76.2680831,3.1907253],[-76.2870365,3.1719265],[-76.2416671,3.1662502],[-76.2490808,3.1755072]],[[-76.2166671,3.1958313],[-76.2166671,3.1745835],[-76.2000004,3.1745835],[-76.2000004,3.1922688],[-76.2166671,3.1958313]],[[-76.3136841,3.2120203],[-76.2916671,3.2245835],[-76.2911599,3.2257909]],[[-76.802268,2.4491786],[-76.8057052,2.4611965],[-76.8203699,2.447077],[-76.8050095,2.4426831],[-76.802268,2.4491786]],[[-75.4975978,5.1126476],[-75.4935388,5.1401394],[-75.5212895,5.1865464],[-75.532642,5.1655096],[-75.5047042,5.1278265],[-75.5333744,5.1176584]],[[-75.5333744,5.1176584],[-75.5127029,5.1108999],[-75.4975978,5.1126476]],[[-75.4948897,6.084695],[-75.5107019,6.0534247],[-75.4916671,6.0495835],[-75.4948897,6.084695]],[[-75.5663779,6.1259322],[-75.5515304,6.1080593],[-75.5370447,6.1200913],[-75.5388351,6.1376451],[-75.5128829,6.1350002],[-75.5204513,6.1624701],[-75.5331954,6.1730536],[-75.5212162,6.1874701],[-75.5066834,6.1884772]],[[-75.5173035,6.2044001],[-75.5535965,6.1890001],[-75.5587997,6.1803002]],[[-75.5587997,6.1803002],[-75.5548019,6.1767998],[-75.5576019,6.1451001],[-75.5663779,6.1259322]],[[-75.6030727,6.4151083],[-75.588112,6.4118118]],[[-75.588112,6.4118118],[-75.5916671,6.4245835],[-75.6030727,6.4151083]],[[-75.5390466,6.4657049],[-75.5595789,6.4860948],[-75.5728845,6.4644964],[-75.5668787,6.4452256],[-75.5500004,6.4412502],[-75.5390466,6.4657049]],[[-72.2214685,5.519599],[-72.2371912,5.4890977],[-72.2166671,5.4829169],[-72.2214685,5.519599]],[[-75.4643578,6.8327284],[-75.5121912,6.818419],[-75.4964138,6.8048269]],[[-75.4050053,6.9462551],[-75.394434,6.9532823],[-75.4061202,6.9805161],[-75.4366622,6.979328],[-75.4283207,6.9462388],[-75.4083338,6.9412502],[-75.4050053,6.9462551]],[[-76.3169334,2.768361],[-76.3197433,2.7906317],[-76.3361332,2.7760972],[-76.3216102,2.7687507],[-76.3169334,2.768361]],[[-76.089355,4.5114691],[-76.0894012,4.5271001],[-76.0777969,4.5461001]],[[-76.0758252,4.5538346],[-76.1002201,4.5563218],[-76.1287846,4.5325995],[-76.1006026,4.5103217],[-76.089355,4.5114691]],[[-72.4851086,7.5704677],[-72.4666671,7.5662502],[-72.4705815,7.5938869],[-72.4821801,7.5769743],[-72.4851086,7.5704677]],[[-75.8243178,4.3471349],[-75.8503341,4.3529852],[-75.8436528,4.3231757],[-75.8268467,4.3188626]],[[-75.8268467,4.3188626],[-75.8265762,4.3250098]],[[-73.1420717,6.2978425],[-73.1618901,6.2896267],[-73.1416671,6.2745835],[-73.1311953,6.3023514],[-73.1420717,6.2978425]],[[-75.0194666,5.1634507],[-75.0611332,5.1638495],[-75.0516606,5.1444606],[-75.0166671,5.1412502],[-75.0194666,5.1634507]],[[-71.738184,6.4461045],[-71.7050541,6.4588853],[-71.7141036,6.4863959],[-71.7784591,6.4455389],[-71.7416671,6.4412502],[-71.738184,6.4461045]],[[-76.5208231,2.6923542],[-76.5372074,2.7195054],[-76.5439409,2.6831389]],[[-76.4807052,2.8111965],[-76.4953699,2.797077],[-76.4750004,2.7912502],[-76.4807052,2.8111965]],[[-76.5416671,2.8162502],[-76.5615157,2.8009345],[-76.5465336,2.7876206],[-76.5416671,2.8162502]],[[-73.0008467,6.78772],[-73.0102099,6.7887389],[-73.0084133,6.7865165],[-73.008351,6.7864898],[-73.0008467,6.78772]],[[-72.9878097,6.8358099],[-73.0114343,6.8202297],[-72.9833338,6.8162502],[-72.9878097,6.8358099]],[[-73.0166671,6.9329169],[-73.0118736,6.9174002],[-72.999838,6.9277205],[-73.0166671,6.9329169]],[[-73.0166671,6.9329169],[-73.0205978,7.0123195],[-73.0428308,7.0352077],[-73.041281,7.0611851]],[[-73.041281,7.0611851],[-73.0522995,7.0454998],[-73.0886002,7.0254002],[-73.0875015,7.0132999],[-73.1088028,7.0088],[-73.1317978,6.9973001]],[[-73.1317978,6.9973001],[-73.1276965,6.9729635]],[[-73.1276965,6.9729635],[-73.130933,6.9948797],[-73.1119633,6.9876206],[-73.1047042,6.9615464],[-73.0470382,6.949376],[-73.0470626,6.9245835],[-73.0415939,6.8875759],[-73.0583338,6.8829169],[-73.0453699,6.8641384],[-73.0198165,6.9033799],[-73.0251306,6.9270738],[-73.0166671,6.9329169]],[[-77.462533,1.2179185],[-77.4867354,1.2108628],[-77.4583337,1.1912502],[-77.462533,1.2179185]],[[-76.6550785,7.6818752],[-76.6903569,7.6949571],[-76.7064946,7.6748073],[-76.6952966,7.6456732],[-76.6500004,7.6412502],[-76.6550785,7.6818752]],[[-76.6745691,7.7409796],[-76.6583337,7.7245835],[-76.63766,7.7443455]],[[-75.6510179,4.7491648],[-75.6460535,4.7715358],[-75.6372807,4.7609646],[-75.6284428,4.8008083],[-75.6304448,4.8204169],[-75.628158,4.8427924],[-75.5860844,4.8610378],[-75.6046228,4.8867946],[-75.6037114,4.8957058],[-75.6253168,4.925521],[-75.6284995,4.9257756],[-75.6459477,4.8855577],[-75.6962162,4.8708034],[-75.7026272,4.867132]],[[-71.9890385,5.7362006],[-72.0037032,5.7220729],[-71.9833338,5.7162502],[-71.9890385,5.7362006]],[[-73.6319828,5.5527655],[-73.6452966,5.5377793],[-73.6166671,5.5329169],[-73.6319828,5.5527655]],[[-71.3359623,4.8009304],[-71.3518234,4.7856105],[-71.3333338,4.7829169],[-71.3359623,4.8009304]],[[-75.5027442,6.3912288],[-75.5204757,6.3780829],[-75.5485246,6.379061]],[[-75.5485246,6.379061],[-75.5329971,6.3621998],[-75.5404968,6.3547001],[-75.5456009,6.3056002]],[[-75.5456009,6.3056002],[-75.5341034,6.2940001],[-75.5214005,6.2940001]],[[-75.5214005,6.2940001],[-75.5167999,6.2939],[-75.4943008,6.3158002],[-75.4798965,6.3168998]],[[-73.6180145,3.8743788],[-73.6213709,3.8946275],[-73.6618901,3.8834255],[-73.6501497,3.8746944]],[[-73.670199,3.9202989],[-73.6734379,3.9421861],[-73.7274337,3.9572251],[-73.7432133,3.9367906],[-73.7259933,3.9082465],[-73.6750004,3.8995835],[-73.670199,3.9202989]],[[-73.7462569,4.0029486],[-73.7889978,4.0199571],[-73.786117,3.9718085],[-73.7416671,3.9662502],[-73.7462569,4.0029486]],[[-73.2403813,3.7270534],[-73.2617355,3.7068711],[-73.2333338,3.6995835],[-73.2403813,3.7270534]],[[-72.8789148,5.5355536],[-72.8947677,5.5124375],[-72.8750004,5.5079169],[-72.8789148,5.5355536]],[[-73.370491,5.3902001],[-73.3756188,5.3862424],[-73.3758686,5.3822082],[-73.3632003,5.370954],[-73.3592109,5.3944235]],[[-74.7183028,5.9047186],[-74.7357101,5.9107163],[-74.7444666,5.8951809],[-74.7250004,5.8912502],[-74.7183028,5.9047186]],[[-74.6121007,5.9645947],[-74.5907974,5.9728999],[-74.5874023,5.9798999],[-74.5931657,5.9994408]],[[-74.5931657,5.9994408],[-74.6121007,5.9645947]],[[-73.4039321,5.3245835],[-73.4083338,5.3079169],[-73.3833338,5.3132616]],[[-73.4575348,5.3432889],[-73.4575845,5.3429846]],[[-73.4575845,5.3429846],[-73.4501916,5.3425999]],[[-73.5798751,5.223489],[-73.5973149,5.2367743],[-73.615544,5.1959296],[-73.6000004,5.1912502],[-73.5798751,5.223489]],[[-72.7902068,5.3228999],[-72.7798004,5.3154998],[-72.7602005,5.2918],[-72.748703,5.2721],[-72.7394028,5.2761002],[-72.713501,5.2350001]],[[-72.6979994,5.2501694],[-72.6925734,5.2630476],[-72.691033,5.2674033],[-72.7119064,5.2841172],[-72.7224858,5.309223],[-72.7767582,5.3526841],[-72.7902068,5.3228999]],[[-75.6123962,6.0967999],[-75.6100998,6.1325998],[-75.6207199,6.1631408]],[[-75.6371994,6.1009002],[-75.6123962,6.0967999]],[[-75.5777999,5.4801174],[-75.6027022,5.4857163],[-75.6152999,5.4608181],[-75.5750004,5.4579169],[-75.5777999,5.4801174]],[[-75.4633269,5.5362123],[-75.4705977,5.5226101],[-75.4557065,5.5180121],[-75.4633269,5.5362123]],[[-73.9353438,6.3167914],[-73.951921,6.3367743],[-73.9621912,6.3057644],[-73.9416671,6.2995835],[-73.9353438,6.3167914]],[[-74.3910323,6.5115464],[-74.42863,6.4991441],[-74.4181645,6.4689642],[-74.404045,6.4710516],[-74.3833338,6.4662502],[-74.3910323,6.5115464]],[[-74.7922491,6.7642649],[-74.7944666,6.7884507],[-74.8040206,6.7940497],[-74.8111332,6.7677639],[-74.7973619,6.7607976],[-74.7922491,6.7642649]],[[-73.3528976,5.5472002],[-73.3420029,5.5402999],[-73.3299026,5.5183001]],[[-73.3296789,5.5185359],[-73.3219371,5.5266955],[-73.3198299,5.5289164],[-73.3097661,5.5681504],[-73.3285333,5.5966133]],[[-73.3052669,5.624409],[-73.3057022,5.6244998]],[[-73.3081554,5.6167246],[-73.3052669,5.624409]],[[-75.4183875,4.4378878],[-75.4259566,4.4488385],[-75.4371505,4.452383],[-75.4444666,4.4285142],[-75.4250004,4.4245835],[-75.4183875,4.4378878]],[[-73.8770919,3.3852647],[-73.8862879,3.3704698],[-73.8666671,3.3662502],[-73.8770919,3.3852647]],[[-77.7261402,0.9497274],[-77.7187911,0.9620754],[-77.7244437,0.9736453]],[[-77.7244437,0.9736453],[-77.7261402,0.9497274]],[[-75.6676304,5.9646882],[-75.6764344,5.9914546]],[[-75.6570908,6.1028916],[-75.662948,6.0873033],[-75.6596033,6.0544704],[-75.6779057,6.0526027],[-75.6849609,6.0649263]],[[-75.685466,6.0220193],[-75.6735356,6.0363837],[-75.6508305,6.0386989],[-75.6287846,6.0291367],[-75.6205652,6.019245],[-75.6088229,6.0981014]],[[-75.6088229,6.0981014],[-75.6123962,6.0967999]],[[-72.795671,7.6515122],[-72.8112879,7.6436712],[-72.7916671,7.6329169],[-72.795671,7.6515122]],[[-74.709286,4.1445805],[-74.7140385,4.1612006],[-74.7255398,4.1501205],[-74.7238763,4.1456931],[-74.7209489,4.1448563],[-74.709286,4.1445805]],[[-74.697516,4.1981824],[-74.6892664,4.1796942],[-74.6794763,4.1790594],[-74.6288578,4.1867743],[-74.6021551,4.1965804],[-74.603721,4.2121466],[-74.6193201,4.2401149],[-74.6055877,4.2519452]],[[-74.6055877,4.2519452],[-74.6085663,4.252471]],[[-74.3345567,4.7495835],[-74.3500004,4.7495835],[-74.3500004,4.7245835],[-74.3333338,4.726118],[-74.3345567,4.7495835]],[[-74.3761172,4.7504454],[-74.371506,4.7584715]],[[-74.3321063,4.7554426],[-74.3290024,4.7721]],[[-74.3412581,4.7596405],[-74.3321063,4.7554426]],[[-72.9974651,5.8191133],[-73.0048507,5.8280625],[-73.0118168,5.8544379],[-73.0248295,5.8749416],[-73.0328575,5.8688117]],[[-73.0328575,5.8688117],[-73.0268021,5.8509002],[-73.0251007,5.8266001],[-73.001503,5.8167]],[[-72.9750004,5.8829169],[-72.9949467,5.8772121],[-72.9808273,5.8625433],[-72.9750004,5.8829169]],[[-72.9750004,5.8829169],[-72.9694563,5.8852902],[-72.9697453,5.8982657],[-72.9699739,5.8987302],[-72.971949,5.9002328],[-72.9750004,5.8829169]],[[-73.1583338,5.1912502],[-73.1670241,5.1888095],[-73.1609474,5.1819536],[-73.1583338,5.1912502]],[[-73.1583338,5.1912502],[-73.1339523,5.1943264],[-73.1484868,5.2107163],[-73.1583338,5.1912502]],[[-75.6030727,6.4151083],[-75.6211593,6.3941758],[-75.6323914,6.3953207],[-75.645813,6.3966887],[-75.6621179,6.3983506],[-75.6545496,6.3783636],[-75.6454513,6.3708034],[-75.6378829,6.3533636],[-75.6212162,6.3395209],[-75.6575866,6.34433]],[[-75.6575866,6.34433],[-75.6511002,6.3302999],[-75.6090012,6.2972002],[-75.5912018,6.2925],[-75.5681,6.2936001],[-75.5456009,6.3056002]],[[-75.5485246,6.379061],[-75.5827397,6.3925116],[-75.588112,6.4118118]],[[-74.4534021,5.0113186],[-74.4502283,5.0529852],[-74.4665938,5.0292873],[-74.4902999,5.0204169],[-74.4848067,4.9959051],[-74.4666671,4.9912502],[-74.4534021,5.0113186]],[[-72.7355836,5.986817],[-72.7523767,5.9940497],[-72.7611332,5.9785142],[-72.7457082,5.9753995],[-72.7355836,5.986817]],[[-74.3500004,4.3912502],[-74.348334,4.3853229],[-74.3432652,4.384973],[-74.3500004,4.3912502]],[[-74.3500004,4.3912502],[-74.3783207,4.4133815],[-74.3833338,4.4329169],[-74.3930424,4.424551],[-74.4113867,4.3746015]],[[-74.3647145,4.3860325],[-74.3500004,4.3912502]],[[-75.049944,6.5346457],[-75.0467045,6.547134],[-75.0676421,6.5455619]],[[-75.0676421,6.5455619],[-75.049944,6.5346457]],[[-74.9983647,6.6029689],[-75.0143478,6.6107163],[-75.0277999,6.5868475],[-75.0083338,6.5829169],[-74.9983647,6.6029689]],[[-75.8947107,6.0455023],[-75.9030603,6.0613186],[-75.9367354,6.0423448],[-75.9000004,6.0329169],[-75.8947107,6.0455023]],[[-73.9234054,4.411225],[-73.9498051,4.4245835],[-73.9678715,4.4157579],[-73.9512862,4.3948716],[-73.9333338,4.3912502],[-73.9234054,4.411225]],[[-75.1609623,6.4842637],[-75.1768233,6.4689439],[-75.1583338,6.4662502],[-75.1609623,6.4842637]],[[-76.74144,2.2749623],[-76.7527999,2.2535142],[-76.7333337,2.2495835],[-76.7298463,2.2566018]],[[-76.7298463,2.2566018],[-76.7388992,2.2713001]],[[-76.7388992,2.2713001],[-76.74144,2.2749623]],[[-73.0864029,7.1837001],[-73.0854778,7.1874517]],[[-73.0854778,7.1874517],[-73.0931897,7.1869916]],[[-73.0931897,7.1869916],[-73.0864029,7.1837001]],[[-73.4477465,5.75542],[-73.4250004,5.7495835],[-73.4388513,5.7696437],[-73.4494489,5.7603413],[-73.4477465,5.75542]],[[-73.3052669,5.624409],[-73.3016143,5.6341262]],[[-73.2750004,5.6662502],[-73.2816075,5.6634219],[-73.2842369,5.6589923],[-73.2750004,5.6662502]],[[-73.2724224,5.6866999],[-73.2750004,5.6662502]],[[-73.2750004,5.6662502],[-73.2611332,5.6690497],[-73.2527348,5.6856512],[-73.2416671,5.6912502],[-73.2435203,5.7004224]],[[-75.6651001,4.5437999],[-75.6690979,4.5727]],[[-75.6690979,4.5727],[-75.6723882,4.5724368]],[[-75.6723882,4.5724368],[-75.7159998,4.5545884],[-75.7253227,4.5666691]],[[-75.7253227,4.5666691],[-75.7503967,4.5545001],[-75.7543182,4.5438118]],[[-75.7716153,4.430482],[-75.7606247,4.429088],[-75.7486138,4.434713],[-75.7425602,4.4365374]],[[-74.7516362,4.788052],[-74.7690434,4.7940497],[-74.7777999,4.7785142],[-74.7583338,4.7745835],[-74.7516362,4.788052]],[[-74.8623377,3.8681789],[-74.8779545,3.8603379],[-74.8583338,3.8495835],[-74.8623377,3.8681789]],[[-74.9114181,3.8626247],[-74.9273523,3.8736273],[-74.958407,3.8666652],[-74.9447433,3.8456732],[-74.9166671,3.8412502],[-74.9114181,3.8626247]],[[-73.507048,8.0187201],[-73.5284021,7.9985378],[-73.5000004,7.9912502],[-73.507048,8.0187201]],[[-75.5214005,6.2940001],[-75.5253983,6.2616],[-75.5086975,6.2315001],[-75.4914017,6.2135],[-75.4812884,6.2102277]],[[-75.4812884,6.2102277],[-75.4767257,6.2411078],[-75.4934981,6.2837673],[-75.4975997,6.3115464],[-75.4702966,6.3042873],[-75.4630375,6.2782131],[-75.45363,6.270954],[-75.4463464,6.2280585],[-75.421794,6.231688],[-75.4094545,6.2150452]],[[-75.3766477,6.2287727],[-75.4183517,6.2634141],[-75.4287846,6.2874701],[-75.4481703,6.3161998]],[[-74.6431624,4.4747156],[-74.6539311,4.4596543],[-74.6333338,4.4412502],[-74.6133468,4.4600002],[-74.6265016,4.4689873],[-74.6431624,4.4747156]],[[-73.8755373,5.178841],[-73.8777999,5.1967841],[-73.8929366,5.202383],[-73.8810435,5.1780229],[-73.8755373,5.178841]],[[-77.6427986,1.3229537],[-77.6528813,1.3455471],[-77.696143,1.353441],[-77.7372074,1.3856024],[-77.7609542,1.3651516],[-77.7786625,1.3169175],[-77.7588139,1.2813462],[-77.7777022,1.2650702],[-77.7323165,1.2123928],[-77.7204757,1.2201402],[-77.7218022,1.2366685],[-77.7030766,1.238174],[-77.7038798,1.2281638]],[[-77.7250004,1.3162502],[-77.736589,1.3236639],[-77.7236902,1.3355536],[-77.7166671,1.3245835],[-77.7056889,1.3194647],[-77.7155115,1.3029527],[-77.7333337,1.2995835],[-77.7250004,1.2828192],[-77.7444666,1.273314],[-77.7388676,1.2967841],[-77.7333337,1.2995835],[-77.7250004,1.3162502]],[[-75.0335616,5.3006374],[-75.0614181,5.3110174],[-75.0697677,5.2868964],[-75.0416671,5.2829169],[-75.0335616,5.3006374]],[[-73.8357503,5.047114],[-73.8778671,5.0136415]],[[-73.8703446,4.9774421],[-73.8583744,4.9877549],[-73.8346521,4.9858506],[-73.8097416,5.0256333],[-73.8139815,4.9727891],[-73.7866866,4.9880235],[-73.7470707,4.9848415],[-73.7432523,4.9896062],[-73.757471,4.9948149],[-73.7718022,4.9958278],[-73.7706686,5.0099799]],[[-73.7706686,5.0099799],[-73.7866974,5.0240002],[-73.7895203,5.039681]],[[-75.9807968,2.1947999],[-75.9763883,2.1991273]],[[-75.9763883,2.1991273],[-75.9821725,2.1943216]],[[-75.9821725,2.1943216],[-75.9807968,2.1947999]],[[-75.8670252,2.3909328],[-75.8727218,2.4163316],[-75.9007654,2.4100409],[-75.9117354,2.3735419],[-75.8833338,2.3662502],[-75.8670252,2.3909328]],[[-73.59678,5.9371225],[-73.5887293,5.981277],[-73.6099725,5.975942],[-73.6119814,5.9730331],[-73.6283138,5.9504697]],[[-74.2863998,4.7912331],[-74.2766037,4.7926998],[-74.2686919,4.803677]],[[-74.2686919,4.803677],[-74.2680582,4.8045563]],[[-74.2680582,4.8045563],[-74.2449036,4.8174],[-74.2089932,4.8415324]],[[-74.2089932,4.8415324],[-74.2084412,4.8418602]],[[-74.2084412,4.8418602],[-74.2060841,4.8432603]],[[-74.2060841,4.8432603],[-74.1877364,4.8596543],[-74.2261397,4.8659694],[-74.2375004,4.8532538],[-74.2468836,4.86376],[-74.2793787,4.8618231],[-74.2901922,4.8739227],[-74.2958695,4.8585187],[-74.2955357,4.8529196]],[[-74.1591231,4.9314195],[-74.1777022,4.9440497],[-74.1902592,4.9192246],[-74.1666671,4.9162502],[-74.1591231,4.9314195]],[[-73.5767896,4.2533102],[-73.5583338,4.2495835],[-73.554966,4.2660608],[-73.5656085,4.2751461],[-73.57739,4.2542415],[-73.5767896,4.2533102]],[[-75.9923263,5.0107692],[-76.0119633,5.0004828],[-76.0000004,4.9912502],[-75.9923263,5.0107692]],[[-72.9442957,5.967597],[-72.9601567,5.9522772],[-72.9416671,5.9495835],[-72.9442957,5.967597]],[[-72.9104252,6.0019313],[-72.9196212,5.9871364],[-72.9000004,5.9829169],[-72.9104252,6.0019313]],[[-73.4859623,5.3342637],[-73.5018233,5.3189439],[-73.4833338,5.3162502],[-73.4859623,5.3342637]],[[-73.4610768,5.3437833],[-73.4575845,5.3429846]],[[-72.9862246,5.6730094],[-72.9948902,5.6733704],[-72.9868017,5.6668613],[-72.9846562,5.6693422],[-72.9862246,5.6730094]],[[-73.9189261,7.4845879],[-73.924919,7.4951076],[-73.9455245,7.4827785],[-73.9328973,7.4718998]],[[-73.9328973,7.4718998],[-73.9189261,7.4845879]],[[-74.8543975,4.1818887],[-74.8585616,4.2029852],[-74.8718654,4.1858576]],[[-74.8820867,4.202685],[-74.87203,4.2276963],[-74.9016977,4.2153973],[-74.8820867,4.202685]],[[-74.8756596,4.2524359],[-74.8952966,4.2421495],[-74.8833338,4.2329169],[-74.8756596,4.2524359]],[[-74.8502019,4.2714958],[-74.8460372,4.2366115],[-74.8145392,4.2537281]],[[-73.7706686,5.0099799],[-73.7711837,5.0206162],[-73.7590499,5.0536607],[-73.7690943,5.0623155]],[[-73.6646326,5.1537787],[-73.6896733,5.1607163],[-73.7027999,5.1364244],[-73.6750004,5.1329169],[-73.6646326,5.1537787]],[[-74.0147059,4.4034183],[-74.0095219,4.4355821],[-74.0319375,4.403478],[-74.0147059,4.4034183]],[[-74.1089222,4.4393098],[-74.1269989,4.4183002],[-74.1351013,4.4011002],[-74.1340865,4.3824547]],[[-74.1340865,4.3824547],[-74.1315922,4.3795599],[-74.1089222,4.4393098]],[[-74.0388513,4.4529771],[-74.0534021,4.4402045],[-74.0250004,4.4329169],[-74.0388513,4.4529771]],[[-74.0994038,4.4489063],[-74.0713465,4.4664781],[-74.0684387,4.4792788]],[[-74.0684387,4.4792788],[-74.075798,4.4805002]],[[-74.075798,4.4805002],[-74.0774994,4.4713001],[-74.0994038,4.4489063]],[[-74.6791,7.0974436],[-74.701156,7.1085964],[-74.7243657,7.0901556],[-74.7187992,7.0787502],[-74.7234786,7.0691677],[-74.6916671,7.0662502],[-74.6777232,7.0942025],[-74.6791,7.0974436]],[[-75.5587997,6.1803002],[-75.5698013,6.1785998],[-75.5911026,6.1862001]],[[-75.6088229,6.0981014],[-75.6068445,6.1113877],[-75.5794926,6.1108425],[-75.5663779,6.1259322]],[[-71.7798736,6.8073249],[-71.7861332,6.7864243],[-71.7583338,6.7829169],[-71.7478276,6.8040513],[-71.7753701,6.8099672],[-71.7798736,6.8073249]],[[-77.7244437,0.9736453],[-77.7527999,0.953091],[-77.7261402,0.9497274]],[[-74.5122975,4.5530829],[-74.4968917,4.5654201],[-74.5150802,4.5799831],[-74.5280295,4.5783736]],[[-74.4666671,4.5995835],[-74.4628895,4.5851681]],[[-74.4628895,4.5851681],[-74.4476833,4.5953592]],[[-74.4476833,4.5953592],[-74.4666671,4.5995835]],[[-74.4666671,4.5995835],[-74.4564539,4.6143744],[-74.4259188,4.6354562],[-74.4276285,4.6418927],[-74.4544763,4.6613186],[-74.4912195,4.6328477],[-74.4848067,4.6042385],[-74.4666671,4.5995835]],[[-75.7646977,5.2498602],[-75.7984623,5.2613186],[-75.7948979,5.2454169],[-75.8002283,5.2216294],[-75.7750004,5.2079169],[-75.7646977,5.2498602]],[[-74.8702966,5.1948798],[-74.8695642,5.2282131],[-74.9308679,5.2041164],[-74.909408,5.1818426],[-74.8833338,5.1745835],[-74.8702966,5.1948798]],[[-73.7877444,5.3423344],[-73.7889897,5.3478868],[-73.8149002,5.3420765]],[[-73.8149002,5.3420765],[-73.8116989,5.3274002],[-73.7982178,5.3272319]],[[-77.5139498,1.4898267],[-77.5141777,1.4997181],[-77.526619,1.4932061],[-77.528322,1.4919158],[-77.5139498,1.4898267]],[[-73.1442957,7.2759304],[-73.1601567,7.2606105],[-73.1416671,7.2579169],[-73.1442957,7.2759304]],[[-72.285824,4.8356594],[-72.2950688,4.8123928],[-72.2666671,4.8079169],[-72.285824,4.8356594]],[[-76.9916671,1.1329169],[-76.9916671,1.1579169],[-77.0083337,1.1579169],[-77.0083337,1.1329169],[-76.9916671,1.1329169]],[[-76.1307052,1.7361965],[-76.1453699,1.722077],[-76.1250004,1.7162502],[-76.1307052,1.7361965]],[[-76.1583337,1.7662502],[-76.1583337,1.7829169],[-76.1833337,1.7829169],[-76.1833337,1.7662502],[-76.1583337,1.7662502]],[[-76.0530371,1.8815405],[-76.1075769,1.858511],[-76.1033533,1.8371242],[-76.0606938,1.8206773],[-76.0333337,1.8162502],[-76.0121423,1.8337958],[-76.0098231,1.8520107]],[[-76.0098231,1.8520107],[-76.0530371,1.8815405]],[[-75.0730798,6.9245835],[-75.0982996,6.9189276],[-75.094963,6.9040432],[-75.0666671,6.8995835],[-75.0730798,6.9245835]],[[-72.8447433,6.823965],[-72.8611332,6.8094305],[-72.8416671,6.7995835],[-72.8447433,6.823965]],[[-75.6166671,4.9495835],[-75.6258296,4.9470102],[-75.6249171,4.9448228],[-75.6166671,4.9495835]],[[-75.6166671,4.9495835],[-75.5909428,4.9635647],[-75.5692713,4.994953],[-75.5759964,5.0052811]],[[-75.5759964,5.0052811],[-75.5904007,4.9858999],[-75.6203995,4.9791002]],[[-75.6272964,4.9721606],[-75.6166671,4.9495835]],[[-75.428472,5.0135707],[-75.4400024,5.0165],[-75.4682731,5.0098567]],[[-75.4682731,5.0098567],[-75.4389083,5.0055161],[-75.428472,5.0135707]],[[-75.5050494,5.0152927],[-75.5263977,5.0267],[-75.5484009,5.0296998],[-75.5602051,5.0249895]],[[-75.5602051,5.0249895],[-75.5536951,5.0090765],[-75.5050494,5.0152927]],[[-74.8529952,7.487287],[-74.8643966,7.5029852],[-74.8867354,7.4818711],[-74.8583338,7.4745835],[-74.8529952,7.487287]],[[-74.8202162,7.5870813],[-74.7983132,7.6133554]],[[-74.7983132,7.6133554],[-74.8250655,7.6198797],[-74.8202162,7.5870813]],[[-75.7452701,4.6826722],[-75.7950362,4.7042548],[-75.8125004,4.7024766],[-75.8516524,4.7064683],[-75.8234596,4.6810606]],[[-75.7601961,4.7105317],[-75.745903,4.7043329]],[[-73.4701,5.4993829],[-73.4893233,5.5107937],[-73.4953583,5.4998999],[-73.4920707,5.485315],[-73.4715178,5.4833748],[-73.4701,5.4993829]],[[-76.1378277,4.426358],[-76.1622888,4.4358669],[-76.168101,4.404775]],[[-75.5361332,7.9301174],[-75.5694666,7.9305161],[-75.5557377,7.9024074],[-75.5333338,7.8995835],[-75.5361332,7.9301174]],[[-75.5890385,8.0028672],[-75.6037032,7.9887396],[-75.5833338,7.9829169],[-75.5890385,8.0028672]],[[-75.4295899,7.9961565],[-75.4444747,7.9932155],[-75.435059,7.9455715],[-75.4083338,7.9412502],[-75.3951502,7.9613959],[-75.3946375,8.0030625],[-75.4119197,7.9996478],[-75.4295899,7.9961565]],[[-75.4452966,6.6626206],[-75.4582035,6.6698797],[-75.47863,6.6391953],[-75.4416671,6.6329169],[-75.4452966,6.6626206]],[[-73.2838058,6.2653998],[-73.3038172,6.277383],[-73.3111332,6.2535142],[-73.2916671,6.2495835],[-73.2838058,6.2653998]],[[-75.6390385,5.5612006],[-75.6537032,5.5470729],[-75.6333338,5.5412502],[-75.6390385,5.5612006]],[[-75.8087162,2.1173326],[-75.8365076,2.1118068],[-75.8166671,2.0995835],[-75.8087162,2.1173326]],[[-75.9807968,2.1947999],[-75.9814197,2.1939993]],[[-75.9814197,2.1939993],[-75.9763883,2.1991273]],[[-76.4882654,0.4878485],[-76.4781091,0.4948554],[-76.482992,0.5166653],[-76.5243982,0.5321519],[-76.5141524,0.4864651],[-76.4916671,0.4829169],[-76.4882654,0.4878485]],[[-75.0359542,4.914118],[-75.038656,4.9324245],[-75.074561,4.9448798],[-75.0869633,4.907278],[-75.0416671,4.8995835],[-75.0359542,4.914118]],[[-73.4794178,6.0662502],[-73.4916671,6.0662502],[-73.4916671,6.0495835],[-73.4666671,6.0495835],[-73.4666671,6.0584968],[-73.4794178,6.0662502]],[[-77.2140385,2.0528632],[-77.2287032,2.0387437],[-77.2083337,2.0329169],[-77.2140385,2.0528632]],[[-75.0237146,6.3103867],[-75.0450688,6.2902045],[-75.0166671,6.2829169],[-75.0237146,6.3103867]],[[-74.6625769,4.3895182],[-74.6682078,4.3902995],[-74.6871912,4.3715155],[-74.6583338,4.3662502],[-74.6625769,4.3895182]],[[-73.9403307,5.0817667],[-73.9541671,5.0960883],[-73.9621912,5.0867743],[-73.983228,5.0773871],[-74.0038578,5.053441],[-74.0365564,5.0347989]],[[-73.9557571,5.02952],[-73.941803,5.0414],[-73.9533005,5.0535998],[-73.9440994,5.0657001],[-73.9403307,5.0817667]],[[-73.1500004,7.2079169],[-73.1500679,7.2080747],[-73.1502508,7.207961],[-73.1500004,7.2079169]],[[-73.1500004,7.2079169],[-73.1551111,7.1895493],[-73.1780397,7.1616946]],[[-73.1780397,7.1616946],[-73.1815033,7.1275001],[-73.1884003,7.1096001],[-73.1843033,7.0732002],[-73.1802979,7.0662999],[-73.1601028,7.0633001],[-73.1473999,7.0504999]],[[-73.1473999,7.0504999],[-73.1300964,7.0567999],[-73.0943985,7.0977001],[-73.0759964,7.1097002],[-73.0626984,7.1293001]],[[-73.0777969,7.1802001],[-73.0864029,7.1837001]],[[-73.0931897,7.1869916],[-73.100448,7.1865586],[-73.1158696,7.2201646],[-73.1500004,7.2079169]],[[-75.7253227,4.5666691],[-75.7369773,4.5817711]],[[-75.6690979,4.5727],[-75.6565018,4.5801001],[-75.6437988,4.5939002],[-75.639801,4.6113],[-75.639801,4.6322461]],[[-75.639801,4.6322461],[-75.6570235,4.6272243],[-75.6525151,4.5967312],[-75.6654627,4.5752712],[-75.6723882,4.5724368]],[[-74.3805343,4.6675197],[-74.4000004,4.6580145],[-74.4128992,4.6643134],[-74.4277999,4.6510972],[-74.4055343,4.6467841],[-74.3861332,4.652383],[-74.3805343,4.6675197]],[[-77.5136726,0.9639406],[-77.5103601,0.9706041],[-77.5203129,0.9857164],[-77.5246053,0.9619324],[-77.5136726,0.9639406]],[[-76.5557052,5.2778672],[-76.5703699,5.2637396],[-76.5500004,5.2579169],[-76.5557052,5.2778672]],[[-67.9086824,3.8597],[-67.9118575,3.8759385],[-67.9217261,3.8815109]],[[-67.9217261,3.8815109],[-67.9086824,3.8597]],[[-75.8186821,6.5695723],[-75.8287927,6.5782131],[-75.8452966,6.5652492],[-75.8280424,6.5355103]],[[-75.4197921,5.8001369],[-75.4443933,5.7959255],[-75.4349858,5.7781602],[-75.4166671,5.7745835],[-75.4197921,5.8001369]],[[-72.7902068,5.3228999],[-72.8115005,5.2759964]],[[-72.8209168,5.2430563],[-72.831812,5.2049424],[-72.7916671,5.1745835],[-72.7879643,5.17921],[-72.7565597,5.1881903],[-72.7438237,5.2184068],[-72.7215846,5.2277782]],[[-76.089355,4.5114691],[-76.0618738,4.5142727],[-76.0333337,4.5079169],[-76.0261058,4.5271483],[-76.0419427,4.5348435],[-76.0468704,4.5374843]],[[-75.4307052,2.9028632],[-75.4453699,2.8887437],[-75.4250004,2.8829169],[-75.4307052,2.9028632]],[[-76.9267621,1.2152805],[-76.9455245,1.2103746],[-76.938467,1.1999959]],[[-75.7609623,7.1842637],[-75.7768233,7.1689439],[-75.7583338,7.1662502],[-75.7609623,7.1842637]],[[-75.143783,1.9141343],[-75.1771163,1.9144273],[-75.1648604,1.901732],[-75.1416671,1.8995835],[-75.143783,1.9141343]],[[-73.9343033,5.0026999],[-73.9404526,5.0025582]],[[-73.962814,4.9201065],[-73.9603805,4.9176167]],[[-73.9187285,4.9162687],[-73.9015569,4.9437769]],[[-76.2166671,4.0162502],[-76.2334477,4.0113267],[-76.2569584,3.9732123],[-76.29078,3.9523505],[-76.2954886,3.9466816]],[[-76.2693296,3.9393622],[-76.2206466,3.9851182],[-76.2166671,4.0162502]],[[-76.2166671,4.0162502],[-76.2045309,4.0300856]],[[-76.2207096,4.0418101],[-76.2166671,4.0162502]],[[-77.3283984,1.6726884],[-77.3355125,1.6735087],[-77.3455977,1.6605455],[-77.3333337,1.6495835],[-77.3283984,1.6726884]],[[-74.7299463,5.3342939],[-74.7281449,5.3514364],[-74.7298263,5.3613389],[-74.75363,5.3408881],[-74.7299463,5.3342939]],[[-74.6907938,5.4635434],[-74.6925964,5.4807],[-74.6873786,5.4961301]],[[-74.6873786,5.4961301],[-74.6952966,5.4940131],[-74.6907938,5.4635434]],[[-74.4628895,4.5851681],[-74.4543705,4.5526597],[-74.4462162,4.5624701],[-74.4194015,4.5790106],[-74.4295535,4.6062126],[-74.4417895,4.5994326],[-74.4476833,4.5953592]],[[-73.0473718,5.5695339],[-73.0620366,5.5554063],[-73.0416671,5.5495835],[-73.0473718,5.5695339]],[[-73.3690428,5.1021991],[-73.3784021,5.0801092],[-73.3583338,5.0662502],[-73.3469649,5.0933173],[-73.3676511,5.1025145],[-73.3690428,5.1021991]],[[-75.0259337,4.353918],[-75.0393483,4.3629853],[-75.0390225,4.3572692],[-75.0383493,4.3569002]],[[-74.6907938,5.4635434],[-74.6863285,5.4333278],[-74.6713709,5.4292873],[-74.65363,5.4365464],[-74.6454106,5.4471991],[-74.6286869,5.4447292],[-74.6213709,5.4638495],[-74.6379724,5.4613959],[-74.6452966,5.4792873],[-74.6723312,5.5001532],[-74.6873786,5.4961301]],[[-76.4250004,3.0495835],[-76.4080652,3.0207749],[-76.3959965,3.0440415],[-76.4250004,3.0495835]],[[-76.4881114,2.9742139],[-76.476213,2.9813951],[-76.4521895,2.9778387],[-76.4608972,3.0367987],[-76.4809646,3.0595388]],[[-76.4856478,3.0800131],[-76.4666671,3.0745835],[-76.4723718,3.0945298],[-76.4855583,3.0818337],[-76.4856478,3.0800131]],[[-76.4236414,3.1017483],[-76.440129,3.1113186],[-76.4346847,3.0870266],[-76.4166671,3.0745835],[-76.4236414,3.1017483]],[[-76.3769535,3.1374253],[-76.3893477,3.152383],[-76.4027999,3.1285142],[-76.3833337,3.1245835],[-76.3769535,3.1374253]],[[-76.4555401,3.1504023],[-76.4447677,3.1455756],[-76.4287032,3.1629136],[-76.429338,3.1788967],[-76.4160323,3.1912258],[-76.4043298,3.1785915],[-76.3844242,3.1705756],[-76.3905789,3.1881387]],[[-75.2443053,3.0164513],[-75.2336349,3.0330878],[-75.2475834,3.060871],[-75.2598728,3.0384524]],[[-75.2598728,3.0384524],[-75.2443053,3.0164513]],[[-76.5598774,0.5833469],[-76.5631596,0.6113349],[-76.5869633,0.5908921],[-76.5611948,0.5837139],[-76.5598774,0.5833469]],[[-76.6035649,0.7020412],[-76.6112065,0.6804836],[-76.6000004,0.6745835],[-76.6035649,0.7020412]],[[-74.6121007,5.9645947],[-74.5666671,5.9579169],[-74.5600102,5.9768988],[-74.5909103,6.0035915],[-74.5931657,5.9994408]],[[-74.544784,6.0708156],[-74.5569991,6.0863186],[-74.5700688,6.0547349],[-74.5500004,6.0495835],[-74.544784,6.0708156]],[[-74.5837895,6.1197007],[-74.5955978,6.0976101],[-74.5750004,6.0912502],[-74.5837895,6.1197007]],[[-74.5500004,6.1995835],[-74.5464767,6.1815619],[-74.5292973,6.1718614],[-74.5222742,6.196194],[-74.5500004,6.1995835]],[[-74.5500004,6.1995835],[-74.5330705,6.2150576],[-74.5384345,6.2213735],[-74.5545496,6.2283636],[-74.5667892,6.2430935],[-74.5797693,6.2204169],[-74.5659835,6.1963365],[-74.5794926,6.1949571],[-74.5927159,6.210873],[-74.5931591,6.2102372],[-74.5878748,6.1782863],[-74.5621505,6.1782904],[-74.5500004,6.1995835]],[[-75.8730473,1.8119452],[-75.8954838,1.8190497],[-75.9027999,1.7951809],[-75.8833338,1.7912502],[-75.8730473,1.8119452]],[[-74.4583338,4.8829169],[-74.433879,4.8667548],[-74.4371304,4.8812736],[-74.450137,4.9004309],[-74.4583338,4.8829169]],[[-72.9595648,5.7114926],[-72.9578292,5.7037502],[-72.9671228,5.6623114],[-72.9500004,5.6579169],[-72.9440353,5.6811509],[-72.9291671,5.6778143],[-72.9147465,5.6810492],[-72.8965987,5.7128485],[-72.8861982,5.7200254]],[[-72.9017029,5.7382998],[-72.9063034,5.7330999],[-72.9595648,5.7114926]],[[-75.4551925,3.736465],[-75.5061365,3.7276923],[-75.5034916,3.7123114],[-75.4666671,3.7079169],[-75.4551925,3.736465]],[[-76.6666671,2.9412502],[-76.6488774,2.9571438],[-76.6371668,2.9787014],[-76.6461918,3.0038723],[-76.6294031,3.0188788],[-76.6477543,3.023021],[-76.6719324,3.0119208],[-76.6872644,2.9785142],[-76.7094812,2.9376369],[-76.6718673,2.9580796],[-76.6666671,2.9412502]],[[-76.5880869,3.0994904],[-76.6118901,3.0896226],[-76.5916671,3.0745835],[-76.5883026,3.0829499]],[[-77.6233204,0.795625],[-77.5706791,0.8021714],[-77.5629643,0.8302476],[-77.5882247,0.8271063],[-77.5924595,0.8474287]],[[-67.9217261,3.8815109],[-67.9290369,3.885639],[-67.93606,3.8613064],[-67.9086824,3.8597]],[[-75.6166671,5.0079169],[-75.6223718,5.0278672],[-75.6321553,5.0184421],[-75.6316947,5.0122126],[-75.6166671,5.0079169]],[[-75.6917307,5.0767998],[-75.6416671,5.0745835],[-75.643783,5.0891302],[-75.6768559,5.0933702],[-75.6930416,5.0776124],[-75.6917307,5.0767998]],[[-75.5050494,5.0152927],[-75.4682731,5.0098567]],[[-75.428472,5.0135707],[-75.4130375,5.0254828],[-75.4202966,5.045954],[-75.4485193,5.0677354],[-75.4758549,5.103148],[-75.4975978,5.1126476]],[[-75.5333744,5.1176584],[-75.5947026,5.1072414],[-75.5979985,5.0849147],[-75.5717045,5.0888007],[-75.5679122,5.0631333],[-75.5791671,5.0614691],[-75.6163009,5.0669541],[-75.5963709,5.0339178],[-75.6166671,5.0079169]],[[-75.6166671,5.0079169],[-75.6331024,4.9941944]],[[-75.5759964,5.0052811],[-75.5804285,5.0120876],[-75.5666671,5.0329169],[-75.5602051,5.0249895]],[[-74.6055877,4.2519452],[-74.6026573,4.2632076]],[[-73.1317978,6.9973001],[-73.1405029,7.0065999],[-73.1473999,7.0504999]],[[-73.1780397,7.1616946],[-73.2062988,7.1407456]],[[-73.2210092,7.0947318],[-73.20363,7.0876206],[-73.1963709,7.0282131],[-73.186825,7.0208441],[-73.1895593,7.0023016],[-73.1600672,6.9376206],[-73.1458338,6.9639309],[-73.1259282,6.960989],[-73.1276965,6.9729635]],[[-73.6311609,4.827855],[-73.6539311,4.8168524],[-73.6250004,4.8079169],[-73.6311609,4.827855]],[[-78.3192957,2.3592596],[-78.3351567,2.3439439],[-78.3166671,2.3412502],[-78.3192957,2.3592596]],[[-77.0665458,1.5233033],[-77.089003,1.4850712]],[[-77.0192254,1.4963905],[-77.0108688,1.5105566]],[[-73.0758469,7.1805931],[-73.0854778,7.1874517]],[[-74.0660035,4.4899994],[-74.075798,4.4805002]],[[-74.0684387,4.4792788],[-74.0660035,4.4899994]],[[-74.0542065,4.5078993],[-74.0397628,4.5143459],[-74.0236572,4.5504364]],[[-74.0257034,4.5514002],[-74.0469971,4.5324001],[-74.0542065,4.5078993]],[[-72.6921228,6.5447007],[-72.7039311,6.5226101],[-72.6833338,6.5162502],[-72.6921228,6.5447007]],[[-72.9483189,5.768681],[-72.9573735,5.755565],[-72.9531092,5.7365261],[-72.9635584,5.7293076],[-72.9595648,5.7114926]],[[-72.982933,5.7826538],[-72.999895,5.7784804]],[[-72.999895,5.7784804],[-72.996322,5.7692206],[-72.9652023,5.7544379],[-72.9701021,5.7792278]],[[-76.738227,2.273039],[-76.74144,2.2749623]],[[-76.7388992,2.2713001],[-76.738227,2.273039]],[[-76.6853606,2.3251784],[-76.6962967,2.3566],[-76.6949583,2.3648115]],[[-76.6949583,2.3648115],[-76.7121179,2.3330308],[-76.6853606,2.3251784]],[[-77.5140385,0.8695298],[-77.5287032,0.8554104],[-77.5083337,0.8495835],[-77.5140385,0.8695298]],[[-77.5416671,0.8829169],[-77.5323616,0.8792097],[-77.5385239,0.8820328],[-77.5416671,0.8829169]],[[-77.5416671,0.8829169],[-77.5414712,0.8833831]],[[-77.5597184,0.8977537],[-77.5784021,0.8690578],[-77.5617354,0.8696519],[-77.5416671,0.8829169]],[[-76.2855963,1.8937876],[-76.2924158,1.8888739],[-76.2744714,1.8688788],[-76.2544672,1.86673]],[[-75.618482,4.5458702],[-75.6368168,4.5924994],[-75.6202966,4.6198798],[-75.6130375,4.6400498],[-75.639801,4.6322461]],[[-76.1250004,6.2995835],[-76.1250004,6.3329169],[-76.1416671,6.3329169],[-76.1416671,6.2995835],[-76.1250004,6.2995835]],[[-75.0676421,6.5455619],[-75.1021977,6.5506659],[-75.1101402,6.5357108],[-75.1107123,6.5320655],[-75.0666671,6.5245835],[-75.049944,6.5346457]],[[-77.8389083,0.8188462],[-77.8618901,0.8000962],[-77.8477393,0.7968755],[-77.8389083,0.8188462]],[[-76.6254561,2.7697007],[-76.6372644,2.7476141],[-76.6166671,2.7412502],[-76.6254561,2.7697007]],[[-73.7604252,3.4519314],[-73.7696212,3.4371364],[-73.7500004,3.4329169],[-73.7604252,3.4519314]],[[-73.7161709,3.5810171],[-73.7263337,3.5844653],[-73.7312065,3.58369],[-73.7310388,3.5579169],[-73.7219324,3.5173041],[-73.7049321,3.5128485],[-73.6867355,3.5196519],[-73.6731287,3.5393703],[-73.6927682,3.5647122]],[[-77.1417403,1.1578681],[-77.1498865,1.1745429],[-77.1666264,1.1663641],[-77.1557947,1.1441799],[-77.1417403,1.1578681]],[[-77.2916671,1.1329169],[-77.2838464,1.1419908],[-77.2275476,1.1771307],[-77.1802494,1.1913723],[-77.2038578,1.2290595],[-77.2438643,1.2577867],[-77.2650964,1.2824367],[-77.288363,1.2694485],[-77.3329675,1.2943345],[-77.3489425,1.2657131],[-77.3215824,1.2271389],[-77.353752,1.2297186],[-77.3562585,1.1985175],[-77.3456873,1.1862372],[-77.3354903,1.2201076],[-77.3247563,1.1941311],[-77.3432133,1.16105],[-77.3294763,1.1451076],[-77.3121912,1.1373928],[-77.3043298,1.1282701],[-77.2916671,1.1329169]],[[-77.3557052,1.3028632],[-77.3703699,1.2887437],[-77.3500004,1.2829169],[-77.3557052,1.3028632]],[[-77.2825012,1.3679],[-77.2916671,1.3683545]],[[-77.2916671,1.3683545],[-77.2916671,1.3495835],[-77.2825012,1.3495835]],[[-70.2250004,1.2412502],[-70.2250004,1.2662502],[-70.2416671,1.2662502],[-70.2416671,1.2412502],[-70.2250004,1.2412502]],[[-74.5803822,4.5169811],[-74.583519,4.5222641],[-74.5900639,4.5332871],[-74.612419,4.5131415],[-74.5750004,4.5079169],[-74.5803822,4.5169811]],[[-75.6497726,7.8941026],[-75.6736821,7.9094102],[-75.6949223,7.8785386],[-75.6583338,7.8745835],[-75.6497726,7.8941026]],[[-76.5291518,2.4999265],[-76.5284102,2.5186102],[-76.560824,2.5535874],[-76.5796635,2.5454332],[-76.5790269,2.5293672]],[[-76.5500004,2.5745835],[-76.5685958,2.5705796],[-76.5607507,2.5549628],[-76.5500004,2.5745835]],[[-76.5500004,2.5745835],[-76.5492336,2.5745835]],[[-76.5492336,2.5745835],[-76.550623,2.5758361]],[[-76.550623,2.5758361],[-76.5500004,2.5745835]],[[-75.2065484,2.8589921],[-75.1955978,2.8706529],[-75.2324304,2.8875555],[-75.2210698,2.9123195],[-75.162769,2.9303208],[-75.179574,2.9453355],[-75.1662276,2.969896],[-75.1793787,2.9706773],[-75.1933028,2.955093],[-75.2544031,2.9868475],[-75.2677901,3.0018296],[-75.3043868,3.0040106],[-75.3307459,2.9515123],[-75.3210698,2.9201809],[-75.3039311,2.9123195],[-75.2858069,2.8773528]],[[-75.2598728,3.0384524],[-75.2803797,3.0299628],[-75.2862879,3.0196519],[-75.2443053,3.0164513]],[[-75.3000004,3.0912502],[-75.3103683,3.0623602],[-75.2794031,3.072842],[-75.3000004,3.0912502]],[[-76.4869054,3.9494182],[-76.503101,3.9207709],[-76.4898695,3.9177449]],[[-73.0328575,5.8688117],[-73.0534835,5.8530625],[-73.0798507,5.8377712],[-73.0891036,5.7916164],[-73.1150034,5.796736]],[[-73.1005971,5.7605281],[-73.0952397,5.7744167],[-73.0514083,5.7657538],[-73.0458936,5.7692553],[-73.0277296,5.7807884],[-73.0060877,5.7945298],[-72.999895,5.7784804]],[[-72.9416671,4.0745835],[-72.9416671,4.0995835],[-72.9750004,4.0995835],[-72.9750004,4.0745835],[-72.9416671,4.0745835]],[[-76.0098231,1.8520107],[-76.0048507,1.891063],[-76.0530371,1.8815405]],[[-75.9333144,1.9912],[-75.9450688,1.9634426],[-75.9250004,1.9495835],[-75.9182296,1.977147],[-75.9291662,1.9912],[-75.9333144,1.9912]],[[-73.1661436,6.5443302],[-73.1666671,6.5412502],[-73.1566041,6.5395411]],[[-74.3544031,4.5039862],[-74.3299809,4.5258083],[-74.3552983,4.5368475],[-74.3740076,4.4960883],[-74.3583338,4.4912502],[-74.3544031,4.5039862]],[[-74.2081685,4.4601248],[-74.2025986,4.4763999],[-74.1957016,4.5145001],[-74.1968994,4.5352998],[-74.2158966,4.5809999],[-74.2246017,4.5874],[-74.2297974,4.6261001]],[[-74.2961502,4.6109297],[-74.2978276,4.5577541],[-74.2818222,4.519269]],[[-74.2417984,4.4777122],[-74.2196212,4.494896],[-74.2215906,4.4619208],[-74.2081685,4.4601248]],[[-73.5135161,5.6225893],[-73.5108718,5.6492359]],[[-76.9750977,2.1185999],[-76.9688568,2.126563]],[[-76.9688568,2.126563],[-76.9728683,2.1363186],[-77.0034021,2.1068752],[-76.9913766,2.1037878]],[[-77.4750004,1.0245835],[-77.4930099,1.021955],[-77.4776941,1.006094],[-77.4750004,1.0245835]],[[-76.7723718,2.0111965],[-76.7870365,1.997077],[-76.7666671,1.9912502],[-76.7723718,2.0111965]],[[-76.9693647,2.1130091],[-76.9688568,2.126563]],[[-76.7723718,2.1278632],[-76.7870365,2.1137437],[-76.7666671,2.1079169],[-76.7723718,2.1278632]],[[-75.6575866,6.34433],[-75.6628829,6.3450303],[-75.7050053,6.3783636],[-75.7204513,6.3635443],[-75.7109054,6.3086411],[-75.692839,6.2936346],[-75.7070479,6.2558173],[-75.6962162,6.1950303],[-75.6817312,6.1750573]],[[-75.4818943,6.2061267],[-75.4812884,6.2102277]],[[-75.1750004,6.0495835],[-75.1750004,6.0662502],[-75.2000004,6.0662502],[-75.2000004,6.0495835],[-75.1750004,6.0495835]],[[-75.3040009,6.0949001],[-75.3038425,6.0944629]],[[-75.3038425,6.0944629],[-75.3038029,6.0948512]],[[-75.1745284,5.6278225],[-75.1952966,5.604446],[-75.1666671,5.5995835],[-75.1745284,5.6278225]],[[-73.9213303,5.0184089],[-73.9236007,5.0673529],[-73.9403307,5.0817667]],[[-73.8763176,5.0549862],[-73.8688102,5.0671229],[-73.8708256,5.0836167],[-73.8952966,5.0656114],[-73.8763176,5.0549862]],[[-73.9083338,5.1162502],[-73.8936882,5.12907],[-73.9071596,5.1255561],[-73.9083338,5.1162502]],[[-74.8202162,7.5870813],[-74.8165287,7.5621405],[-74.7916671,7.5579169],[-74.779867,7.6088568],[-74.7983132,7.6133554]],[[-75.2474999,6.1472682],[-75.2481317,6.148371]],[[-75.1807052,6.1528672],[-75.1953699,6.1387396],[-75.1750004,6.1329169],[-75.1807052,6.1528672]],[[-73.8149002,5.3420765],[-73.8403162,5.3061387],[-73.8280766,5.2873399],[-73.8000004,5.2829169],[-73.7914527,5.2958514]],[[-73.9166671,7.0162502],[-73.9140385,6.9982367],[-73.9015532,7.0102959],[-73.9028413,7.014236],[-73.9166671,7.0162502]],[[-73.041281,7.0611851],[-73.0378526,7.1186514]],[[-75.3799076,6.4942613],[-75.4092045,6.502912],[-75.403158,6.4789089],[-75.3750004,6.4745835],[-75.3799076,6.4942613]],[[-74.1089222,4.4393098],[-74.0994038,4.4489063]],[[-74.0660035,4.4899994],[-74.0628097,4.5040594],[-74.0542065,4.5078993]],[[-74.0101013,4.6229],[-74.0158997,4.6276002],[-74.0315018,4.6171999],[-74.0348969,4.6317],[-74.0257034,4.6536002],[-74.0326996,4.6732998],[-74.0240021,4.7090001],[-74.0304031,4.7772002],[-74.0229034,4.7951002]],[[-74.2081685,4.4601248],[-74.1916671,4.4579169],[-74.1916671,4.4245835],[-74.1750004,4.4162502],[-74.1515629,4.402737],[-74.1340865,4.3824547]],[[-69.925815,-4.1974948],[-69.9309412,-4.1790867],[-69.9285323,-4.1627862],[-69.9324305,-4.1467869],[-69.9452967,-4.1634535],[-69.9590662,-4.1740818],[-69.9486951,-4.2280486],[-69.9292221,-4.212647],[-69.925815,-4.1974948]],[[-75.6790043,6.8598456],[-75.6946212,6.8520046],[-75.6750004,6.8412502],[-75.6790043,6.8598456]],[[-75.4114372,6.0759866],[-75.4083338,6.0829169],[-75.4116613,6.0842154]],[[-75.4097099,6.0907132],[-75.4083338,6.0912502],[-75.4072808,6.0957233]],[[-75.396487,6.0991415],[-75.3841069,6.0785183],[-75.3961921,6.0588999]],[[-75.3724976,6.0594001],[-75.3658698,6.0564539]],[[-75.3658698,6.0564539],[-75.3482752,6.0640855],[-75.3295496,6.0533636],[-75.3029301,6.0458034],[-75.3058679,6.0745835],[-75.3038425,6.0944629]],[[-76.1703549,4.1598116],[-76.1583337,4.1579169],[-76.1428471,4.2202826],[-76.1619308,4.2279852],[-76.1700688,4.1863186],[-76.1805075,4.1702894],[-76.1703549,4.1598116]],[[-73.3433748,5.416958],[-73.3565974,5.406348]],[[-73.3542073,5.3978503],[-73.3536378,5.3976111]],[[-73.3619325,5.4836561],[-73.3500004,5.4829169],[-73.3465987,5.4961818],[-73.3314671,5.5018425]],[[-73.3361969,5.5039001],[-73.3424988,5.5021],[-73.3619325,5.4836561]],[[-75.8038747,4.2050967],[-75.7750004,4.1995835],[-75.7801111,4.2263495],[-75.8038945,4.2052191],[-75.8038747,4.2050967]],[[-75.8268467,4.3188626],[-75.8130245,4.3249248]],[[-75.0021792,3.9270352],[-75.0193689,3.9440497],[-75.0302038,3.9226322]],[[-74.953866,4.0427964],[-74.9749679,4.0527614],[-74.9865076,4.0200954],[-74.9500004,4.0162502],[-74.953866,4.0427964]],[[-75.1075296,4.1320567],[-75.0833338,4.1245835],[-75.0894942,4.1445217],[-75.1017339,4.1386074],[-75.1075296,4.1320567]],[[-75.6358846,5.4429495],[-75.6369226,5.4695786],[-75.6524425,5.4656684]],[[-73.2384412,6.5877106],[-73.2364262,6.6126939],[-73.2617413,6.6253548]],[[-73.2617413,6.6253548],[-73.2498016,6.6107998],[-73.2384412,6.5877106]],[[-73.220671,6.6431789],[-73.2362879,6.6353379],[-73.2166671,6.6245835],[-73.220671,6.6431789]],[[-76.118726,6.7788682],[-76.1277022,6.7940497],[-76.1402104,6.7693223],[-76.1250004,6.7662502],[-76.118726,6.7788682]],[[-75.5677059,1.5790515],[-75.5462976,1.5832668],[-75.5602598,1.6070189]],[[-74.2083338,4.8412502],[-74.2089932,4.8415324]],[[-74.2680582,4.8045563],[-74.2338546,4.8047797],[-74.2500004,4.7912502],[-74.2686919,4.803677]],[[-74.3321063,4.7554426],[-74.304867,4.7307115],[-74.2929002,4.6746886]],[[-74.2033735,4.8140604],[-74.2083338,4.8412502]],[[-74.2953699,4.772073],[-74.2807052,4.7862006],[-74.2750004,4.7662502],[-74.2953699,4.772073]],[[-74.2083338,4.8412502],[-74.2060841,4.8432603]],[[-74.2084412,4.8418602],[-74.2083338,4.8412502]],[[-75.9556645,5.9717189],[-75.9944666,5.9721828],[-75.9852625,5.9533392],[-75.9666671,5.9495835],[-75.9556645,5.9717189]],[[-77.2807239,1.3745835],[-77.2916671,1.3683545]],[[-77.2897942,1.4162707],[-77.2950688,1.3993557],[-77.2821066,1.3962484]],[[-73.8916671,7.3745835],[-73.8950362,7.3884792],[-73.9186609,7.3899847],[-73.9282556,7.3579087],[-73.898145,7.3296657],[-73.8800785,7.3398301],[-73.8916671,7.3662502],[-73.9163823,7.3549424],[-73.9111739,7.3701239],[-73.8916671,7.3745835]],[[-73.9328973,7.4718998],[-73.9166671,7.4579169],[-73.9115971,7.471723],[-73.9189261,7.4845879]],[[-72.7389308,6.7152469],[-72.7507247,6.7069647],[-72.7395161,6.686244]],[[-74.8896326,4.8704453],[-74.9146733,4.877383],[-74.9277999,4.853091],[-74.9000004,4.8495835],[-74.8896326,4.8704453]],[[-76.7298463,2.2566018],[-76.7254724,2.2654039],[-76.738227,2.273039]],[[-76.6853606,2.3251784],[-76.6552657,2.3507229],[-76.6876388,2.3783677],[-76.6949583,2.3648115]],[[-73.2250004,6.5329169],[-73.2462976,6.5366237],[-73.2620366,6.5458767],[-73.2983647,6.5532904],[-73.2942794,6.5204169],[-73.2960203,6.506414]],[[-73.2835099,6.4993653],[-73.279631,6.50421],[-73.2537032,6.5116237],[-73.2316899,6.5245672],[-73.2250004,6.5329169]],[[-73.2250004,6.5329169],[-73.2117004,6.5329169]],[[-73.2250004,6.5552077],[-73.2250004,6.5329169]],[[-73.2617413,6.6253548],[-73.2645593,6.5903916],[-73.2416671,6.5745835],[-73.2384412,6.5877106]],[[-73.4153569,5.4606553],[-73.4277022,5.4690497],[-73.4402104,5.4443223],[-73.4250004,5.4412502],[-73.4153569,5.4606553]],[[-73.3743606,5.5755099],[-73.3836023,5.5621242],[-73.4162765,5.5537421],[-73.3945724,5.5204169],[-73.4117355,5.4867417],[-73.3619325,5.4836561]],[[-73.9464522,4.7316595],[-73.9803878,4.7282009],[-73.9784672,4.7093858],[-73.9666671,4.6995835],[-73.9464522,4.7316595]],[[-74.0004013,4.6211363],[-74.0098718,4.638113],[-73.9823653,4.6769069],[-74.006462,4.6876613],[-74.0024907,4.7370835],[-74.0058435,4.7787502],[-74.0047329,4.792571]],[[-75.7510458,6.0748771],[-75.7503987,6.0760002],[-75.7593608,6.0782327],[-75.7583237,6.0769211],[-75.7510458,6.0748771]],[[-75.7006596,6.1191026],[-75.7202966,6.1088161],[-75.7083338,6.0995835],[-75.7006596,6.1191026]],[[-76.271143,3.7123928],[-76.2382328,3.7270778],[-76.2738855,3.7367743],[-76.2871912,3.718419],[-76.271143,3.7123928]],[[-76.3002984,3.6970097],[-76.3112553,3.7111477],[-76.3175601,3.7378603]],[[-76.3260613,3.7348265],[-76.3223393,3.7300238],[-76.32938,3.6986269]],[[-76.19836,3.4842768],[-76.205518,3.4946438],[-76.2176158,3.4840244],[-76.19836,3.4842768]],[[-76.2839359,3.6136402],[-76.276978,3.5956122],[-76.2500004,3.5912502],[-76.243669,3.6066595],[-76.2596948,3.6209829]],[[-76.4148509,3.6381433],[-76.4549565,3.6297512],[-76.4539799,3.6542548],[-76.4784026,3.6532852]],[[-76.4881837,3.6417762],[-76.4876957,3.6112901],[-76.4951249,3.607784]],[[-76.3977314,3.4670417],[-76.4127852,3.4954983],[-76.385824,3.5119248],[-76.3543054,3.495246],[-76.3375655,3.4959092],[-76.3293298,3.4837673],[-76.3629399,3.4620591],[-76.3487419,3.4553583]],[[-76.3178541,3.4669335],[-76.3134933,3.479739],[-76.2865076,3.4860948],[-76.2718266,3.4964056],[-76.2275883,3.5028469],[-76.2330571,3.5204169],[-76.225212,3.5456081],[-76.1925216,3.5533067],[-76.2051599,3.5610948],[-76.2083337,3.5829169],[-76.2625737,3.5618313],[-76.270671,3.5705756],[-76.3052332,3.5952582],[-76.3374353,3.5605007],[-76.3552332,3.5455756],[-76.3981205,3.5876695],[-76.3790287,3.5869126],[-76.3604659,3.5967393],[-76.365302,3.615198]],[[-76.4500004,3.5829169],[-76.4681401,3.5875718],[-76.4753341,3.6196519],[-76.434172,3.6068752],[-76.4500004,3.5829169]],[[-76.4416671,3.5329169],[-76.4524174,3.5133002],[-76.4602625,3.528917],[-76.4416671,3.5329169]],[[-76.5333337,2.5912502],[-76.5568119,2.588288],[-76.550623,2.5758361]],[[-76.5492336,2.5745835],[-76.5333337,2.5745835],[-76.5333337,2.5912502]],[[-76.5333337,2.5912502],[-76.5160801,2.5961849],[-76.5181348,2.6018857],[-76.5275069,2.6116197],[-76.5333337,2.5912502]],[[-76.5306026,2.6197525],[-76.5197107,2.6145819],[-76.5018343,2.6254142]],[[-75.9821725,2.1943216],[-75.9814197,2.1939993]],[[-75.3922608,6.0041479],[-75.3621505,5.955333],[-75.3391354,5.9688427],[-75.3407752,5.9813938],[-75.3877558,6.0129302]],[[-75.3724976,6.0535792],[-75.3658698,6.0564539]],[[-78.6688236,1.4830552],[-78.6920007,1.4946519],[-78.6853682,1.4650783],[-78.6750004,1.4579169],[-78.6688236,1.4830552]],[[-78.7891693,1.805473],[-78.7975112,1.8063007],[-78.8037032,1.7744615],[-78.7750004,1.7662502],[-78.7701664,1.7831692],[-78.7488475,1.796118],[-78.7586136,1.8048389],[-78.7714996,1.795428],[-78.7891693,1.805473]],[[-72.57251,6.1484207],[-72.5756273,6.1452999]],[[-75.5669861,10.3725595],[-75.574173,10.3801575],[-75.5868167,10.3640548],[-75.5905252,10.3470421],[-75.5892868,10.3272839],[-75.5807114,10.3247442],[-75.5693283,10.3433571],[-75.5445099,10.3410244],[-75.5389252,10.362174],[-75.5669861,10.3725595]],[[-73.8169824,8.6590197],[-73.8326035,8.6654997]],[[-73.8326035,8.6654997],[-73.8334925,8.6627265]],[[-73.8334925,8.6627265],[-73.8169824,8.6590197]],[[-74.1057052,10.4112005],[-74.1203699,10.3970729],[-74.1000004,10.3912502],[-74.1057052,10.4112005]],[[-74.1648129,10.4919111],[-74.1800995,10.5044003],[-74.2117996,10.5172997]],[[-74.2117996,10.5172997],[-74.2117996,10.4967038]],[[-74.2117996,10.4967038],[-74.1648129,10.4919111]],[[-73.2557194,10.0315076],[-73.2532963,10.0207098],[-73.2250004,10.0162502],[-73.2112478,10.0370929]],[[-73.2112478,10.0370929],[-73.2557194,10.0315076]],[[-74.2130864,9.1525335],[-74.2407556,9.161168],[-74.2338871,9.1367376],[-74.2083338,9.1329168],[-74.2130864,9.1525335]],[[-75.6889978,8.8883856],[-75.7277999,8.8888495],[-75.7185958,8.8700059],[-75.7000004,8.8662502],[-75.6889978,8.8883856]],[[-75.5946212,8.8799668],[-75.6196863,8.8937079],[-75.6529545,8.8770046],[-75.6238285,8.8610418],[-75.5916671,8.8579168],[-75.5946212,8.8799668]],[[-74.1374969,8.6408005],[-74.1479034,8.6455002]],[[-74.1479034,8.6455002],[-74.2155914,8.6365585],[-74.2515846,8.633718],[-74.2670875,8.6324946],[-74.3570618,8.6311285]],[[-74.3570618,8.6311285],[-74.325505,8.6018825],[-74.3376713,8.5788885],[-74.335767,8.5309515],[-74.3872807,8.5186794],[-74.3592696,8.4927313],[-74.3759933,8.4611314],[-74.4043054,8.4622544],[-74.4266036,8.4504543],[-74.4122563,8.4371649],[-74.4232833,8.4057114],[-74.4123377,8.3955755],[-74.4035974,8.3770453],[-74.3876713,8.3788967],[-74.3733077,8.3922023],[-74.3284428,8.4064072],[-74.328101,8.4452582],[-74.3125004,8.4284206],[-74.3041671,8.4374131],[-74.2925297,8.4248521],[-74.2376632,8.4131496],[-74.2623377,8.4384182],[-74.1616541,8.5283107],[-74.1623132,8.5875881],[-74.1915287,8.5864284],[-74.2123377,8.6007879],[-74.1540043,8.6119248],[-74.1432364,8.6249585]],[[-74.1432364,8.6249585],[-74.1374969,8.6408005]],[[-76.104045,9.253738],[-76.1107658,9.2689343],[-76.1457524,9.2385931],[-76.1166671,9.2329168],[-76.104045,9.253738]],[[-81.7185974,12.4877968],[-81.7092478,12.504134],[-81.6965987,12.5545151],[-81.6839704,12.5895266],[-81.6986237,12.5903578],[-81.7126389,12.5787954],[-81.7241364,12.5590029],[-81.7281113,12.5377541],[-81.71978,12.520442],[-81.72715,12.4940615],[-81.7185974,12.4877968]],[[-76.2285242,8.7926052],[-76.2457035,8.8023057],[-76.2527267,8.777973],[-76.2250004,8.7745835],[-76.2285242,8.7926052]],[[-75.2890385,10.4112005],[-75.3037032,10.3970729],[-75.2833338,10.3912502],[-75.2890385,10.4112005]],[[-75.2611332,10.4551174],[-75.2814783,10.4607163],[-75.2944666,10.436229],[-75.2583338,10.4329168],[-75.2611332,10.4551174]],[[-75.3428643,10.5629174],[-75.3166671,10.5579168],[-75.310531,10.5754136],[-75.3135808,10.5952427]],[[-75.3135808,10.5952427],[-75.3158035,10.5895004],[-75.3428643,10.5629174]],[[-75.27203,10.619363],[-75.3035567,10.6062933],[-75.2833338,10.5912502],[-75.27203,10.619363]],[[-75.3135192,10.6680586],[-75.3000004,10.6662502],[-75.3139897,10.6935899],[-75.3231013,10.6781914],[-75.3135192,10.6680586]],[[-75.2526509,10.7360129],[-75.2528031,10.7413163],[-75.2696619,10.752383],[-75.2749862,10.7330072],[-75.2583338,10.7245835],[-75.2526509,10.7360129]],[[-75.5333338,9.0829168],[-75.5333338,9.1079168],[-75.5500004,9.1079168],[-75.5500004,9.0829168],[-75.5333338,9.0829168]],[[-75.4750004,9.1829168],[-75.4589927,9.1728844],[-75.4708608,9.1820266],[-75.4750004,9.1829168]],[[-75.4833338,9.1329168],[-75.4868575,9.1638779],[-75.5047286,9.1897609],[-75.5240076,9.1854396],[-75.5176599,9.2137274],[-75.5408045,9.2137559],[-75.5718267,9.1960469],[-75.5716893,9.192169],[-75.5677814,9.1817233],[-75.5669022,9.1793729],[-75.5632654,9.1696519],[-75.5367354,9.1545152],[-75.5193608,9.1240668],[-75.4833338,9.1329168]],[[-75.5083338,9.2245835],[-75.5083338,9.1995835],[-75.4916671,9.1995835],[-75.4916671,9.2245835],[-75.5083338,9.2245835]],[[-75.5083338,9.2245835],[-75.5095497,9.2289087],[-75.5181235,9.227333],[-75.5083338,9.2245835]],[[-75.4672676,9.2166203],[-75.4655649,9.2187106],[-75.4618857,9.2269239],[-75.4637567,9.2329978],[-75.4865076,9.2284776],[-75.4672676,9.2166203]],[[-75.4000004,9.2079168],[-75.3962325,9.1562852],[-75.3549321,9.1773911],[-75.37828,9.2132513],[-75.4000004,9.2079168]],[[-75.4000004,9.2079168],[-75.405225,9.2291937],[-75.3984573,9.2364731]],[[-75.3984573,9.2364731],[-75.4210436,9.2302495]],[[-75.4210436,9.2302495],[-75.4000004,9.2079168]],[[-75.3666671,10.2745835],[-75.3654171,10.2635849]],[[-75.3654171,10.2635849],[-75.3603278,10.2772454]],[[-75.3603278,10.2772454],[-75.3666671,10.2745835]],[[-75.3666671,10.2745835],[-75.3705977,10.2956528],[-75.3794031,10.3118475],[-75.3872644,10.3539862],[-75.4024392,10.3721534]],[[-75.4024392,10.3721534],[-75.4131012,10.3824997]],[[-75.4131012,10.3824997],[-75.4384003,10.3692999],[-75.4470978,10.3606997],[-75.4557037,10.3399],[-75.4541199,10.3044929]],[[-75.4541199,10.3044929],[-75.4148279,10.3043565],[-75.3666671,10.2745835]],[[-72.8661586,10.9055333],[-72.8704594,10.9027329],[-72.9034021,10.9101182],[-72.8961511,10.8758775],[-72.873503,10.8809556],[-72.8465987,10.8696519],[-72.832487,10.8682664]],[[-72.832487,10.8682664],[-72.8608017,10.8887997],[-72.8661586,10.9055333]],[[-73.9552332,10.1381496],[-73.938949,10.1478013],[-73.9637374,10.1776841],[-73.978101,10.1374375],[-73.9552332,10.1381496]],[[-74.0621483,10.2018834],[-74.0694666,10.180215],[-74.0583338,10.1745835],[-74.0485763,10.1942083],[-74.0612508,10.2019385],[-74.0621483,10.2018834]],[[-75.0920007,10.6521917],[-75.1210453,10.6196844],[-75.1458256,10.6211615],[-75.1539311,10.6041856],[-75.1000004,10.5995835],[-75.0920007,10.6521917]],[[-73.9714034,9.5108058],[-73.9869633,9.4985825],[-73.9666671,9.4829168],[-73.9714034,9.5108058]],[[-76.7583337,8.4162502],[-76.7916264,8.4535142],[-76.8008233,8.4372188],[-76.7937164,8.4266176],[-76.7787323,8.422761],[-76.7719494,8.411365],[-76.7583337,8.4162502]],[[-75.494727,8.5052272],[-75.5061528,8.5364732],[-75.5202234,8.4883978],[-75.5000004,8.4829169],[-75.494727,8.5052272]],[[-73.6527999,8.696784],[-73.6703129,8.702383],[-73.6777999,8.6801906],[-73.6500004,8.6662502],[-73.6527999,8.696784]],[[-75.7090336,9.2399359],[-75.7279952,9.252383],[-75.7361332,9.2344305],[-75.7166671,9.2245835],[-75.7090336,9.2399359]],[[-75.6744654,9.2343956],[-75.6643071,9.2447176],[-75.6858972,9.252383],[-75.6944666,9.236229],[-75.6744654,9.2343956]],[[-75.0547058,9.1852999],[-75.0611332,9.1451808],[-75.0416671,9.1412502],[-75.0326909,9.1593084],[-75.054293,9.1852999],[-75.0547058,9.1852999]],[[-74.3010932,10.976734],[-74.3036269,10.9893089]],[[-74.3036269,10.9893089],[-74.3499985,10.977849],[-74.3519129,10.9671494],[-74.3010932,10.976734]],[[-72.9994552,10.5594875],[-73.0152836,10.5774603],[-73.0278731,10.5515448],[-73.0083338,10.5412502],[-72.9994552,10.5594875]],[[-72.9620366,10.6208766],[-72.9721765,10.6282904],[-73.0037032,10.5969264],[-72.9583338,10.5912502],[-72.9620366,10.6208766]],[[-72.832487,10.8682664],[-72.8218022,10.8937079],[-72.8465987,10.9029852],[-72.8538741,10.9135321],[-72.8661586,10.9055333]],[[-72.7833338,10.9829168],[-72.8083338,10.9745835],[-72.8130375,10.9369655],[-72.809644,10.9208766],[-72.7962976,10.9375433],[-72.7730473,10.956159],[-72.7833338,10.9829168]],[[-72.7833338,10.9829168],[-72.7634851,10.9982367],[-72.774791,11.0082805],[-72.7790888,11.0078899],[-72.7833338,10.9829168]],[[-74.9723718,10.7528672],[-74.9870366,10.7387396],[-74.9666671,10.7329168],[-74.9723718,10.7528672]],[[-74.9032211,10.9543886],[-74.9124985,10.9568996]],[[-74.9124985,10.9568996],[-74.9220903,10.9288516]],[[-74.9220903,10.9288516],[-74.9066004,10.9450303],[-74.8952966,10.9373643],[-74.9037846,10.861697],[-74.9097947,10.8567035]],[[-74.9097947,10.8567035],[-74.888103,10.8433102]],[[-74.888103,10.8433102],[-74.8795496,10.8791367],[-74.8537846,10.8950303],[-74.8399337,10.911697],[-74.8459884,10.8750921],[-74.8772953,10.849083],[-74.8674939,10.8473364]],[[-74.8674939,10.8473364],[-74.8368988,10.8849001],[-74.8335037,10.8929996]],[[-74.8335037,10.8929996],[-74.8247986,10.9294004]],[[-74.8247986,10.9294004],[-74.9032211,10.9543886]],[[-74.8654984,10.3441787],[-74.8739266,10.3509374]],[[-74.8739266,10.3509374],[-74.8764038,10.3432999]],[[-74.8764038,10.3432999],[-74.8654984,10.3441787]],[[-74.8205815,10.4188869],[-74.8364343,10.3957708],[-74.8166671,10.3912502],[-74.8205815,10.4188869]],[[-75.6982138,9.3945815],[-75.6750004,9.3745835],[-75.671143,9.3873928],[-75.6580571,9.398668],[-75.6409764,9.4278824],[-75.6716476,9.4111436],[-75.7027999,9.413646],[-75.7092558,9.4088181],[-75.6982138,9.3945815]],[[-75.5785323,9.4969183],[-75.5501306,9.5232407],[-75.5745246,9.5497648],[-75.5960999,9.4931793],[-75.6042162,9.478557],[-75.5916671,9.4745835],[-75.5785323,9.4969183]],[[-74.7333338,10.7829168],[-74.7271733,10.7629787],[-74.7044031,10.7739813],[-74.7333338,10.7829168]],[[-74.7333338,10.7829168],[-74.7371179,10.8041367],[-74.7479922,10.8131719]],[[-74.7479922,10.8131719],[-74.7503967,10.7893],[-74.7485962,10.7713003]],[[-74.7485962,10.7713003],[-74.7440033,10.7504997],[-74.7474976,10.7447996]],[[-74.7474976,10.7447996],[-74.7417592,10.7216321]],[[-74.7417592,10.7216321],[-74.7366541,10.7412502],[-74.740308,10.7771226],[-74.7333338,10.7829168]],[[-74.7438297,10.8356624],[-74.7463989,10.8278999]],[[-74.7463989,10.8278999],[-74.7477211,10.8181205]],[[-74.7477211,10.8181205],[-74.7438297,10.8356624]],[[-74.7421029,10.8434465],[-74.7378829,10.8624701],[-74.7049565,10.8767482],[-74.7204513,10.9124701],[-74.748381,10.9356716],[-74.729867,10.9510524],[-74.7271407,10.9777736],[-74.7469894,10.9942612],[-74.7621749,11.0125433],[-74.7737634,11.0113592],[-74.7955082,11.0375433],[-74.8044356,11.0366318],[-74.8369552,11.0552557],[-74.8531214,11.0440377]],[[-74.8531214,11.0440377],[-74.8526001,11.0317001],[-74.8606033,11.0201998],[-74.8845578,11.006174]],[[-74.8845578,11.006174],[-74.8804936,10.9921942],[-74.8959085,10.979391]],[[-74.8959085,10.979391],[-74.9032211,10.9543886]],[[-74.8247986,10.9294004],[-74.8201981,10.9397001],[-74.7983017,10.9264002],[-74.7748871,10.9315786],[-74.7630997,10.9095001],[-74.7349014,10.8891001],[-74.7388992,10.8718004]],[[-74.7388992,10.8718004],[-74.7434998,10.8591003],[-74.7421029,10.8434465]],[[-72.4105955,8.3762227],[-72.4277999,8.3528957],[-72.3926643,8.3496749],[-72.3948135,8.3669949],[-72.4105955,8.3762227]],[[-74.9450688,10.3295152],[-74.9753341,10.3446519],[-74.9686528,10.3148423],[-74.9416671,10.3079168],[-74.9450688,10.3295152]],[[-74.8815994,10.3409996],[-74.8764038,10.3432999]],[[-74.8739266,10.3509374],[-74.8950688,10.3439194],[-74.8923218,10.33412]],[[-74.8923218,10.33412],[-74.8815994,10.3409996]],[[-74.8659773,10.3679294],[-74.8551437,10.3943019],[-74.8980554,10.3858221],[-74.8950932,10.3708441],[-74.8670841,10.3663176],[-74.8659773,10.3679294]],[[-75.1559037,9.2368515],[-75.1333338,9.2245835],[-75.1281173,9.2458319],[-75.1377145,9.257435]],[[-75.1377145,9.257435],[-75.1559037,9.2368515]],[[-75.0473718,9.3278672],[-75.0620366,9.3137396],[-75.0416671,9.3079168],[-75.0473718,9.3278672]],[[-75.1114343,9.8381496],[-75.1252039,9.8526841],[-75.1364343,9.8202297],[-75.1083338,9.8162502],[-75.1114343,9.8381496]],[[-74.6333044,9.2747379],[-74.6476811,9.2857163],[-74.6547665,9.2731444]],[[-74.6547665,9.2731444],[-74.6333044,9.2747379]],[[-75.6884003,10.1316957],[-75.6765627,10.1407005],[-75.6717452,10.1521673],[-75.6830185,10.1561375],[-75.6988297,10.1466503],[-75.6884003,10.1316957]],[[-75.4142438,10.4119878],[-75.4111983,10.4631537],[-75.4289311,10.4535142],[-75.4798263,10.4440171],[-75.478516,10.4219997],[-75.5122644,10.4184108],[-75.4844894,10.4851996],[-75.4706222,10.4696844],[-75.4529464,10.4707383],[-75.4544275,10.4956122],[-75.427629,10.5368475],[-75.4071375,10.5139146],[-75.3618412,10.538528],[-75.3629073,10.5564561],[-75.4207442,10.5530096],[-75.4393152,10.5822088],[-75.4957035,10.5701605],[-75.5123458,10.5711533],[-75.5148392,10.5624475],[-75.4946518,10.5518379],[-75.493042,10.5405664],[-75.5007172,10.5217199],[-75.4995728,10.50562],[-75.4875183,10.4938726],[-75.5014648,10.467907],[-75.5453568,10.4337025],[-75.5618591,10.4042883],[-75.5509644,10.394845],[-75.5414276,10.4194393],[-75.5245056,10.4037781],[-75.5298538,10.3879185],[-75.5129242,10.3832941],[-75.5071411,10.3621292],[-75.5106506,10.3343086],[-75.5055695,10.3092356],[-75.5160217,10.2972927],[-75.5297089,10.2920237],[-75.5313416,10.2814474],[-75.5522156,10.2796364],[-75.5880213,10.2666937],[-75.58724,10.2535264],[-75.6049158,10.2454168],[-75.6025802,10.2063543],[-75.5914536,10.2118492],[-75.5408783,10.2453585],[-75.5292892,10.2418928],[-75.5210453,10.2201564],[-75.5073979,10.2209702],[-75.4929854,10.2523626],[-75.4813661,10.255951]],[[-75.4813661,10.255951],[-75.4815979,10.2799997],[-75.4715037,10.2799558]],[[-75.4715037,10.2799558],[-75.4699874,10.3054388],[-75.4541199,10.3044929]],[[-75.4131012,10.3824997],[-75.4142438,10.4119878]],[[-75.3135808,10.5952427],[-75.3428643,10.5629174]],[[-75.4459965,10.5955755],[-75.4242436,10.6058416],[-75.4465895,10.6309817],[-75.4523239,10.6186962],[-75.4459965,10.5955755]],[[-75.395671,10.6622422],[-75.4204024,10.6384019],[-75.3916671,10.6329168],[-75.395671,10.6622422]],[[-75.3312992,10.6701401],[-75.3622644,10.6596543],[-75.3416671,10.6412502],[-75.3312992,10.6701401]],[[-74.826441,9.737861],[-74.8166671,9.7329168],[-74.8069096,9.7525417],[-74.8203129,9.7607163],[-74.8243702,9.7487031],[-74.826441,9.737861]],[[-74.8129703,9.7933461],[-74.810824,9.7837754],[-74.7750004,9.7745835],[-74.759823,9.787641],[-74.7633875,9.8035427],[-74.7732476,9.8049727]],[[-74.7732476,9.8049727],[-74.8129703,9.7933461]],[[-74.3890385,9.8112005],[-74.4037032,9.7970729],[-74.3833338,9.7912502],[-74.3890385,9.8112005]],[[-73.2798263,8.4530056],[-73.30363,8.4325547],[-73.2750004,8.4245835],[-73.2798263,8.4530056]],[[-76.5302332,8.7464829],[-76.5056401,8.7545965],[-76.5150964,8.7821519],[-76.5402346,8.7651778],[-76.5447677,8.7480292],[-76.5302332,8.7464829]],[[-73.2785649,9.7187079],[-73.2862065,9.6971543],[-73.2750004,9.6912502],[-73.2785649,9.7187079]],[[-76.4088704,8.845505],[-76.4250184,8.859625]],[[-76.4250184,8.859625],[-76.4444666,8.8445624],[-76.4088704,8.845505]],[[-75.1335717,10.3746533],[-75.1119698,10.3951539]],[[-75.1119698,10.3951539],[-75.1445007,10.4004002]],[[-75.1445007,10.4004002],[-75.1323013,10.3807001],[-75.1335717,10.3746533]],[[-74.4583338,8.8745835],[-74.462186,8.8734233]],[[-74.462186,8.8734233],[-74.4613308,8.8685893]],[[-74.4613308,8.8685893],[-74.4583338,8.8745835]],[[-74.3250004,8.9412502],[-74.3148447,8.9430169]],[[-74.3148447,8.9430169],[-74.3262563,8.9457172]],[[-74.3262563,8.9457172],[-74.3250004,8.9412502]],[[-74.3250004,8.9412502],[-74.3324688,8.9467934]],[[-74.3324688,8.9467934],[-74.3797108,8.9560359]],[[-74.3797108,8.9560359],[-74.3555912,8.9309352],[-74.4124272,8.9455023],[-74.4344161,8.9450547],[-74.4459233,8.9786769],[-74.4468197,8.9892478]],[[-74.4468197,8.9892478],[-74.4744034,8.9997997],[-74.4698029,9.0269003],[-74.4841995,9.0431004]],[[-74.4841995,9.0431004],[-74.4874062,9.0366876]],[[-74.4874062,9.0366876],[-74.4870772,9.0206813],[-74.5038101,9.02034]],[[-74.5038101,9.02034],[-74.5274695,8.9822035]],[[-74.5274695,8.9822035],[-74.5207605,8.9615261],[-74.4810877,8.9234035],[-74.462419,8.8871649],[-74.4583338,8.8745835]],[[-74.4583338,8.8745835],[-74.4333338,8.8662502],[-74.4270187,8.8750555],[-74.3736983,8.8855943],[-74.3808679,8.8492987],[-74.3498295,8.8554307],[-74.3250004,8.8329168],[-74.339714,8.8133978],[-74.3625004,8.8219875],[-74.3784265,8.8159816],[-74.3863611,8.8298895],[-74.4136397,8.8442775],[-74.4227218,8.8601996],[-74.4333338,8.8662502],[-74.4370121,8.8530462],[-74.4596126,8.8567582]],[[-74.4596126,8.8567582],[-74.4609985,8.8345003],[-74.4703332,8.8268173]],[[-74.4703332,8.8268173],[-74.4585779,8.8063015],[-74.4812622,8.7874584],[-74.4797717,8.7848972],[-74.4421798,8.7887315],[-74.4470219,8.8362656],[-74.4113774,8.8106105],[-74.414657,8.7784247],[-74.3731043,8.7439113],[-74.3499272,8.7462754],[-74.3333338,8.7662502],[-74.3221928,8.7601426],[-74.338713,8.7383002],[-74.3416671,8.7162502],[-74.328337,8.7038967],[-74.3294194,8.6765],[-74.3475102,8.6622422],[-74.3708907,8.6874741],[-74.3790043,8.6687404],[-74.3570618,8.6311285]],[[-74.1479034,8.6455002],[-74.1571045,8.6473541]],[[-74.1571045,8.6473541],[-74.1794628,8.6548938]],[[-74.1794628,8.6548938],[-74.185171,8.6546677]],[[-74.185171,8.6546677],[-74.1975021,8.6526003],[-74.2384033,8.6539001],[-74.2550964,8.6581001],[-74.2984009,8.7084999],[-74.3094025,8.7299004],[-74.3156967,8.7502003],[-74.3162994,8.7663002],[-74.3237991,8.8032999]],[[-74.3237991,8.8032999],[-74.3209991,8.8177996],[-74.3120413,8.8296877]],[[-74.3120413,8.8296877],[-74.312712,8.8465277],[-74.3333338,8.8662502],[-74.3139571,8.8743882],[-74.3049321,8.8613185],[-74.2871912,8.8545152],[-74.2562418,8.8784936]],[[-74.2562418,8.8784936],[-74.2582016,8.9088001],[-74.2466965,8.9284]],[[-74.2466965,8.9284],[-74.2748177,8.9382703]],[[-74.2748177,8.9382703],[-74.3000004,8.9245835],[-74.3000004,8.9329168],[-74.3250004,8.9329168],[-74.3250004,8.9412502]],[[-74.3467696,8.9313828],[-74.3250981,8.9204168],[-74.3388676,8.9134507],[-74.3527999,8.9135484],[-74.3467696,8.9313828]],[[-74.3200688,8.6967759],[-74.307284,8.7113063],[-74.3000004,8.6829168],[-74.3200688,8.6967759]],[[-74.2916671,8.6745835],[-74.2801599,8.6488877],[-74.2955571,8.6380723],[-74.3015955,8.6684637],[-74.2916671,8.6745835]],[[-74.4666671,8.8579168],[-74.4703332,8.8268173]],[[-74.4596126,8.8567582],[-74.4666671,8.8579168]],[[-74.4666671,8.8579168],[-74.4613308,8.8685893]],[[-74.462186,8.8734233],[-74.4788416,8.8684068],[-74.4666671,8.8579168]],[[-74.7225206,9.1848189],[-74.7226466,9.1851824],[-74.7452234,9.1667588],[-74.7333338,9.1579168],[-74.7225206,9.1848189]],[[-74.729355,9.2360938],[-74.7308435,9.2610296],[-74.713241,9.2767564],[-74.7465662,9.2868475],[-74.7454757,9.268598],[-74.8109216,9.2802272],[-74.8205978,9.2736029],[-74.768075,9.2354844],[-74.7544031,9.2201808],[-74.7327767,9.217802],[-74.729355,9.2360938]],[[-74.802629,9.3259304],[-74.81849,9.3106105],[-74.8000004,9.3079168],[-74.802629,9.3259304]],[[-74.9311603,9.3221073],[-74.9083338,9.3162502],[-74.9221847,9.3363104],[-74.9318944,9.3277872],[-74.9311603,9.3221073]],[[-73.5288416,9.2096747],[-73.5476567,9.219127],[-73.5612065,9.1946681],[-73.5250004,9.1912502],[-73.5288416,9.2096747]],[[-75.6947433,8.8072984],[-75.7111332,8.7927639],[-75.6916671,8.7829168],[-75.6947433,8.8072984]],[[-76.2527999,9.021784],[-76.2694666,8.9927639],[-76.2500004,8.9829168],[-76.2527999,9.021784]],[[-74.0305343,8.9301174],[-74.0167647,8.9370835],[-74.0378015,8.947728],[-74.0527999,8.9344305],[-74.0305343,8.9301174]],[[-75.9442957,8.5009304],[-75.9601567,8.4856105],[-75.9416671,8.4829169],[-75.9442957,8.5009304]],[[-75.8005479,8.8073104],[-75.8105011,8.8217001],[-75.8512419,8.8430441]],[[-75.8512419,8.8430441],[-75.8628097,8.8290594],[-75.8756677,8.8002508],[-75.916073,8.782217],[-75.9314376,8.7403876],[-75.8977218,8.7012559],[-75.840601,8.7058457],[-75.8250004,8.6912502],[-75.8200688,8.6946519],[-75.8083012,8.7405178],[-75.8166671,8.7745835],[-75.8166671,8.7829168],[-75.8005479,8.8073104]],[[-72.7015467,11.0548976],[-72.7346033,11.0607163],[-72.7269291,11.0450059],[-72.7083338,11.0412502],[-72.7015467,11.0548976]],[[-72.781088,11.058474],[-72.7500004,11.0495835],[-72.7438368,11.0836574]],[[-72.7438368,11.0836574],[-72.781088,11.058474]],[[-72.677629,11.092597],[-72.69349,11.0772772],[-72.6750004,11.0745835],[-72.677629,11.092597]],[[-75.6173263,9.1607692],[-75.6369633,9.1504828],[-75.6250004,9.1412502],[-75.6173263,9.1607692]],[[-74.5532231,9.3203802],[-74.5560551,9.3329982],[-74.5816329,9.3272609],[-74.5764734,9.3042385],[-74.5583338,9.2995835],[-74.5532231,9.3203802]],[[-74.4544763,9.3441432],[-74.478101,9.328563],[-74.4500004,9.3245835],[-74.4544763,9.3441432]],[[-74.6923263,9.4441026],[-74.7119633,9.4338161],[-74.7000004,9.4245835],[-74.6923263,9.4441026]],[[-73.9500004,8.9995835],[-73.9541834,9.0210109],[-73.9877527,9.0203273],[-73.9872481,8.9954982],[-74.0006677,8.9826035],[-73.9375818,8.9876532],[-73.9500004,8.9995835]],[[-73.8169824,8.6590197],[-73.8223718,8.6778672],[-73.8313933,8.6691761]],[[-73.8313933,8.6691761],[-73.8326035,8.6654997]],[[-73.8016362,8.8630519],[-73.8190434,8.8690497],[-73.8277999,8.8535142],[-73.8083338,8.8495835],[-73.8016362,8.8630519]],[[-74.7732476,9.8049727],[-74.8170007,9.8113185],[-74.8129703,9.7933461]],[[-74.8557052,9.9112005],[-74.8703699,9.8970729],[-74.8500004,9.8912502],[-74.8557052,9.9112005]],[[-73.5894291,9.6281724],[-73.6205245,9.6127834],[-73.5833338,9.6079168],[-73.5894291,9.6281724]],[[-73.7104252,9.7519313],[-73.7196212,9.7371364],[-73.7000004,9.7329168],[-73.7104252,9.7519313]],[[-75.2135095,9.5335638],[-75.2287683,9.5444281],[-75.2448409,9.5201442],[-75.2250004,9.5079168],[-75.2135095,9.5335638]],[[-74.1640385,10.6612005],[-74.1787032,10.6470729],[-74.1583338,10.6412502],[-74.1640385,10.6612005]],[[-74.1423263,10.7024359],[-74.1619633,10.6921494],[-74.1500004,10.6829168],[-74.1423263,10.7024359]],[[-74.1241785,10.7677191],[-74.1614425,10.7779852],[-74.1700688,10.7457261],[-74.1416671,10.7412502],[-74.1241785,10.7677191]],[[-74.1507003,10.8399359],[-74.1696619,10.852383],[-74.1777999,10.8344305],[-74.1583338,10.8245835],[-74.1507003,10.8399359]],[[-74.1256596,10.8607692],[-74.1452966,10.8504828],[-74.1333338,10.8412502],[-74.1256596,10.8607692]],[[-74.1462488,10.913056],[-74.1781173,10.9130031],[-74.1871912,10.9089341],[-74.1618331,10.8870835],[-74.1788416,10.8724269],[-74.1583338,10.8662502],[-74.1454757,10.8784816],[-74.1462488,10.913056]],[[-74.2021486,11.0941028],[-74.2158078,11.0900338]],[[-74.2158078,11.0900338],[-74.2155533,11.0683765],[-74.2277145,11.0569506],[-74.2511749,11.0200586],[-74.2675247,11.0081949],[-74.3036269,10.9893089]],[[-74.3010932,10.976734],[-74.2621993,10.9793076],[-74.2333338,10.9662502],[-74.2041427,10.992947],[-74.1962976,11.02921],[-74.186825,11.0538478],[-74.2037032,11.0825628],[-74.2021486,11.0941028]],[[-73.6166671,8.9495835],[-73.6166671,8.9745835],[-73.6333338,8.9745835],[-73.6333338,8.9495835],[-73.6166671,8.9495835]],[[-74.1648129,10.4919111],[-74.1537358,10.5037705],[-74.1729415,10.5493719],[-74.2128097,10.5290594],[-74.2150317,10.5199969]],[[-74.2150317,10.5199969],[-74.2117996,10.5172997]],[[-74.2007979,10.6091904],[-74.2169194,10.5619004],[-74.2000004,10.5579168],[-74.1968266,10.5714056],[-74.1584721,10.5783067],[-74.1671554,10.6061957],[-74.1791671,10.6024522],[-74.2007979,10.6091904]],[[-74.2519129,10.6058986],[-74.2656661,10.6278346],[-74.286589,10.6063014],[-74.2583338,10.5912502],[-74.2519129,10.6058986]],[[-74.7485962,10.7713003],[-74.7665024,10.7599001],[-74.7793581,10.7643564]],[[-74.7793581,10.7643564],[-74.780282,10.7553086],[-74.7707594,10.7253102]],[[-74.7707594,10.7253102],[-74.7595978,10.7285995],[-74.7474976,10.7447996]],[[-74.6000004,10.4495835],[-74.6000004,10.4745835],[-74.6250004,10.4745835],[-74.6250004,10.4495835],[-74.6000004,10.4495835]],[[-74.2150317,10.5199969],[-74.2205245,10.4975938],[-74.2117996,10.4967038]],[[-74.8364099,10.823965],[-74.8527999,10.8094305],[-74.8333338,10.7995835],[-74.8364099,10.823965]],[[-74.7388992,10.8718004],[-74.7509995,10.8695002],[-74.7867966,10.8801003],[-74.8058014,10.8726997],[-74.8335037,10.8929996]],[[-74.8674939,10.8473364],[-74.8103683,10.8371568],[-74.8130619,10.8107529],[-74.7795496,10.8141668],[-74.7898315,10.8011096]],[[-74.7898315,10.8011096],[-74.7670975,10.8217001],[-74.7463989,10.8278999]],[[-74.7438297,10.8356624],[-74.7421029,10.8434465]],[[-73.1829858,10.3887829],[-73.1804962,10.3811998],[-73.157753,10.3957131]],[[-73.157753,10.3957131],[-73.1788172,10.402383],[-73.1829858,10.3887829]],[[-73.1999321,10.4430384],[-73.1880375,10.4691514],[-73.1990687,10.4776655]],[[-73.1990687,10.4776655],[-73.2121964,10.4663],[-73.216301,10.4477997]],[[-73.216301,10.4477997],[-73.1999321,10.4430384]],[[-73.1583338,10.5079168],[-73.1636558,10.5067717],[-73.1754623,10.4998479],[-73.183936,10.4799668],[-73.1514002,10.4933783],[-73.1583338,10.5079168]],[[-73.1583338,10.5079168],[-73.1397384,10.5119167],[-73.1454212,10.5232293],[-73.1548882,10.5142042],[-73.1583338,10.5079168]],[[-74.8973999,10.7672481],[-74.8816736,10.7896592],[-74.8848964,10.7982347]],[[-74.8848964,10.7982347],[-74.8973999,10.7672481]],[[-74.8485367,10.7924464],[-74.8598793,10.7982941],[-74.8698409,10.7700954],[-74.8333338,10.7662502],[-74.8365076,10.7797389],[-74.8485367,10.7924464]],[[-73.0108891,10.3959377],[-73.0354496,10.4029852],[-73.0450688,10.3797349],[-73.0250004,10.3745835],[-73.0108891,10.3959377]],[[-75.1119698,10.3951539],[-75.1229334,10.4245916],[-75.1534845,10.4082124]],[[-75.1534845,10.4082124],[-75.1445007,10.4004002]],[[-75.1111576,10.4955308],[-75.1252283,10.5113185],[-75.1423344,10.4865505],[-75.1250004,10.4745835],[-75.1111576,10.4955308]],[[-72.2397465,11.7141424],[-72.2582849,11.7405503],[-72.2948409,11.7231594],[-72.2860926,11.6950506],[-72.2500004,11.6912502],[-72.2397465,11.7141424]],[[-72.4019977,11.7673522],[-72.3948165,11.7783799],[-72.397323,11.7895534],[-72.4146845,11.7866374]],[[-72.4146845,11.7866374],[-72.4019977,11.7673522]],[[-71.9814835,12.2128506],[-71.9689865,12.2214165],[-71.9531511,12.2408802],[-71.9539991,12.2550889],[-71.9687119,12.257761],[-71.9809372,12.2522654],[-72.0117924,12.2232651],[-71.9814835,12.2128506]],[[-75.0793298,9.9372422],[-75.0628259,9.9525254],[-75.083879,9.9785915],[-75.0987065,9.9471625],[-75.0793298,9.9372422]],[[-74.2392684,8.9256046],[-74.2330255,8.9473654]],[[-74.2330255,8.9473654],[-74.2466965,8.9284]],[[-74.2466965,8.9284],[-74.2392684,8.9256046]],[[-74.0669222,8.9500489],[-74.0770919,8.968598],[-74.0862879,8.9538031],[-74.0675209,8.9497671],[-74.0669222,8.9500489]],[[-75.4813661,10.255951],[-75.4379236,10.269367],[-75.4294031,10.279979],[-75.4715037,10.2799558]],[[-75.310478,8.9189957],[-75.3042485,8.941478],[-75.3542485,8.9536688],[-75.3790857,8.9704982],[-75.4042485,8.9786688],[-75.4220463,8.9878322],[-75.437419,9.0038316],[-75.4586186,9.0203355],[-75.4707524,8.9953355],[-75.5043298,8.9871486],[-75.4993761,8.9775392]],[[-75.4993761,8.9775392],[-75.4692993,8.9865999],[-75.4450989,8.9858999],[-75.4225998,8.9759998],[-75.4041977,8.9638004],[-75.3806,8.9555998],[-75.3666992,8.9452],[-75.3431015,8.9392996],[-75.310478,8.9189957]],[[-75.4399183,9.1174659],[-75.4199223,9.1046657],[-75.4101648,9.0894232],[-75.4000004,9.0829168],[-75.386589,9.0945013],[-75.3800785,9.1272691],[-75.3881237,9.1264502],[-75.41468,9.1237473],[-75.4244104,9.1227569],[-75.4399183,9.1174659]],[[-74.9923263,10.5357692],[-75.0119633,10.5254828],[-75.0000004,10.5162502],[-74.9923263,10.5357692]],[[-75.0140385,10.5945339],[-75.0287032,10.5804063],[-75.0083338,10.5745835],[-75.0140385,10.5945339]],[[-74.8425984,10.6013403],[-74.8436555,10.6074623]],[[-74.8436555,10.6074623],[-74.8612309,10.603445],[-74.8456466,10.5798163],[-74.8425984,10.6013403]],[[-74.9973718,10.6528672],[-75.0120366,10.6387396],[-74.9916671,10.6329168],[-74.9973718,10.6528672]],[[-75.0403162,10.6694321],[-75.05363,10.654446],[-75.0250004,10.6495835],[-75.0403162,10.6694321]],[[-74.9130375,10.6042873],[-74.8839685,10.6216701],[-74.9055343,10.6765163],[-74.9498783,10.6436387],[-74.9445154,10.607339],[-74.9166671,10.5995835],[-74.9130375,10.6042873]],[[-74.9973718,10.6862005],[-75.0120366,10.6720729],[-74.9916671,10.6662502],[-74.9973718,10.6862005]],[[-73.1270919,10.643598],[-73.1362879,10.6288031],[-73.1166671,10.6245835],[-73.1270919,10.643598]],[[-72.9214929,10.6696722],[-72.9452967,10.6492214],[-72.9166671,10.6412502],[-72.9214929,10.6696722]],[[-73.2020268,10.7039414],[-73.2119796,10.7190497],[-73.2194666,10.6968817],[-73.2083338,10.6912502],[-73.2020268,10.7039414]],[[-72.9801843,10.7775335],[-73.0110193,10.7863958],[-73.0201502,10.757099],[-72.9916671,10.7495835],[-72.9801843,10.7775335]],[[-75.4024392,10.3721534],[-75.4142438,10.4119878]],[[-75.3965419,10.4394589],[-75.3750004,10.4245835],[-75.3527918,10.4365505],[-75.3644454,10.4613185],[-75.3859714,10.4518573],[-75.3965419,10.4394589]],[[-74.3324688,8.9467934],[-74.3262563,8.9457172]],[[-74.3148447,8.9430169],[-74.3015629,8.9453273],[-74.3056319,8.9780096],[-74.3710698,8.9698675],[-74.3833338,8.9745835],[-74.3797108,8.9560359]],[[-74.3916671,8.9829168],[-74.4020919,9.0019313],[-74.4112879,8.9871364],[-74.3916671,8.9829168]],[[-74.4468197,8.9892478],[-74.4584965,9.0119085],[-74.4199467,9.01164],[-74.4459151,9.0286688],[-74.4593591,9.0700995],[-74.4780516,9.0704787]],[[-74.4780516,9.0704787],[-74.4841995,9.0431004]],[[-74.5038101,9.02034],[-74.5205896,9.0199977],[-74.5333338,9.0332586],[-74.5559412,9.0097276],[-74.6040857,9.026203],[-74.5914881,9.0043036],[-74.5314701,8.9945339],[-74.5274695,8.9822035]],[[-74.4780516,9.0704787],[-74.48724,9.0706651],[-74.4874062,9.0366876]],[[-74.7898315,10.8011096],[-74.8017013,10.7912502],[-74.778573,10.7720444],[-74.7793581,10.7643564]],[[-74.7479922,10.8131719],[-74.7477211,10.8181205]],[[-74.6153813,10.0437201],[-74.6367354,10.0235378],[-74.6083338,10.0162502],[-74.6153813,10.0437201]],[[-74.9602869,9.3207586],[-74.9726811,9.3357163],[-74.9861332,9.3118475],[-74.9666671,9.3079168],[-74.9602869,9.3207586]],[[-75.5390385,9.3445339],[-75.5537032,9.3304063],[-75.5333338,9.3245835],[-75.5390385,9.3445339]],[[-73.3297368,9.5774725],[-73.3452967,9.5652492],[-73.3250004,9.5495835],[-73.3297368,9.5774725]],[[-73.292715,9.5825138],[-73.2983029,9.5827568],[-73.3198409,9.5784776],[-73.3000004,9.5662502],[-73.292715,9.5825138]],[[-74.230225,9.8615667],[-74.2538578,9.8381821],[-74.2250004,9.8329168],[-74.230225,9.8615667]],[[-74.1278894,9.9250433],[-74.118905,9.9032293],[-74.0916671,9.8995835],[-74.0947433,9.9225816],[-74.1083338,9.9169826],[-74.1278894,9.9250433]],[[-73.8140385,9.2695339],[-73.8287032,9.2554063],[-73.8083338,9.2495835],[-73.8140385,9.2695339]],[[-74.7540454,10.6273769],[-74.7386316,10.6516506],[-74.7505967,10.6569704]],[[-74.7505967,10.6569704],[-74.7526016,10.6420002]],[[-74.7526016,10.6420002],[-74.7540454,10.6273769]],[[-74.6547665,9.2731444],[-74.6611332,9.2618475],[-74.6416671,9.2579168],[-74.6333044,9.2747379]],[[-74.7505967,10.6569704],[-74.7650329,10.6503282]],[[-74.7650329,10.6503282],[-74.7526016,10.6420002]],[[-74.7707594,10.7253102],[-74.7724939,10.7083034],[-74.7417592,10.7216321]],[[-75.0720652,10.4110903],[-75.0784021,10.3873928],[-75.0500004,10.3829168],[-75.0635177,10.4033718],[-75.0680203,10.4181658],[-75.0720652,10.4110903]],[[-74.9412927,10.4536566],[-74.9478683,10.4696519],[-74.9784021,10.4402044],[-74.9500004,10.4329168],[-74.9412927,10.4536566]],[[-75.091838,9.7162136],[-75.1089848,9.7425441],[-75.1500737,9.7333319],[-75.1255538,9.6956691],[-75.1083338,9.6912502],[-75.091838,9.7162136]],[[-75.1534845,10.4082124],[-75.1700851,10.4010117],[-75.1462162,10.3783636],[-75.1335717,10.3746533]],[[-75.1187586,8.8019313],[-75.1279545,8.7871364],[-75.1083338,8.7829168],[-75.1187586,8.8019313]],[[-75.1377145,9.257435],[-75.1478194,9.2696519],[-75.1617354,9.2400213],[-75.1559037,9.2368515]],[[-75.2390385,9.2862005],[-75.2537032,9.2720729],[-75.2333338,9.2662502],[-75.2390385,9.2862005]],[[-72.7195724,8.6375026],[-72.7356775,8.6486232],[-72.7534021,8.6318711],[-72.7250004,8.6245835],[-72.7195724,8.6375026]],[[-75.8118554,8.9225627],[-75.8170128,8.9211934]],[[-75.8170128,8.9211934],[-75.8212895,8.8792547],[-75.8512419,8.8430441]],[[-75.8005479,8.8073104],[-75.8164718,8.8329168],[-75.7982914,8.8608384],[-75.7619145,8.8526841],[-75.7450952,8.8805528],[-75.7395608,8.8930353],[-75.7758549,8.9137518],[-75.7858447,8.9282199],[-75.7898021,8.9272859],[-75.7972905,8.9164455],[-75.8118554,8.9225627]],[[-74.8636967,10.4776963],[-74.8952234,10.4646266],[-74.8750004,10.4495835],[-74.8636967,10.4776963]],[[-74.9781036,10.8080997],[-74.9829387,10.8120195]],[[-74.9829387,10.8120195],[-74.9791566,10.8064292]],[[-74.9791566,10.8064292],[-74.9781036,10.8080997]],[[-75.0277999,10.8384507],[-75.0457117,10.8475124],[-75.0595382,10.8407578],[-75.0429529,10.8198716],[-75.0250004,10.8162502],[-75.0277999,10.8384507]],[[-75.0808082,10.8875893],[-75.1031742,10.8709255],[-75.0833338,10.8662502],[-75.066407,10.878746]],[[-75.066407,10.878746],[-75.0808082,10.8875893]],[[-73.5718429,10.1918972],[-73.5871017,10.2027614],[-73.6031743,10.1784776],[-73.5833338,10.1662502],[-73.5718429,10.1918972]],[[-73.4750004,10.2162502],[-73.4750004,10.2329168],[-73.5000004,10.2329168],[-73.5000004,10.2162502],[-73.4750004,10.2162502]],[[-73.3890385,10.3112005],[-73.4037032,10.2970729],[-73.3833338,10.2912502],[-73.3890385,10.3112005]],[[-73.570614,10.4204331],[-73.5775883,10.4369248],[-73.6040043,10.4134548],[-73.5750004,10.4079168],[-73.570614,10.4204331]],[[-73.2085546,10.4241087],[-73.216301,10.4477997]],[[-73.1990687,10.4776655],[-73.2260746,10.4985093],[-73.2445561,10.5224513],[-73.2944747,10.5150742],[-73.3090336,10.4962144],[-73.3202967,10.4485825],[-73.273381,10.4123683],[-73.2477136,10.4018662],[-73.2363245,10.3768912],[-73.2320139,10.3823527],[-73.2277023,10.4077337],[-73.2085546,10.4241087]],[[-73.1956967,10.6504501],[-73.2041087,10.6653532],[-73.2112879,10.6538031],[-73.1956967,10.6504501]],[[-73.346143,10.7108099],[-73.3697677,10.6952297],[-73.3416671,10.6912502],[-73.346143,10.7108099]],[[-75.2599283,10.1331681],[-75.2602005,10.1356202],[-75.2774907,10.1606594],[-75.2867354,10.1373928],[-75.2599283,10.1331681]],[[-75.2942957,10.1759304],[-75.3101567,10.1606105],[-75.2916671,10.1579168],[-75.2942957,10.1759304]],[[-75.3654171,10.2635849],[-75.3632654,10.2446519],[-75.3465987,10.2279852],[-75.3309493,10.2211818],[-75.3172693,10.2577378],[-75.3511235,10.2811102],[-75.3603278,10.2772454]],[[-72.7438368,11.0836574],[-72.7430506,11.094957],[-72.7870366,11.0601751],[-72.781088,11.058474]],[[-72.9223718,11.1445339],[-72.9370366,11.1304063],[-72.9166671,11.1245835],[-72.9223718,11.1445339]],[[-72.5916671,11.1745835],[-72.5938086,11.1703503]],[[-72.5938086,11.1703503],[-72.5846277,11.1745835]],[[-72.5846277,11.1745835],[-72.5916671,11.1745835]],[[-72.5916671,11.1745835],[-72.6126957,11.1893377],[-72.6277999,11.1778957],[-72.5916671,11.1745835]],[[-73.3973718,11.2278672],[-73.4120366,11.2137396],[-73.3916671,11.2079168],[-73.3973718,11.2278672]],[[-72.7867355,11.2211818],[-72.8049321,11.2279852],[-72.8219487,11.2390651],[-72.8367355,11.221369],[-72.7833338,11.2079168],[-72.7867355,11.2211818]],[[-72.9004562,11.253034],[-72.9122644,11.2309434],[-72.8916671,11.2245835],[-72.9004562,11.253034]],[[-73.3785649,11.2603745],[-73.3862065,11.238821],[-73.3750004,11.2329168],[-73.3785649,11.2603745]],[[-73.563184,11.2377712],[-73.5534835,11.2447292],[-73.5489832,11.2613958],[-73.5784835,11.2413844],[-73.563184,11.2377712]],[[-73.0605392,11.2685776],[-73.0700688,11.2485378],[-73.0416671,11.2412502],[-73.0605392,11.2685776]],[[-73.1442957,11.2759303],[-73.1601567,11.2606105],[-73.1416671,11.2579168],[-73.1442957,11.2759303]],[[-73.0057052,11.2778672],[-73.0203699,11.2637396],[-73.0000004,11.2579168],[-73.0057052,11.2778672]],[[-73.2921391,11.2737331],[-73.3139576,11.2798207],[-73.3194666,11.2618475],[-73.3000004,11.2579168],[-73.2921391,11.2737331]],[[-73.095671,11.2931789],[-73.1112879,11.2853379],[-73.0916671,11.2745835],[-73.095671,11.2931789]],[[-73.0777267,11.4386175],[-73.0868912,11.4307137],[-73.0583338,11.4079168],[-73.0498214,11.4281724],[-73.0777267,11.4386175]],[[-72.8621286,11.4955964],[-72.8732986,11.5103998],[-72.8957977,11.5202999],[-72.9311493,11.5454622]],[[-72.9311493,11.5454622],[-72.970671,11.5235744],[-72.911475,11.4946315],[-72.8621286,11.4955964]],[[-75.2519084,10.0485182],[-75.2531254,10.0584702],[-75.2679739,10.0559284]],[[-75.2679739,10.0559284],[-75.2519084,10.0485182]],[[-75.2139653,10.1502956],[-75.2429122,10.1430039],[-75.2533289,10.1289333],[-75.2250004,10.1245835],[-75.2139653,10.1502956]],[[-75.1750004,10.2245835],[-75.1750004,10.2412502],[-75.2000004,10.2412502],[-75.2000004,10.2245835],[-75.1750004,10.2245835]],[[-72.6166671,11.1412502],[-72.6367294,11.1360995],[-72.6523484,11.1213818],[-72.6239588,11.1128485],[-72.6166671,11.1412502]],[[-72.5833338,11.1495835],[-72.573267,11.1126206],[-72.5630375,11.1376206],[-72.52863,11.1448797],[-72.5502527,11.1550197],[-72.5833338,11.1495835]],[[-72.5833338,11.1495835],[-72.5846277,11.1745835]],[[-72.5938086,11.1703503],[-72.6120642,11.1601462],[-72.6130656,11.1590808],[-72.6166671,11.1412502]],[[-72.6166671,11.1412502],[-72.5833338,11.1495835]],[[-72.3640385,11.2695339],[-72.3787032,11.2554063],[-72.3583338,11.2495835],[-72.3640385,11.2695339]],[[-72.1250076,11.3593969],[-72.1357101,11.3690497],[-72.1444666,11.3535142],[-72.1297656,11.3505457],[-72.1250076,11.3593969]],[[-72.2006189,11.3585353],[-72.1868657,11.3703884],[-72.2262944,11.4117743],[-72.2884526,11.3947617],[-72.2853357,11.3560207],[-72.2083338,11.3495835],[-72.2006189,11.3585353]],[[-74.8083338,10.4995835],[-74.8034229,10.4898765]],[[-74.8034229,10.4898765],[-74.7905516,10.5058323]],[[-74.7905516,10.5058323],[-74.8083338,10.4995835]],[[-74.8083338,10.4995835],[-74.8122644,10.5190497],[-74.8277999,10.5102972],[-74.8218022,10.49289],[-74.8083338,10.4995835]],[[-74.8416671,10.6079168],[-74.8436555,10.6074623]],[[-74.8425984,10.6013403],[-74.8416671,10.6079168]],[[-74.8416671,10.6079168],[-74.8216069,10.6217678],[-74.8343754,10.6363185],[-74.8416671,10.6079168]],[[-74.7650329,10.6503282],[-74.7700688,10.6384426],[-74.7540454,10.6273769]],[[-75.3640978,9.3308108],[-75.365799,9.3165998],[-75.3570474,9.3135874]],[[-75.3570474,9.3135874],[-75.3640978,9.3308108]],[[-75.2750004,9.3662502],[-75.2952966,9.3448797],[-75.3130375,9.3376206],[-75.3202966,9.3282131],[-75.3563328,9.3134637]],[[-75.3563328,9.3134637],[-75.3368988,9.3014002]],[[-75.3368988,9.3014002],[-75.3259964,9.3083],[-75.3005981,9.3116999],[-75.2787018,9.3369999],[-75.2690251,9.3419178]],[[-75.2690251,9.3419178],[-75.2750004,9.3662502]],[[-75.2750004,9.3662502],[-75.2660487,9.3662502]],[[-75.2660487,9.3662502],[-75.2713013,9.3745003],[-75.2669082,9.3912502]],[[-75.2669082,9.3912502],[-75.2750004,9.3912502],[-75.2750004,9.3662502]],[[-75.5001062,9.7425685],[-75.5293868,9.7526841],[-75.5447677,9.7283229],[-75.5083338,9.7245835],[-75.5001062,9.7425685]],[[-75.4253829,9.4589992],[-75.4531742,9.4534776],[-75.4333338,9.4412502],[-75.4253829,9.4589992]],[[-75.4589929,9.4774359],[-75.47863,9.4671494],[-75.4666671,9.4579168],[-75.4589929,9.4774359]],[[-75.2660487,9.3662502],[-75.2583338,9.3662502],[-75.2583338,9.3912502],[-75.2669082,9.3912502]],[[-74.8233647,10.2613023],[-74.8393478,10.2690497],[-74.8527999,10.2451808],[-74.8333338,10.2412502],[-74.8233647,10.2613023]],[[-74.9264222,10.2456744],[-74.9166671,10.2245835],[-74.9078617,10.2455511],[-74.9139897,10.2728867],[-74.9259033,10.2702133]],[[-74.9259033,10.2702133],[-74.9246979,10.2504997]],[[-74.9246979,10.2504997],[-74.9264222,10.2456744]],[[-74.8815994,10.3409996],[-74.8895081,10.3240829]],[[-74.8895081,10.3240829],[-74.8583338,10.3162502],[-74.8654984,10.3441787]],[[-75.4852922,8.6027603],[-75.4750004,8.5995835],[-75.4710698,8.6206529],[-75.4551111,8.6349107],[-75.5039311,8.651321],[-75.4867924,8.6197821],[-75.4876572,8.605262],[-75.4852922,8.6027603]],[[-75.3876632,8.6205755],[-75.3632817,8.6431626],[-75.395256,8.6535915],[-75.4123377,8.6227972],[-75.3916671,8.6162502],[-75.3876632,8.6205755]],[[-75.5223718,8.7528672],[-75.5370366,8.7387396],[-75.5166671,8.7329168],[-75.5223718,8.7528672]],[[-75.351069,8.7408272],[-75.3423996,8.7434998]],[[-75.3423996,8.7434998],[-75.3472655,8.7548838]],[[-75.3472655,8.7548838],[-75.351069,8.7408272]],[[-75.4916671,8.6829168],[-75.4884444,8.7043687],[-75.4615564,8.711465],[-75.4637618,8.7226385],[-75.4905766,8.7173366],[-75.4782719,8.7367214],[-75.4820154,8.7556585],[-75.5092452,8.7502752],[-75.4966394,8.6864813],[-75.4916671,8.6829168]],[[-75.4583338,8.8829168],[-75.4634933,8.879739],[-75.4818608,8.8459906],[-75.5301599,8.829739],[-75.5365076,8.7965928],[-75.5115076,8.7880723],[-75.5083338,8.7745835],[-75.4952153,8.7690741],[-75.4866541,8.8024522],[-75.4666671,8.8162502],[-75.4730392,8.8290635],[-75.4611332,8.8440497],[-75.4583338,8.8829168]],[[-75.3463627,8.8891628],[-75.3635665,8.9035915],[-75.3879399,8.8772853],[-75.3872888,8.8609727],[-75.3750004,8.8495835],[-75.3463627,8.8891628]],[[-75.4583338,8.8829168],[-75.4207198,8.8774196],[-75.4209233,8.8873399],[-75.4037439,8.8869899],[-75.4042566,8.9121649],[-75.3948897,8.9211615],[-75.3291671,8.9206732],[-75.3169763,8.895543],[-75.310478,8.9189957]],[[-75.4993761,8.9775392],[-75.4957442,8.9704942],[-75.4964197,8.9374823],[-75.4793787,8.9211127],[-75.4583338,8.8829168]],[[-74.9246979,10.2504997],[-74.9281909,10.2535674]],[[-74.9281909,10.2535674],[-74.9264222,10.2456744]],[[-75.0140385,10.2612005],[-75.0287032,10.2470729],[-75.0083338,10.2412502],[-75.0140385,10.2612005]],[[-74.134135,8.6440594],[-74.1529257,8.6529284]],[[-74.1529257,8.6529284],[-74.1571045,8.6473541]],[[-74.1374969,8.6408005],[-74.134135,8.6440594]],[[-74.3129605,8.8046085],[-74.3120413,8.8296877]],[[-74.3237991,8.8032999],[-74.3129605,8.8046085]],[[-74.2562418,8.8784936],[-74.2501388,8.883222],[-74.2392684,8.9256046]],[[-75.3348701,8.7413401],[-75.3361332,8.7551174],[-75.3472655,8.7548838]],[[-75.3423996,8.7434998],[-75.3348701,8.7413401]],[[-75.2820065,8.8672894],[-75.2944666,8.8451808],[-75.2750004,8.8412502],[-75.2650313,8.8613023],[-75.2786039,8.8678812],[-75.2820065,8.8672894]],[[-75.9723718,9.3063747],[-75.9830245,9.3192775],[-75.9946944,9.2893947],[-75.9833337,9.2829168],[-75.9723718,9.3063747]],[[-76.0347441,9.3505254],[-76.05363,9.3421494],[-76.0416671,9.3329168],[-76.0347441,9.3505254]],[[-75.9750004,9.3412502],[-75.9379643,9.3116237],[-75.9380538,9.3284491],[-75.9331629,9.3678045],[-75.9953699,9.359223],[-75.9750004,9.3412502]],[[-74.8959085,10.979391],[-74.9143852,10.9577337]],[[-74.9143852,10.9577337],[-74.9124985,10.9568996]],[[-74.8531214,11.0440377],[-74.8737634,11.0461411],[-74.8955082,11.019957],[-74.9138351,11.0198553],[-74.9112797,11.0448675],[-74.9211593,11.0458766],[-74.9544678,11.0024433],[-74.9617777,10.9983646],[-74.9637211,10.9792995],[-74.9461593,10.9775091],[-74.9258468,11.0019639],[-74.8845578,11.006174]],[[-73.3235763,8.4775417],[-73.3369796,8.4857163],[-73.3444666,8.4635484],[-73.3333338,8.4579169],[-73.3235763,8.4775417]],[[-72.7057052,11.5028672],[-72.7203699,11.4887396],[-72.7000004,11.4829168],[-72.7057052,11.5028672]],[[-72.8621286,11.4955964],[-72.8527348,11.4959702],[-72.8367599,11.5132106],[-72.7964034,11.5116115],[-72.830575,11.5289862],[-72.845671,11.5459051],[-72.8203211,11.5449001],[-72.8293705,11.5620143],[-72.8250004,11.5829168],[-72.8583338,11.5829168],[-72.8583338,11.5662502],[-72.8795545,11.5736874],[-72.9311493,11.5454622]],[[-72.7779138,11.656395],[-72.7916264,11.6497015],[-72.7807947,11.6275132],[-72.7779138,11.656395]],[[-72.7202332,11.7039266],[-72.7452967,11.690888],[-72.7166671,11.6829168],[-72.7202332,11.7039266]],[[-72.4146845,11.7866374],[-72.4336023,11.7908799],[-72.4652674,11.7702622],[-72.4614832,11.7533921],[-72.4000004,11.7495835],[-72.4019977,11.7673522]],[[-75.3384859,9.2351843],[-75.3212081,9.2464341],[-75.3118575,9.2443386],[-75.302808,9.2685207],[-75.3070235,9.2873114],[-75.273145,9.2960028],[-75.2632654,9.3184637],[-75.2690251,9.3419178]],[[-75.3368988,9.3014002],[-75.3344925,9.2877494],[-75.3339996,9.2766372],[-75.3384859,9.2351843]],[[-75.3165125,10.0068426],[-75.3112146,9.9642197],[-75.2750004,9.9579168],[-75.2632247,9.9885484],[-75.281519,9.9862738],[-75.3165125,10.0068426]],[[-75.2679739,10.0559284],[-75.2777267,10.0542588],[-75.2683191,10.0364935],[-75.2500004,10.0329168],[-75.2519084,10.0485182]],[[-75.8166671,8.9245835],[-75.8170128,8.9211934]],[[-75.8118554,8.9225627],[-75.8166671,8.9245835]],[[-75.8166671,8.9245835],[-75.8223881,8.9703965],[-75.8202641,8.9874986],[-75.8377283,8.9949571],[-75.8537032,8.9500515],[-75.8166671,8.9245835]],[[-75.0480473,9.4036118],[-75.0704838,9.4107163],[-75.0777999,9.3868475],[-75.0583338,9.3829168],[-75.0480473,9.4036118]],[[-74.9033289,10.7431707],[-74.9278731,10.731924],[-74.9188562,10.7118475],[-74.9000004,10.7079168],[-74.9033289,10.7431707]],[[-74.9791566,10.8064292],[-74.9666671,10.7995835],[-74.970671,10.8181789],[-74.974895,10.8160581]],[[-74.974895,10.8160581],[-74.9781036,10.8080997]],[[-74.8848964,10.7982347],[-74.8963953,10.8288316],[-74.888103,10.8433102]],[[-74.9097947,10.8567035],[-74.920671,10.847667],[-74.9287846,10.8200303],[-74.9454513,10.8061875],[-74.9295496,10.7783636],[-74.9066004,10.7541367],[-74.8973999,10.7672481]],[[-73.2112478,10.0370929],[-73.2245854,10.0575791],[-73.2597986,10.0496852],[-73.2557194,10.0315076]],[[-73.1843463,10.3264706],[-73.1750004,10.3245835],[-73.1683028,10.3380519],[-73.1857101,10.3440497],[-73.1933776,10.3304462],[-73.1843463,10.3264706]],[[-73.1829858,10.3887829],[-73.1861332,10.3785142],[-73.1666671,10.3745835],[-73.157753,10.3957131]],[[-73.2085546,10.4241087],[-73.1999321,10.4430384]],[[-75.8146605,9.0195096],[-75.769255,9.0278469],[-75.7746586,9.0452093],[-75.7968266,9.0527614],[-75.8117029,9.0438706],[-75.8319503,9.0501776],[-75.8255647,9.029676],[-75.8146605,9.0195096]],[[-75.8281173,9.1708237],[-75.8338953,9.1779852],[-75.8534021,9.1547349],[-75.8333338,9.1495835],[-75.8281173,9.1708237]],[[-75.8049321,9.2128485],[-75.7752852,9.2239406],[-75.7804529,9.2470038],[-75.8184493,9.2732326],[-75.8370528,9.2611151],[-75.8450688,9.2173447],[-75.8083338,9.2079168],[-75.8049321,9.2128485]],[[-75.9030682,9.2898156],[-75.8833338,9.2745835],[-75.8880701,9.3024725],[-75.9026854,9.2909912],[-75.9030682,9.2898156]],[[-74.974895,10.8160581],[-74.9829387,10.8120195]],[[-74.9770919,10.8852647],[-74.9862879,10.8704697],[-74.9666671,10.8662502],[-74.9770919,10.8852647]],[[-75.066407,10.878746],[-75.0335698,10.8899359],[-75.0377771,10.9110947],[-75.0615076,10.8944281],[-75.0808082,10.8875893]],[[-74.9143852,10.9577337],[-74.9287846,10.9325995],[-74.9220903,10.9288516]],[[-76.4088704,8.845505],[-76.4117761,8.868541],[-76.4250184,8.859625]],[[-76.3411218,8.8928208],[-76.3569503,8.9107936],[-76.3695398,8.8848781],[-76.3500004,8.8745835],[-76.3411218,8.8928208]],[[-74.3750004,9.2079168],[-74.374787,9.2071576],[-74.3732278,9.207419],[-74.3750004,9.2079168]],[[-74.3416671,9.2245835],[-74.3416671,9.2495835],[-74.3583338,9.2495835],[-74.3583338,9.2245835],[-74.3416671,9.2245835]],[[-73.8666915,9.9856838],[-73.8949874,9.9983099],[-73.9121912,9.96341],[-73.8583338,9.9579168],[-73.8666915,9.9856838]],[[-74.8034229,10.4898765],[-74.7805343,10.4853176],[-74.7905516,10.5058323]],[[-74.2330255,8.9473654],[-74.2629073,8.9550319],[-74.2748177,8.9382703]],[[-75.4557052,9.2945339],[-75.4703699,9.2804063],[-75.4500004,9.2745835],[-75.4557052,9.2945339]],[[-75.3984573,9.2364731],[-75.3831059,9.2529852],[-75.37321,9.2386523],[-75.3646466,9.2343806],[-75.3471928,9.2295152],[-75.3384859,9.2351843]],[[-75.3563328,9.3134637],[-75.3570474,9.3135874]],[[-75.3640978,9.3308108],[-75.3702966,9.345954],[-75.4093347,9.3532131],[-75.4371749,9.3364203],[-75.4573165,9.3393947],[-75.4359542,9.285049],[-75.4411381,9.2499782],[-75.4787439,9.2555324],[-75.4833338,9.2495835],[-75.4488367,9.2360215],[-75.4278894,9.239118],[-75.4210436,9.2302495]],[[-75.477629,9.3842637],[-75.49349,9.3689439],[-75.4750004,9.3662502],[-75.477629,9.3842637]],[[-74.1529257,8.6529284],[-74.1794628,8.6548938]],[[-74.185171,8.6546677],[-74.2126469,8.6535793],[-74.2499028,8.6821519],[-74.2793624,8.711347],[-74.2789962,8.7205633],[-74.2962976,8.7379136],[-74.2947107,8.7780137],[-74.3133305,8.7952704],[-74.3129605,8.8046085]],[[-73.8183028,11.2547186],[-73.8357101,11.2607163],[-73.8444666,11.2451808],[-73.8250004,11.2412502],[-73.8183028,11.2547186]],[[-74.2021486,11.0941028],[-74.1930668,11.1615179],[-74.1625004,11.1794826],[-74.1455571,11.1695217],[-74.1369063,11.1900498],[-74.079631,11.2359157],[-74.1132573,11.2635443],[-74.1363448,11.2606716],[-74.1649744,11.2775051],[-74.1908722,11.2722588],[-74.2139816,11.2606688],[-74.2171326,11.2390661],[-74.2344437,11.2230692],[-74.2282715,11.2034788],[-74.2367859,11.180068],[-74.2250366,11.1595249],[-74.2273407,11.1225052],[-74.2158078,11.0900338]],[[-75.1117436,8.6686468],[-75.1455001,8.6801499],[-75.1596033,8.6757595],[-75.1437586,8.6531968],[-75.1000004,8.6495835],[-75.1117436,8.6686468]],[[-75.351069,8.7408272],[-75.3527999,8.7344305],[-75.3333338,8.7245835],[-75.3348701,8.7413401]],[[-74.404084,9.2274002],[-74.4117354,9.2461818],[-74.4245854,9.2659125],[-74.453337,9.2594671],[-74.4278731,9.220368],[-74.4150221,9.2189064],[-74.404084,9.2274002]],[[-74.9259033,10.2702133],[-74.9281909,10.2535674]],[[-74.8923218,10.33412],[-74.8895081,10.3240829]],[[-73.5998295,8.2745469],[-73.5753992,8.3120672],[-73.5861414,8.3446519],[-73.6117355,8.3279852],[-73.6416752,8.3203029],[-73.6534021,8.3025295],[-73.6130375,8.2746568],[-73.6049321,8.2529852],[-73.5833338,8.2495835],[-73.5998295,8.2745469]],[[-76.0271244,8.1620713],[-76.0385502,8.1854559],[-76.0627283,8.1976874],[-76.0796961,8.1842067],[-76.0861332,8.1527167],[-76.0333337,8.1495835],[-76.0271244,8.1620713]],[[-75.3277999,8.0634507],[-75.3453129,8.0690497],[-75.3527999,8.0468573],[-75.3250004,8.0329169],[-75.3277999,8.0634507]],[[-75.1307133,8.3157049],[-75.1512455,8.3360947],[-75.1645512,8.3144964],[-75.1585453,8.2952256],[-75.1416671,8.2912502],[-75.1307133,8.3157049]],[[-73.3866728,8.2825275],[-73.3809967,8.2976834]],[[-73.3809967,8.2976834],[-73.4036137,8.2905218],[-73.3866728,8.2825275]],[[-72.7890385,8.089708],[-72.7996912,8.1026109],[-72.8113611,8.0727281],[-72.8000004,8.0662502],[-72.7890385,8.089708]],[[-73.3866728,8.2825275],[-73.3790043,8.2789089],[-73.3699793,8.2222235],[-73.3166671,8.2079169],[-73.312712,8.229861],[-73.3430424,8.2600612],[-73.3540125,8.3289211],[-73.3629887,8.3285671],[-73.362004,8.3036973],[-73.3809967,8.2976834]],[[-72.5638331,7.743692],[-72.5788579,7.7307481],[-72.5758952,7.7234633]],[[-72.4514653,7.8670834],[-72.4590988,7.883214],[-72.4643097,7.914371],[-72.4871979,7.9339719],[-72.4746857,7.9555922],[-72.4463806,7.9601712],[-72.4391556,7.9734788],[-72.4351811,7.9951076],[-72.4544357,7.9777655],[-72.4947026,7.9771673],[-72.4973556,8.0102158],[-72.4794763,8.0422674],[-72.5142908,8.0219102],[-72.5110193,7.9811387],[-72.5263758,7.9633124],[-72.5625004,7.9604112],[-72.587769,7.9624416],[-72.5955652,7.9533921],[-72.6120854,7.9547227],[-72.6108891,7.9212266],[-72.6199986,7.9133801],[-72.6199276,7.9104834],[-72.5955489,7.9124416],[-72.5848067,7.8883775],[-72.5520268,7.8785101],[-72.5583338,7.8495835],[-72.5331496,7.842002]],[[-72.4175949,8.011404],[-72.4109726,8.0260115],[-72.4216638,8.0472113],[-72.4281743,8.0150091],[-72.4175949,8.011404]],[[-72.5166671,8.1579169],[-72.5118331,8.1500677],[-72.4833338,8.1589422],[-72.4537195,8.1497178],[-72.4384933,8.1692409],[-72.4791345,8.1830918],[-72.4867029,8.2052964],[-72.5013839,8.2007228],[-72.4920821,8.1708807],[-72.5166671,8.1579169]],[[-72.4614099,8.223965],[-72.4777999,8.2094305],[-72.4583338,8.1995835],[-72.4614099,8.223965]],[[-75.4788147,8.2303765],[-75.4952966,8.2235825],[-75.4750004,8.2079169],[-75.4788147,8.2303765]],[[-76.7083337,7.9245835],[-76.7083337,7.9412502],[-76.7333337,7.9412502],[-76.7333337,7.9245835],[-76.7083337,7.9245835]],[[-76.6250004,7.9829169],[-76.6250004,8.0079169],[-76.6500004,8.0079169],[-76.6500004,7.9829169],[-76.6250004,7.9829169]],[[-76.69349,8.0911485],[-76.7156661,8.1198797],[-76.7473149,8.1096096],[-76.7475509,8.079621],[-76.7000004,8.0745835],[-76.69349,8.0911485]],[[-73.21224,8.0940781],[-73.2420659,8.1028347],[-73.2240401,8.0617254],[-73.2083338,8.0579169],[-73.21224,8.0940781]],[[-75.5619633,8.3876206],[-75.5718836,8.4304429],[-75.5997807,8.426321],[-75.5942713,8.3890204],[-75.5619633,8.3876206]],[[-73.7294763,8.3207261],[-73.7159835,8.3323553],[-73.7274744,8.3451076],[-73.7538578,8.322431],[-73.7333338,8.3162502],[-73.7294763,8.3207261]],[[-76.3704431,8.2853135],[-76.3937911,8.2942775],[-76.4030278,8.2767116],[-76.3666671,8.2579169],[-76.3704431,8.2853135]],[[-76.1293054,8.2567084],[-76.155461,8.2768947],[-76.1702966,8.2489447],[-76.1250004,8.2412502],[-76.1293054,8.2567084]],[[-73.8640385,8.2862005],[-73.8787032,8.2720729],[-73.8583338,8.2662502],[-73.8640385,8.2862005]],[[-73.9250004,8.4495835],[-73.9250004,8.4662502],[-73.9500004,8.4662502],[-73.9500004,8.4495835],[-73.9250004,8.4495835]],[[-73.8359623,8.6009304],[-73.8518233,8.5856105],[-73.8333338,8.5829169],[-73.8359623,8.6009304]],[[-74.1432364,8.6249585],[-74.134135,8.6440594]],[[-73.8313933,8.6691761],[-73.8370366,8.6637396],[-73.8334925,8.6627265]]],"bbox":[-81.7281113,-4.2280486,-67.4760355,12.5903578]}