{"type":"Topology","objects":{"foo":{"type":"GeometryCollection","geometries":[{"type":"Polygon","arcs":[[0]],"properties":{"name":"Cauto Cristo","gaul_code":14620,"targetarea":10.163452,"totpop":17961.6649199,"country_id":"CUB","targetpop":6053.1634522,"new_mean":0.0670452,"totalarea":403.0661378}},{"type":"MultiPolygon","arcs":[[[1]],[[2]],[[3,4,5]]],"properties":{"name":"Buey Arriba","gaul_code":14618,"targetarea":13.3773627,"totpop":32924.3675356,"country_id":"CUB","targetpop":9977.0042572,"new_mean":0.067975,"totalarea":532.9082582}},{"type":"Polygon","arcs":[[6]],"properties":{"name":"Sagua De Tanamo","gaul_code":14651,"targetarea":22.4203732,"totpop":49873.2814293,"country_id":"CUB","targetpop":16128.3594971,"new_mean":0.0723602,"totalarea":772.7980477}},{"type":"MultiPolygon","arcs":[[[7]],[[8]],[[9]],[[10]],[[11,12]]],"properties":{"name":"Majibacoa","gaul_code":14746,"targetarea":35.6540669,"totpop":37756.1442814,"country_id":"CUB","targetpop":19981.6281738,"new_mean":0.0703587,"totalarea":422.7217587}},{"type":"Polygon","arcs":[[13,14]],"properties":{"name":"Antilla","gaul_code":14638,"targetarea":1.200573,"totpop":5169.0704196,"country_id":"CUB","targetpop":428.1223145,"new_mean":0.0616669,"totalarea":108.5574264}},{"type":"Polygon","arcs":[[15,16,17,18,19,20,21,22,23,24]],"properties":{"name":"Boyeros","gaul_code":14603,"targetarea":138.9683577,"totpop":380495.866516,"country_id":"CUB","targetpop":378882.190491,"new_mean":0.043175,"totalarea":149.6728854}},{"type":"MultiPolygon","arcs":[[[25]],[[26]],[[27]],[[28]]],"properties":{"name":"Fomento","gaul_code":14777,"targetarea":19.3289616,"totpop":44359.9933968,"country_id":"CUB","targetpop":14697.8238831,"new_mean":0.0548406,"totalarea":586.66322}},{"type":"MultiPolygon","arcs":[[[29]],[[30,31]]],"properties":{"name":"Sandino","gaul_code":14774,"targetarea":8.600558,"totpop":38249.2066088,"country_id":"CUB","targetpop":4927.0614319,"new_mean":0.0442061,"totalarea":1716.8428091}},{"type":"MultiPolygon","arcs":[[[32]],[[33]],[[34]],[[35]],[[36]],[[37]],[[38]],[[39,40]]],"properties":{"name":"Consolacion Del Sur","gaul_code":14765,"targetarea":56.553604,"totpop":91754.2228166,"country_id":"CUB","targetpop":30772.6536026,"new_mean":0.039827,"totalarea":1137.2492232}},{"type":"MultiPolygon","arcs":[[[41]],[[42]],[[43]],[[44,45,46]]],"properties":{"name":"Melena Del Sur","gaul_code":14734,"targetarea":19.7710002,"totpop":23620.2526636,"country_id":"CUB","targetpop":9172.7655182,"new_mean":0.0403027,"totalarea":231.7237466}},{"type":"MultiPolygon","arcs":[[[47,48]],[[49]],[[50]],[[51]],[[52]],[[53]]],"properties":{"name":"Cabaiguan","gaul_code":14776,"targetarea":57.0739718,"totpop":70369.4471312,"country_id":"CUB","targetpop":35291.9025726,"new_mean":0.0560865,"totalarea":642.850028}},{"type":"MultiPolygon","arcs":[[[54,-40]],[[55]],[[56]],[[57]],[[58]]],"properties":{"name":"Los Palacios","gaul_code":14768,"targetarea":23.6402913,"totpop":41224.1886797,"country_id":"CUB","targetpop":13224.1461639,"new_mean":0.041889,"totalarea":788.8002273}},{"type":"Polygon","arcs":[[59]],"properties":{"name":"Maisi","gaul_code":14633,"targetarea":4.1213788,"totpop":27789.5441322,"country_id":"CUB","targetpop":1764.15802,"new_mean":0.0548885,"totalarea":614.4718778}},{"type":"MultiPolygon","arcs":[[[60]],[[61]],[[62]],[[63]],[[64]],[[65,66]],[[67,68]]],"properties":{"name":"Cardenas","gaul_code":14750,"targetarea":78.4751542,"totpop":103044.51667,"country_id":"CUB","targetpop":57429.3945065,"new_mean":0.042955,"totalarea":829.0481215}},{"type":"MultiPolygon","arcs":[[[69,70,71]],[[72]]],"properties":{"name":"Cumanayagua","gaul_code":14598,"targetarea":20.6445062,"totpop":46066.5156769,"country_id":"CUB","targetpop":10032.4936371,"new_mean":0.05235,"totalarea":839.758875}},{"type":"MultiPolygon","arcs":[[[73]],[[74]]],"properties":{"name":"Primero De Enero","gaul_code":14592,"targetarea":9.2138155,"totpop":21127.2286935,"country_id":"CUB","targetpop":5102.5945129,"new_mean":0.0483969,"totalarea":757.9863959}},{"type":"Polygon","arcs":[[75]],"properties":{"name":"Sierra De Cubitas","gaul_code":14582,"targetarea":5.5150064,"totpop":16380.4694619,"country_id":"CUB","targetpop":2465.4739227,"new_mean":0.0515216,"totalarea":339.9995178}},{"type":"Polygon","arcs":[[76,77,78,79,80,81]],"properties":{"name":"San Antonio De Los Baios","gaul_code":14737,"targetarea":48.6736801,"totpop":45753.7372494,"country_id":"CUB","targetpop":40363.3650818,"new_mean":0.0360565,"totalarea":98.2510905}},{"type":"MultiPolygon","arcs":[[[82]],[[83]],[[84]]],"properties":{"name":"El Salvador","gaul_code":14630,"targetarea":13.0589028,"totpop":46105.59793,"country_id":"CUB","targetpop":5519.7698059,"new_mean":0.0712524,"totalarea":596.1375076}},{"type":"MultiPolygon","arcs":[[[85,86]],[[87]],[[88]],[[89]]],"properties":{"name":"Moron","gaul_code":14591,"targetarea":40.9653447,"totpop":58101.0715394,"country_id":"CUB","targetpop":27853.2751102,"new_mean":0.0492598,"totalarea":1063.9776429}},{"type":"MultiPolygon","arcs":[[[90]],[[91,92]]],"properties":{"name":"Cruces","gaul_code":14597,"targetarea":7.1533585,"totpop":25466.5498003,"country_id":"CUB","targetpop":5617.6190796,"new_mean":0.0471349,"totalarea":317.4397172}},{"type":"MultiPolygon","arcs":[[[93]],[[94,95]]],"properties":{"name":"Jimaguayu","gaul_code":14576,"targetarea":6.6147299,"totpop":25108.8156343,"country_id":"CUB","targetpop":3134.9032059,"new_mean":0.0676299,"totalarea":727.2325641}},{"type":"MultiPolygon","arcs":[[[96,97]],[[98]]],"properties":{"name":"San Nicolas","gaul_code":14739,"targetarea":15.4826511,"totpop":20365.2542019,"country_id":"CUB","targetpop":7951.6679993,"new_mean":0.0385179,"totalarea":286.005611}},{"type":"MultiPolygon","arcs":[[[99]],[[100]],[[101]],[[102]],[[103,104,105,106,107,108,109]]],"properties":{"name":"Santiago De Cuba","gaul_code":14789,"targetarea":327.2794767,"totpop":490942.073855,"country_id":"CUB","targetpop":429239.793579,"new_mean":0.0570589,"totalarea":1115.939082}},{"type":"MultiPolygon","arcs":[[[110]],[[111]],[[112]],[[113,114]],[[115]],[[116]]],"properties":{"name":"Santa Cruz Del Norte","gaul_code":14740,"targetarea":45.5812779,"totpop":36584.3509384,"country_id":"CUB","targetpop":17303.0573921,"new_mean":0.049418,"totalarea":402.0978547}},{"type":"MultiPolygon","arcs":[[[117]],[[118]]],"properties":{"name":"Media Luna","gaul_code":14624,"targetarea":37.8761698,"totpop":74353.2484317,"country_id":"CUB","targetpop":33585.0922318,"new_mean":0.0677648,"totalarea":922.6401661}},{"type":"MultiPolygon","arcs":[[[119]],[[120,121]],[[122]]],"properties":{"name":"Abreus","gaul_code":14594,"targetarea":16.638573,"totpop":33639.8049932,"country_id":"CUB","targetpop":10036.8782043,"new_mean":0.0423709,"totalarea":550.9822006}},{"type":"Polygon","arcs":[[123]],"properties":{"name":"Guanajay","gaul_code":14728,"targetarea":26.2806199,"totpop":26490.1843338,"country_id":"CUB","targetpop":20410.8709717,"new_mean":0.036783,"totalarea":83.2075165}},{"type":"MultiPolygon","arcs":[[[124]],[[125]],[[126]],[[127]]],"properties":{"name":"Tercer Frente","gaul_code":14792,"targetarea":20.1819653,"totpop":32465.0048733,"country_id":"CUB","targetpop":13473.6698914,"new_mean":0.0702271,"totalarea":423.7514001}},{"type":"Polygon","arcs":[[128]],"properties":{"name":"San Antonio Del Sur","gaul_code":14636,"targetarea":11.3915883,"totpop":26395.6602821,"country_id":"CUB","targetpop":4990.5714264,"new_mean":0.0655457,"totalarea":661.9578408}},{"type":"MultiPolygon","arcs":[[[129]],[[130]]],"properties":{"name":"San Cristobal","gaul_code":14772,"targetarea":57.2529838,"totpop":70471.0845251,"country_id":"CUB","targetpop":38973.185257,"new_mean":0.0410402,"totalarea":781.8292237}},{"type":"MultiPolygon","arcs":[[[131]],[[132]]],"properties":{"name":"Amancio","gaul_code":14741,"targetarea":20.0557737,"totpop":36203.130448,"country_id":"CUB","targetpop":16817.3226776,"new_mean":0.0651901,"totalarea":734.418355}},{"type":"MultiPolygon","arcs":[[[133]],[[134]]],"properties":{"name":"La Palma","gaul_code":14767,"targetarea":10.1801205,"totpop":31646.8313391,"country_id":"CUB","targetpop":5712.6997833,"new_mean":0.0437365,"totalarea":700.9923698}},{"type":"Polygon","arcs":[[135]],"properties":{"name":"Colombia","gaul_code":14742,"targetarea":18.5437157,"totpop":32390.5734032,"country_id":"CUB","targetpop":12564.8318787,"new_mean":0.0673875,"totalarea":509.4981758}},{"type":"MultiPolygon","arcs":[[[136]],[[137,138]],[[139,140,141]]],"properties":{"name":"Placetas","gaul_code":14799,"targetarea":28.4019692,"totpop":61547.0621405,"country_id":"CUB","targetpop":22524.2115021,"new_mean":0.0530477,"totalarea":570.2861826}},{"type":"MultiPolygon","arcs":[[[142]],[[143]]],"properties":{"name":"Esmeralda","gaul_code":14574,"targetarea":9.3177195,"totpop":31780.6677138,"country_id":"CUB","targetpop":5467.8635254,"new_mean":0.0524683,"totalarea":2415.1688331}},{"type":"MultiPolygon","arcs":[[[144,145,146]],[[147,148,149,150,151,152]]],"properties":{"name":"Cotorro","gaul_code":14606,"targetarea":52.1431757,"totpop":95242.9901161,"country_id":"CUB","targetpop":92894.859375,"new_mean":0.0391988,"totalarea":62.8199109}},{"type":"Polygon","arcs":[[153]],"properties":{"name":"Manati","gaul_code":14747,"targetarea":10.1971594,"totpop":29745.6652653,"country_id":"CUB","targetpop":6563.4184265,"new_mean":0.0594724,"totalarea":918.6166519}},{"type":"MultiPolygon","arcs":[[[154]],[[155,156,157,158,159]],[[160,161,162]],[[163,164]]],"properties":{"name":"Holguin","gaul_code":14645,"targetarea":217.061831,"totpop":363010.345963,"country_id":"CUB","targetpop":320087.30526,"new_mean":0.0722364,"totalarea":590.1249593}},{"type":"MultiPolygon","arcs":[[[165]],[[166]],[[167]]],"properties":{"name":"Bartolome Maso","gaul_code":14616,"targetarea":25.2560481,"totpop":49759.6763773,"country_id":"CUB","targetpop":16367.3564835,"new_mean":0.0636003,"totalarea":805.6029899}},{"type":"Polygon","arcs":[[168]],"properties":{"name":"Frank Pais","gaul_code":14644,"targetarea":8.4479013,"totpop":22790.1812073,"country_id":"CUB","targetpop":6302.8971863,"new_mean":0.0680031,"totalarea":467.8978431}},{"type":"MultiPolygon","arcs":[[[169]],[[170]],[[171]]],"properties":{"name":"Sagua La Grande","gaul_code":14803,"targetarea":33.5146017,"totpop":46910.7959032,"country_id":"CUB","targetpop":22655.2829971,"new_mean":0.0440381,"totalarea":953.4560484}},{"type":"MultiPolygon","arcs":[[[172]],[[173,174]]],"properties":{"name":"Ciego De Avila","gaul_code":14587,"targetarea":104.3099841,"totpop":152388.623039,"country_id":"CUB","targetpop":128665.014519,"new_mean":0.0580526,"totalarea":362.4902138}},{"type":"MultiPolygon","arcs":[[[175]],[[176]],[[177]],[[178]]],"properties":{"name":"Cifuentes","gaul_code":14795,"targetarea":16.7661996,"totpop":24600.4325204,"country_id":"CUB","targetpop":7993.2406616,"new_mean":0.0441956,"totalarea":521.4116164}},{"type":"MultiPolygon","arcs":[[[179]],[[180]],[[181]],[[182]]],"properties":{"name":"Cueto","gaul_code":14643,"targetarea":22.7493639,"totpop":36985.2423441,"country_id":"CUB","targetpop":15742.3999557,"new_mean":0.0681698,"totalarea":411.5394456}},{"type":"Polygon","arcs":[[183,184,185,186]],"properties":{"name":"Diez De Octubre","gaul_code":14607,"targetarea":18.9681943,"totpop":109226.490112,"country_id":"CUB","targetpop":109226.490112,"new_mean":0.04156,"totalarea":18.9681943}},{"type":"MultiPolygon","arcs":[[[187]],[[188]],[[-158,189,190]],[[-156,191]]],"properties":{"name":"Cacocum","gaul_code":14641,"targetarea":20.2306339,"totpop":38061.8644495,"country_id":"CUB","targetpop":8851.9462738,"new_mean":0.064992,"totalarea":662.0704327}},{"type":"MultiPolygon","arcs":[[[192]],[[193,194]],[[195]],[[196]],[[197]]],"properties":{"name":"Perico","gaul_code":14760,"targetarea":31.321355,"totpop":31611.4627895,"country_id":"CUB","targetpop":16900.8542938,"new_mean":0.0445921,"totalarea":328.3873586}},{"type":"MultiPolygon","arcs":[[[198]],[[199]],[[200]],[[201]],[[202]]],"properties":{"name":"Rio Cauto","gaul_code":14626,"targetarea":23.2933381,"totpop":55645.2547246,"country_id":"CUB","targetpop":14670.0579681,"new_mean":0.0675342,"totalarea":1473.3854598}},{"type":"Polygon","arcs":[[203]],"properties":{"name":"Jobabo","gaul_code":14744,"targetarea":15.1590359,"totpop":39365.352859,"country_id":"CUB","targetpop":13462.7020874,"new_mean":0.0683927,"totalarea":819.0215455}},{"type":"MultiPolygon","arcs":[[[204]],[[205]],[[206]],[[207]]],"properties":{"name":"Jaruco","gaul_code":14731,"targetarea":14.089351,"totpop":23911.0535469,"country_id":"CUB","targetpop":8925.4615784,"new_mean":0.0451301,"totalarea":249.3064809}},{"type":"MultiPolygon","arcs":[[[208]],[[209]]],"properties":{"name":"Pilon","gaul_code":14625,"targetarea":22.7073715,"totpop":30545.839047,"country_id":"CUB","targetpop":11827.6695251,"new_mean":0.0712521,"totalarea":472.2986135}},{"type":"MultiPolygon","arcs":[[[210,211,212]],[[213]],[[214,215,216,217,218],[219]]],"properties":{"name":"Habana Del Este","gaul_code":14609,"targetarea":161.9199789,"totpop":229921.905813,"country_id":"CUB","targetpop":215988.826611,"new_mean":0.0426162,"totalarea":298.9682596}},{"type":"MultiPolygon","arcs":[[[220]],[[221]],[[222]],[[223,224]]],"properties":{"name":"Florida","gaul_code":14575,"targetarea":41.5906122,"totpop":71283.9559398,"country_id":"CUB","targetpop":33465.9021606,"new_mean":0.0605658,"totalarea":1514.1247665}},{"type":"Polygon","arcs":[[225,226,227,-18]],"properties":{"name":"La Lisa","gaul_code":14610,"targetarea":26.6785095,"totpop":116382.120117,"country_id":"CUB","targetpop":116382.120117,"new_mean":0.0447208,"totalarea":26.6785094}},{"type":"MultiPolygon","arcs":[[[228,229,-140]],[[230]],[[231]],[[232]],[[233]],[[234]],[[235]]],"properties":{"name":"Camajuani","gaul_code":14794,"targetarea":37.7956256,"totpop":54587.0260741,"country_id":"CUB","targetpop":22320.7659912,"new_mean":0.0468499,"totalarea":615.2307897}},{"type":"MultiPolygon","arcs":[[[236]],[[237]],[[238]],[[239,240]]],"properties":{"name":"Lajas","gaul_code":14599,"targetarea":13.1195791,"totpop":16667.5291233,"country_id":"CUB","targetpop":4398.4710541,"new_mean":0.0457416,"totalarea":452.8056788}},{"type":"MultiPolygon","arcs":[[[241]],[[242,243]],[[244]],[[245]],[[246]]],"properties":{"name":"Contramaestre","gaul_code":14784,"targetarea":94.1720119,"totpop":112594.275235,"country_id":"CUB","targetpop":77122.5208206,"new_mean":0.0692354,"totalarea":497.1637638}},{"type":"Polygon","arcs":[[247,248]],"properties":{"name":"Vertientes","gaul_code":14583,"targetarea":19.9980482,"totpop":58083.2833023,"country_id":"CUB","targetpop":17065.5904999,"new_mean":0.0639407,"totalarea":1499.6081972}},{"type":"MultiPolygon","arcs":[[[249]],[[250]],[[251]],[[252]]],"properties":{"name":"Artemisa","gaul_code":14723,"targetarea":75.9945142,"totpop":79597.1683335,"country_id":"CUB","targetpop":43756.9247208,"new_mean":0.0336045,"totalarea":510.8300526}},{"type":"MultiPolygon","arcs":[[[253]],[[254]]],"properties":{"name":"Batabano","gaul_code":14724,"targetarea":20.8967052,"totpop":25446.5713711,"country_id":"CUB","targetpop":15126.2872124,"new_mean":0.0363653,"totalarea":177.3108685}},{"type":"MultiPolygon","arcs":[[[255,256,257]],[[258]],[[259]],[[260]],[[261]],[[262]],[[263,264]]],"properties":{"name":"San Juan Y Martinez","gaul_code":14773,"targetarea":48.8073847,"totpop":75882.8521979,"country_id":"CUB","targetpop":25617.7412109,"new_mean":0.0417071,"totalarea":901.8318414}},{"type":"Polygon","arcs":[[265,266,267,268,-16,-185]],"properties":{"name":"Cerro","gaul_code":14605,"targetarea":13.6371321,"totpop":79825.4584961,"country_id":"CUB","targetpop":79825.4584961,"new_mean":0,"totalarea":13.6371321}},{"type":"MultiPolygon","arcs":[[[269]],[[270]],[[271]],[[272]],[[273]]],"properties":{"name":"Manicaragua","gaul_code":14798,"targetarea":32.299988,"totpop":66772.8148477,"country_id":"CUB","targetpop":20654.1386261,"new_mean":0.0523656,"totalarea":950.8682486}},{"type":"MultiPolygon","arcs":[[[274,-109,275,276,277]],[[278]],[[279]]],"properties":{"name":"San Luis","gaul_code":14788,"targetarea":61.6616927,"totpop":77041.9183788,"country_id":"CUB","targetpop":44708.1622162,"new_mean":0.0708656,"totalarea":625.2957891}},{"type":"MultiPolygon","arcs":[[[280]],[[281]],[[282]],[[283]]],"properties":{"name":"Aguada De Pasajeros","gaul_code":14595,"targetarea":27.2474817,"totpop":35292.483676,"country_id":"CUB","targetpop":15810.7275162,"new_mean":0.0440924,"totalarea":669.0576346}},{"type":"MultiPolygon","arcs":[[[284]],[[285]],[[286]],[[287]]],"properties":{"name":"Puerto Padre","gaul_code":14748,"targetarea":50.5088807,"totpop":87098.165392,"country_id":"CUB","targetpop":40630.6981659,"new_mean":0.0586137,"totalarea":1247.6994759}},{"type":"Polygon","arcs":[[288,289,-267,290]],"properties":{"name":"Plaza De La Revolucion","gaul_code":14613,"targetarea":16.7520161,"totpop":129813.537231,"country_id":"CUB","targetpop":129813.537231,"new_mean":0.049697,"totalarea":17.6627303}},{"type":"MultiPolygon","arcs":[[[291]],[[292]],[[293]]],"properties":{"name":"Caibarien","gaul_code":14793,"targetarea":29.8168383,"totpop":32524.053673,"country_id":"CUB","targetpop":17057.8284302,"new_mean":0.0494491,"totalarea":541.427861}},{"type":"MultiPolygon","arcs":[[[294]],[[295,-13,296]],[[297]]],"properties":{"name":"Las Tunas","gaul_code":14745,"targetarea":112.2031973,"totpop":221113.095877,"country_id":"CUB","targetpop":155777.672775,"new_mean":0.0744148,"totalarea":1163.4469519}},{"type":"MultiPolygon","arcs":[[[298,-97]],[[299]]],"properties":{"name":"Nueva Paz","gaul_code":14735,"targetarea":18.0201654,"totpop":27853.851795,"country_id":"CUB","targetpop":9974.0850754,"new_mean":0.0434304,"totalarea":469.2401633}},{"type":"MultiPolygon","arcs":[[[300]],[[301]],[[302,303]],[[-194,304]],[[305]],[[306]]],"properties":{"name":"Colon","gaul_code":14752,"targetarea":53.5679714,"totpop":64437.8403368,"country_id":"CUB","targetpop":37839.1034393,"new_mean":0.0488833,"totalarea":502.8938997}},{"type":"MultiPolygon","arcs":[[[307,-45,308]],[[309]],[[310,311,312]],[[313]],[[314,315,-153,316]],[[317,318,-145,319]],[[-213,320,321]]],"properties":{"name":"San Jose De La Lajas","gaul_code":14738,"targetarea":63.4214917,"totpop":71496.2052288,"country_id":"CUB","targetpop":35880.4721375,"new_mean":0.0418333,"totalarea":509.1487898}},{"type":"Polygon","arcs":[[-215,322,323,-266,-184,324,325]],"properties":{"name":"Regla","gaul_code":14614,"targetarea":26.1677616,"totpop":55440.5554199,"country_id":"CUB","targetpop":55440.5554199,"new_mean":0.0471374,"totalarea":26.1677615}},{"type":"MultiPolygon","arcs":[[[326,327,-71]],[[328,329]],[[330,331]],[[332]]],"properties":{"name":"Palmira","gaul_code":14600,"targetarea":25.9465502,"totpop":30296.1377382,"country_id":"CUB","targetpop":13330.7912598,"new_mean":0.0463808,"totalarea":303.2834583}},{"type":"MultiPolygon","arcs":[[[333]],[[334,335]],[[336]]],"properties":{"name":"Jiguani","gaul_code":14622,"targetarea":28.2056357,"totpop":53525.6790571,"country_id":"CUB","targetpop":19338.1107483,"new_mean":0.0735654,"totalarea":753.0805697}},{"type":"Polygon","arcs":[[337]],"properties":{"name":"Bolivia","gaul_code":14585,"targetarea":2.1693446,"totpop":13952.7530902,"country_id":"CUB","targetpop":1060.2665405,"new_mean":0.048792,"totalarea":1038.9229729}},{"type":"MultiPolygon","arcs":[[[338,-249]],[[339]],[[-96,340]],[[341]]],"properties":{"name":"Camaguey","gaul_code":14572,"targetarea":186.4662679,"totpop":312332.707621,"country_id":"CUB","targetpop":229690.911728,"new_mean":0.0686076,"totalarea":1563.9363199}},{"type":"MultiPolygon","arcs":[[[342]],[[-230,343,-141]],[[344]]],"properties":{"name":"Santa Clara","gaul_code":14804,"targetarea":147.855064,"totpop":242629.145113,"country_id":"CUB","targetpop":204139.165665,"new_mean":0.0501486,"totalarea":507.8982081}},{"type":"MultiPolygon","arcs":[[[345]],[[346]],[[-309,-47,347]],[[348,349,-313]]],"properties":{"name":"Guines","gaul_code":14729,"targetarea":54.9235164,"totpop":59799.7307978,"country_id":"CUB","targetpop":37974.2365646,"new_mean":0.0415292,"totalarea":370.3854616}},{"type":"MultiPolygon","arcs":[[[350]],[[-164,351]],[[352]],[[353]],[[354,355]]],"properties":{"name":"Jibara","gaul_code":14646,"targetarea":36.7032687,"totpop":65674.5597119,"country_id":"CUB","targetpop":31021.9993896,"new_mean":0.0656863,"totalarea":562.4906694}},{"type":"Polygon","arcs":[[356]],"properties":{"name":"Jatibonico","gaul_code":14778,"targetarea":12.5551983,"totpop":39204.6741637,"country_id":"CUB","targetpop":9928.4797058,"new_mean":0.0496149,"totalarea":823.720334}},{"type":"Polygon","arcs":[[357]],"properties":{"name":"Mantua","gaul_code":14769,"targetarea":4.7547873,"totpop":23003.5904956,"country_id":"CUB","targetpop":2171.6140747,"new_mean":0.0429655,"totalarea":1170.0803104}},{"type":"MultiPolygon","arcs":[[[358,-121]],[[359]],[[360]],[[-240,361]],[[362]]],"properties":{"name":"Rodas","gaul_code":14601,"targetarea":18.2719021,"totpop":32756.0490335,"country_id":"CUB","targetpop":10226.7488861,"new_mean":0.045566,"totalarea":462.5918516}},{"type":"Polygon","arcs":[[363,-291,-324]],"properties":{"name":"Centro Habana","gaul_code":14604,"targetarea":5.3319076,"totpop":38123.3302002,"country_id":"CUB","targetpop":0,"new_mean":0.0497116,"totalarea":5.3319078}},{"type":"MultiPolygon","arcs":[[[364]],[[365]],[[366]]],"properties":{"name":"Name Unknown","gaul_code":14689,"targetarea":38.6952192,"totpop":80718.0622035,"country_id":"CUB","targetpop":23587.0635681,"new_mean":0.0525577,"totalarea":2242.6684495}},{"type":"MultiPolygon","arcs":[[[367]],[[368]],[[369]],[[370]]],"properties":{"name":"Sibanicu","gaul_code":14581,"targetarea":17.6897114,"totpop":29687.5435308,"country_id":"CUB","targetpop":10037.2122955,"new_mean":0.0618364,"totalarea":782.4372163}},{"type":"MultiPolygon","arcs":[[[371,372,373]],[[374]],[[375,-311,-350]],[[376]],[[377]]],"properties":{"name":"Madruga","gaul_code":14732,"targetarea":17.2882793,"totpop":29296.8290329,"country_id":"CUB","targetpop":8031.3787689,"new_mean":0.0422005,"totalarea":550.9325384}},{"type":"MultiPolygon","arcs":[[[378]],[[379,380]],[[381]]],"properties":{"name":"Mariel","gaul_code":14733,"targetarea":58.3636496,"totpop":47538.3057411,"country_id":"CUB","targetpop":26615.87918,"new_mean":0.0419952,"totalarea":325.9424462}},{"type":"MultiPolygon","arcs":[[[382]],[[383,-115]]],"properties":{"name":"Matanzas","gaul_code":14758,"targetarea":109.0172728,"totpop":146858.018215,"country_id":"CUB","targetpop":120759.747314,"new_mean":0.0450379,"totalarea":314.141315}},{"type":"MultiPolygon","arcs":[[[384]],[[385]],[[386]],[[387]],[[388,-355]]],"properties":{"name":"Rafael Freyre","gaul_code":14650,"targetarea":40.519392,"totpop":59635.88672,"country_id":"CUB","targetpop":31003.0261841,"new_mean":0.0635038,"totalarea":496.1016644}},{"type":"MultiPolygon","arcs":[[[389,-92,390]],[[391,392]],[[393]],[[394]],[[395]],[[396]],[[397]],[[398]]],"properties":{"name":"Ranchuelo","gaul_code":14801,"targetarea":40.3074908,"totpop":54997.8502436,"country_id":"CUB","targetpop":25453.0690918,"new_mean":0.0470303,"totalarea":547.5977101}},{"type":"MultiPolygon","arcs":[[[399]],[[400]]],"properties":{"name":"Mella","gaul_code":14786,"targetarea":16.2476038,"totpop":29970.7556971,"country_id":"CUB","targetpop":11607.3571472,"new_mean":0.0731932,"totalarea":354.7580207}},{"type":"MultiPolygon","arcs":[[[401,-225]],[[402]],[[403]]],"properties":{"name":"Carl. Man. De Cespedes","gaul_code":14573,"targetarea":14.8501053,"totpop":25423.5171933,"country_id":"CUB","targetpop":8197.6591949,"new_mean":0.0539042,"totalarea":590.609309}},{"type":"MultiPolygon","arcs":[[[404]],[[405]],[[406]]],"properties":{"name":"Baguanos","gaul_code":14639,"targetarea":18.9902017,"totpop":49366.5144691,"country_id":"CUB","targetpop":12859.2815094,"new_mean":0.069401,"totalarea":807.7411117}},{"type":"MultiPolygon","arcs":[[[407]],[[408]],[[409]]],"properties":{"name":"Nuevitas","gaul_code":14579,"targetarea":54.6097345,"totpop":104745.062918,"country_id":"CUB","targetpop":59809.9883811,"new_mean":0.0619643,"totalarea":3023.1320703}},{"type":"MultiPolygon","arcs":[[[410]],[[-257,411]],[[412,-32]]],"properties":{"name":"Guane","gaul_code":14766,"targetarea":20.2411104,"totpop":32892.9590158,"country_id":"CUB","targetpop":9007.0734406,"new_mean":0.0435463,"totalarea":574.8338411}},{"type":"MultiPolygon","arcs":[[[413]],[[414]],[[415]]],"properties":{"name":"Jagiey Grande","gaul_code":14753,"targetarea":45.2179467,"totpop":65196.3166957,"country_id":"CUB","targetpop":30455.286911,"new_mean":0.0500654,"totalarea":784.2546235}},{"type":"MultiPolygon","arcs":[[[416]],[[417]],[[-138,418]],[[419]],[[420]],[[421]]],"properties":{"name":"Remedios","gaul_code":14802,"targetarea":25.7043584,"totpop":35927.6572275,"country_id":"CUB","targetpop":15100.218811,"new_mean":0.057063,"totalarea":428.9430075}},{"type":"MultiPolygon","arcs":[[[422,423,-79,424]],[[425]],[[426,-77,427]],[[428]],[[429]],[[430,431,432]],[[433,434]]],"properties":{"name":"Caimito","gaul_code":14727,"targetarea":48.4683351,"totpop":46988.9832153,"country_id":"CUB","targetpop":21383.130455,"new_mean":0.0356479,"totalarea":293.2261832}},{"type":"MultiPolygon","arcs":[[[435,-68,436,-67]],[[437]]],"properties":{"name":"Varadero","gaul_code":14762,"targetarea":44.901303,"totpop":35613.8483362,"country_id":"CUB","targetpop":33958.4449425,"new_mean":0.053382,"totalarea":65.4784488}},{"type":"MultiPolygon","arcs":[[[438]],[[439]],[[440]],[[441]],[[442]],[[443,-49]]],"properties":{"name":"Sancti Spiritus","gaul_code":14779,"targetarea":77.5330193,"totpop":143234.379998,"country_id":"CUB","targetpop":79903.0321198,"new_mean":0.0583633,"totalarea":1034.5282205}},{"type":"MultiPolygon","arcs":[[[444]],[[445]],[[446]]],"properties":{"name":"Santo Domingo","gaul_code":14805,"targetarea":26.636703,"totpop":47491.9992833,"country_id":"CUB","targetpop":17663.3591614,"new_mean":0.0430866,"totalarea":817.0880183}},{"type":"MultiPolygon","arcs":[[[447]],[[448]]],"properties":{"name":"Venezuela","gaul_code":14782,"targetarea":5.6039761,"totpop":20414.7485452,"country_id":"CUB","targetpop":2459.3722839,"new_mean":0.0518752,"totalarea":996.1719582}},{"type":"MultiPolygon","arcs":[[[449]],[[450]]],"properties":{"name":"Santa Cruz Del Sur","gaul_code":14580,"targetarea":12.816569,"totpop":37744.3528827,"country_id":"CUB","targetpop":6496.3506012,"new_mean":0.0604015,"totalarea":1122.5972393}},{"type":"MultiPolygon","arcs":[[[451]],[[452]],[[453]],[[454,455]],[[456]],[[457]],[[458,459]]],"properties":{"name":"Quivican","gaul_code":14736,"targetarea":34.4812605,"totpop":37965.8264961,"country_id":"CUB","targetpop":16727.7754822,"new_mean":0.037235,"totalarea":299.9420381}},{"type":"MultiPolygon","arcs":[[[460]],[[461]],[[-87,462]]],"properties":{"name":"Ciro Redondo","gaul_code":14588,"targetarea":24.6904018,"totpop":37122.9730508,"country_id":"CUB","targetpop":13896.0406799,"new_mean":0.0472349,"totalarea":659.0778505}},{"type":"Polygon","arcs":[[463,-303]],"properties":{"name":"Los Arabos","gaul_code":14756,"targetarea":9.9508714,"totpop":22040.8566504,"country_id":"CUB","targetpop":4285.154541,"new_mean":0.0432709,"totalarea":774.238481}},{"type":"MultiPolygon","arcs":[[[464]],[[465]],[[466]],[[467]],[[468]],[[469]]],"properties":{"name":"Yaguajay","gaul_code":14783,"targetarea":31.0620982,"totpop":57285.0755737,"country_id":"CUB","targetpop":16587.6048889,"new_mean":0.0488795,"totalarea":1470.5965456}},{"type":"MultiPolygon","arcs":[[[470,-146,-319]],[[-216,-326,471,-149,472,-321,-212,473,-218,474]]],"properties":{"name":"Guanabacoa","gaul_code":14608,"targetarea":62.9743216,"totpop":113048.386101,"country_id":"CUB","targetpop":111687.446503,"new_mean":0.0430663,"totalarea":71.8524015}},{"type":"Polygon","arcs":[[475]],"properties":{"name":"Imias","gaul_code":14632,"targetarea":2.6204708,"totpop":22541.3434772,"country_id":"CUB","targetpop":1238.6563721,"new_mean":0.0644254,"totalarea":671.8470436}},{"type":"MultiPolygon","arcs":[[[476]],[[477]],[[478]],[[479]]],"properties":{"name":"Taguasco","gaul_code":14780,"targetarea":21.3357698,"totpop":31831.3584914,"country_id":"CUB","targetpop":12699.2927399,"new_mean":0.0527373,"totalarea":401.5796752}},{"type":"MultiPolygon","arcs":[[[480]],[[481]]],"properties":{"name":"Niceto Perez","gaul_code":14635,"targetarea":8.7737537,"totpop":28539.3257051,"country_id":"CUB","targetpop":3935.4859314,"new_mean":0.0716175,"totalarea":661.3657808}},{"type":"MultiPolygon","arcs":[[[482]],[[483,484]],[[485]]],"properties":{"name":"Encrucijada","gaul_code":14797,"targetarea":21.5816472,"totpop":33417.4382697,"country_id":"CUB","targetpop":12030.3250732,"new_mean":0.0462134,"totalarea":756.8358945}},{"type":"MultiPolygon","arcs":[[[486]],[[487]]],"properties":{"name":"Majagua","gaul_code":14590,"targetarea":13.6172575,"totpop":28819.2459474,"country_id":"CUB","targetpop":8481.6445618,"new_mean":0.0542118,"totalarea":480.4730047}},{"type":"Polygon","arcs":[[488]],"properties":{"name":"Moa","gaul_code":14648,"targetarea":67.691395,"totpop":79335.1792283,"country_id":"CUB","targetpop":55135.271286,"new_mean":0.0647347,"totalarea":553.8067989}},{"type":"Polygon","arcs":[[-290,489,490,-227,491,-268]],"properties":{"name":"Playa","gaul_code":14612,"targetarea":58.4333253,"totpop":144906.560778,"country_id":"CUB","targetpop":144856.039268,"new_mean":0.0463554,"totalarea":60.8844486}},{"type":"MultiPolygon","arcs":[[[492]],[[493]],[[494]]],"properties":{"name":"Baragua","gaul_code":14584,"targetarea":16.1472122,"totpop":30643.9148283,"country_id":"CUB","targetpop":9115.8444595,"new_mean":0.053451,"totalarea":816.9746677}},{"type":"MultiPolygon","arcs":[[[495]],[[-265,496]]],"properties":{"name":"Pinar Del Rio","gaul_code":14771,"targetarea":125.5429208,"totpop":186058.113464,"country_id":"CUB","targetpop":150384.358627,"new_mean":0.0423587,"totalarea":508.68197}},{"type":"MultiPolygon","arcs":[[[497]],[[498]],[[499]],[[500]],[[501]],[[502]],[[503,-243]],[[504]]],"properties":{"name":"Palma Soriano","gaul_code":14787,"targetarea":80.0369894,"totpop":124564.888113,"country_id":"CUB","targetpop":66258.8191681,"new_mean":0.070124,"totalarea":930.3949356}},{"type":"MultiPolygon","arcs":[[[505]],[[506]],[[507]],[[508]],[[509]]],"properties":{"name":"Calimete","gaul_code":14749,"targetarea":16.8078127,"totpop":29128.7414232,"country_id":"CUB","targetpop":8529.6060333,"new_mean":0.0460117,"totalarea":910.0569537}},{"type":"MultiPolygon","arcs":[[[510]],[[511]]],"properties":{"name":"Segundo Frente","gaul_code":14790,"targetarea":16.599849,"totpop":34290.565918,"country_id":"CUB","targetpop":14063.9840393,"new_mean":0.0778453,"totalarea":443.2996597}},{"type":"MultiPolygon","arcs":[[[512]],[[513,514,-4]],[[515]],[[516]],[[517,518]]],"properties":{"name":"Yara","gaul_code":14627,"targetarea":37.5474254,"totpop":58156.9486923,"country_id":"CUB","targetpop":26991.0558929,"new_mean":0.0598882,"totalarea":552.4536995}},{"type":"Polygon","arcs":[[519,520]],"properties":{"name":"Caimanera","gaul_code":40774,"targetarea":10.1628705,"totpop":18977.1921952,"country_id":"CUB","targetpop":4634.4746513,"new_mean":0.0671464,"totalarea":534.711775}},{"type":"MultiPolygon","arcs":[[[521,-372,522]],[[523,524]],[[525]]],"properties":{"name":"Limonar","gaul_code":14755,"targetarea":11.2624008,"totpop":30731.8718185,"country_id":"CUB","targetpop":5563.5237122,"new_mean":0.0470257,"totalarea":573.0852728}},{"type":"MultiPolygon","arcs":[[[526]],[[527]],[[528]]],"properties":{"name":"Jesus Menendez","gaul_code":14743,"targetarea":23.4784499,"totpop":49380.5662649,"country_id":"CUB","targetpop":15694.9008331,"new_mean":0.0620817,"totalarea":764.1129767}},{"type":"MultiPolygon","arcs":[[[529]],[[530]],[[531]],[[532]],[[533]],[[534,-72,-328,535]],[[536,-332,537,-330,538]]],"properties":{"name":"Cienfuegos","gaul_code":14596,"targetarea":157.6620641,"totpop":181700.429238,"country_id":"CUB","targetpop":151348.202921,"new_mean":0.0538492,"totalarea":498.9536457}},{"type":"MultiPolygon","arcs":[[[539]],[[540]],[[541]],[[-523,-374,542]],[[543]]],"properties":{"name":"Union De Reyes","gaul_code":14761,"targetarea":15.0623274,"totpop":35479.7810946,"country_id":"CUB","targetpop":8518.9502716,"new_mean":0.0509221,"totalarea":894.7080394}},{"type":"MultiPolygon","arcs":[[[544]],[[545]],[[546]],[[547]]],"properties":{"name":"Minas","gaul_code":14577,"targetarea":19.0980546,"totpop":40908.3750431,"country_id":"CUB","targetpop":9791.0173645,"new_mean":0.0508304,"totalarea":1309.637256}},{"type":"MultiPolygon","arcs":[[[548]],[[549]]],"properties":{"name":"Vinales","gaul_code":14775,"targetarea":6.8982613,"totpop":28666.9459412,"country_id":"CUB","targetpop":3813.8688278,"new_mean":0.0499738,"totalarea":664.4686609}},{"type":"MultiPolygon","arcs":[[[550]],[[551,-276,-108]],[[552,-106,553]],[[554,-278,555]],[[556,-104]],[[557]]],"properties":{"name":"Songo - La Maya","gaul_code":14791,"targetarea":45.7694427,"totpop":83349.5599871,"country_id":"CUB","targetpop":30846.0429687,"new_mean":0.067132,"totalarea":916.5680278}},{"type":"MultiPolygon","arcs":[[[558]],[[559]]],"properties":{"name":"Chambas","gaul_code":14586,"targetarea":9.3267062,"totpop":20075.3930621,"country_id":"CUB","targetpop":4114.2352905,"new_mean":0.0478069,"totalarea":841.5033464}},{"type":"MultiPolygon","arcs":[[[560]],[[561]]],"properties":{"name":"Candelaria","gaul_code":14764,"targetarea":14.6959754,"totpop":27817.3172598,"country_id":"CUB","targetpop":8119.7904663,"new_mean":0.0378939,"totalarea":407.2744128}},{"type":"MultiPolygon","arcs":[[[562]],[[563]],[[564]],[[565]]],"properties":{"name":"Guantanamo","gaul_code":40773,"targetarea":143.3171031,"totpop":235973.961658,"country_id":"CUB","targetpop":182099.389804,"new_mean":0.0668158,"totalarea":888.7681653}},{"type":"MultiPolygon","arcs":[[[566]],[[567]],[[568,569]],[[570,-159,-191,571]]],"properties":{"name":"Urbano Noris","gaul_code":14652,"targetarea":30.2798631,"totpop":48525.0839796,"country_id":"CUB","targetpop":18234.4961777,"new_mean":0.0680391,"totalarea":958.2926668}},{"type":"MultiPolygon","arcs":[[[572]],[[573,574,575]],[[576,-336]]],"properties":{"name":"Guisa","gaul_code":14621,"targetarea":26.9803868,"totpop":46900.5164351,"country_id":"CUB","targetpop":17952.8874969,"new_mean":0.0706411,"totalarea":603.7189302}},{"type":"Polygon","arcs":[[577]],"properties":{"name":"Pedro Betancourt","gaul_code":14759,"targetarea":16.4350392,"totpop":29286.3507776,"country_id":"CUB","targetpop":9901.4358673,"new_mean":0.049476,"totalarea":334.8393465}},{"type":"MultiPolygon","arcs":[[[578]],[[579]],[[580]],[[581,-162]]],"properties":{"name":"Calixto Garcia","gaul_code":14642,"targetarea":35.8091464,"totpop":58160.9522209,"country_id":"CUB","targetpop":20843.8525848,"new_mean":0.06512,"totalarea":710.155517}},{"type":"MultiPolygon","arcs":[[[582,-20,583,584,-459]],[[-22,585]],[[586,-24,587]]],"properties":{"name":"Bejucal","gaul_code":14726,"targetarea":24.7067519,"totpop":25045.5881748,"country_id":"CUB","targetpop":13609.3741455,"new_mean":0.0383914,"totalarea":129.919482}},{"type":"MultiPolygon","arcs":[[[588]],[[589]],[[590]],[[591]],[[592]],[[593]],[[594]]],"properties":{"name":"Banes","gaul_code":14640,"targetarea":51.7528629,"totpop":78497.0815823,"country_id":"CUB","targetpop":39327.617382,"new_mean":0.063161,"totalarea":795.3360435}},{"type":"MultiPolygon","arcs":[[[595]],[[596]],[[597]],[[598]],[[-524,599]]],"properties":{"name":"Jovellanos","gaul_code":14754,"targetarea":33.6789743,"totpop":58341.2102251,"country_id":"CUB","targetpop":25511.3672485,"new_mean":0.0445968,"totalarea":463.5718063}},{"type":"Polygon","arcs":[[-325,-187,600,-150,-472]],"properties":{"name":"San Miguel Del Padron","gaul_code":14615,"targetarea":25.8733598,"totpop":76973.965332,"country_id":"CUB","targetpop":76973.965332,"new_mean":0.0423981,"totalarea":25.8733598}},{"type":"MultiPolygon","arcs":[[[601]],[[602]],[[603]]],"properties":{"name":"Baracoa","gaul_code":14628,"targetarea":39.6688487,"totpop":78637.7765172,"country_id":"CUB","targetpop":34545.068367,"new_mean":0.05876,"totalarea":682.3509579}},{"type":"MultiPolygon","arcs":[[[604]],[[605]],[[-456,606,-81,607,608]]],"properties":{"name":"Guira De Melena","gaul_code":14730,"targetarea":44.4540176,"totpop":39537.9839573,"country_id":"CUB","targetpop":27609.3165436,"new_mean":0.0369497,"totalarea":168.2084715}},{"type":"MultiPolygon","arcs":[[[609]],[[610]],[[611,-514,-6]],[[612,-518]],[[613,-575]]],"properties":{"name":"Bayamo","gaul_code":14617,"targetarea":158.9512673,"totpop":237266.495538,"country_id":"CUB","targetpop":183262.134659,"new_mean":0.0730596,"totalarea":859.797735}},{"type":"MultiPolygon","arcs":[[[614]],[[-424,615,-608,-80],[616]]],"properties":{"name":"Alquizar","gaul_code":14722,"targetarea":49.2189471,"totpop":40218.6624561,"country_id":"CUB","targetpop":26251.9291077,"new_mean":0.036542,"totalarea":222.9933394}},{"type":"MultiPolygon","arcs":[[[617]],[[618]]],"properties":{"name":"Corralillo","gaul_code":14796,"targetarea":7.3127133,"totpop":26836.2140445,"country_id":"CUB","targetpop":4324.4685593,"new_mean":0.0451438,"totalarea":1091.5422844}},{"type":"MultiPolygon","arcs":[[[619]],[[620]],[[621]],[[622]]],"properties":{"name":"Trinidad","gaul_code":14781,"targetarea":52.4682497,"totpop":80712.7545782,"country_id":"CUB","targetpop":37374.8233185,"new_mean":0.0566137,"totalarea":972.0032607}},{"type":"MultiPolygon","arcs":[[[623]],[[624]],[[625]],[[626]],[[627]],[[628]],[[629,-15]]],"properties":{"name":"Mayari","gaul_code":14647,"targetarea":76.2765063,"totpop":107241.474834,"country_id":"CUB","targetpop":46584.8733406,"new_mean":0.0666239,"totalarea":1696.2563145}},{"type":"MultiPolygon","arcs":[[[630]],[[631]]],"properties":{"name":"Campechuela","gaul_code":14619,"targetarea":27.6731025,"totpop":42746.7455244,"country_id":"CUB","targetpop":23332.7520752,"new_mean":0.067179,"totalarea":485.3795723}},{"type":"MultiPolygon","arcs":[[[632,-520]],[[633]]],"properties":{"name":"Manuel Tames","gaul_code":14634,"targetarea":6.4955869,"totpop":32591.3518105,"country_id":"CUB","targetpop":3302.9303284,"new_mean":0.0699044,"totalarea":486.2779672}},{"type":"Polygon","arcs":[[634]],"properties":{"name":"Quemado De Gines","gaul_code":14800,"targetarea":12.9322764,"totpop":21134.1848625,"country_id":"CUB","targetpop":9042.0606995,"new_mean":0.0497741,"totalarea":311.977955}},{"type":"Polygon","arcs":[[-186,-25,-587,635,-151,-601]],"properties":{"name":"Arroyo Naranjo","gaul_code":14602,"targetarea":74.0570887,"totpop":259726.911541,"country_id":"CUB","targetpop":259557.321671,"new_mean":0.0436363,"totalarea":76.2698801}},{"type":"Polygon","arcs":[[636]],"properties":{"name":"Manzanillo","gaul_code":14623,"targetarea":85.5516083,"totpop":128543.565723,"country_id":"CUB","targetpop":99540.5397415,"new_mean":0.0741192,"totalarea":538.021067}},{"type":"MultiPolygon","arcs":[[[637]],[[-491,638,-435,639,-432,640,-584,-19,-228]]],"properties":{"name":"Bauta","gaul_code":14725,"targetarea":115.252782,"totpop":154643.980621,"country_id":"CUB","targetpop":144526.984856,"new_mean":0.0385666,"totalarea":194.4488284}},{"type":"MultiPolygon","arcs":[[[641]],[[642]],[[643]],[[644,-380]]],"properties":{"name":"Bahia Honda","gaul_code":14763,"targetarea":23.6196226,"totpop":40464.0388032,"country_id":"CUB","targetpop":10880.6574707,"new_mean":0.0394864,"totalarea":840.4997093}},{"type":"MultiPolygon","arcs":[[[645]],[[646]]],"properties":{"name":"Florencia","gaul_code":14589,"targetarea":11.1922285,"totpop":33689.0868635,"country_id":"CUB","targetpop":9585.7935638,"new_mean":0.0530583,"totalarea":353.5556126}},{"type":"MultiPolygon","arcs":[[[647]],[[648]]],"properties":{"name":"Minas De Matahambre","gaul_code":14770,"targetarea":15.0724575,"totpop":31392.9997915,"country_id":"CUB","targetpop":6716.3760071,"new_mean":0.0486444,"totalarea":1013.8506032}},{"type":"MultiPolygon","arcs":[[[649,-175]],[[650]]],"properties":{"name":"Venezuela","gaul_code":14593,"targetarea":11.158402,"totpop":34997.7083836,"country_id":"CUB","targetpop":8858.0188446,"new_mean":0.0511475,"totalarea":515.9395432}},{"type":"Polygon","arcs":[[-492,-226,-17,-269]],"properties":{"name":"Marianao","gaul_code":14611,"targetarea":10.6905033,"totpop":80612.6608887,"country_id":"CUB","targetpop":0,"new_mean":0,"totalarea":10.6905032}}]}},"arcs":[[[-76.4628829,20.5458034],[-76.4446293,20.5537217],[-76.4770512,20.5700302],[-76.5037846,20.5478623],[-76.4666671,20.5412501],[-76.4628829,20.5458034]],[[-76.7385095,20.1835638],[-76.7537683,20.194428],[-76.7698409,20.1701442],[-76.7500004,20.1579168],[-76.7385095,20.1835638]],[[-76.7417485,20.2328598],[-76.7709477,20.2476344],[-76.7861332,20.2373317],[-76.7611332,20.2301173],[-76.7500004,20.2162501],[-76.7417485,20.2328598]],[[-76.7831726,20.2931404],[-76.7890933,20.2917102]],[[-76.7890933,20.2917102],[-76.7764842,20.2881056]],[[-76.7764842,20.2881056],[-76.7831726,20.2931404]],[[-75.2379643,20.5542099],[-75.2240808,20.5653265],[-75.2073572,20.5862046],[-75.2401127,20.5955714],[-75.2591638,20.6193629],[-75.2703699,20.5992295],[-75.2536137,20.5707179],[-75.2557377,20.5536077],[-75.2379643,20.5542099]],[[-76.7437586,20.8519313],[-76.7529545,20.8371364],[-76.7333337,20.8329168],[-76.7437586,20.8519313]],[[-76.7481597,20.9016337],[-76.7436528,20.8815089],[-76.7166671,20.8745835],[-76.7132654,20.8795151],[-76.6847758,20.886825],[-76.6846752,20.8876943],[-76.7299222,20.8985408],[-76.7481597,20.9016337]],[[-76.7660183,20.9107559],[-76.7678903,20.9124079],[-76.8094568,20.9265732],[-76.8198409,20.9132594],[-76.7919438,20.9037501],[-76.7981775,20.8837306],[-76.7833337,20.8745835],[-76.7660183,20.9107559]],[[-76.8637944,20.9133733],[-76.847974,20.9217067],[-76.8703373,20.9357936],[-76.8945398,20.9220363],[-76.8666671,20.9079168],[-76.8637944,20.9133733]],[[-76.9271672,20.9134423],[-76.9031091,20.9284246],[-76.9078647,20.9363067]],[[-76.9078647,20.9363067],[-76.9315948,20.9243927],[-76.9271672,20.9134423]],[[-75.7175505,20.8477341],[-75.7322026,20.8535141],[-75.7399392,20.8425104]],[[-75.7399392,20.8425104],[-75.7175505,20.8477341]],[[-82.3512192,23.066927],[-82.3815689,23.063345]],[[-82.3815689,23.063345],[-82.4056778,23.0518589],[-82.4129868,23.0380802]],[[-82.4129868,23.0380802],[-82.4345551,23.0066795]],[[-82.4345551,23.0066795],[-82.4344177,22.9914093],[-82.4140167,22.957756],[-82.4136658,22.9452572],[-82.3883591,22.9359646]],[[-82.3883591,22.9359646],[-82.3642654,22.9512901],[-82.3580595,22.949954]],[[-82.3580595,22.949954],[-82.3494877,22.9614731],[-82.3157424,22.9550904]],[[-82.3157424,22.9550904],[-82.2981262,22.957922],[-82.283335,22.9544997]],[[-82.283335,22.9544997],[-82.2596117,22.9534051]],[[-82.2596117,22.9534051],[-82.2567291,22.9586067]],[[-82.2567291,22.9586067],[-82.2600403,22.9674511],[-82.3072968,22.9966393],[-82.3266907,23.000885],[-82.3245544,23.0183029],[-82.3512192,23.066927]],[[-79.6624439,22.0006777],[-79.6653979,22.0076716],[-79.6865076,22.0034775],[-79.6666671,21.9912501],[-79.6624439,22.0006777]],[[-79.7270919,22.0602646],[-79.7362878,22.0454697],[-79.7166671,22.0412501],[-79.7270919,22.0602646]],[[-79.7416671,22.1162501],[-79.7388676,22.0940496],[-79.6888676,22.090359],[-79.7205652,22.12674],[-79.7416671,22.1162501]],[[-79.7416671,22.1162501],[-79.7473718,22.1362005],[-79.7620365,22.1220729],[-79.7416671,22.1162501]],[[-84.1900313,22.0863022],[-84.2060144,22.0940496],[-84.2194665,22.0701808],[-84.2000004,22.0662501],[-84.1900313,22.0863022]],[[-84.1010685,22.1687757],[-84.1104333,22.1543971],[-84.0916671,22.1495835],[-84.0874999,22.1576315]],[[-84.0874999,22.1576315],[-84.1010685,22.1687757]],[[-83.4223718,22.3362005],[-83.4370365,22.3220729],[-83.4166671,22.3162501],[-83.4223718,22.3362005]],[[-83.3971846,22.3613104],[-83.4117354,22.3485377],[-83.3833337,22.3412501],[-83.3971846,22.3613104]],[[-83.5402673,22.4685247],[-83.5619633,22.4475286],[-83.5250004,22.4412501],[-83.5402673,22.4685247]],[[-83.4041345,22.5265162],[-83.4279708,22.5362452],[-83.4199874,22.5045721],[-83.4000004,22.4995835],[-83.4041345,22.5265162]],[[-83.4997074,22.5073105],[-83.4930587,22.5369695],[-83.5107182,22.5446518],[-83.5200687,22.5196518],[-83.5367354,22.4982244],[-83.4916671,22.4745835],[-83.4997074,22.5073105]],[[-83.6089685,22.544721],[-83.6373376,22.5270737],[-83.6166671,22.5079168],[-83.6089685,22.544721]],[[-83.4450687,22.5795151],[-83.4594568,22.5863185],[-83.4700687,22.5673447],[-83.4333337,22.5579168],[-83.4450687,22.5795151]],[[-83.2987462,22.5572228],[-83.3031082,22.5742874],[-83.2996759,22.5878732]],[[-83.2996759,22.5878732],[-83.3032475,22.5948797],[-83.3286299,22.5544459],[-83.3000004,22.5495835],[-83.2987462,22.5572228]],[[-82.1006596,22.7941025],[-82.1202966,22.783816],[-82.1083337,22.7745835],[-82.1006596,22.7941025]],[[-82.1986495,22.8194321],[-82.2119633,22.8044459],[-82.1833337,22.7995835],[-82.1986495,22.8194321]],[[-82.1287032,22.7792099],[-82.1453699,22.8125433],[-82.1697758,22.79042],[-82.1379643,22.7616237],[-82.1250004,22.7579168],[-82.1287032,22.7792099]],[[-82.0351715,22.8596153],[-82.0519788,22.8602837]],[[-82.0519788,22.8602837],[-82.0478815,22.8364734]],[[-82.0478815,22.8364734],[-82.0351715,22.8596153]],[[-79.4543715,21.9993783],[-79.4725509,22.0028794],[-79.4703454,21.9778953]],[[-79.4703454,21.9778953],[-79.4543715,21.9993783]],[[-79.4167114,22.0498871],[-79.4192957,22.067597],[-79.4351567,22.0522771],[-79.4169764,22.0496285],[-79.4167114,22.0498871]],[[-79.5500004,22.0662501],[-79.565837,22.0860255],[-79.5787032,22.069957],[-79.5953699,22.0566106],[-79.5717126,22.051618],[-79.5629643,22.0625433],[-79.5500004,22.0662501]],[[-79.5166671,22.0995835],[-79.5132654,22.0613185],[-79.4761397,22.0540716],[-79.4631433,22.0193385],[-79.4371639,22.025163],[-79.4347266,22.028881],[-79.4413253,22.0583278],[-79.4715987,22.0696518],[-79.4789392,22.0982692],[-79.4958663,22.0944769],[-79.5166671,22.0995835]],[[-79.5166671,22.0995835],[-79.5103601,22.1122747],[-79.5203129,22.1273829],[-79.5277999,22.105215],[-79.5166671,22.0995835]],[[-79.3723718,22.1528672],[-79.3870365,22.1387395],[-79.3666671,22.1329168],[-79.3723718,22.1528672]],[[-83.2987462,22.5572228],[-83.2951664,22.5790268],[-83.2996759,22.5878732]],[[-83.2374353,22.5987086],[-83.2555342,22.6115464],[-83.2702966,22.5808619],[-83.2333337,22.5745835],[-83.2374353,22.5987086]],[[-83.1666671,22.6495835],[-83.1902755,22.6435247],[-83.2117354,22.6242498],[-83.1833337,22.6306178],[-83.1561446,22.6245224],[-83.1666671,22.6495835]],[[-83.1666671,22.6495835],[-83.1578086,22.6520714],[-83.1583801,22.6543072],[-83.1666671,22.6495835]],[[-83.1961674,22.6835027],[-83.2027999,22.6618475],[-83.1833337,22.6579168],[-83.1961674,22.6835027]],[[-74.2170496,20.2006658],[-74.2448409,20.1951442],[-74.2250004,20.1829168],[-74.2170496,20.2006658]],[[-81.1553634,22.9943629],[-81.18689,22.9812933],[-81.1666671,22.9662501],[-81.1553634,22.9943629]],[[-81.4294763,23.0524765],[-81.453101,23.0368963],[-81.4250004,23.0329168],[-81.4294763,23.0524765]],[[-81.3172204,23.0671534],[-81.3361332,23.0530909],[-81.3083337,23.0495835],[-81.3172204,23.0671534]],[[-81.2035349,23.0613093],[-81.2402673,23.0718003],[-81.2350509,23.0298813],[-81.2537032,23.014944],[-81.2366296,23.0023056],[-81.1991622,23.0069646],[-81.1666671,22.9995835],[-81.176597,23.034308],[-81.2035349,23.0613093]],[[-81.4266361,23.0880519],[-81.4440434,23.0940496],[-81.4527999,23.0785141],[-81.4333337,23.0745835],[-81.4266361,23.0880519]],[[-81.3131021,23.0978751],[-81.2794031,23.0785141],[-81.2583337,23.0745835],[-81.2539066,23.0869166],[-81.2560125,23.1078128]],[[-81.2560125,23.1078128],[-81.2648926,23.1025162],[-81.3131021,23.0978751]],[[-81.3512843,23.1036914],[-81.3739014,23.1062088],[-81.3878826,23.1122512]],[[-81.3878826,23.1122512],[-81.3763432,23.0959946],[-81.3622969,23.0951564],[-81.3512843,23.1036914]],[[-80.3190963,22.1269636],[-80.2959151,22.1423569],[-80.3085335,22.1696763]],[[-80.3085335,22.1696763],[-80.3108902,22.1453323]],[[-80.3108902,22.1453323],[-80.3190963,22.1269636]],[[-80.1703699,22.1375433],[-80.1888839,22.1523667],[-80.2083337,22.1766587],[-80.2203699,22.1399399],[-80.1666671,22.1245835],[-80.1703699,22.1375433]],[[-78.3100571,21.9247292],[-78.3116837,21.9260264],[-78.32863,21.9171494],[-78.3166671,21.9079168],[-78.3100571,21.9247292]],[[-78.4206384,21.9609726],[-78.4492354,21.95115],[-78.4443201,21.9368312],[-78.4166671,21.9329168],[-78.4206384,21.9609726]],[[-77.7548263,21.7280055],[-77.77863,21.7075547],[-77.7500004,21.6995835],[-77.7548263,21.7280055]],[[-82.527018,22.8997802],[-82.532671,22.8744667]],[[-82.532671,22.8744667],[-82.5328986,22.873566]],[[-82.5328986,22.873566],[-82.5351944,22.8644791]],[[-82.5351944,22.8644791],[-82.5191803,22.8145008]],[[-82.5191803,22.8145008],[-82.488678,22.8218689],[-82.4832158,22.8280709]],[[-82.4832158,22.8280709],[-82.4968021,22.8291611],[-82.4966475,22.8680649],[-82.4389896,22.8854274],[-82.4711918,22.8951198],[-82.472386,22.9253675],[-82.4752817,22.9255932],[-82.4871911,22.9117742],[-82.527018,22.8997802]],[[-75.2509256,20.218079],[-75.2781498,20.2346095],[-75.2861332,20.2195623],[-75.2647474,20.2176019],[-75.2509256,20.218079]],[[-75.3645943,20.2302717],[-75.3500004,20.2162501],[-75.3459151,20.2288315],[-75.364347,20.236957],[-75.3645943,20.2302717]],[[-75.3130701,20.2524725],[-75.32863,20.2402492],[-75.3083338,20.2245835],[-75.3130701,20.2524725]],[[-78.6160282,22.076588],[-78.6000004,22.0745835],[-78.5942712,22.1204168],[-78.6129643,22.1282903],[-78.6207117,22.1379705],[-78.6425781,22.1219967]],[[-78.6425781,22.1219967],[-78.630249,22.1085491],[-78.6160282,22.076588]],[[-78.5364587,22.2834702],[-78.56106,22.2792588],[-78.5516524,22.2614935],[-78.5333337,22.2579168],[-78.5364587,22.2834702]],[[-78.377922,22.5146062],[-78.3867354,22.5068711],[-78.3450688,22.4961818],[-78.3464398,22.5128829],[-78.3583337,22.5102158],[-78.377922,22.5146062]],[[-78.3490796,22.526729],[-78.3449689,22.5363073],[-78.3698637,22.5485389],[-78.3699792,22.529568],[-78.3490796,22.526729]],[[-80.2885583,22.2615667],[-80.3121912,22.2381821],[-80.2833337,22.2329168],[-80.2885583,22.2615667]],[[-80.1326799,22.2707606],[-80.1499387,22.2741607]],[[-80.1499387,22.2741607],[-80.1473718,22.25657],[-80.1326799,22.2707606]],[[-78.1039148,21.1022202],[-78.1197677,21.0791041],[-78.1000004,21.0745835],[-78.1039148,21.1022202]],[[-77.8630774,21.3292349],[-77.8409102,21.326976],[-77.82799,21.3371267]],[[-77.82799,21.3371267],[-77.8630774,21.3292349]],[[-81.8064533,22.7783668],[-81.8138142,22.798389]],[[-81.8138142,22.798389],[-81.8277999,22.7785141],[-81.8064533,22.7783668]],[[-81.9337701,22.7818332],[-81.8991296,22.7700262],[-81.8884932,22.7527614],[-81.8775801,22.7624293],[-81.9149825,22.8027614],[-81.9250605,22.7933997],[-81.9337701,22.7818332]],[[-75.5066248,19.9091741],[-75.5167084,19.8908157],[-75.493927,19.8868999],[-75.5066248,19.9091741]],[[-75.5702966,19.9126206],[-75.5850576,19.8965931],[-75.5625991,19.8935076],[-75.5702966,19.9126206]],[[-75.4315678,19.9323797],[-75.4431808,19.9446518],[-75.4534021,19.8993556],[-75.4381687,19.9054972],[-75.4315678,19.9323797]],[[-76.0316329,19.9710231],[-76.0692794,19.977383],[-76.0709076,19.9659042],[-76.035141,19.9655132],[-76.0316329,19.9710231]],[[-75.7010996,20.1535105],[-75.7128945,20.1529669]],[[-75.7128945,20.1529669],[-75.7143095,20.1528901],[-75.7412282,20.1514295],[-75.7547449,20.1357448],[-75.7670514,20.1500283]],[[-75.7670514,20.1500283],[-75.7773757,20.1494681]],[[-75.7773757,20.1494681],[-75.779454,20.1493554]],[[-75.779454,20.1493554],[-75.7812195,20.1492596]],[[-75.7812195,20.1492596],[-75.7959055,20.1237244]],[[-75.7959055,20.1237244],[-75.7963464,20.118248],[-75.841309,20.0760442],[-75.8833034,20.0794166],[-75.896402,20.0789652],[-75.9206384,20.0700669],[-75.9375004,20.0714218],[-75.9871912,20.0684189],[-75.9705245,20.0540594],[-75.9628097,20.0367742],[-75.9510177,20.0290594],[-75.921143,20.045726],[-75.8878097,20.045783],[-75.9453455,19.9785914],[-75.9629399,19.9634303],[-75.925028,19.9703567],[-75.9114994,19.9963405],[-75.8852277,19.9942311],[-75.8690186,19.9965782],[-75.8629456,20.0199299],[-75.8422699,20.0310497],[-75.8368912,20.0201378],[-75.8624802,19.9948463],[-75.8666306,19.9700794],[-75.8254776,19.9711552],[-75.8146163,19.9646756],[-75.8044763,19.9873927],[-75.7893071,20.0004664],[-75.7790125,19.9773911],[-75.7447433,19.9965073],[-75.7463058,19.9770371],[-75.7197921,19.9791692],[-75.7200394,19.9620247],[-75.7025146,19.9619179],[-75.6948264,19.9486403],[-75.678809,19.9457179],[-75.667511,19.9373112],[-75.6424103,19.9276161],[-75.6339315,19.9190721],[-75.6228438,19.9439153],[-75.6544763,19.9534409],[-75.6967533,19.9798244],[-75.6954757,19.9957057],[-75.7128097,20.0034409],[-75.7378097,20.0201076],[-75.7464441,20.0674179],[-75.7752039,20.0802516],[-75.7202641,20.1119248],[-75.7297123,20.12886],[-75.7010996,20.1535105]],[[-81.7807051,23.1278671],[-81.7953699,23.1137395],[-81.7750004,23.1079168],[-81.7807051,23.1278671]],[[-81.7006596,23.1524358],[-81.7202966,23.1421494],[-81.7083337,23.1329168],[-81.7006596,23.1524358]],[[-81.8599337,23.154602],[-81.8694973,23.1588619],[-81.88689,23.1512518],[-81.8500004,23.1412501],[-81.8599337,23.154602]],[[-81.5929721,23.1551735],[-81.6368692,23.1586454],[-81.6417322,23.1404811],[-81.6020115,23.1463502]],[[-81.6020115,23.1463502],[-81.5929721,23.1551735]],[[-81.9333337,23.1412501],[-81.9207279,23.1367254],[-81.8960697,23.1609401],[-81.9789311,23.1679876],[-81.9539066,23.1456284],[-81.9485873,23.1168599],[-81.9402431,23.1188753],[-81.9333337,23.1412501]],[[-82.0192413,23.1904697],[-82.0444665,23.1927638],[-82.0260095,23.1695297],[-82.0000004,23.1662501],[-81.9919346,23.1824789],[-82.0192413,23.1904697]],[[-77.5717861,20.0646256],[-77.5951813,20.0516925],[-77.6052169,20.0125962],[-77.6052576,19.9947373],[-77.5916671,19.9912501],[-77.5882654,20.0211818],[-77.5700688,20.0279852],[-77.5436446,20.0451971],[-77.5717861,20.0646256]],[[-77.4115564,20.1370468],[-77.4150557,20.1526352],[-77.4374779,20.1610274],[-77.4484437,20.1556176],[-77.4534021,20.1362168],[-77.4166671,20.1162501],[-77.4115564,20.1370468]],[[-80.7730391,22.1873968],[-80.75835,22.2058904],[-80.7777022,22.2190496],[-80.7895919,22.1955389],[-80.7730391,22.1873968]],[[-80.5865273,22.2351755],[-80.5875881,22.2554891]],[[-80.5875881,22.2554891],[-80.6005131,22.2367661],[-80.5865273,22.2351755]],[[-80.700269,22.2578029],[-80.7224939,22.2691269],[-80.7362065,22.2448715],[-80.7083337,22.2412501],[-80.700269,22.2578029]],[[-82.6597968,22.9030679],[-82.6634851,22.9118515],[-82.6586511,22.9334173],[-82.6953647,22.9416481],[-82.7119737,22.9276456],[-82.7165938,22.9209539],[-82.7534021,22.9071803],[-82.7439701,22.9013657],[-82.7250004,22.9056178],[-82.7041671,22.9009466],[-82.6831059,22.9056707],[-82.6601491,22.9000295],[-82.6597968,22.9030679]],[[-76.2465336,20.1698797],[-76.2952966,20.155626],[-76.279517,20.1447495],[-76.2416671,20.1412501],[-76.2465336,20.1698797]],[[-76.2290043,20.1848455],[-76.2446212,20.1770045],[-76.2250004,20.1662501],[-76.2290043,20.1848455]],[[-76.3000004,20.2412501],[-76.3282393,20.2333847],[-76.304867,20.2126206],[-76.3000004,20.2412501]],[[-76.3000004,20.2412501],[-76.2825386,20.249536],[-76.2976098,20.249609],[-76.3000004,20.2412501]],[[-74.8043823,20.0439472],[-74.7869633,20.0615464],[-74.7797042,20.0832301],[-74.8369633,20.0561386],[-74.8043823,20.0439472]],[[-83.0250004,22.6995835],[-83.0214766,22.6815618],[-83.0042973,22.6718613],[-82.9972742,22.696194],[-83.0250004,22.6995835]],[[-83.0250004,22.6995835],[-83.0214441,22.7126938],[-83.0047774,22.7250921],[-83.0237309,22.7364731],[-83.0798588,22.7189031],[-83.11189,22.6948064],[-83.1399662,22.6836451],[-83.1478031,22.6381414],[-83.1326827,22.6355372],[-83.1202234,22.6448064],[-83.1057865,22.6811346],[-83.0297774,22.6960271],[-83.0250004,22.6995835]],[[-77.6110356,20.7107163],[-77.6191097,20.6947522],[-77.5910809,20.6971493],[-77.6110356,20.7107163]],[[-77.5547449,20.8411362],[-77.5802983,20.8618475],[-77.6020268,20.8145167],[-77.5666671,20.8079168],[-77.5547449,20.8411362]],[[-83.5382409,22.7525945],[-83.5675378,22.7612452],[-83.5614913,22.7372422],[-83.5333337,22.7329168],[-83.5382409,22.7525945]],[[-83.5149906,22.8255356],[-83.5367354,22.8191961],[-83.5083337,22.7995835],[-83.5149906,22.8255356]],[[-77.4130375,20.9709539],[-77.3886153,20.9898056],[-77.4277185,21.0058131],[-77.4494063,21.0026067],[-77.4337081,20.9626613],[-77.4166671,20.9579168],[-77.4130375,20.9709539]],[[-79.7388757,22.221959],[-79.7623539,22.2357163],[-79.7694665,22.2094305],[-79.7500004,22.1995835],[-79.7388757,22.221959]],[[-79.6489585,22.2920587],[-79.6485977,22.3292408],[-79.6513381,22.3332984]],[[-79.6513381,22.3332984],[-79.6865889,22.3226873],[-79.6795984,22.2834498],[-79.6489585,22.2920587]],[[-79.7557534,22.3570392],[-79.7697678,22.3598003]],[[-79.7697678,22.3598003],[-79.7740027,22.3596544]],[[-79.7740027,22.3596544],[-79.7557534,22.3570392]],[[-77.9530766,21.8406316],[-77.9694666,21.8260971],[-77.9500004,21.8162501],[-77.9530766,21.8406316]],[[-78.1049076,21.8609279],[-78.1342045,21.8695786],[-78.128158,21.8455755],[-78.1000004,21.8412501],[-78.1049076,21.8609279]],[[-82.1806103,23.015956],[-82.179924,23.0333443]],[[-82.179924,23.0333443],[-82.1803594,23.0334125]],[[-82.1803594,23.0334125],[-82.1955245,23.024555],[-82.1806103,23.015956]],[[-82.1698179,22.996303],[-82.2023116,23.0054672],[-82.2071293,23.0334498],[-82.1978109,23.0371537]],[[-82.1978109,23.0371537],[-82.2334747,23.0581303]],[[-82.2334747,23.0581303],[-82.2560806,23.0345154],[-82.2637482,23.0326271]],[[-82.2637482,23.0326271],[-82.2608109,23.0156555],[-82.2395554,22.9838047],[-82.2195979,22.9654945]],[[-82.2195979,22.9654945],[-82.187183,22.9796575],[-82.1846992,22.9755038]],[[-82.1846992,22.9755038],[-82.1573792,22.9910469],[-82.1698179,22.996303]],[[-76.9210535,21.3170761],[-76.9428145,21.328213],[-76.95363,21.3061386],[-76.9166671,21.2912501],[-76.9210535,21.3170761]],[[-76.4000004,20.9662501],[-76.3942957,20.9462998],[-76.3796309,20.9604274],[-76.4000004,20.9662501]],[[-76.3778782,20.8782442],[-76.3460484,20.8626616]],[[-76.3460484,20.8626616],[-76.30245,20.8550726],[-76.3045706,20.8380266]],[[-76.3045706,20.8380266],[-76.29599,20.8326187],[-76.2887878,20.8044453]],[[-76.2887878,20.8044453],[-76.2767455,20.8048602]],[[-76.2767455,20.8048602],[-76.2700118,20.8102524],[-76.2401615,20.819957],[-76.2295821,20.7948471],[-76.2183435,20.7962428],[-76.2242843,20.8439804],[-76.2043868,20.8112249],[-76.1921714,20.8184027],[-76.1906973,20.8192689],[-76.1866703,20.8645737],[-76.1542485,20.8605372],[-76.1462976,20.8764715],[-76.1962976,20.894957],[-76.2037032,20.9031316],[-76.1413253,20.9122137],[-76.1296309,20.9333563],[-76.1750004,20.9277125],[-76.1877364,20.9292995],[-76.2163416,20.918305],[-76.2438725,20.921727],[-76.2624434,20.9719793],[-76.2936528,20.9680975],[-76.274089,20.9171941],[-76.3216882,20.9231146],[-76.3170821,20.8860988],[-76.3484786,20.890005],[-76.3778782,20.8782442]],[[-76.4000004,20.9662501],[-76.4162166,20.9802796]],[[-76.4162166,20.9802796],[-76.4193525,20.9678672]],[[-76.4193525,20.9678672],[-76.4000004,20.9662501]],[[-76.2170906,21.0201586],[-76.2464539,21.0159228]],[[-76.2464539,21.0159228],[-76.2537032,21.0045802],[-76.2250004,20.9995835],[-76.2170906,21.0201586]],[[-77.0000004,20.0995835],[-76.9808516,20.1105006],[-76.9935225,20.1359441],[-77.0064213,20.1133245],[-77.0000004,20.0995835]],[[-76.9378829,20.1458034],[-76.9237146,20.1705511],[-76.9489181,20.1866969],[-76.9704513,20.1493475],[-76.9416671,20.1329168],[-76.9378829,20.1458034]],[[-76.9854252,20.2102646],[-76.9946212,20.1954697],[-76.9750004,20.1912501],[-76.9854252,20.2102646]],[[-75.2473311,20.6717189],[-75.2861332,20.6721828],[-75.2769291,20.6533392],[-75.2583338,20.6495835],[-75.2473311,20.6717189]],[[-80.1900782,22.6700328],[-80.1802331,22.6934718],[-80.2085067,22.6736635],[-80.1900782,22.6700328]],[[-80.0689457,22.7473414],[-80.0945479,22.7696518],[-80.1034021,22.7402044],[-80.0750004,22.7329168],[-80.0689457,22.7473414]],[[-80.0632654,22.7878484],[-80.0498702,22.7970932],[-80.0564539,22.826443],[-80.1104984,22.8143255],[-80.1284021,22.8047348],[-80.0950688,22.7961818],[-80.079932,22.7863185],[-80.0632654,22.7878484]],[[-78.8767518,21.8741273],[-78.8500004,21.8662501],[-78.8320317,21.8802964],[-78.8652502,21.8926736],[-78.8767518,21.8741273]],[[-78.7779264,21.7438125],[-78.7804936,21.7606837],[-78.7782963,21.7975245],[-78.7117192,21.8280828],[-78.713656,21.8606227],[-78.7033777,21.8795436],[-78.7457198,21.8770167],[-78.7556075,21.9195135],[-78.7750004,21.8772609],[-78.8043787,21.8790105],[-78.8213302,21.8620835],[-78.8122644,21.8539861],[-78.8044031,21.8285141],[-78.7955977,21.8206528],[-78.7877364,21.7999904],[-78.8132084,21.7531154],[-78.812709,21.7447628]],[[-78.812709,21.7447628],[-78.7950516,21.7396755],[-78.7779264,21.7438125]],[[-79.9087151,22.4776077],[-79.9111332,22.496784],[-79.9302576,22.5064601],[-79.9361332,22.4780909],[-79.9113174,22.4749599],[-79.9087151,22.4776077]],[[-80.0922205,22.5588201],[-80.1111332,22.5447576],[-80.0833337,22.5412501],[-80.0922205,22.5588201]],[[-79.9416671,22.6329168],[-79.9243128,22.6286487],[-79.9260257,22.6301605],[-79.9416671,22.6329168]],[[-80.031698,22.6529689],[-80.0476811,22.6607163],[-80.0611332,22.6368475],[-80.0416671,22.6329168],[-80.031698,22.6529689]],[[-75.9676722,20.5041179],[-75.9500004,20.4995835],[-75.9570479,20.5270534],[-75.9729885,20.5119876],[-75.9676722,20.5041179]],[[-75.9460698,20.5539861],[-75.9307459,20.5676743],[-75.9417973,20.5868475],[-75.9622644,20.5605413],[-75.9460698,20.5539861]],[[-75.9770919,20.618598],[-75.9862879,20.603803],[-75.9666671,20.5995835],[-75.9770919,20.618598]],[[-75.9500004,20.6329168],[-75.9142908,20.6361924],[-75.9228032,20.6536199],[-75.9464929,20.6607163],[-75.9500004,20.6329168]],[[-82.3091431,23.101572],[-82.3466492,23.1055832]],[[-82.3466492,23.1055832],[-82.3583069,23.0825291],[-82.3512192,23.066927]],[[-82.3512192,23.066927],[-82.3116913,23.0723534],[-82.3050461,23.0635567],[-82.2915649,23.0665684]],[[-82.2915649,23.0665684],[-82.3102188,23.0832977],[-82.3091431,23.101572]],[[-76.4812992,20.7618068],[-76.5122644,20.7513209],[-76.4916671,20.7329168],[-76.4812992,20.7618068]],[[-76.3646326,20.7618068],[-76.3955977,20.7513209],[-76.3750004,20.7329168],[-76.3646326,20.7618068]],[[-76.3045706,20.8380266],[-76.3036137,20.803449],[-76.3131759,20.7871811],[-76.3095885,20.777848]],[[-76.3095885,20.777848],[-76.2887878,20.8044453]],[[-76.3778782,20.8782442],[-76.3953699,20.8712469],[-76.3460484,20.8626616]],[[-81.0091565,22.6607941],[-81.0205082,22.6716344],[-81.0165793,22.6602738],[-81.0102865,22.658475],[-81.0091565,22.6607941]],[[-80.9260898,22.6960222],[-80.9140396,22.7056332],[-80.9196744,22.7431656]],[[-80.9196744,22.7431656],[-80.9299402,22.7423406],[-80.9260898,22.6960222]],[[-81.0486313,22.7935044],[-81.0442712,22.7640203],[-81.0083337,22.7579168],[-81.0016036,22.7750433],[-81.0480629,22.7940592],[-81.0486313,22.7935044]],[[-81.0345605,22.8072383],[-81.0166671,22.7912501],[-81.0048507,22.8241847],[-81.0276861,22.813948],[-81.0345605,22.8072383]],[[-81.0477209,22.9070799],[-81.0449792,22.8962021],[-81.0250004,22.8829168],[-81.0139408,22.9086736],[-81.0324633,22.914143],[-81.0477209,22.9070799]],[[-76.8048666,20.533214],[-76.8087293,20.5570749],[-76.836239,20.5400498],[-76.8083337,20.5245835],[-76.8048666,20.533214]],[[-76.8957442,20.5663844],[-76.9324223,20.5778346],[-76.9255131,20.5532415],[-76.8916671,20.5495835],[-76.8957442,20.5663844]],[[-76.7755538,20.6254868],[-76.7944666,20.6114243],[-76.7666671,20.6079168],[-76.7755538,20.6254868]],[[-76.9557052,20.6278672],[-76.9703699,20.6137396],[-76.9500004,20.6079168],[-76.9557052,20.6278672]],[[-76.8750004,20.6579168],[-76.8837895,20.6863673],[-76.8955977,20.6642767],[-76.8750004,20.6579168]],[[-77.280461,20.8883733],[-77.2637944,20.90504],[-77.2514571,20.9115423],[-77.2675297,20.932278],[-77.302808,20.9151027],[-77.2899011,20.8863755],[-77.280461,20.8883733]],[[-81.9373376,23.0265122],[-81.9529545,23.0186712],[-81.9333337,23.0079168],[-81.9373376,23.0265122]],[[-82.0250004,23.0495835],[-82.0238983,23.044301],[-82.0180521,23.0356443],[-81.9887943,23.0358302],[-82.0019861,23.0607936],[-82.0250004,23.0495835]],[[-81.9153161,23.0694321],[-81.9286299,23.0544459],[-81.9000004,23.0495835],[-81.9153161,23.0694321]],[[-81.9506596,23.0857692],[-81.9702966,23.0754827],[-81.9583337,23.0662501],[-81.9506596,23.0857692]],[[-77.2882084,19.9188421],[-77.3302332,19.9285914],[-77.345671,19.9119248],[-77.3685063,19.901146],[-77.334104,19.8945788],[-77.3099823,19.9114361],[-77.2882084,19.9188421]],[[-77.175269,19.9244695],[-77.1974939,19.9357936],[-77.1945953,19.9178028],[-77.1797927,19.9151847],[-77.175269,19.9244695]],[[-82.1761883,23.0457482],[-82.1738289,23.0602243]],[[-82.1738289,23.0602243],[-82.1811752,23.0484867]],[[-82.1811752,23.0484867],[-82.1761883,23.0457482]],[[-82.0666671,23.1079168],[-82.0666671,23.1245835],[-82.0916671,23.1245835],[-82.0916671,23.1079168],[-82.0666671,23.1079168]],[[-82.3294807,23.1439508],[-82.3054047,23.1390915],[-82.2940292,23.145504],[-82.2816391,23.1289368],[-82.2894974,23.1199417]],[[-82.2894974,23.1199417],[-82.2497177,23.1317558],[-82.2390594,23.1224461],[-82.2195053,23.1200237],[-82.2103918,23.112172]],[[-82.2103918,23.112172],[-82.1950394,23.0960637]],[[-82.1950394,23.0960637],[-82.1775533,23.0818585]],[[-82.1775533,23.0818585],[-82.1839034,23.1187444],[-82.1583337,23.1329168],[-82.1454512,23.11247],[-82.134766,23.0878322],[-82.1029382,23.1193222],[-82.113241,23.1373154],[-82.0954512,23.1450302],[-82.0767175,23.1819728],[-82.1375004,23.1757757],[-82.2406787,23.1862926],[-82.3376062,23.1674017],[-82.3582901,23.1555558],[-82.3294807,23.1439508]],[[-82.2250004,23.1412501],[-82.2453699,23.1470729],[-82.2307051,23.1612005],[-82.2250004,23.1412501]],[[-78.3947432,21.3906316],[-78.4111332,21.3760971],[-78.3916671,21.3662501],[-78.3947432,21.3906316]],[[-78.4294763,21.4858099],[-78.453101,21.4702296],[-78.4250004,21.4662501],[-78.4294763,21.4858099]],[[-78.1949223,21.512999],[-78.2087651,21.5332179],[-78.2009119,21.5611679],[-78.2292403,21.552326],[-78.2449223,21.5278346],[-78.2615889,21.5171657],[-78.2544031,21.5013372],[-78.2250004,21.493073],[-78.2072188,21.4980698],[-78.1916671,21.4912501],[-78.1949223,21.512999]],[[-78.2897845,21.5701763],[-78.2666671,21.5662501],[-78.2645118,21.5852491]],[[-78.2645118,21.5852491],[-78.2897845,21.5701763]],[[-82.4129868,23.0380802],[-82.4210052,23.0528393],[-82.4194717,23.0676651],[-82.4301376,23.0709076]],[[-82.4301376,23.0709076],[-82.4405975,23.0669231],[-82.4600372,23.0486832]],[[-82.4600372,23.0486832],[-82.4569244,23.0341072],[-82.4644699,23.0185528],[-82.4608078,23.0032444],[-82.4345551,23.0066795]],[[-79.7557534,22.3570392],[-79.7722277,22.3616523]],[[-79.7722277,22.3616523],[-79.7697678,22.3598003]],[[-79.7000004,22.4495835],[-79.695614,22.4303859],[-79.67238,22.4214829],[-79.6804936,22.4451238],[-79.7000004,22.4495835]],[[-79.7861332,22.4551173],[-79.8049076,22.4646144],[-79.8111332,22.4530909],[-79.7861332,22.4551173]],[[-79.7000004,22.4495835],[-79.70363,22.4709539],[-79.7363692,22.4843532],[-79.7452966,22.457278],[-79.7000004,22.4495835]],[[-79.7083337,22.5329168],[-79.7141443,22.5167343],[-79.6862716,22.4706528],[-79.6882817,22.5043808],[-79.6767496,22.5146849],[-79.6757088,22.522229],[-79.7083337,22.5329168]],[[-79.7083337,22.5329168],[-79.7123376,22.5515122],[-79.7279545,22.5436712],[-79.7083337,22.5329168]],[[-79.7123376,22.6098455],[-79.7279545,22.6020045],[-79.7083337,22.5912501],[-79.7123376,22.6098455]],[[-80.2738319,22.3287144],[-80.2608081,22.3405407],[-80.2552463,22.3556885],[-80.2556542,22.356868],[-80.2955245,22.3412216],[-80.2738319,22.3287144]],[[-80.3040043,22.3598455],[-80.3196212,22.3520045],[-80.3000004,22.3412501],[-80.3040043,22.3598455]],[[-80.2880701,22.4274725],[-80.30363,22.4152492],[-80.2833337,22.3995835],[-80.2880701,22.4274725]],[[-80.465702,22.4326961],[-80.4665224,22.4318953]],[[-80.4665224,22.4318953],[-80.4661411,22.4292031],[-80.4526668,22.419987],[-80.465702,22.4326961]],[[-76.3500004,20.3162501],[-76.3431319,20.2894842],[-76.3003178,20.299083],[-76.3056563,20.3228867],[-76.3250004,20.3185491],[-76.3377364,20.3214015],[-76.3500004,20.3162501]],[[-76.1657825,20.2554478],[-76.1492269,20.2653194]],[[-76.1492269,20.2653194],[-76.1702641,20.2844915],[-76.1819015,20.3113348],[-76.2007084,20.2887029],[-76.2291427,20.3229355],[-76.2926192,20.3116277],[-76.2787114,20.287352],[-76.2802983,20.2718043],[-76.2237634,20.2660426],[-76.2083337,20.2846136],[-76.2000004,20.2745835],[-76.1871179,20.2708034],[-76.1657825,20.2554478]],[[-76.1444666,20.3051173],[-76.1555343,20.3190496],[-76.1611332,20.346784],[-76.1791834,20.3559148],[-76.1944666,20.3468816],[-76.1777999,20.3384507],[-76.1583175,20.2996771],[-76.1444666,20.3051173]],[[-76.228044,20.356334],[-76.2519698,20.3446518],[-76.2250004,20.3412501],[-76.228044,20.356334]],[[-76.1264897,20.4024481],[-76.1424402,20.4196518],[-76.1534021,20.3797348],[-76.1333337,20.3745835],[-76.1264897,20.4024481]],[[-78.1279775,21.2686324],[-78.1429203,21.2805975],[-78.1787032,21.2658961],[-78.15835,21.2312729],[-78.1414141,21.2347795]],[[-78.1414141,21.2347795],[-78.1279775,21.2686324]],[[-82.7040043,22.7598455],[-82.7196212,22.7520045],[-82.7000004,22.7412501],[-82.7040043,22.7598455]],[[-82.802629,22.767597],[-82.81849,22.7522771],[-82.8000004,22.7495835],[-82.802629,22.767597]],[[-82.7625004,22.8478867],[-82.7701501,22.8280625],[-82.788184,22.8211045],[-82.7951501,22.8113958],[-82.8201501,22.7934759],[-82.8015792,22.7884181],[-82.788184,22.7697291],[-82.7701501,22.7780625],[-82.760352,22.7917221],[-82.7291671,22.7978867],[-82.7083337,22.7937688],[-82.6703129,22.7963405],[-82.6582035,22.7794378],[-82.6507979,22.8034043],[-82.6715173,22.8113958],[-82.6786544,22.8213445],[-82.7368168,22.8097316],[-82.7298506,22.8294378],[-82.713184,22.8413844],[-82.7625004,22.8478867]],[[-82.8444014,22.8669012],[-82.8598555,22.8867742],[-82.8705245,22.858934],[-82.8500004,22.8412501],[-82.8444014,22.8669012]],[[-82.2779762,22.6877778],[-82.2820316,22.6995835],[-82.2719649,22.7288966],[-82.3195642,22.7360174],[-82.2987309,22.7070786],[-82.305821,22.6864358],[-82.2779762,22.6877778]],[[-82.2666671,22.7912501],[-82.2470137,22.8062933],[-82.2586104,22.8193507],[-82.278101,22.7980291],[-82.2666671,22.7912501]],[[-83.9333337,22.1912501],[-83.9472031,22.1867491]],[[-83.9472031,22.1867491],[-83.9438655,22.180289]],[[-83.9438655,22.180289],[-83.9333337,22.1912501]],[[-83.9333337,22.1912501],[-83.913713,22.1814967],[-83.9055342,22.1948919],[-83.9277022,22.2023829],[-83.9333337,22.1912501]],[[-83.7729415,22.2656927],[-83.7950687,22.256688],[-83.7666671,22.2412501],[-83.7729415,22.2656927]],[[-83.7466719,22.271255],[-83.7313643,22.2814357],[-83.7758712,22.2945786],[-83.7699874,22.2712387],[-83.7466719,22.271255]],[[-83.8384932,22.2630722],[-83.8018721,22.2755519],[-83.810295,22.3025945],[-83.8458744,22.2915105],[-83.8531742,22.2650091],[-83.8384932,22.2630722]],[[-83.6500004,22.2995835],[-83.6547367,22.3274725],[-83.6702966,22.3152492],[-83.6500004,22.2995835]],[[-83.7310788,22.4077104],[-83.7285974,22.3621648],[-83.7125167,22.3789048],[-83.6792484,22.3536647],[-83.6707605,22.3538356],[-83.6321521,22.3414216]],[[-83.6321521,22.3414216],[-83.7033539,22.3788891],[-83.7310788,22.4077104]],[[-82.3466492,23.1055832],[-82.36026,23.1188126]],[[-82.36026,23.1188126],[-82.3605499,23.1088619],[-82.3824463,23.0915985]],[[-82.3824463,23.0915985],[-82.3875351,23.086216],[-82.3867722,23.0648479]],[[-82.3867722,23.0648479],[-82.3815689,23.063345]],[[-79.8623376,22.0515122],[-79.8779545,22.0436712],[-79.8583337,22.0329168],[-79.8623376,22.0515122]],[[-79.9639815,22.1661728],[-79.9975509,22.1612127],[-79.9942712,22.1390203],[-79.9583337,22.1329168],[-79.9639815,22.1661728]],[[-80.0630619,22.1699],[-80.1037846,22.1515488],[-80.0583337,22.1329168],[-80.0630619,22.1699]],[[-80.026921,22.1779811],[-80.045671,22.1650457],[-80.0083337,22.1579168],[-80.026921,22.1779811]],[[-79.9964034,22.2524725],[-80.0119633,22.2402492],[-79.9916671,22.2245835],[-79.9964034,22.2524725]],[[-75.7743777,20.1607702],[-75.7697514,20.1819687],[-75.7739832,20.2117742],[-75.804102,20.1949692],[-75.8288578,20.2040594],[-75.8667729,20.2117742],[-75.8788578,20.1674302],[-75.8236251,20.1718654],[-75.7929366,20.1605983],[-75.7959055,20.1237244]],[[-75.7812195,20.1492596],[-75.7805251,20.1504277]],[[-75.7805251,20.1504277],[-75.7762888,20.157555]],[[-75.7762888,20.157555],[-75.7743777,20.1607702]],[[-75.8646326,20.2701401],[-75.8955977,20.2596543],[-75.8750004,20.2412501],[-75.8646326,20.2701401]],[[-75.9286979,20.3024165],[-75.9166671,20.2995835],[-75.9023767,20.3294297],[-75.9196619,20.3360947],[-75.9267304,20.3153524],[-75.9286979,20.3024165]],[[-80.8478275,22.2790512],[-80.8788578,22.2857163],[-80.8861332,22.2614243],[-80.8583337,22.2579168],[-80.8478275,22.2790512]],[[-80.7728275,22.3361883],[-80.7955977,22.3251857],[-80.7666671,22.3162501],[-80.7728275,22.3361883]],[[-80.7692956,22.367597],[-80.7851566,22.3522771],[-80.7666671,22.3495835],[-80.7692956,22.367597]],[[-80.838184,22.3711045],[-80.8217045,22.3829168],[-80.8500329,22.4032212],[-80.8731693,22.4113958],[-80.8654871,22.3725367],[-80.8416671,22.3662501],[-80.838184,22.3711045]],[[-76.6418217,21.1361476],[-76.6701502,21.1215643],[-76.6500004,21.1162501],[-76.6418217,21.1361476]],[[-76.6047367,21.1524725],[-76.6202966,21.1402492],[-76.6000004,21.1245835],[-76.6047367,21.1524725]],[[-76.704989,21.1445704],[-76.7410893,21.1600652],[-76.7506108,21.1222967],[-76.715365,21.1311793],[-76.704989,21.1445704]],[[-76.5444891,21.186059],[-76.5797042,21.1948797],[-76.6112227,21.2182521],[-76.6369633,21.1755844],[-76.6295333,21.1697454],[-76.5775151,21.1774358],[-76.5800948,21.1599513],[-76.5666671,21.1495835],[-76.5429087,21.1698229],[-76.5444891,21.186059]],[[-82.3752595,23.1488745],[-82.4005981,23.1465065]],[[-82.4005981,23.1465065],[-82.3824463,23.0915985]],[[-82.36026,23.1188126],[-82.3752595,23.1488745]],[[-79.4937585,22.3935979],[-79.5029545,22.378803],[-79.4833337,22.3745835],[-79.4937585,22.3935979]],[[-79.5356124,22.4851995],[-79.5144698,22.497256],[-79.5387699,22.5109441],[-79.5689376,22.4886826],[-79.5416671,22.4745835],[-79.5356124,22.4851995]],[[-79.4626083,22.5309658],[-79.4752283,22.5363185],[-79.501628,22.498082],[-79.4750004,22.4912501],[-79.4534021,22.5029852],[-79.4534225,22.5178871],[-79.4626083,22.5309658]],[[-77.0166671,20.9912501],[-77.0166671,21.0079168],[-77.0333337,21.0079168],[-77.0333337,20.9912501],[-77.0166671,20.9912501]],[[-77.0166671,20.9912501],[-77.0026209,20.9517156],[-77.0055424,20.9319647],[-76.9784835,20.9208929],[-76.9798018,20.9119492],[-76.9717533,20.8792872],[-76.94856,20.9359726],[-76.9271672,20.9134423]],[[-76.9078647,20.9363067],[-76.9133956,20.9454738],[-76.8937586,20.971959],[-76.8674076,20.9680649],[-76.8719812,20.9989894],[-76.9137618,20.9825628],[-76.9384526,21.0145452],[-76.95363,20.9948797],[-77.0166671,20.9912501]],[[-77.1114587,21.0584702],[-77.13606,21.0542588],[-77.1266524,21.0364935],[-77.1083337,21.0329168],[-77.1114587,21.0584702]],[[-81.8064533,22.7783668],[-81.8004724,22.7903997],[-81.8138142,22.798389]],[[-81.7333337,22.8079168],[-81.7463708,22.8042872],[-81.75363,22.7865464],[-81.7749923,22.7577378],[-81.7438562,22.7459539],[-81.7333337,22.8079168]],[[-80.9223718,22.6612005],[-80.9370365,22.6470729],[-80.9166671,22.6412501],[-80.9223718,22.6612005]],[[-80.8060307,22.7112168],[-80.8454512,22.6993475],[-80.8166671,22.6829168],[-80.8060307,22.7112168]],[[-80.7357342,22.7182959],[-80.7221985,22.7280407],[-80.7188886,22.7411418]],[[-80.7188886,22.7411418],[-80.7404545,22.7350815],[-80.7357342,22.7182959]],[[-80.9260898,22.6960222],[-80.9250004,22.6829168],[-80.9015548,22.697549],[-80.8561202,22.6938991],[-80.846143,22.6992295],[-80.8794763,22.7201075],[-80.8872074,22.7457749],[-80.9196744,22.7431656]],[[-80.8152348,22.781159],[-80.8526778,22.7895533],[-80.8593022,22.7599961],[-80.8458012,22.7630234],[-80.8250004,22.7579168],[-80.8152348,22.781159]],[[-80.7637943,22.8115382],[-80.7873376,22.79997],[-80.7583337,22.7829168],[-80.7637943,22.8115382]],[[-82.0339966,22.8607621],[-82.0519788,22.8602837]],[[-82.0351715,22.8596153],[-82.0339966,22.8607621]],[[-82.2421391,22.8570664],[-82.2621505,22.8690496],[-82.2694665,22.8451808],[-82.2500004,22.8412501],[-82.2421391,22.8570664]],[[-81.9664993,22.9330444],[-81.9664464,22.9367996]],[[-81.9664464,22.9367996],[-81.9808272,22.9441269],[-81.9936638,22.9214209]],[[-81.9936638,22.9214209],[-81.9664993,22.9330444]],[[-82.1166671,22.9329168],[-82.1118493,22.9141546],[-82.0785404,22.9358465],[-82.073682,22.9529852],[-82.1166671,22.9329168]],[[-82.1166671,22.9329168],[-82.1265954,22.9528916],[-82.1094812,22.9615545],[-82.1305342,22.9857163],[-82.1361332,23.0051173],[-82.1666671,23.0079168]],[[-82.1666671,23.0079168],[-82.1698179,22.996303]],[[-82.1846992,22.9755038],[-82.1640466,22.9409653],[-82.1166671,22.9329168]],[[-82.1666671,23.0079168],[-82.1799722,23.0336386]],[[-82.1799722,23.0336386],[-82.179924,23.0333443]],[[-82.1806103,23.015956],[-82.1666671,23.0079168]],[[-82.1811752,23.0484867],[-82.1815045,23.0436351]],[[-82.1815045,23.0436351],[-82.1761883,23.0457482]],[[-82.3294807,23.1439508],[-82.3461914,23.1319199],[-82.3445507,23.1196344]],[[-82.3445507,23.1196344],[-82.36026,23.1188126]],[[-82.3091431,23.101572],[-82.2975006,23.0937519]],[[-82.2975006,23.0937519],[-82.2894974,23.1199417]],[[-80.3085335,22.1696763],[-80.3262802,22.1589144]],[[-80.3262802,22.1589144],[-80.3108902,22.1453323]],[[-80.4594688,22.2331823],[-80.4719161,22.2533636],[-80.4786754,22.2319246]],[[-80.4786754,22.2319246],[-80.4594688,22.2331823]],[[-80.4031704,22.2158282],[-80.3712162,22.2429795],[-80.3956466,22.2601222],[-80.4137374,22.2450913],[-80.4120447,22.2284246],[-80.4196699,22.2220898]],[[-80.4196699,22.2220898],[-80.4031704,22.2158282]],[[-80.4807052,22.2862005],[-80.4953699,22.2720729],[-80.4750004,22.2662501],[-80.4807052,22.2862005]],[[-76.4277999,20.2801173],[-76.4307459,20.260761],[-76.4166671,20.2579168],[-76.4277999,20.2801173]],[[-76.5189155,20.3334593],[-76.4666671,20.3245835],[-76.4707117,20.3391058],[-76.5299473,20.3556026]],[[-76.5299473,20.3556026],[-76.5189155,20.3334593]],[[-76.4121993,20.3761297],[-76.4333012,20.3860947],[-76.4448409,20.3534287],[-76.4083337,20.3495835],[-76.4121993,20.3761297]],[[-78.3390385,22.0945338],[-78.3537032,22.0804062],[-78.3333337,22.0745835],[-78.3390385,22.0945338]],[[-78.1414141,21.2347795],[-78.1135584,21.2570867],[-78.1279775,21.2686324]],[[-78.1510592,21.4419844],[-78.1382654,21.4279852],[-78.1166671,21.4245835],[-78.1310795,21.4454616],[-78.1375547,21.4462841],[-78.1510592,21.4419844]],[[-77.82799,21.3371267],[-77.8462976,21.3450628],[-77.845378,21.3540187],[-77.8619307,21.3829168],[-77.8437667,21.4146388],[-77.8121179,21.4283636],[-77.8045496,21.4352483],[-77.8442875,21.4469101],[-77.8886641,21.421491],[-77.8868494,21.4392726],[-77.9276127,21.4381984],[-77.9713953,21.4217474],[-77.9701176,21.4092392],[-77.9899337,21.3958034],[-78.0065027,21.4157456],[-78.0416671,21.4079168],[-78.0376225,21.394131],[-78.0134932,21.3965887],[-77.9787846,21.3791367],[-77.9628829,21.3679795],[-77.9795496,21.3541367],[-77.9871179,21.3416326],[-77.9355717,21.3447942],[-77.9201589,21.3092512],[-77.9011337,21.3153085],[-77.8858728,21.3315577],[-77.8630774,21.3292349]],[[-77.7363285,21.4456202],[-77.7477299,21.4613185],[-77.7700688,21.4402044],[-77.7416671,21.4329168],[-77.7363285,21.4456202]],[[-79.9669356,22.3367254],[-79.9790043,22.3134547],[-79.9500004,22.3079168],[-79.9669356,22.3367254]],[[-79.7722277,22.3616523],[-79.7740027,22.3596544]],[[-80.0000004,22.3829168],[-79.9763025,22.3759629],[-79.959766,22.3378322],[-79.9371179,22.3616969],[-79.9097416,22.3946518],[-79.8697188,22.4035263],[-79.8887292,22.4193222],[-79.8789779,22.439423],[-79.8940221,22.4477238],[-79.9211593,22.444957],[-79.9333337,22.4596136],[-79.9490645,22.4406764],[-79.9871179,22.46247],[-80.0165531,22.4700302],[-80.0287846,22.4283636],[-80.0462162,22.4208034],[-80.0594975,22.4048162],[-80.0287846,22.3958034],[-80.0212162,22.3889186],[-80.0592452,22.3777573],[-80.0169844,22.36247],[-80.0000004,22.3829168]],[[-81.970907,22.830809],[-81.9786299,22.8052353],[-81.9583337,22.7995835],[-81.970907,22.830809]],[[-81.9179303,22.8486851],[-81.9214685,22.8695094],[-81.9536299,22.8561386],[-81.9262687,22.8451176],[-81.9179303,22.8486851]],[[-82.0478815,22.8364734],[-82.04578,22.8082296],[-82.0437739,22.7876186],[-82.0422611,22.7788274],[-82.0166671,22.7745835],[-82.0216882,22.795844],[-82.0117029,22.8032781],[-82.0146488,22.8204168],[-81.9837895,22.8326808],[-81.9966068,22.8534043],[-81.9938643,22.8693629],[-82.0077473,22.8863827],[-82.0082622,22.8858802],[-82.027751,22.8596868],[-82.0339966,22.8607621]],[[-81.9936638,22.9214209],[-81.9666671,22.9162501],[-81.9592198,22.9331175]],[[-81.9592198,22.9331175],[-81.9664993,22.9330444]],[[-76.3041133,21.0013022],[-76.3010746,21.0085394],[-76.3116052,21.0279852],[-76.3367354,21.0108628],[-76.3219965,21.0006849],[-76.3041133,21.0013022]],[[-76.2170906,21.0201586],[-76.2131433,21.0304266],[-76.2278976,21.044957],[-76.2464539,21.0159228]],[[-76.2672205,21.0838201],[-76.2861332,21.0697576],[-76.2583337,21.0662501],[-76.2672205,21.0838201]],[[-76.3254073,21.1061508],[-76.3458337,21.1031357],[-76.3626632,21.1056219],[-76.3702966,21.0786118],[-76.3333337,21.0579168],[-76.3254073,21.1061508]],[[-76.1468666,21.0938079],[-76.1333076,21.1364151]],[[-76.1333076,21.1364151],[-76.1467045,21.1252386],[-76.1526453,21.0949],[-76.1468666,21.0938079]],[[-79.1534265,21.957986],[-79.1864343,21.9540797],[-79.1776534,21.9284979],[-79.1500004,21.9245835],[-79.1534265,21.957986]],[[-84.2750004,22.2745835],[-84.2750004,22.2995835],[-84.291667,22.2995835],[-84.291667,22.2745835],[-84.2750004,22.2745835]],[[-80.5865273,22.2351755],[-80.5666671,22.2329168],[-80.5875881,22.2554891]],[[-80.5587162,22.2839992],[-80.5865076,22.2784775],[-80.5666671,22.2662501],[-80.5587162,22.2839992]],[[-80.5369633,22.3376206],[-80.5555343,22.3615464],[-80.5702966,22.3308619],[-80.5333337,22.3245835],[-80.5369633,22.3376206]],[[-80.465702,22.4326961],[-80.4666671,22.4329168],[-80.4665224,22.4318953]],[[-80.530518,22.4446437],[-80.5450688,22.4318711],[-80.5166671,22.4245835],[-80.530518,22.4446437]],[[-82.3445507,23.1196344],[-82.3483963,23.1422138],[-82.3615036,23.1513939],[-82.3752595,23.1488745]],[[-82.7382735,21.7557968],[-82.7711267,21.7542059],[-82.7787846,21.748493],[-82.7500004,21.7245835],[-82.7382735,21.7557968]],[[-82.946143,21.8274765],[-82.9697676,21.8118963],[-82.9416671,21.8079168],[-82.946143,21.8274765]],[[-82.7551599,21.8859075],[-82.7801599,21.894428],[-82.8031335,21.9105617],[-82.8346033,21.9007594],[-82.8198409,21.8797389],[-82.8109379,21.8536036],[-82.7833337,21.8495835],[-82.7800948,21.880337],[-82.7635258,21.8751775],[-82.7551599,21.8859075]],[[-77.5500004,21.1745835],[-77.5699467,21.1688787],[-77.5589911,21.1574969],[-77.5525212,21.1657694],[-77.5500004,21.1745835]],[[-77.5500004,21.1745835],[-77.542766,21.1782425],[-77.535475,21.1875649],[-77.5464929,21.2023829],[-77.5500004,21.1745835]],[[-77.5121749,21.2430079],[-77.53099,21.2524603],[-77.5445398,21.2280014],[-77.5083337,21.2245835],[-77.5121749,21.2430079]],[[-77.6666671,21.2329168],[-77.6666671,21.2662501],[-77.6833337,21.2662501],[-77.6833337,21.2329168],[-77.6666671,21.2329168]],[[-81.6692047,22.8343391],[-81.6720444,22.851882]],[[-81.6720444,22.851882],[-81.6947676,22.8368963],[-81.6689228,22.8332362]],[[-81.6689228,22.8332362],[-81.6692047,22.8343391]],[[-81.8457523,22.9121648],[-81.8622481,22.9280177],[-81.887419,22.9045558],[-81.8416671,22.8995835],[-81.8457523,22.9121648]],[[-81.9592198,22.9331175],[-81.9664464,22.9367996]],[[-81.7223718,22.9945338],[-81.7370365,22.9804062],[-81.7166671,22.9745835],[-81.7223718,22.9945338]],[[-81.8166671,22.9745835],[-81.8166671,22.9995835],[-81.8333337,22.9995835],[-81.8333337,22.9745835],[-81.8166671,22.9745835]],[[-82.8131596,22.9863388],[-82.8369633,22.965888],[-82.8083337,22.9579168],[-82.8131596,22.9863388]],[[-82.934206,22.9772014],[-82.9015678,22.9823947]],[[-82.9015678,22.9823947],[-82.9297449,22.9880437],[-82.934206,22.9772014]],[[-82.7049158,23.0302109],[-82.7229614,23.0272369],[-82.7523117,23.0298672],[-82.7788415,23.011526],[-82.7951339,23.0135524],[-82.8004398,22.9708766],[-82.7870365,22.9782903],[-82.7736902,22.994957],[-82.7645756,22.9745997],[-82.7857833,22.9576157],[-82.7250004,22.9329168],[-82.7287032,22.9458766],[-82.7531091,22.96542],[-82.7369389,22.9783717],[-82.7387374,22.992837],[-82.7238041,23.0114894],[-82.6962976,23.0230779],[-82.7049158,23.0302109]],[[-81.6083337,23.0662501],[-81.6297123,23.0203069],[-81.6128096,23.0034409],[-81.5832805,22.9888959],[-81.5673018,22.9881793],[-81.546143,22.9974147],[-81.5687178,23.0168645],[-81.5510176,23.0284409],[-81.514893,23.0082871],[-81.5371911,22.9837469],[-81.4961502,22.9607841],[-81.4858559,22.958756],[-81.5056156,23.0125677],[-81.4871911,23.0284409],[-81.4794763,23.0490748],[-81.5689457,23.0418849],[-81.5567425,23.0495279],[-81.5583038,23.0610847],[-81.5386276,23.0723705],[-81.527153,23.0844612],[-81.5302627,23.1123302],[-81.5391361,23.1116155],[-81.5371423,23.0867946],[-81.5727543,23.0709051],[-81.6083337,23.0662501]],[[-81.6020115,23.1463502],[-81.5702966,23.1376206],[-81.5416671,23.1245835],[-81.5461349,23.1383953],[-81.5644531,23.1498585],[-81.5929721,23.1551735]],[[-75.9784021,21.0378484],[-76.0367354,21.0410223],[-76.0059574,21.0197698],[-75.9750004,21.0162501],[-75.9784021,21.0378484]],[[-76.1352462,21.0486557],[-76.15363,21.030862],[-76.1166671,21.0245835],[-76.1352462,21.0486557]],[[-76.0416671,21.0329168],[-76.0416671,21.0495835],[-76.0666671,21.0495835],[-76.0666671,21.0329168],[-76.0416671,21.0329168]],[[-75.9000004,21.0662501],[-75.9048588,21.0832545],[-75.9302521,21.1175637],[-75.9352951,21.1020908],[-75.9212976,21.069957],[-75.9000004,21.0662501]],[[-76.1468666,21.0938079],[-76.1333337,21.0912501],[-76.1250458,21.1141262],[-76.1333076,21.1364151]],[[-80.1500004,22.2745835],[-80.1499387,22.2741607]],[[-80.1326799,22.2707606],[-80.1500004,22.2745835]],[[-80.1500004,22.2745835],[-80.1583337,22.2829168]],[[-80.1583337,22.2829168],[-80.1583337,22.2758146],[-80.1520845,22.2745835],[-80.1500004,22.2745835]],[[-80.1583337,22.2829168],[-80.1687585,22.3019313],[-80.1762966,22.2898037],[-80.1744337,22.2863792],[-80.1583337,22.2829168]],[[-80.0916671,22.3245835],[-80.0916671,22.3412501],[-80.1166671,22.3412501],[-80.1166671,22.3245835],[-80.0916671,22.3245835]],[[-80.1807052,22.389708],[-80.1913578,22.4026108],[-80.2030277,22.372728],[-80.1916671,22.3662501],[-80.1807052,22.389708]],[[-80.1294193,22.3920517],[-80.1544031,22.4035141],[-80.1622644,22.4123195],[-80.1852218,22.4201808],[-80.16224,22.3872828],[-80.163241,22.3704778],[-80.1416671,22.3579168],[-80.1294193,22.3920517]],[[-80.0794112,22.4522039],[-80.1031173,22.4610174],[-80.1114343,22.4366562],[-80.0750004,22.4329168],[-80.0794112,22.4522039]],[[-80.1503885,22.5091729],[-80.1587895,22.5363673],[-80.1705977,22.5142767],[-80.15043,22.5080494],[-80.1503885,22.5091729]],[[-75.8958744,20.3762965],[-75.9193364,20.3863185],[-75.9284021,20.3590114],[-75.8916671,20.3495835],[-75.8958744,20.3762965]],[[-75.9500004,20.4412501],[-75.9312097,20.4450425],[-75.9415532,20.4662094],[-75.9583337,20.4580145],[-75.9500004,20.4412501]],[[-78.2645118,21.5852491],[-78.3070886,21.6026759],[-78.3026046,21.5723536],[-78.2897845,21.5701763]],[[-78.3205815,21.6272202],[-78.3364343,21.6041041],[-78.3166671,21.5995835],[-78.3205815,21.6272202]],[[-78.2040043,21.6931788],[-78.2196212,21.6853379],[-78.2000004,21.6745835],[-78.2040043,21.6931788]],[[-76.070671,20.7681788],[-76.0862879,20.7603379],[-76.0666671,20.7495835],[-76.070671,20.7681788]],[[-76.0129155,20.7607122],[-76.0507166,20.7735947],[-76.0417403,20.7447698],[-76.0083337,20.7412501],[-76.0129155,20.7607122]],[[-75.9391362,20.8670965],[-75.9702966,20.8478053],[-75.9333337,20.8329168],[-75.9391362,20.8670965]],[[-77.3350509,21.054568],[-77.3551436,21.0647324],[-77.3611332,21.0451808],[-77.3416671,21.0412501],[-77.3350509,21.054568]],[[-77.3354252,21.5352646],[-77.3446212,21.5204697],[-77.3250004,21.5162501],[-77.3354252,21.5352646]],[[-77.2838057,21.572549],[-77.2963953,21.5624619],[-77.2943282,21.5457952],[-77.3203699,21.5249375],[-77.2959477,21.5198838],[-77.2819828,21.5216212],[-77.2583337,21.5162501],[-77.2546309,21.5292099],[-77.1962976,21.541832],[-77.2350183,21.5722804],[-77.2583337,21.5693792],[-77.2838057,21.572549]],[[-84.0423262,22.1691025],[-84.0619633,22.158816],[-84.0500004,22.1495835],[-84.0423262,22.1691025]],[[-83.9472031,22.1867491],[-83.9869714,22.1738429],[-83.9612797,22.1621648],[-83.9438655,22.180289]],[[-84.0874999,22.1576315],[-84.0741378,22.2120346],[-84.1117354,22.2191961],[-84.0946781,22.1785874],[-84.1010685,22.1687757]],[[-81.1269779,22.4932277],[-81.1115076,22.5027614],[-81.1051599,22.5574814],[-81.1459395,22.54407],[-81.1531742,22.4951442],[-81.1333337,22.4829168],[-81.1269779,22.4932277]],[[-81.2394291,22.6031723],[-81.2705245,22.5877833],[-81.2333337,22.5829168],[-81.2394291,22.6031723]],[[-81.1333337,22.6495835],[-81.1204431,22.6445175],[-81.1130375,22.6626206],[-81.1000167,22.672671],[-81.1129036,22.7067767],[-81.118958,22.6962771],[-81.1333337,22.6495835]],[[-79.3947432,22.273965],[-79.4111332,22.2594305],[-79.3916671,22.2495835],[-79.3947432,22.273965]],[[-79.5750004,22.3079168],[-79.5750004,22.3245835],[-79.6000004,22.3245835],[-79.6000004,22.3079168],[-79.5750004,22.3079168]],[[-79.6489585,22.2920587],[-79.6328436,22.2764848],[-79.6260457,22.2815803],[-79.6285893,22.2986069],[-79.6418054,22.3361679],[-79.6513381,22.3332984]],[[-79.5770919,22.3519313],[-79.5862878,22.3371364],[-79.5666671,22.3329168],[-79.5770919,22.3519313]],[[-79.6652876,22.3539534],[-79.6500004,22.3495835],[-79.6557052,22.3695338],[-79.6678853,22.3577998],[-79.6652876,22.3539534]],[[-79.5640385,22.3778672],[-79.5787032,22.3637395],[-79.5583337,22.3579168],[-79.5640385,22.3778672]],[[-82.5333337,22.8745835],[-82.5704138,22.8473686]],[[-82.5704138,22.8473686],[-82.5351944,22.8644791]],[[-82.5328986,22.873566],[-82.5333337,22.8745835]],[[-82.6272872,22.8929225],[-82.6395105,22.8811183],[-82.6437829,22.8439886],[-82.6250004,22.8412501],[-82.6272872,22.8929225]],[[-82.5333337,22.8745835],[-82.532671,22.8744667]],[[-82.527018,22.8997802],[-82.5333337,22.8745835]],[[-82.5937585,22.9102646],[-82.6029545,22.8954697],[-82.5833337,22.8912501],[-82.5937585,22.9102646]],[[-82.5583337,22.9579168],[-82.5518396,22.9469671],[-82.5367926,22.9505908],[-82.5395833,22.9559923],[-82.5583337,22.9579168]],[[-82.5583337,22.9579168],[-82.5464586,22.9692998]],[[-82.5464586,22.9692998],[-82.5596998,22.994929]],[[-82.5596998,22.994929],[-82.5691654,22.9626775],[-82.5850264,22.9610621],[-82.6083337,22.9662501],[-82.6166671,22.9494858],[-82.5957279,22.9392604],[-82.5583337,22.9579168]],[[-82.5495015,23.0629544],[-82.6040531,23.0469427],[-82.6259932,23.0041367],[-82.6037846,23.0116969],[-82.5958337,23.0300237],[-82.5788985,23.0282985],[-82.5550073,23.04116]],[[-82.5550073,23.04116],[-82.5495015,23.0629544]],[[-81.2560125,23.1078128],[-81.2616572,23.1182007],[-81.2797623,23.1272907],[-81.2845688,23.1398106],[-81.307006,23.1380722],[-81.3569259,23.1264593],[-81.3878826,23.1122512]],[[-81.3512843,23.1036914],[-81.3252201,23.1238917],[-81.31224,23.112295],[-81.3131021,23.0978751]],[[-81.1320133,23.2098681],[-81.135909,23.2109753],[-81.1852136,23.1923325],[-81.2976851,23.1403684],[-81.2777252,23.1415482],[-81.2595444,23.1553097],[-81.2350769,23.1636314],[-81.2267456,23.1717625],[-81.1902084,23.1880226],[-81.166954,23.1954021],[-81.1371994,23.1994076],[-81.1320133,23.2098681]],[[-79.4691573,21.7606593],[-79.4784021,21.7373927],[-79.4500004,21.7329168],[-79.4691573,21.7606593]],[[-79.4544763,21.8274765],[-79.478101,21.8118963],[-79.4500004,21.8079168],[-79.4544763,21.8274765]],[[-79.5580082,21.8272405],[-79.5635665,21.844428],[-79.5865076,21.8125921],[-79.5666671,21.8079168],[-79.5580082,21.8272405]],[[-79.4964929,21.8780055],[-79.5202966,21.8575547],[-79.4916671,21.8495835],[-79.4964929,21.8780055]],[[-79.4937585,21.9602646],[-79.5029545,21.9454697],[-79.4833337,21.9412501],[-79.4937585,21.9602646]],[[-79.4703454,21.9778953],[-79.4683679,21.9412501],[-79.4720626,21.9162501],[-79.469019,21.8956121],[-79.4333337,21.8912501],[-79.406047,21.9278102],[-79.42863,21.9709539],[-79.4543715,21.9993783]],[[-80.3118412,22.6107163],[-80.3527999,22.6042303],[-80.3412439,22.5832179],[-80.3249516,22.5911769],[-80.3083337,22.5829168],[-80.3118412,22.6107163]],[[-80.232699,22.6115464],[-80.2619633,22.6018906],[-80.2543949,22.5685369],[-80.2372563,22.5710678],[-80.2250004,22.5662501],[-80.232699,22.6115464]],[[-80.5228275,22.6778549],[-80.5455977,22.6668523],[-80.5166671,22.6579168],[-80.5228275,22.6778549]],[[-79.1873376,21.7015122],[-79.2029545,21.6936712],[-79.1833337,21.6829168],[-79.1873376,21.7015122]],[[-79.2140385,21.7278672],[-79.2287032,21.7137396],[-79.2083337,21.7079168],[-79.2140385,21.7278672]],[[-77.9953003,20.7027931],[-77.98501,20.7063747],[-77.9872319,20.7264227],[-78.0113041,20.7362453],[-78.0033126,20.7045355],[-77.9953003,20.7027931]],[[-77.9138676,20.896784],[-77.8974369,20.9050929],[-77.9203129,20.9190496],[-77.9277999,20.8968816],[-77.9138676,20.896784]],[[-82.3535242,22.7342718],[-82.3707035,22.7439723],[-82.3777266,22.7196396],[-82.3500004,22.7162501],[-82.3535242,22.7342718]],[[-82.370614,22.790123],[-82.4004887,22.8025335],[-82.393905,22.7865626],[-82.370614,22.790123]],[[-82.3000004,22.8245835],[-82.3177494,22.8325343],[-82.3122237,22.8047389],[-82.3000004,22.8245835]],[[-82.4457662,22.8117553],[-82.4358646,22.8125514],[-82.4382165,22.8418157],[-82.460087,22.8296142]],[[-82.460087,22.8296142],[-82.4513474,22.8278923],[-82.4457662,22.8117553]],[[-82.3391443,22.8302068],[-82.3625411,22.8441269],[-82.3695398,22.8119899],[-82.3500004,22.8079168],[-82.3391443,22.8302068]],[[-82.4017012,22.8795965],[-82.4146732,22.8857163],[-82.4361332,22.8697576],[-82.4083337,22.8662501],[-82.4017012,22.8795965]],[[-82.370585,22.889812],[-82.3874667,22.8991266]],[[-82.3874667,22.8991266],[-82.3879398,22.8774033],[-82.3750004,22.8662501],[-82.370585,22.889812]],[[-78.7280684,21.9543646],[-78.743783,21.9613185],[-78.7534021,21.9380682],[-78.7333337,21.9329168],[-78.7280684,21.9543646]],[[-78.6836755,22.0186142],[-78.7253341,22.0279852],[-78.719963,22.0040431],[-78.6916671,21.9995835],[-78.6836755,22.0186142]],[[-78.6425781,22.1219967],[-78.6552738,22.1127223],[-78.6452804,22.0957179],[-78.6471765,22.0804835],[-78.6160282,22.076588]],[[-80.7357342,22.7182959],[-80.7250004,22.6995835],[-80.7134119,22.7213323],[-80.699032,22.7305364],[-80.706934,22.7445013],[-80.7188886,22.7411418]],[[-79.1394942,22.1778549],[-79.1622644,22.1668523],[-79.1333337,22.1579168],[-79.1394942,22.1778549]],[[-79.2402429,22.210875],[-79.2536462,22.2190496],[-79.2611332,22.1968816],[-79.2500004,22.1912501],[-79.2402429,22.210875]],[[-79.3307052,22.2528672],[-79.3453699,22.2387395],[-79.3250004,22.2329168],[-79.3307052,22.2528672]],[[-79.0577885,22.2428208],[-79.0736169,22.2607936],[-79.0862065,22.2348781],[-79.0666671,22.2245835],[-79.0577885,22.2428208]],[[-79.2485762,22.260875],[-79.2619796,22.2690496],[-79.2694665,22.2468816],[-79.2583337,22.2412501],[-79.2485762,22.260875]],[[-79.2132247,22.3468816],[-79.2501713,22.3464747],[-79.2620365,22.3226954],[-79.2250004,22.3162501],[-79.2132247,22.3468816]],[[-82.1799722,23.0336386],[-82.1803594,23.0334125]],[[-82.2975006,23.0937519],[-82.2720718,23.0862408],[-82.2473679,23.0734005],[-82.2334747,23.0581303]],[[-82.1978109,23.0371537],[-82.1815045,23.0436351]],[[-82.1738289,23.0602243],[-82.1775533,23.0818585]],[[-82.1950394,23.0960637],[-82.1916671,23.0829168],[-82.2186527,23.0898422],[-82.2253341,23.1196518],[-82.2103918,23.112172]],[[-74.4863747,20.0697695],[-74.4906173,20.0863063],[-74.5034021,20.0717759],[-74.4863747,20.0697695]],[[-79.3631596,22.0113388],[-79.3869633,21.990888],[-79.3583337,21.9829168],[-79.3631596,22.0113388]],[[-79.2964929,22.0113388],[-79.3202966,21.990888],[-79.2916671,21.9829168],[-79.2964929,22.0113388]],[[-79.4163913,21.9833011],[-79.3967045,21.9995835],[-79.4193445,22.0158066],[-79.4340092,21.9953476],[-79.4199194,21.9852481],[-79.4163913,21.9833011]],[[-79.2535242,22.0092718],[-79.2707035,22.0189723],[-79.2777266,21.9946396],[-79.2500004,21.9912501],[-79.2535242,22.0092718]],[[-75.3216069,20.1277166],[-75.3522384,20.1362453],[-75.3366459,20.1129013],[-75.3166671,20.1079168],[-75.3216069,20.1277166]],[[-75.4089929,20.1857692],[-75.42863,20.1754827],[-75.4166671,20.1662501],[-75.4089929,20.1857692]],[[-79.8833337,22.6329168],[-79.879338,22.6154282],[-79.8614343,22.6048162],[-79.853337,22.5802841],[-79.8385665,22.6045314],[-79.8562341,22.6290797],[-79.8833337,22.6329168]],[[-79.8833337,22.6329168],[-79.8833337,22.6579168]],[[-79.8833337,22.6579168],[-79.9014978,22.6542506],[-79.9111332,22.6364243],[-79.8833337,22.6329168]],[[-79.8833337,22.6579168],[-79.8607833,22.6701727],[-79.8760421,22.6863185],[-79.8833337,22.6579168]],[[-78.9754724,21.8653997],[-78.9954838,21.8773829],[-79.0027999,21.8535141],[-78.9833337,21.8495835],[-78.9754724,21.8653997]],[[-78.9817387,21.9195582],[-79.004045,21.9308457],[-79.0166264,21.9247015],[-79.0057458,21.9024277],[-78.9916671,21.8995835],[-78.9817387,21.9195582]],[[-74.9500004,20.6162501],[-74.9206547,20.6116969],[-74.8908045,20.6283554],[-74.8439701,20.6022243],[-74.8198653,20.6041611],[-74.8212488,20.6213893],[-74.8458338,20.6194118],[-74.8546961,20.6392685],[-74.8672333,20.6493855],[-74.887769,20.6533921],[-74.8955245,20.6623927],[-74.9204926,20.6680662],[-74.9335327,20.6659145],[-74.952157,20.6827622],[-74.9705245,20.6534409],[-74.9799483,20.6453191],[-74.9621912,20.6373927],[-74.9500004,20.6162501]],[[-82.4005981,23.1465065],[-82.4159704,23.139883],[-82.4621179,23.1033636],[-82.500824,23.0942039],[-82.5309001,23.0745046]],[[-82.5309001,23.0745046],[-82.4894485,23.0884857],[-82.4769669,23.0889854],[-82.4600372,23.0486832]],[[-82.4301376,23.0709076],[-82.415657,23.0734539],[-82.4055328,23.0838032],[-82.3867722,23.0648479]],[[-78.6288334,21.7109848],[-78.6448409,21.6868108],[-78.6250004,21.6745835],[-78.6288334,21.7109848]],[[-78.534408,21.733991],[-78.5137618,21.7499253],[-78.5311772,21.7615464],[-78.5619633,21.7302353],[-78.5416671,21.7245835],[-78.534408,21.733991]],[[-78.6083337,21.7829168],[-78.6259037,21.7740301],[-78.6118412,21.7551173],[-78.6083337,21.7829168]],[[-83.5394372,22.3816961],[-83.5688643,22.3946518],[-83.5616296,22.3623764],[-83.5333337,22.3579168],[-83.5394372,22.3816961]],[[-83.6321521,22.3414216],[-83.6710046,22.3787501],[-83.6539229,22.395844],[-83.6535974,22.4286687],[-83.6285974,22.4038315],[-83.6166671,22.4162501],[-83.6305342,22.4190496],[-83.6361332,22.4301173],[-83.6519372,22.4381129],[-83.6283126,22.4568833],[-83.6222009,22.4357163],[-83.6100508,22.429568],[-83.6166671,22.4162501],[-83.6042484,22.3953354],[-83.5787439,22.3871648],[-83.579517,22.4416652],[-83.6098637,22.4563909],[-83.6241133,22.4857732],[-83.6707035,22.4617742],[-83.6874109,22.4620021],[-83.7021651,22.4478338],[-83.7382819,22.4390264],[-83.7412204,22.4273949],[-83.7310788,22.4077104]],[[-75.9944666,20.1134507],[-76.0094324,20.1322861],[-76.0334965,20.1205307],[-75.9916671,20.0995835],[-75.9944666,20.1134507]],[[-76.0672205,20.1338201],[-76.0861332,20.1197576],[-76.0583337,20.1162501],[-76.0672205,20.1338201]],[[-75.9833337,20.1662501],[-75.977157,20.1457383],[-75.9666671,20.1579168],[-75.9833337,20.1662501]],[[-76.1057052,20.2362005],[-76.1203699,20.2220729],[-76.1000004,20.2162501],[-76.1057052,20.2362005]],[[-76.0666671,20.2329168],[-76.0833337,20.2412501],[-76.077157,20.2207383],[-76.0666671,20.2329168]],[[-75.9833337,20.1662501],[-75.9833337,20.1829168],[-75.9583337,20.1829168],[-75.9583337,20.1662501],[-75.9465987,20.1831447],[-75.9632654,20.1946518],[-75.9700688,20.216478],[-75.9590463,20.2240905],[-75.9588215,20.2358316],[-75.9715987,20.2446518],[-75.9847091,20.2636419],[-76.0072758,20.2585841],[-76.0327966,20.2216294],[-76.0021082,20.200442],[-76.0083337,20.172667],[-75.9833337,20.1662501]],[[-76.1657825,20.2554478],[-76.1535242,20.2466253],[-76.1212162,20.2433335],[-76.1287846,20.2541367],[-76.1492269,20.2653194]],[[-76.0390385,20.2862005],[-76.0537032,20.2720729],[-76.0333337,20.2662501],[-76.0390385,20.2862005]],[[-80.9031498,22.4790187],[-80.9111413,22.4946518],[-80.9200688,22.4660223],[-80.9083337,22.4579168],[-80.9031498,22.4790187]],[[-80.8609623,22.542597],[-80.8768233,22.5272771],[-80.8583337,22.5245835],[-80.8609623,22.542597]],[[-80.8995284,22.5528224],[-80.9202966,22.5294459],[-80.8916671,22.5245835],[-80.8995284,22.5528224]],[[-80.9373376,22.5848455],[-80.9529545,22.5770045],[-80.9333337,22.5662501],[-80.9373376,22.5848455]],[[-80.9122481,22.6022202],[-80.928101,22.5791041],[-80.9083337,22.5745835],[-80.9122481,22.6022202]],[[-75.5530766,20.3906316],[-75.5694666,20.3760971],[-75.5500004,20.3662501],[-75.5530766,20.3906316]],[[-75.5569503,20.4335109],[-75.5473963,20.4028427],[-75.5250004,20.3995835],[-75.4977706,20.412938],[-75.5267582,20.4308009],[-75.5375004,20.4274521],[-75.5569503,20.4335109]],[[-76.9569922,20.241206],[-76.9548507,20.2544378],[-76.9347253,20.2688665],[-76.9393884,20.2924749],[-76.9730554,20.2858221],[-76.9619872,20.2355358],[-76.9569922,20.241206]],[[-76.7831726,20.2931404],[-76.7823394,20.3047584]],[[-76.7823394,20.3047584],[-76.8120365,20.309223],[-76.7890933,20.2917102]],[[-77.0089929,20.3107692],[-77.02863,20.3004827],[-77.0166671,20.2912501],[-77.0089929,20.3107692]],[[-76.8833337,20.3079168],[-76.8963546,20.3260768],[-76.9333337,20.3187689],[-76.9529057,20.3226385],[-76.9551355,20.311351],[-76.9010014,20.3006536],[-76.8833337,20.3079168]],[[-76.7812364,20.3201399],[-76.7803345,20.332716],[-76.8055055,20.3419579]],[[-76.8055055,20.3419579],[-76.8028243,20.3238063],[-76.7812364,20.3201399]],[[-75.0693829,20.0692223],[-75.0829083,20.0718854]],[[-75.0829083,20.0718854],[-75.0907001,20.0549673],[-75.0974491,20.0400586],[-75.0805343,20.0384507],[-75.065129,20.0462428],[-75.0728683,20.0620835],[-75.0693829,20.0692223]],[[-81.6673666,22.8359737],[-81.6720444,22.851882]],[[-81.6692047,22.8343391],[-81.6673666,22.8359737]],[[-81.2833316,22.9089057],[-81.2743966,22.9231919]],[[-81.2743966,22.9231919],[-81.2958337,22.9143133],[-81.3133142,22.9228501],[-81.3194665,22.9110499],[-81.2833316,22.9089057]],[[-81.4032492,22.9590656],[-81.4202621,22.9550208],[-81.4288578,22.9465154],[-81.4000004,22.9412501],[-81.4032492,22.9590656]],[[-76.4000004,21.1579168],[-76.4000004,21.1745835],[-76.4250004,21.1745835],[-76.4250004,21.1579168],[-76.4000004,21.1579168]],[[-76.4709965,21.1455755],[-76.4478194,21.1565089],[-76.4711837,21.1781561],[-76.5040043,21.1681259],[-76.4750004,21.1412501],[-76.4709965,21.1455755]],[[-76.4261409,21.282307],[-76.4531742,21.2784775],[-76.4333337,21.2662501],[-76.4261409,21.282307]],[[-80.4029388,22.0370216],[-80.4156661,22.0611679],[-80.4269257,22.0406532],[-80.4093475,22.0320473],[-80.4029388,22.0370216]],[[-80.5043868,22.0771144],[-80.5276208,22.0860174],[-80.520859,22.0663151],[-80.5000004,22.0579168],[-80.5043868,22.0771144]],[[-80.4623337,22.0573997],[-80.4600173,22.0779044],[-80.4722009,22.0865464],[-80.4869633,22.0558619],[-80.4623337,22.0573997]],[[-80.5416671,22.1162501],[-80.5699548,22.1002589],[-80.5462976,22.0792099],[-80.5416671,22.1162501]],[[-80.5623376,22.1348455],[-80.5779545,22.1270045],[-80.5583337,22.1162501],[-80.5623376,22.1348455]],[[-80.3416671,22.1495835],[-80.3459395,22.1287379],[-80.3413822,22.1121648],[-80.3190963,22.1269636]],[[-80.3262802,22.1589144],[-80.3416671,22.1495835]],[[-80.3416671,22.1495835],[-80.3523604,22.1624578],[-80.3892745,22.1890244],[-80.4287846,22.1850001],[-80.4031704,22.2158282]],[[-80.4196699,22.2220898],[-80.4393884,22.2006251],[-80.4594688,22.2331823]],[[-80.4786754,22.2319246],[-80.4762374,22.1958034],[-80.4962162,22.2033636],[-80.5100671,22.2200302],[-80.5454512,22.1911687],[-80.5184086,22.1693914],[-80.4920496,22.172077],[-80.470378,22.1540757],[-80.4717371,22.1407212],[-80.4485356,22.1127833],[-80.422559,22.1101344],[-80.4007084,22.1546697],[-80.3649744,22.1547715],[-80.3416671,22.1495835]],[[-81.4340336,22.7649358],[-81.4529952,22.7773829],[-81.4611332,22.7594305],[-81.4416671,22.7495835],[-81.4340336,22.7649358]],[[-81.5640385,22.7778672],[-81.5787032,22.7637395],[-81.5583337,22.7579168],[-81.5640385,22.7778672]],[[-81.530225,22.8115667],[-81.5538578,22.7881821],[-81.5250004,22.7829168],[-81.530225,22.8115667]],[[-81.6689228,22.8332362],[-81.6673666,22.8359737]],[[-81.5455814,22.8772202],[-81.5614343,22.8541041],[-81.5416671,22.8495835],[-81.5455814,22.8772202]],[[-77.58995,21.4948064],[-77.6072677,21.5023829],[-77.6361332,21.4778956],[-77.6000004,21.4745835],[-77.58995,21.4948064]],[[-77.4569096,21.5525416],[-77.4703129,21.5607163],[-77.4777999,21.5385483],[-77.4666671,21.5329168],[-77.4569096,21.5525416]],[[-77.601921,21.5613144],[-77.620671,21.548379],[-77.5833337,21.5412501],[-77.601921,21.5613144]],[[-77.6791996,21.6845851],[-77.7034021,21.6775294],[-77.6750004,21.6579168],[-77.6791996,21.6845851]],[[-83.6995284,22.6361557],[-83.7202966,22.6127793],[-83.6916671,22.6079168],[-83.6995284,22.6361557]],[[-83.7289704,22.7812933],[-83.7452966,22.7735825],[-83.7250004,22.7579168],[-83.7289704,22.7812933]],[[-75.5228276,20.102855],[-75.5455977,20.0918524],[-75.5166671,20.0829168],[-75.5228276,20.102855]],[[-75.779454,20.1493554],[-75.7805251,20.1504277]],[[-75.7750004,20.1579168],[-75.7773757,20.1494681]],[[-75.7670514,20.1500283],[-75.7750004,20.1579168]],[[-75.7750004,20.1579168],[-75.7743777,20.1607702]],[[-75.7762888,20.157555],[-75.7750004,20.1579168]],[[-75.7010996,20.1535105],[-75.6866948,20.1659205],[-75.6293136,20.1534043],[-75.5947433,20.1526596],[-75.5962976,20.1720525],[-75.6211023,20.1700587],[-75.6393152,20.1912013],[-75.6654138,20.1766424],[-75.7337651,20.1821315],[-75.7205245,20.170726],[-75.7128945,20.1529669]],[[-75.5833338,20.3245835],[-75.6083338,20.3245835],[-75.6083338,20.3079168],[-75.5833338,20.3079168],[-75.5833338,20.3245835]],[[-78.970671,22.1515122],[-78.9862878,22.1436712],[-78.9666671,22.1329168],[-78.970671,22.1515122]],[[-78.9000004,22.1829168],[-78.9000004,22.1995835],[-78.9250004,22.1995835],[-78.9250004,22.1829168],[-78.9000004,22.1829168]],[[-82.9020919,22.7519313],[-82.9112878,22.7371364],[-82.8916671,22.7329168],[-82.9020919,22.7519313]],[[-82.9757781,22.7397394],[-82.9500004,22.7245835],[-82.9311527,22.742658],[-82.9543298,22.7535914],[-82.9659916,22.7661769],[-82.9859792,22.7477857],[-82.9757781,22.7397394]],[[-75.2191252,20.0499609],[-75.2075384,20.0708535],[-75.2369916,20.0647449],[-75.2292014,20.0515081],[-75.2191252,20.0499609]],[[-75.1182133,20.1105617],[-75.1297286,20.1131414],[-75.1369389,20.1026922],[-75.1606124,20.1079982],[-75.1649662,20.0885727],[-75.1372644,20.0880682],[-75.1250004,20.0829168],[-75.1182133,20.1105617]],[[-75.031283,20.1871364],[-75.0568201,20.1940496],[-75.0788416,20.1765569],[-75.094963,20.1844305],[-75.1027999,20.1693304],[-75.0416671,20.1662501],[-75.031283,20.1871364]],[[-75.1833338,20.1912501],[-75.208586,20.1824],[-75.2212813,20.2224839],[-75.233967,20.2330324],[-75.2383147,20.2285027],[-75.2373295,20.2036037],[-75.2466394,20.1949733],[-75.2453455,20.16223],[-75.2547612,20.1535019],[-75.2173425,20.0791855],[-75.1959965,20.1122422],[-75.1793298,20.1289088],[-75.1533858,20.1465887],[-75.154338,20.1705633],[-75.1450037,20.179214],[-75.1290125,20.1785792],[-75.1174565,20.2030665],[-75.1250004,20.2245835],[-75.1543136,20.2027044],[-75.1693445,20.2221787],[-75.1904789,20.2094264],[-75.1833338,20.1912501]],[[-76.1465987,20.5628484],[-76.1259688,20.5705674],[-76.1102625,20.6125433],[-76.144849,20.6196518],[-76.1590824,20.5641871],[-76.1465987,20.5628484]],[[-76.3166671,20.7662501],[-76.3199626,20.764583],[-76.3306724,20.754843],[-76.3416183,20.7332016],[-76.3198735,20.721784],[-76.3166671,20.7662501]],[[-76.3166671,20.7662501],[-76.3083337,20.7745835]],[[-76.3083337,20.7745835],[-76.3121416,20.7745835],[-76.3166671,20.7687968],[-76.3166671,20.7662501]],[[-76.3083337,20.7745835],[-76.2767455,20.8048602]],[[-76.3095885,20.777848],[-76.3083337,20.7745835]],[[-76.5500004,20.2745835],[-76.5563725,20.2594142],[-76.5518803,20.2393906],[-76.505046,20.2498927],[-76.5353683,20.2708278],[-76.5500004,20.2745835]],[[-76.5500004,20.2745835],[-76.5537846,20.3041367],[-76.5649618,20.3338816]],[[-76.5649618,20.3338816],[-76.5848801,20.3290714]],[[-76.5848801,20.3290714],[-76.5628829,20.2783636],[-76.5500004,20.2745835]],[[-76.5299473,20.3556026],[-76.531911,20.3561495],[-76.5388831,20.3505887],[-76.5368005,20.3364975],[-76.5189155,20.3334593]],[[-81.2721765,22.7322983],[-81.3015548,22.7443507],[-81.3117924,22.7270778],[-81.3278406,22.7207098],[-81.2833337,22.7079168],[-81.2721765,22.7322983]],[[-76.6297367,20.7941391],[-76.6452966,20.7819158],[-76.6250004,20.7662501],[-76.6297367,20.7941391]],[[-76.6583337,20.8745835],[-76.6503015,20.8485662],[-76.5710698,20.8427272],[-76.6157475,20.8632309],[-76.6375004,20.8875799],[-76.6583337,20.8745835]],[[-76.6388513,20.9613104],[-76.6534021,20.9485377],[-76.6250004,20.9412501],[-76.6388513,20.9613104]],[[-76.4162166,20.9802796],[-76.4425704,20.9951076],[-76.4538578,20.9707505],[-76.4193525,20.9678672]],[[-82.370585,22.889812],[-82.3779952,22.9328273],[-82.3696216,22.9390556],[-82.3616026,22.9451927],[-82.3580595,22.949954]],[[-82.3883591,22.9359646],[-82.4059225,22.9217861]],[[-82.4059225,22.9217861],[-82.3880131,22.9059189],[-82.3874667,22.8991266]],[[-82.3157424,22.9550904],[-82.306462,22.9533351],[-82.2916671,22.9245835],[-82.283335,22.9544997]],[[-82.2293914,22.9511081],[-82.2567291,22.9586067]],[[-82.2596117,22.9534051],[-82.2431074,22.9323225],[-82.2282598,22.9434517],[-82.2293914,22.9511081]],[[-75.8140385,20.9028672],[-75.8287032,20.8887396],[-75.8083338,20.8829168],[-75.8140385,20.9028672]],[[-75.721143,20.9191432],[-75.7447677,20.903563],[-75.7166671,20.8995835],[-75.721143,20.9191432]],[[-75.7652429,20.9525416],[-75.7786463,20.9607163],[-75.7861332,20.9385483],[-75.7750004,20.9329168],[-75.7652429,20.9525416]],[[-75.7051599,20.9464056],[-75.6943282,20.9530787],[-75.6996586,20.9702093],[-75.734766,20.9821722],[-75.7531742,20.9701442],[-75.7356856,20.9452337],[-75.7083338,20.9412501],[-75.7051599,20.9464056]],[[-75.7104252,21.018598],[-75.7196212,21.003803],[-75.7000004,20.9995835],[-75.7104252,21.018598]],[[-75.7770919,21.1019313],[-75.7862879,21.0871364],[-75.7666671,21.0829168],[-75.7770919,21.1019313]],[[-75.8219642,21.13145],[-75.8745415,21.1113233],[-75.8647037,21.1003472],[-75.8295903,21.1055324],[-75.8213709,21.0948797],[-75.7916671,21.0912501],[-75.7952966,21.1042872],[-75.8219642,21.13145]],[[-81.1811609,22.7528549],[-81.2039311,22.7418523],[-81.1750004,22.7329168],[-81.1811609,22.7528549]],[[-81.2894942,22.8111883],[-81.3122644,22.8001857],[-81.2833337,22.7912501],[-81.2894942,22.8111883]],[[-81.1814538,22.82202],[-81.2220951,22.8207423],[-81.2202478,22.7898056],[-81.1833337,22.7829168],[-81.1551029,22.7984726],[-81.1814538,22.82202]],[[-81.1773249,22.8645276],[-81.1952683,22.8680626],[-81.1833337,22.8495835],[-81.1773249,22.8645276]],[[-81.2833316,22.9089057],[-81.2666671,22.9079168],[-81.2743966,22.9231919]],[[-82.2915649,23.0665684],[-82.2637482,23.0326271]],[[-74.4199142,20.2919704],[-74.4369796,20.3023829],[-74.4444666,20.2801906],[-74.4166671,20.2662501],[-74.4199142,20.2919704]],[[-74.5359461,20.3717799],[-74.5453699,20.3675563],[-74.4974858,20.3258896],[-74.4879643,20.3032903],[-74.4666671,20.2995835],[-74.4601811,20.3164658],[-74.4804645,20.3418258],[-74.4895248,20.3456726],[-74.5045205,20.3708908],[-74.5359461,20.3717799]],[[-74.5416671,20.3829168],[-74.5416671,20.3995835],[-74.5666671,20.3995835],[-74.5666671,20.3829168],[-74.5416671,20.3829168]],[[-82.4869145,22.7396022],[-82.4953699,22.7229681],[-82.4416671,22.7162501],[-82.4479903,22.7383693],[-82.4869145,22.7396022]],[[-82.5187585,22.7519313],[-82.5279545,22.7371364],[-82.5083337,22.7329168],[-82.5187585,22.7519313]],[[-82.460087,22.8296142],[-82.4832158,22.8280709]],[[-82.5191803,22.8145008],[-82.5282228,22.7787089]],[[-82.5282228,22.7787089],[-82.5083663,22.7676295],[-82.4896163,22.7458644],[-82.4794682,22.8124415],[-82.4457662,22.8117553]],[[-76.7083337,20.2829168],[-76.7412683,20.2947332],[-76.726742,20.2623195],[-76.7083337,20.2829168]],[[-76.6807052,20.3028672],[-76.6953699,20.2887396],[-76.6750004,20.2829168],[-76.6807052,20.3028672]],[[-76.7764842,20.2881056],[-76.7583337,20.2829168],[-76.7637781,20.3019679],[-76.7823394,20.3047584]],[[-76.7812364,20.3201399],[-76.7583337,20.3162501],[-76.7628097,20.352859],[-76.8083989,20.3615464],[-76.8055055,20.3419579]],[[-76.5649618,20.3338816],[-76.5516199,20.3468288],[-76.5796228,20.3700913],[-76.5777511,20.3885036],[-76.5971684,20.3865219],[-76.5944177,20.4135036],[-76.6288171,20.4099961],[-76.6415938,20.4394638],[-76.6577234,20.4588812],[-76.6992273,20.4408839],[-76.6758793,20.4084336],[-76.6879561,20.387352],[-76.6879643,20.3450628],[-76.6704513,20.33747],[-76.65599,20.3041367],[-76.6378259,20.3208766],[-76.6288416,20.319957],[-76.6152022,20.3363836],[-76.5892013,20.3390325],[-76.5848801,20.3290714]],[[-82.5805749,22.7855128],[-82.6035567,22.7667588],[-82.5916671,22.7579168],[-82.5805749,22.7855128]],[[-82.5704138,22.8473686],[-82.5820561,22.8212754],[-82.620799,22.8124698],[-82.6211757,22.8121796],[-82.6197595,22.7944972],[-82.5979333,22.7962509],[-82.5351078,22.7825506],[-82.5282228,22.7787089]],[[-82.5396326,22.8033392],[-82.5700687,22.8243556],[-82.5563725,22.8347356],[-82.5292077,22.8159816],[-82.5396326,22.8033392]],[[-80.3890385,22.8945338],[-80.4037032,22.8804062],[-80.3833337,22.8745835],[-80.3890385,22.8945338]],[[-80.5794763,22.9941432],[-80.603101,22.978563],[-80.5750004,22.9745835],[-80.5794763,22.9941432]],[[-80.0224125,21.825324],[-80.0425262,21.8086171],[-80.0373863,21.7866718],[-79.999211,21.7905625],[-80.0067188,21.7568375],[-79.9777917,21.7527736],[-79.9797611,21.7720444],[-79.9462162,21.7999008],[-79.9859949,21.8221665],[-80.0127039,21.8029404],[-80.0224125,21.825324]],[[-79.8500004,21.8329168],[-79.8544763,21.8524765],[-79.878101,21.8368963],[-79.8500004,21.8329168]],[[-79.7814457,21.8560695],[-79.8119633,21.8478053],[-79.7750004,21.8329168],[-79.7814457,21.8560695]],[[-79.8266361,21.8797186],[-79.8440434,21.8857163],[-79.8527999,21.8701808],[-79.8333337,21.8662501],[-79.8266361,21.8797186]],[[-75.6963709,20.6209539],[-75.6497319,20.6561549],[-75.6643152,20.6803289],[-75.6907231,20.6764267],[-75.7116622,20.6252508],[-75.6963709,20.6209539]],[[-75.768783,20.6807968],[-75.8021163,20.6809922],[-75.7814376,20.6600693],[-75.7666671,20.6579168],[-75.768783,20.6807968]],[[-75.6109623,20.7009303],[-75.6268233,20.6856105],[-75.6083338,20.6829168],[-75.6109623,20.7009303]],[[-75.519377,20.6623683],[-75.5299321,20.6696518],[-75.5376388,20.7091253],[-75.5586674,20.7196518],[-75.5513676,20.6870835],[-75.5560388,20.6662501],[-75.5514734,20.6459051],[-75.5333338,20.6412501],[-75.519377,20.6623683]],[[-75.5857426,20.7286606],[-75.6035079,20.7439723],[-75.6112879,20.7204697],[-75.5916671,20.7162501],[-75.5857426,20.7286606]],[[-75.6389978,20.7555039],[-75.6544519,20.7774603],[-75.6612065,20.7388209],[-75.6500004,20.7329168],[-75.6389978,20.7555039]],[[-75.7399392,20.8425104],[-75.7539311,20.82261],[-75.7333338,20.8162501],[-75.7047449,20.8426824],[-75.7175505,20.8477341]],[[-77.3087406,20.2330348],[-77.3272171,20.2253513],[-77.368644,20.2143013],[-77.3615076,20.1993027],[-77.3297286,20.2064275],[-77.3147058,20.2064194],[-77.3087406,20.2330348]],[[-77.2541834,20.2351141],[-77.2727804,20.2488351],[-77.3030278,20.2347723],[-77.2850427,20.2134873],[-77.2623783,20.2220322],[-77.2541834,20.2351141]],[[-75.0693829,20.0692223],[-75.0652755,20.0776352],[-75.0789148,20.0857163],[-75.0829083,20.0718854]],[[-75.0042403,20.1162298],[-75.02863,20.0992213],[-75.0000004,20.0912501],[-75.0042403,20.1162298]],[[-80.2310144,22.7960109],[-80.2732182,22.8023829],[-80.2861332,22.7777858],[-80.2416671,22.7745835],[-80.2310144,22.7960109]],[[-82.2293914,22.9511081],[-82.2195979,22.9654945]],[[-77.0450652,20.318429],[-77.0452559,20.3542384],[-77.1132247,20.3626938],[-77.1294861,20.3492756],[-77.1564286,20.3332743],[-77.1666031,20.3052998],[-77.1625004,20.2949],[-77.1451095,20.2970607],[-77.1443689,20.2711167],[-77.1888595,20.2655828],[-77.2111011,20.2786595],[-77.218478,20.2762377],[-77.2114262,20.2468979],[-77.1916671,20.2412501],[-77.1816329,20.2537786],[-77.1218103,20.2667221],[-77.1193282,20.2867051],[-77.1302413,20.2954453],[-77.0953699,20.319957],[-77.0876225,20.3296372],[-77.0557204,20.3063316],[-77.0450652,20.318429]],[[-82.4859623,22.9592636],[-82.5018233,22.9439438],[-82.4833337,22.9412501],[-82.4859623,22.9592636]],[[-82.5309001,23.0745046],[-82.5495015,23.0629544]],[[-82.5550073,23.04116],[-82.5527185,23.0187159],[-82.5596998,22.994929]],[[-82.5464586,22.9692998],[-82.527157,22.9859279],[-82.5397383,22.9967636],[-82.5384688,23.0450058],[-82.5218347,23.0463405],[-82.5115645,23.0279323],[-82.5135909,23.0027044],[-82.4702559,22.9524114],[-82.4478275,22.9784409],[-82.421143,22.9675929],[-82.430046,22.951264],[-82.4538578,22.930748],[-82.4323979,22.9243271],[-82.4202559,22.9384222],[-82.4059225,22.9217861]],[[-83.1833337,22.9079168],[-83.1664717,22.8876165],[-83.1295495,22.9091904],[-83.1672774,22.9255478],[-83.1833337,22.9079168]],[[-83.1833337,22.9079168],[-83.1921228,22.9363673],[-83.2039311,22.9142767],[-83.1833337,22.9079168]],[[-83.0281173,22.9624904],[-83.0338952,22.9696518],[-83.0534021,22.9464015],[-83.0333337,22.9412501],[-83.0281173,22.9624904]],[[-82.934206,22.9772014],[-82.9368168,22.9708562],[-82.9083337,22.9662501],[-82.8957132,22.9746281],[-82.8986127,22.9818022],[-82.9015678,22.9823947]],[[-78.9128096,22.0524765],[-78.9364343,22.0368963],[-78.9083337,22.0329168],[-78.9128096,22.0524765]],[[-78.9015615,22.1327593],[-78.9284021,22.1068711],[-78.9000004,22.0995835],[-78.8936283,22.1147527],[-78.8978639,22.1336525],[-78.9015615,22.1327593]],[[-83.931698,22.5946355],[-83.947681,22.6023829],[-83.9611332,22.5785141],[-83.9416671,22.5745835],[-83.931698,22.5946355]],[[-83.9712162,22.6458034],[-83.9379968,22.6602117],[-83.9650476,22.6783636],[-83.9871179,22.6513128],[-83.9712162,22.6458034]],[[-78.812709,21.7447628],[-78.8119145,21.7314723],[-78.7750004,21.7245835],[-78.7779264,21.7438125]],[[-78.8777997,21.7690554],[-78.8917839,21.7813936],[-78.9027999,21.7618475],[-78.8833337,21.7579168],[-78.8777997,21.7690554]]],"bbox":[-84.291667,19.8868999,-74.2170496,23.2109753]}