{"type":"Topology","objects":{"foo":{"type":"GeometryCollection","geometries":[{"type":"MultiPolygon","arcs":[[[0]],[[1]],[[2,3]],[[4,5,6,7,8,9,10]],[[11,12]]],"properties":{"name":"Quevedo","gaul_code":15467,"targetarea":208.0696864,"totpop":302711.536278,"country_id":"ECU","targetpop":209570.954483,"new_mean":0.0762864,"totalarea":1830.1426984}},{"type":"MultiPolygon","arcs":[[[13]],[[14]],[[15]],[[16]],[[17,18,19,20,21,22,23]]],"properties":{"name":"Portoviejo","gaul_code":15483,"targetarea":213.2442337,"totpop":313412.464613,"country_id":"ECU","targetpop":252161.223404,"new_mean":0.1167278,"totalarea":917.2714716}},{"type":"MultiPolygon","arcs":[[[24,25,26]],[[27]],[[28]]],"properties":{"name":"San Miguel Urcuq","gaul_code":15445,"targetarea":5.2801385,"totpop":20758.2841384,"country_id":"ECU","targetpop":2842.3299713,"new_mean":0.0844636,"totalarea":799.5706982}},{"type":"Polygon","arcs":[[29]],"properties":{"name":"Pangua","gaul_code":15363,"targetarea":2.5670796,"totpop":25324.5103269,"country_id":"ECU","targetpop":1232.3143768,"new_mean":0.0465226,"totalarea":693.7998612}},{"type":"Polygon","arcs":[[30]],"properties":{"name":"Marcabeli","gaul_code":15377,"targetarea":2.786707,"totpop":6911.9107857,"country_id":"ECU","targetpop":1653.8791809,"new_mean":0.0979124,"totalarea":136.9297775}},{"type":"MultiPolygon","arcs":[[[31]],[[32,33,34,35]]],"properties":{"name":"Gualaceo","gaul_code":15324,"targetarea":33.4453959,"totpop":57405.5620818,"country_id":"ECU","targetpop":29249.2018738,"new_mean":0.0844229,"totalarea":357.4274832}},{"type":"Polygon","arcs":[[36]],"properties":{"name":"Shushufindi","gaul_code":15520,"targetarea":26.5227835,"totpop":57498.1115522,"country_id":"ECU","targetpop":15425.8811035,"new_mean":0.0498708,"totalarea":2315.5804654}},{"type":"Polygon","arcs":[[37]],"properties":{"name":"Balsas","gaul_code":15370,"targetarea":7.4929092,"totpop":6819.5532827,"country_id":"ECU","targetpop":3429.3645019,"new_mean":0.0884197,"totalarea":62.7195132}},{"type":"MultiPolygon","arcs":[[[38,39]],[[40]],[[41,42]],[[43]],[[44]],[[45]],[[46]],[[47]],[[48]],[[49,50]],[[51]],[[52]],[[53]],[[54,55]],[[56]],[[57,58,59,60,61,62,63,64,65,66,67,-50],[68]]],"properties":{"name":"Guayaquil","gaul_code":15423,"targetarea":767.8392197,"totpop":2794021.36083,"country_id":"ECU","targetpop":2616452.35815,"new_mean":0.0946899,"totalarea":4381.4411135}},{"type":"MultiPolygon","arcs":[[[69,70,71]],[[72]]],"properties":{"name":"Chillanes","gaul_code":15334,"targetarea":2.8443623,"totpop":17928.7965975,"country_id":"ECU","targetpop":2434.4389038,"new_mean":0.0532086,"totalarea":625.4345383}},{"type":"MultiPolygon","arcs":[[[73,74,75]],[[76]]],"properties":{"name":"Penipe","gaul_code":15359,"targetarea":2.1214247,"totpop":6333.2608832,"country_id":"ECU","targetpop":966.7426453,"new_mean":0.0814712,"totalarea":392.7745813}},{"type":"Polygon","arcs":[[77]],"properties":{"name":"Celica","gaul_code":15448,"targetarea":5.5912855,"totpop":16484.3328195,"country_id":"ECU","targetpop":2770.4528046,"new_mean":0.0963134,"totalarea":527.4017493}},{"type":"Polygon","arcs":[[78,79],[80]],"properties":{"name":"Pedro Moncayo","gaul_code":15510,"targetarea":53.7747522,"totpop":47617.8449831,"country_id":"ECU","targetpop":25754.1634674,"new_mean":0.0825985,"totalarea":345.406781}},{"type":"Polygon","arcs":[[81]],"properties":{"name":"Caluma","gaul_code":15333,"targetarea":8.3903209,"totpop":14120.7923126,"country_id":"ECU","targetpop":4251.8090668,"new_mean":0.0531216,"totalarea":175.5137877}},{"type":"Polygon","arcs":[[-27,82,83,84,85,86]],"properties":{"name":"Antonio Ante","gaul_code":15440,"targetarea":56.297381,"totpop":58412.8533459,"country_id":"ECU","targetpop":55462.2703552,"new_mean":0.0812803,"totalarea":77.405624}},{"type":"MultiPolygon","arcs":[[[87]],[[88]],[[89]],[[90,91,92,93]]],"properties":{"name":"Cuenca","gaul_code":15321,"targetarea":231.3332014,"totpop":604364.510987,"country_id":"ECU","targetpop":523771.93985,"new_mean":0.0788365,"totalarea":3071.6012834}},{"type":"MultiPolygon","arcs":[[[94,95]],[[96,97]],[[98]],[[99]],[[100]],[[101]],[[102]],[[103]],[[104]]],"properties":{"name":"Sucre","gaul_code":15486,"targetarea":74.500394,"totpop":115143.329056,"country_id":"ECU","targetpop":49139.1545677,"new_mean":0.0948117,"totalarea":1989.615658}},{"type":"MultiPolygon","arcs":[[[105]],[[106]],[[107]],[[108]],[[109]]],"properties":{"name":"Jipijapa","gaul_code":15477,"targetarea":40.6657804,"totpop":103807.35713,"country_id":"ECU","targetpop":41185.7523041,"new_mean":0.1118849,"totalarea":1833.0426468}},{"type":"MultiPolygon","arcs":[[[110]],[[111]],[[112]]],"properties":{"name":"Isla Del Medio","gaul_code":15476,"targetarea":17.3440716,"totpop":61543.564023,"country_id":"ECU","targetpop":14314.2005463,"new_mean":0.0928124,"totalarea":1974.6389932}},{"type":"MultiPolygon","arcs":[[[113,114]],[[115]],[[116,117]]],"properties":{"name":"Simon Bolivar","gaul_code":15437,"targetarea":14.5273501,"totpop":31813.3395805,"country_id":"ECU","targetpop":7238.1646881,"new_mean":0.0742739,"totalarea":285.2685822}},{"type":"MultiPolygon","arcs":[[[118]],[[119,120]]],"properties":{"name":"Tena","gaul_code":15500,"targetarea":66.0030021,"totpop":113442.336326,"country_id":"ECU","targetpop":48899.051712,"new_mean":0.0619102,"totalarea":5006.423634}},{"type":"Polygon","arcs":[[121]],"properties":{"name":"Gualaquiza","gaul_code":15488,"targetarea":5.7356648,"totpop":22047.1288294,"country_id":"ECU","targetpop":3841.0597534,"new_mean":0.0698343,"totalarea":2252.8673856}},{"type":"MultiPolygon","arcs":[[[122]],[[123]],[[124]],[[125]],[[126]]],"properties":{"name":"Lago Agrio","gaul_code":15518,"targetarea":72.3734238,"totpop":146443.940028,"country_id":"ECU","targetpop":63261.55867,"new_mean":0.0485708,"totalarea":6937.4618019}},{"type":"MultiPolygon","arcs":[[[127,-25,-87],[128]],[[129]]],"properties":{"name":"Ibarra","gaul_code":15442,"targetarea":110.712288,"totpop":203799.447248,"country_id":"ECU","targetpop":164717.558578,"new_mean":0.0829599,"totalarea":1090.5425794}},{"type":"MultiPolygon","arcs":[[[130,131]],[[132,133,134]]],"properties":{"name":"El Triunfo","gaul_code":15422,"targetarea":24.1789566,"totpop":52674.5085878,"country_id":"ECU","targetpop":20065.3778534,"new_mean":0.0753469,"totalarea":416.1964417}},{"type":"MultiPolygon","arcs":[[[135]],[[136]],[[137]],[[138]]],"properties":{"name":"Alausi","gaul_code":15351,"targetarea":14.9527468,"totpop":49650.5834396,"country_id":"ECU","targetpop":9797.6672668,"new_mean":0.073882,"totalarea":1659.7055372}},{"type":"MultiPolygon","arcs":[[[139,140,141]],[[142,143,144]]],"properties":{"name":"Santiago Pillaro","gaul_code":15528,"targetarea":66.3091996,"totpop":46352.5665816,"country_id":"ECU","targetpop":26973.8908081,"new_mean":0.0786597,"totalarea":492.6657288}},{"type":"MultiPolygon","arcs":[[[145,146,147,148,149]],[[150,151]],[[152,153]]],"properties":{"name":"Latacunga","gaul_code":15362,"targetarea":195.7852876,"totpop":180614.582845,"country_id":"ECU","targetpop":132445.212105,"new_mean":0.0812526,"totalarea":1372.9013331}},{"type":"Polygon","arcs":[[154,155]],"properties":{"name":"Coronel Marcelin","gaul_code":15418,"targetarea":11.4686255,"totpop":19878.5539589,"country_id":"ECU","targetpop":6055.8803253,"new_mean":0.0714725,"totalarea":265.6769054}},{"type":"MultiPolygon","arcs":[[[156]],[[157]],[[158,-12,159,160]]],"properties":{"name":"Ventanas","gaul_code":15469,"targetarea":60.7970429,"totpop":105221.174307,"country_id":"ECU","targetpop":39658.5942993,"new_mean":0.0655299,"totalarea":859.3943124}},{"type":"Polygon","arcs":[[161,162,163]],"properties":{"name":"Zaruma","gaul_code":15383,"targetarea":15.3217281,"totpop":27300.9652424,"country_id":"ECU","targetpop":13627.0569305,"new_mean":0.0746858,"totalarea":637.4558305}},{"type":"MultiPolygon","arcs":[[[164]],[[165]],[[166,167,168,169,170,171,172,-141,173,174,175]]],"properties":{"name":"Ambato","gaul_code":15522,"targetarea":266.159782,"totpop":383413.054487,"country_id":"ECU","targetpop":344848.089523,"new_mean":0.0851628,"totalarea":1018.3476544}},{"type":"Polygon","arcs":[[176]],"properties":{"name":"San Fernando","gaul_code":15329,"targetarea":1.1521223,"totpop":4858.9339848,"country_id":"ECU","targetpop":772.8179321,"new_mean":0.0713597,"totalarea":136.7094688}},{"type":"MultiPolygon","arcs":[[[177]],[[178]],[[179]],[[180,181]],[[182]],[[183,184]]],"properties":{"name":"Urbina Jado","gaul_code":15438,"targetarea":39.8599346,"totpop":66112.7790146,"country_id":"ECU","targetpop":23594.7282867,"new_mean":0.116572,"totalarea":362.6226924}},{"type":"MultiPolygon","arcs":[[[-153,185,-146,186]],[[-152,187]]],"properties":{"name":"Saquisili","gaul_code":15366,"targetarea":37.3798735,"totpop":32560.4699841,"country_id":"ECU","targetpop":18538.1820526,"new_mean":0.082835,"totalarea":198.2285137}},{"type":"Polygon","arcs":[[188,189]],"properties":{"name":"Sucua","gaul_code":15495,"targetarea":12.3497372,"totpop":27104.5087756,"country_id":"ECU","targetpop":7595.0205231,"new_mean":0.0795235,"totalarea":1710.6931875}},{"type":"Polygon","arcs":[[190,191,192,193,194,195]],"properties":{"name":"Salinas","gaul_code":15433,"targetarea":67.8935434,"totpop":121838.947586,"country_id":"ECU","targetpop":119367.650688,"new_mean":0.0844064,"totalarea":81.6981827}},{"type":"MultiPolygon","arcs":[[[196,197,198,199,200,201,202,203,204,205],[206],[207]],[[208]],[[209]]],"properties":{"name":"Quito","gaul_code":15512,"targetarea":910.4988861,"totpop":2792427.76185,"country_id":"ECU","targetpop":2680694.42386,"new_mean":0.0925993,"totalarea":4158.4332857}},{"type":"MultiPolygon","arcs":[[[210]],[[211]],[[212]]],"properties":{"name":"Tulcan","gaul_code":15350,"targetarea":55.6904041,"totpop":104769.10045,"country_id":"ECU","targetpop":66303.3551102,"new_mean":0.0817194,"totalarea":1605.5876861}},{"type":"MultiPolygon","arcs":[[[213]],[[214]]],"properties":{"name":"Pimampiro","gaul_code":15444,"targetarea":9.3422479,"totpop":14522.0958691,"country_id":"ECU","targetpop":5473.5158691,"new_mean":0.0863788,"totalarea":371.1633439}},{"type":"Polygon","arcs":[[215]],"properties":{"name":"Pajan","gaul_code":15481,"targetarea":8.5140746,"totpop":44726.2111566,"country_id":"ECU","targetpop":6691.3710632,"new_mean":0.1174729,"totalarea":1087.0104704}},{"type":"Polygon","arcs":[[216]],"properties":{"name":"Echeandia","gaul_code":15336,"targetarea":5.1272171,"totpop":13068.4880943,"country_id":"ECU","targetpop":2272.9015808,"new_mean":0.0454707,"totalarea":223.2379848}},{"type":"Polygon","arcs":[[217]],"properties":{"name":"Limon Indanza","gaul_code":15490,"targetarea":2.0031835,"totpop":15735.4329965,"country_id":"ECU","targetpop":875.7826843,"new_mean":0.0658137,"totalarea":2224.3658542}},{"type":"MultiPolygon","arcs":[[[218]],[[219]]],"properties":{"name":"Orellana","gaul_code":15504,"targetarea":62.7518685,"totpop":107872.220219,"country_id":"ECU","targetpop":63319.3931885,"new_mean":0.0542884,"totalarea":5694.1312639}},{"type":"MultiPolygon","arcs":[[[220,221]],[[222,223]]],"properties":{"name":"Santa Rosa","gaul_code":15382,"targetarea":56.8313774,"totpop":81261.9009863,"country_id":"ECU","targetpop":52488.8410263,"new_mean":0.0898184,"totalarea":818.7476264}},{"type":"Polygon","arcs":[[-169,224,225,226,227]],"properties":{"name":"Cevallos","gaul_code":15524,"targetarea":19.3804584,"totpop":9691.2610321,"country_id":"ECU","targetpop":0,"new_mean":0.0850376,"totalarea":19.3804585}},{"type":"Polygon","arcs":[[228]],"properties":{"name":"Nangaritza","gaul_code":15533,"targetarea":1.1510159,"totpop":8582.2552623,"country_id":"ECU","targetpop":587.1703491,"new_mean":0.075575,"totalarea":2126.713757}},{"type":"Polygon","arcs":[[229,230,231,232,233]],"properties":{"name":"Machala","gaul_code":15376,"targetarea":168.8373392,"totpop":279939.045653,"country_id":"ECU","targetpop":270189.488068,"new_mean":0.0433689,"totalarea":307.266617}},{"type":"MultiPolygon","arcs":[[[-185,234]],[[235,236]]],"properties":{"name":"Palestina","gaul_code":15430,"targetarea":11.7658593,"totpop":20007.8757858,"country_id":"ECU","targetpop":6028.7248077,"new_mean":0.1162626,"totalarea":187.4773617}},{"type":"MultiPolygon","arcs":[[[237]],[[238]],[[239]]],"properties":{"name":"La Concordia","gaul_code":15537,"targetarea":48.5371907,"totpop":75018.8449926,"country_id":"ECU","targetpop":35123.302887,"new_mean":0.1098146,"totalarea":697.5748317}},{"type":"Polygon","arcs":[[240]],"properties":{"name":"Santa Cruz (is.)","gaul_code":15411,"targetarea":4.9153825,"totpop":20467.1320846,"country_id":"ECU","targetpop":14344.7239075,"new_mean":0.0813489,"totalarea":985.6112375}},{"type":"Polygon","arcs":[[-226,241,242,243]],"properties":{"name":"Mocha","gaul_code":15525,"targetarea":6.6450463,"totpop":8558.8830757,"country_id":"ECU","targetpop":2827.7793884,"new_mean":0.0867488,"totalarea":81.465961}},{"type":"Polygon","arcs":[[244,-156]],"properties":{"name":"Naranjito","gaul_code":15428,"targetarea":27.5062564,"totpop":43486.5775986,"country_id":"ECU","targetpop":20691.167923,"new_mean":0.0768653,"totalarea":235.4637652}},{"type":"MultiPolygon","arcs":[[[245]],[[246,-192]],[[247]],[[248]],[[249,-194]],[[250]],[[251]],[[252,253]],[[254]],[[255]],[[256]],[[257]],[[258]],[[259]]],"properties":{"name":"Santa Elena","gaul_code":15435,"targetarea":123.0059921,"totpop":174970.125573,"country_id":"ECU","targetpop":77640.6900177,"new_mean":0.0820319,"totalarea":3702.8877971}},{"type":"MultiPolygon","arcs":[[[260]],[[261,262]]],"properties":{"name":"Santa Lucia","gaul_code":15436,"targetarea":28.3828975,"totpop":37044.5398178,"country_id":"ECU","targetpop":13490.4836884,"new_mean":0.1083901,"totalarea":299.1463227}},{"type":"MultiPolygon","arcs":[[[263]],[[264,265]]],"properties":{"name":"El Carmen","gaul_code":15474,"targetarea":55.6650776,"totpop":104316.306997,"country_id":"ECU","targetpop":41875.1276855,"new_mean":0.0864305,"totalarea":1225.7864207}},{"type":"MultiPolygon","arcs":[[[266]],[[267,-132]]],"properties":{"name":"La Troncal","gaul_code":15345,"targetarea":51.2568619,"totpop":62648.9503851,"country_id":"ECU","targetpop":38954.0796661,"new_mean":0.077342,"totalarea":321.5720698}},{"type":"MultiPolygon","arcs":[[[268]],[[269,-266]],[[270]],[[271]],[[272]]],"properties":{"name":"Santo Domingo","gaul_code":15514,"targetarea":272.9656679,"totpop":477113.400765,"country_id":"ECU","targetpop":331448.072739,"new_mean":0.0821727,"totalarea":3223.2001667}},{"type":"Polygon","arcs":[[273]],"properties":{"name":"Saraguro","gaul_code":15458,"targetarea":7.2426509,"totpop":31620.539032,"country_id":"ECU","targetpop":5934.4541931,"new_mean":0.0817245,"totalarea":952.8744769}},{"type":"MultiPolygon","arcs":[[[274]],[[275]]],"properties":{"name":"Loreto","gaul_code":15503,"targetarea":7.1088856,"totpop":34449.4255883,"country_id":"ECU","targetpop":4413.6082458,"new_mean":0.0561708,"totalarea":2106.1806367}},{"type":"MultiPolygon","arcs":[[[276]],[[277]]],"properties":{"name":"Muisne","gaul_code":15388,"targetarea":6.8256021,"totpop":33820.7950086,"country_id":"ECU","targetpop":2797.443428,"new_mean":0.0791866,"totalarea":1241.1516614}},{"type":"MultiPolygon","arcs":[[[278]],[[279]]],"properties":{"name":"Sigchos","gaul_code":15367,"targetarea":3.901887,"totpop":25739.6733158,"country_id":"ECU","targetpop":2195.7069244,"new_mean":0.0769818,"totalarea":1298.1784673}},{"type":"Polygon","arcs":[[280]],"properties":{"name":"Tosagua","gaul_code":15487,"targetarea":29.1317319,"totpop":44248.4464912,"country_id":"ECU","targetpop":18659.1373901,"new_mean":0.1171471,"totalarea":368.0503576}},{"type":"Polygon","arcs":[[281]],"properties":{"name":"Bolivar","gaul_code":15346,"targetarea":2.7944571,"totpop":15624.3694553,"country_id":"ECU","targetpop":1490.7255859,"new_mean":0.0848105,"totalarea":358.7440183}},{"type":"Polygon","arcs":[[-85,282,283],[284]],"properties":{"name":"Otavalo","gaul_code":15443,"targetarea":115.4821353,"totpop":123836.309467,"country_id":"ECU","targetpop":103265.762344,"new_mean":0.0812559,"totalarea":506.6204579}},{"type":"Polygon","arcs":[[285]],"properties":{"name":"Yantzaza","gaul_code":15535,"targetarea":9.5503567,"totpop":23093.9487952,"country_id":"ECU","targetpop":6282.3408203,"new_mean":0.0681748,"totalarea":1076.1413651}},{"type":"MultiPolygon","arcs":[[[286,287]],[[288,289]]],"properties":{"name":"Catamayo","gaul_code":15447,"targetarea":34.0699559,"totpop":35332.0829792,"country_id":"ECU","targetpop":20474.4678345,"new_mean":0.0772628,"totalarea":663.4444995}},{"type":"MultiPolygon","arcs":[[[290]],[[291,292,293]],[[294]]],"properties":{"name":"Lomas De Sargent","gaul_code":15425,"targetarea":24.3542607,"totpop":35253.0435185,"country_id":"ECU","targetpop":17720.3339081,"new_mean":0.1159318,"totalarea":548.0566855}},{"type":"Polygon","arcs":[[295]],"properties":{"name":"Urdaneta","gaul_code":15468,"targetarea":16.6797248,"totpop":37785.8580599,"country_id":"ECU","targetpop":8815.0961609,"new_mean":0.0635631,"totalarea":404.5878761}},{"type":"MultiPolygon","arcs":[[[296,-61,297]],[[-63,298]],[[-293,299,300]],[[-262,301,302,-65,303,-182,304]]],"properties":{"name":"Daule","gaul_code":15419,"targetarea":185.811019,"totpop":153693.616082,"country_id":"ECU","targetpop":119342.893303,"new_mean":0.1167556,"totalarea":472.236856}},{"type":"MultiPolygon","arcs":[[[305]],[[306]]],"properties":{"name":"24 De Mayo","gaul_code":15471,"targetarea":8.4315102,"totpop":33495.5786924,"country_id":"ECU","targetpop":5638.3389435,"new_mean":0.1147142,"totalarea":515.3857276}},{"type":"MultiPolygon","arcs":[[[307]],[[308]],[[309,-287]]],"properties":{"name":"Loja","gaul_code":15452,"targetarea":116.4233985,"totpop":238049.618662,"country_id":"ECU","targetpop":188761.046463,"new_mean":0.0619205,"totalarea":1906.0808936}},{"type":"MultiPolygon","arcs":[[[310,311]],[[312,313]],[[314,315]],[[316,317]],[[318]],[[319,320,321]]],"properties":{"name":"Yaguachi","gaul_code":15439,"targetarea":46.0116067,"totpop":74673.8841591,"country_id":"ECU","targetpop":23345.6246643,"new_mean":0.1082331,"totalarea":517.9412944}},{"type":"Polygon","arcs":[[322,323]],"properties":{"name":"Chambo","gaul_code":15352,"targetarea":9.4276571,"totpop":13819.2356713,"country_id":"ECU","targetpop":4689.8641815,"new_mean":0.0800099,"totalarea":174.598806}},{"type":"MultiPolygon","arcs":[[[324]],[[325]]],"properties":{"name":"Atacames","gaul_code":15384,"targetarea":21.5228671,"totpop":31214.5928349,"country_id":"ECU","targetpop":10630.1984711,"new_mean":0.0990544,"totalarea":473.6157546}},{"type":"MultiPolygon","arcs":[[[326,327]],[[328]],[[329,330,331]]],"properties":{"name":"Alfredo Baqueriz","gaul_code":15414,"targetarea":14.2673061,"totpop":31364.8804789,"country_id":"ECU","targetpop":8447.2780609,"new_mean":0.0931041,"totalarea":215.0628072}},{"type":"MultiPolygon","arcs":[[[332]],[[333]]],"properties":{"name":"Bolivar","gaul_code":15472,"targetarea":30.2614576,"totpop":47541.0695429,"country_id":"ECU","targetpop":21162.0568695,"new_mean":0.118963,"totalarea":534.3708906}},{"type":"MultiPolygon","arcs":[[[334]],[[335,336]],[[337,338]]],"properties":{"name":"Guamote","gaul_code":15356,"targetarea":10.2459836,"totpop":48577.394306,"country_id":"ECU","targetpop":7147.1231232,"new_mean":0.0827758,"totalarea":1210.2535271}},{"type":"Polygon","arcs":[[339]],"properties":{"name":"Puyango","gaul_code":15456,"targetarea":5.6997353,"totpop":16770.4261651,"country_id":"ECU","targetpop":3470.888794,"new_mean":0.0968301,"totalarea":631.9229162}},{"type":"Polygon","arcs":[[340]],"properties":{"name":"Chaguarpamba","gaul_code":15449,"targetarea":1.1645759,"totpop":8441.4672201,"country_id":"ECU","targetpop":639.0339966,"new_mean":0.0930607,"totalarea":330.8851321}},{"type":"MultiPolygon","arcs":[[[341]],[[342]]],"properties":{"name":"Espejo","gaul_code":15347,"targetarea":6.2955996,"totpop":14590.0254934,"country_id":"ECU","targetpop":3323.1473236,"new_mean":0.0836403,"totalarea":551.4643816}},{"type":"MultiPolygon","arcs":[[[343,344,-232]],[[345,-234]],[[346]]],"properties":{"name":"El Guabo","gaul_code":15372,"targetarea":33.2465122,"totpop":51885.7852893,"country_id":"ECU","targetpop":20861.8457489,"new_mean":0.0819165,"totalarea":588.8488136}},{"type":"MultiPolygon","arcs":[[[347]],[[348]]],"properties":{"name":"Guaranda","gaul_code":15337,"targetarea":41.9799806,"totpop":102638.015352,"country_id":"ECU","targetpop":37563.1890869,"new_mean":0.0757186,"totalarea":1957.047511}},{"type":"Polygon","arcs":[[349,350]],"properties":{"name":"Mera","gaul_code":15505,"targetarea":19.9390778,"totpop":18045.8231455,"country_id":"ECU","targetpop":11100.4990082,"new_mean":0.0766227,"totalarea":625.7440514}},{"type":"Polygon","arcs":[[351]],"properties":{"name":"Isabels (is.)","gaul_code":15404,"targetarea":2.3278953,"totpop":2734.3782091,"country_id":"ECU","targetpop":2086.5265198,"new_mean":0.0962441,"totalarea":4712.6249382}},{"type":"MultiPolygon","arcs":[[[352,353]],[[-75,354]]],"properties":{"name":"Guano","gaul_code":15357,"targetarea":63.8952772,"totpop":67136.5765953,"country_id":"ECU","targetpop":38741.6766815,"new_mean":0.084995,"totalarea":513.195969}},{"type":"MultiPolygon","arcs":[[[355]],[[356]]],"properties":{"name":"Sissig","gaul_code":15332,"targetarea":12.1377928,"totpop":29453.856364,"country_id":"ECU","targetpop":6662.1968842,"new_mean":0.0849955,"totalarea":637.2196458}},{"type":"MultiPolygon","arcs":[[[357,-114]],[[358,-117]],[[-331,359]],[[360]]],"properties":{"name":"Babahoyo","gaul_code":15462,"targetarea":95.6381142,"totpop":181744.557278,"country_id":"ECU","targetpop":107686.520996,"new_mean":0.0840797,"totalarea":1058.4578857}},{"type":"MultiPolygon","arcs":[[[361,362,-93,363]],[[364,365,366,367]]],"properties":{"name":"Azogues","gaul_code":15340,"targetarea":69.6017789,"totpop":78850.0149777,"country_id":"ECU","targetpop":57981.9594727,"new_mean":0.0833923,"totalarea":572.0720392}},{"type":"Polygon","arcs":[[368]],"properties":{"name":"Calvas","gaul_code":15446,"targetarea":8.0213073,"totpop":32030.330862,"country_id":"ECU","targetpop":8938.6620483,"new_mean":0.0803122,"totalarea":853.9173542}},{"type":"Polygon","arcs":[[-254,369,-196,370]],"properties":{"name":"La Libertad","gaul_code":15424,"targetarea":26.2513147,"totpop":98909.325531,"country_id":"ECU","targetpop":98764.2950134,"new_mean":0.0851637,"totalarea":27.455221}},{"type":"Polygon","arcs":[[371]],"properties":{"name":"Atahualpa","gaul_code":15369,"targetarea":1.1649418,"totpop":8410.0014913,"country_id":"ECU","targetpop":564.819809,"new_mean":0.0509639,"totalarea":285.581039}},{"type":"Polygon","arcs":[[372]],"properties":{"name":"Palora","gaul_code":15492,"targetarea":3.0257678,"totpop":9228.8453495,"country_id":"ECU","targetpop":1232.1356506,"new_mean":0.0781073,"totalarea":1315.9331732}},{"type":"MultiPolygon","arcs":[[[373,-298,-60,374,375,376,-321]],[[377]],[[378]]],"properties":{"name":"Samborondon","gaul_code":15434,"targetarea":76.4645117,"totpop":101072.98178,"country_id":"ECU","targetpop":72836.5125389,"new_mean":0.1137645,"totalarea":383.2015315}},{"type":"Polygon","arcs":[[379]],"properties":{"name":"S.cristobal (is.)","gaul_code":15409,"targetarea":5.8132245,"totpop":8523.2517379,"country_id":"ECU","targetpop":7852.6061707,"new_mean":0.0995602,"totalarea":550.144195}},{"type":"Polygon","arcs":[[380]],"properties":{"name":"Flavio Alfaro","gaul_code":15475,"targetarea":5.0205439,"totpop":29140.1042218,"country_id":"ECU","targetpop":2489.2625885,"new_mean":0.1045687,"totalarea":1327.4892185}},{"type":"MultiPolygon","arcs":[[[-39,381]],[[382]]],"properties":{"name":"Pucara","gaul_code":15328,"targetarea":9.1115299,"totpop":32170.5026302,"country_id":"ECU","targetpop":4813.0209961,"new_mean":0.0749916,"totalarea":809.2989232}},{"type":"MultiPolygon","arcs":[[[383,384]],[[-8,385]],[[386,-4]],[[-6,387,388]],[[389,390]]],"properties":{"name":"El Empalme","gaul_code":15421,"targetarea":71.8864081,"totpop":100842.569319,"country_id":"ECU","targetpop":49941.2851563,"new_mean":0.0930362,"totalarea":749.0381716}},{"type":"Polygon","arcs":[[391,-384]],"properties":{"name":"Pichincha","gaul_code":15482,"targetarea":3.2448574,"totpop":36422.7883474,"country_id":"ECU","targetpop":2080.6818237,"new_mean":0.1166494,"totalarea":1090.63818}},{"type":"Polygon","arcs":[[392,-162,393]],"properties":{"name":"Portovelo","gaul_code":15381,"targetarea":10.0969201,"totpop":11675.0686707,"country_id":"ECU","targetpop":6056.4231567,"new_mean":0.0836006,"totalarea":287.4828888}},{"type":"MultiPolygon","arcs":[[[394]],[[395]],[[-290,396]]],"properties":{"name":"Gonzanama","gaul_code":15451,"targetarea":4.9854726,"totpop":16656.2388589,"country_id":"ECU","targetpop":3233.3555603,"new_mean":0.0746816,"totalarea":714.8512756}},{"type":"Polygon","arcs":[[397]],"properties":{"name":"Pallatanga","gaul_code":15358,"targetarea":3.8857656,"totpop":12736.0671263,"country_id":"ECU","targetpop":2397.9354858,"new_mean":0.0425676,"totalarea":357.3816818}},{"type":"MultiPolygon","arcs":[[[398]],[[399,400]],[[401,402]],[[403]],[[404,-135,405]]],"properties":{"name":"Canar","gaul_code":15342,"targetarea":29.3329084,"totpop":68771.9351767,"country_id":"ECU","targetpop":21258.8384399,"new_mean":0.071517,"totalarea":1847.7638407}},{"type":"Polygon","arcs":[[406]],"properties":{"name":"La Joya De Los S","gaul_code":15502,"targetarea":34.6890387,"totpop":66243.6252614,"country_id":"ECU","targetpop":17033.1194916,"new_mean":0.0498632,"totalarea":1266.2164669}},{"type":"Polygon","arcs":[[407]],"properties":{"name":"El Chaco","gaul_code":15498,"targetarea":7.2630391,"totpop":13763.2072723,"country_id":"ECU","targetpop":4717.2538757,"new_mean":0.0676459,"totalarea":3454.4019833}},{"type":"Polygon","arcs":[[-168,408,-242,-225]],"properties":{"name":"Tisaleo","gaul_code":15530,"targetarea":21.8112905,"totpop":13263.8893557,"country_id":"ECU","targetpop":10021.0171814,"new_mean":0.0853955,"totalarea":59.3325049}},{"type":"MultiPolygon","arcs":[[[-237,409]],[[410]]],"properties":{"name":"Colimes","gaul_code":15417,"targetarea":7.5011409,"totpop":27752.8011661,"country_id":"ECU","targetpop":3524.1443329,"new_mean":0.1271726,"totalarea":754.0248471}},{"type":"MultiPolygon","arcs":[[[411]],[[412]]],"properties":{"name":"Pedro Carbo","gaul_code":15431,"targetarea":22.6460855,"totpop":51088.0646722,"country_id":"ECU","targetpop":18664.9901733,"new_mean":0.1220069,"totalarea":881.3573852}},{"type":"MultiPolygon","arcs":[[[413]],[[414]]],"properties":{"name":"Baba","gaul_code":15461,"targetarea":11.5693718,"totpop":47169.8277466,"country_id":"ECU","targetpop":8057.4960327,"new_mean":0.0984614,"totalarea":495.0701185}},{"type":"MultiPolygon","arcs":[[[415]],[[416]]],"properties":{"name":"Junin","gaul_code":15478,"targetarea":9.0621719,"totpop":23320.5280428,"country_id":"ECU","targetpop":6365.131134,"new_mean":0.1204471,"totalarea":256.0095548}},{"type":"Polygon","arcs":[[417,-161,418,419]],"properties":{"name":"La Mana","gaul_code":15361,"targetarea":34.401859,"totpop":43714.0165015,"country_id":"ECU","targetpop":21667.9065857,"new_mean":0.0595111,"totalarea":593.4416867}},{"type":"MultiPolygon","arcs":[[[420]],[[421]]],"properties":{"name":"San Lorenzo","gaul_code":15390,"targetarea":25.6999852,"totpop":57294.1782051,"country_id":"ECU","targetpop":16596.1382408,"new_mean":0.0923133,"totalarea":3093.292167}},{"type":"Polygon","arcs":[[422]],"properties":{"name":"El Pangui","gaul_code":15532,"targetarea":4.5358884,"totpop":11130.4190202,"country_id":"ECU","targetpop":2512.0340729,"new_mean":0.0671202,"totalarea":781.8760073}},{"type":"Polygon","arcs":[[-197,423]],"properties":{"name":"Mejia","gaul_code":15509,"targetarea":103.1029682,"totpop":113503.405392,"country_id":"ECU","targetpop":77908.3046417,"new_mean":0.0835168,"totalarea":1497.7781465}},{"type":"Polygon","arcs":[[424,-365]],"properties":{"name":"Biblian","gaul_code":15341,"targetarea":16.1191589,"totpop":22521.2367339,"country_id":"ECU","targetpop":11274.3505859,"new_mean":0.0836784,"totalarea":241.8110559}},{"type":"Polygon","arcs":[[425,-402,426,-400]],"properties":{"name":"El Tambo","gaul_code":15344,"targetarea":15.0370901,"totpop":12594.1959472,"country_id":"ECU","targetpop":8363.9592133,"new_mean":0.0763392,"totalarea":62.3486294}},{"type":"MultiPolygon","arcs":[[[-33,427]],[[428,-367,429,-364,-92]],[[430]]],"properties":{"name":"Paute","gaul_code":15327,"targetarea":27.8681515,"totpop":37105.3783722,"country_id":"ECU","targetpop":14248.6726532,"new_mean":0.0843433,"totalarea":303.3422257}},{"type":"Polygon","arcs":[[431,-149,432,433,-175,434,-144]],"properties":{"name":"Salcedo","gaul_code":15365,"targetarea":79.92358,"totpop":72304.5852442,"country_id":"ECU","targetpop":43287.6165771,"new_mean":0.0793411,"totalarea":510.3890426}},{"type":"MultiPolygon","arcs":[[[435]],[[-21,436]],[[437]],[[438,439]]],"properties":{"name":"Montecristi","gaul_code":15480,"targetarea":89.0910185,"totpop":94031.5599034,"country_id":"ECU","targetpop":56877.4431267,"new_mean":0.1047387,"totalarea":837.6977113}},{"type":"Polygon","arcs":[[440]],"properties":{"name":"Macara","gaul_code":15453,"targetarea":7.1088735,"totpop":20436.7743988,"country_id":"ECU","targetpop":8583.3709259,"new_mean":0.1004832,"totalarea":577.0379994}},{"type":"Polygon","arcs":[[-199,441]],"properties":{"name":"Ruminahui","gaul_code":15513,"targetarea":59.3818857,"totpop":111353.226101,"country_id":"ECU","targetpop":106816.68251,"new_mean":0.081427,"totalarea":142.1549248}},{"type":"MultiPolygon","arcs":[[[442]],[[443]],[[444,-323,445,-354,446]],[[447,448]]],"properties":{"name":"Riobamba","gaul_code":15360,"targetarea":124.229677,"totpop":252831.947614,"country_id":"ECU","targetpop":199182.116547,"new_mean":0.082195,"totalarea":1027.0088163}},{"type":"Polygon","arcs":[[449]],"properties":{"name":"Balzar","gaul_code":15416,"targetarea":22.651385,"totpop":65432.4506416,"country_id":"ECU","targetpop":17418.1878052,"new_mean":0.1292439,"totalarea":1198.1010339}},{"type":"Polygon","arcs":[[450]],"properties":{"name":"Palenque","gaul_code":15465,"targetarea":8.2876603,"totpop":26480.2570648,"country_id":"ECU","targetpop":3749.7586212,"new_mean":0.1156285,"totalarea":539.7779865}},{"type":"MultiPolygon","arcs":[[[451]],[[452,453]]],"properties":{"name":"San Miguel","gaul_code":15339,"targetarea":12.9677878,"totpop":29434.8389893,"country_id":"ECU","targetpop":9990.7506103,"new_mean":0.0694715,"totalarea":557.0586286}},{"type":"MultiPolygon","arcs":[[[454,-190]],[[455]]],"properties":{"name":"Morona","gaul_code":15491,"targetarea":29.5483015,"totpop":86255.8369209,"country_id":"ECU","targetpop":24871.6127014,"new_mean":0.0760894,"totalarea":11379.3725608}},{"type":"Polygon","arcs":[[456]],"properties":{"name":"Mira","gaul_code":15348,"targetarea":3.1967433,"totpop":12414.8219397,"country_id":"ECU","targetpop":1955.8793335,"new_mean":0.0809876,"totalarea":569.9714416}},{"type":"Polygon","arcs":[[457]],"properties":{"name":"Balao","gaul_code":15415,"targetarea":3.3074532,"totpop":26286.2552362,"country_id":"ECU","targetpop":908.8258667,"new_mean":0.081623,"totalarea":465.6122537}},{"type":"MultiPolygon","arcs":[[[458]],[[459]]],"properties":{"name":"Puebloviejo","gaul_code":15466,"targetarea":26.5622213,"totpop":44067.0680847,"country_id":"ECU","targetpop":16091.9587021,"new_mean":0.0852392,"totalarea":355.9882506}},{"type":"Polygon","arcs":[[460,461,462]],"properties":{"name":"Banos","gaul_code":15523,"targetarea":14.3801467,"totpop":21347.5511712,"country_id":"ECU","targetpop":11268.4321899,"new_mean":0.0787566,"totalarea":989.7399257}},{"type":"MultiPolygon","arcs":[[[463]],[[464]],[[-311,465]]],"properties":{"name":"Naranjal","gaul_code":15427,"targetarea":25.5209224,"totpop":95815.2895809,"country_id":"ECU","targetpop":20549.3646393,"new_mean":0.0888205,"totalarea":2007.9199867}},{"type":"MultiPolygon","arcs":[[[466]],[[467]]],"properties":{"name":"Paltas","gaul_code":15454,"targetarea":6.8461293,"totpop":32839.3721154,"country_id":"ECU","targetpop":3858.5173798,"new_mean":0.0853512,"totalarea":1291.7075073}},{"type":"MultiPolygon","arcs":[[[-71,468,469]],[[470]],[[471,-315,472]],[[473]],[[-328,474]]],"properties":{"name":"Milagro","gaul_code":15426,"targetarea":132.5048727,"totpop":211793.644138,"country_id":"ECU","targetpop":161039.103867,"new_mean":0.0911027,"totalarea":564.8455829}},{"type":"Polygon","arcs":[[475]],"properties":{"name":"Montufar","gaul_code":15349,"targetarea":18.4954222,"totpop":33196.6787772,"country_id":"ECU","targetpop":14817.8306885,"new_mean":0.0828137,"totalarea":383.3303787}},{"type":"Polygon","arcs":[[476,-94,-363]],"properties":{"name":"Deleg","gaul_code":15343,"targetarea":1.1771329,"totpop":6732.2241268,"country_id":"ECU","targetpop":608.4939423,"new_mean":0.0801585,"totalarea":63.812063}},{"type":"MultiPolygon","arcs":[[[-339,477,-336,478]],[[479]],[[-449,480]]],"properties":{"name":"Colta","gaul_code":15354,"targetarea":26.9260251,"totpop":48270.586453,"country_id":"ECU","targetpop":11102.7071838,"new_mean":0.0611555,"totalarea":861.2410919}},{"type":"MultiPolygon","arcs":[[[481]],[[482]]],"properties":{"name":"Vinces","gaul_code":15470,"targetarea":37.3131058,"totpop":87114.4704266,"country_id":"ECU","targetpop":28060.5610199,"new_mean":0.1177244,"totalarea":710.8921531}},{"type":"MultiPolygon","arcs":[[[483]],[[484]],[[485]]],"properties":{"name":"Chone","gaul_code":15473,"targetarea":46.9258923,"totpop":146214.363296,"country_id":"ECU","targetpop":48895.5712433,"new_mean":0.1111186,"totalarea":3012.6230896}},{"type":"MultiPolygon","arcs":[[[-462,486,487]],[[488,489]]],"properties":{"name":"Patate","gaul_code":15526,"targetarea":10.6091515,"totpop":14647.1433806,"country_id":"ECU","targetpop":4038.7736511,"new_mean":0.0819499,"totalarea":334.7347507}},{"type":"Polygon","arcs":[[-300,-292,490,-66,-303,491]],"properties":{"name":"Nobol","gaul_code":15429,"targetarea":26.7378088,"totpop":20504.587532,"country_id":"ECU","targetpop":12405.7094269,"new_mean":0.1129124,"totalarea":127.9065913}},{"type":"Polygon","arcs":[[492,-72,-470,493,-133,-405]],"properties":{"name":"Cumanda","gaul_code":15355,"targetarea":11.3155511,"totpop":13941.7661858,"country_id":"ECU","targetpop":6016.8328247,"new_mean":0.0655209,"totalarea":148.0349603}},{"type":"MultiPolygon","arcs":[[[494]],[[495]],[[496]]],"properties":{"name":"Quininde","gaul_code":15389,"targetarea":42.353422,"totpop":131788.758661,"country_id":"ECU","targetpop":27913.5918732,"new_mean":0.0814393,"totalarea":3318.7731337}},{"type":"MultiPolygon","arcs":[[[497]],[[498]]],"properties":{"name":"Manga De Cura","gaul_code":15539,"targetarea":6.8403476,"totpop":25821.2166709,"country_id":"ECU","targetpop":3498.362381,"new_mean":0.0935612,"totalarea":506.300889}},{"type":"MultiPolygon","arcs":[[[-375,-59,499,-55,500,-313,501,-318,502]],[[503,-322,-377]]],"properties":{"name":"Duran","gaul_code":15420,"targetarea":202.2216272,"totpop":304896.548279,"country_id":"ECU","targetpop":281285.032532,"new_mean":0.0966738,"totalarea":344.0109664}},{"type":"MultiPolygon","arcs":[[[504]],[[505]],[[-420,506]],[[-433,-148,507]]],"properties":{"name":"Pujili","gaul_code":15364,"targetarea":75.5917133,"totpop":102412.603173,"country_id":"ECU","targetpop":41622.3999786,"new_mean":0.0792376,"totalarea":1377.6677584}},{"type":"Polygon","arcs":[[508]],"properties":{"name":"Espindola","gaul_code":15450,"targetarea":2.2888314,"totpop":16145.5978683,"country_id":"ECU","targetpop":1020.4585571,"new_mean":0.0625872,"totalarea":508.7893787}},{"type":"MultiPolygon","arcs":[[[-10,509]],[[510,-390,511,-388,-5]],[[512]],[[513]],[[514]]],"properties":{"name":"Buena Fe","gaul_code":15463,"targetarea":49.1879141,"totpop":75220.4069824,"country_id":"ECU","targetpop":34388.9224701,"new_mean":0.0770158,"totalarea":579.7002345}},{"type":"Polygon","arcs":[[515,-120]],"properties":{"name":"Archidona","gaul_code":15497,"targetarea":14.8260095,"totpop":40121.2132058,"country_id":"ECU","targetpop":8657.0623016,"new_mean":0.0719141,"totalarea":2980.5271834}},{"type":"Polygon","arcs":[[516,-344,-231,517,-223]],"properties":{"name":"Pasaje","gaul_code":15379,"targetarea":67.0437871,"totpop":86116.7027807,"country_id":"ECU","targetpop":65284.8747406,"new_mean":0.0984887,"totalarea":459.0677206}},{"type":"Polygon","arcs":[[518,519]],"properties":{"name":"Huaquillas","gaul_code":15373,"targetarea":21.5618439,"totpop":47184.2372508,"country_id":"ECU","targetpop":45070.4227371,"new_mean":0.0858739,"totalarea":60.524138}},{"type":"MultiPolygon","arcs":[[[-463,-488,520]],[[521,-170,-228,522,523,-490]],[[524,-172]]],"properties":{"name":"Sn Pedro Pelileo","gaul_code":15529,"targetarea":93.3075398,"totpop":67873.542366,"country_id":"ECU","targetpop":52574.2501068,"new_mean":0.0831924,"totalarea":226.1130006}},{"type":"Polygon","arcs":[[525]],"properties":{"name":"Montalvo","gaul_code":15464,"targetarea":8.6403621,"totpop":29553.2534084,"country_id":"ECU","targetpop":4397.8894348,"new_mean":0.050808,"totalarea":366.0657932}},{"type":"MultiPolygon","arcs":[[[526]],[[527]],[[528,-23,529]],[[530]]],"properties":{"name":"Santa Ana","gaul_code":15485,"targetarea":18.424278,"totpop":66797.5757589,"country_id":"ECU","targetpop":10320.6520691,"new_mean":0.1214893,"totalarea":1253.0435812}},{"type":"Polygon","arcs":[[531,-351]],"properties":{"name":"Pastaza","gaul_code":15506,"targetarea":48.9766552,"totpop":97295.4155327,"country_id":"ECU","targetpop":47569.4472961,"new_mean":0.0746344,"totalarea":29611.8418219}},{"type":"MultiPolygon","arcs":[[[532]],[[533,-519]],[[-221,534]]],"properties":{"name":"Arenillas","gaul_code":15368,"targetarea":17.5883641,"totpop":37495.2631951,"country_id":"ECU","targetpop":13163.5851746,"new_mean":0.0955448,"totalarea":843.5829714}},{"type":"MultiPolygon","arcs":[[[535]],[[536]]],"properties":{"name":"Zamora","gaul_code":15496,"targetarea":15.051335,"totpop":40820.1524037,"country_id":"ECU","targetpop":9116.2025452,"new_mean":0.0638141,"totalarea":2306.9708931}},{"type":"MultiPolygon","arcs":[[[537]],[[538,-453]]],"properties":{"name":"Chimbo","gaul_code":15335,"targetarea":10.7947049,"totpop":17589.8988028,"country_id":"ECU","targetpop":6684.7219543,"new_mean":0.0696476,"totalarea":276.1223784}},{"type":"MultiPolygon","arcs":[[[539]],[[540]]],"properties":{"name":"Chinchipe","gaul_code":15531,"targetarea":4.9134402,"totpop":21865.5753242,"country_id":"ECU","targetpop":2728.6746979,"new_mean":0.0701123,"totalarea":3286.1443669}},{"type":"MultiPolygon","arcs":[[[-43,541]],[[542]],[[543]],[[544]],[[545]]],"properties":{"name":"Playas","gaul_code":15432,"targetarea":47.0120728,"totpop":56111.8246939,"country_id":"ECU","targetpop":39350.8969269,"new_mean":0.0874315,"totalarea":359.153232}},{"type":"Polygon","arcs":[[546]],"properties":{"name":"Eloy Alfaro","gaul_code":15385,"targetarea":4.1405994,"totpop":39129.2574819,"country_id":"ECU","targetpop":1745.9381867,"new_mean":0.0914664,"totalarea":4141.1175825}},{"type":"Polygon","arcs":[[-98,547,-19,548,-95,549],[550]],"properties":{"name":"Rocafuerte","gaul_code":15484,"targetarea":81.7880083,"totpop":51557.9498224,"country_id":"ECU","targetpop":35811.1648865,"new_mean":0.1097698,"totalarea":316.7448885}},{"type":"MultiPolygon","arcs":[[[551,552]],[[553,-552]]],"properties":{"name":"Santa Isabel","gaul_code":15330,"targetarea":12.7406995,"totpop":23657.6710546,"country_id":"ECU","targetpop":6047.0300598,"new_mean":0.0591177,"totalarea":777.1116407}},{"type":"Polygon","arcs":[[554]],"properties":{"name":"Nabon","gaul_code":15325,"targetarea":2.7300832,"totpop":18707.6989577,"country_id":"ECU","targetpop":1648.1277161,"new_mean":0.07887,"totalarea":594.9889688}},{"type":"MultiPolygon","arcs":[[[555]],[[556]],[[557]]],"properties":{"name":"Isla Luis Vargas","gaul_code":15386,"targetarea":70.0024543,"totpop":245519.215158,"country_id":"ECU","targetpop":185236.548004,"new_mean":0.1119575,"totalarea":2947.4319936}},{"type":"MultiPolygon","arcs":[[[-283,-84,558]],[[559]]],"properties":{"name":"Cotacachi","gaul_code":15441,"targetarea":30.9044996,"totpop":46650.5884169,"country_id":"ECU","targetpop":22005.3294678,"new_mean":0.0789331,"totalarea":1653.1490705}},{"type":"Polygon","arcs":[[560]],"properties":{"name":"Giron","gaul_code":15323,"targetarea":5.1211958,"totpop":15658.0386548,"country_id":"ECU","targetpop":3190.5607605,"new_mean":0.0653309,"totalarea":351.4247267}},{"type":"Polygon","arcs":[[-35,561]],"properties":{"name":"Chordeleg","gaul_code":15320,"targetarea":8.8945376,"totpop":12346.8020577,"country_id":"ECU","targetpop":4283.9631348,"new_mean":0.0846315,"totalarea":99.727408}},{"type":"MultiPolygon","arcs":[[[562]],[[563]],[[564]],[[565]]],"properties":{"name":"Sn Miguel Bancos","gaul_code":15515,"targetarea":8.3066632,"totpop":58789.3206141,"country_id":"ECU","targetpop":4171.9140167,"new_mean":0.083646,"totalarea":1826.1575318}},{"type":"Polygon","arcs":[[566]],"properties":{"name":"Chunchi","gaul_code":15353,"targetarea":4.9187244,"totpop":15323.5657089,"country_id":"ECU","targetpop":4304.3363342,"new_mean":0.0675027,"totalarea":308.0419651}},{"type":"MultiPolygon","arcs":[[[567]],[[568,-394,-164,569]]],"properties":{"name":"Pinas","gaul_code":15380,"targetarea":20.5612009,"totpop":32141.4357839,"country_id":"ECU","targetpop":12943.0246277,"new_mean":0.0856542,"totalarea":593.8969678}},{"type":"MultiPolygon","arcs":[[[570]],[[571]],[[-440,572]]],"properties":{"name":"Manta","gaul_code":15479,"targetarea":113.8909909,"totpop":271897.814694,"country_id":"ECU","targetpop":256829.052689,"new_mean":0.0972457,"totalarea":288.5927986}},{"type":"MultiPolygon","arcs":[[[573]],[[574]],[[575,-523,-227,-244,576]]],"properties":{"name":"Quero","gaul_code":15527,"targetarea":15.0864993,"totpop":20193.4033327,"country_id":"ECU","targetpop":8193.1623077,"new_mean":0.0839201,"totalarea":162.2125666}},{"type":"MultiPolygon","arcs":[[[577]],[[-201,578]],[[579,-205,580]],[[581,-203,582]],[[583]],[[584,-79]],[[585]]],"properties":{"name":"Cayambe","gaul_code":15508,"targetarea":78.5644277,"totpop":101452.224446,"country_id":"ECU","targetpop":57625.4526978,"new_mean":0.0824233,"totalarea":1207.721384}}]}},"arcs":[[[-79.481047,-1.179046],[-79.5205408,-1.172617],[-79.5277999,-1.1971043],[-79.4916671,-1.2004164],[-79.481047,-1.179046]],[[-79.4218429,-1.1081069],[-79.4371016,-1.0972426],[-79.4531742,-1.1215265],[-79.4333337,-1.1337498],[-79.4218429,-1.1081069]],[[-79.6141042,-1.0770229],[-79.5941083,-1.0704235]],[[-79.5941083,-1.0704235],[-79.6071777,-1.065262],[-79.6141042,-1.0770229]],[[-79.4712288,-0.94773],[-79.4811325,-0.942616],[-79.4915848,-0.945213]],[[-79.4915848,-0.945213],[-79.4928818,-0.968354],[-79.5061874,-0.975952],[-79.5108566,-0.988721],[-79.5095417,-1.0037622]],[[-79.5095417,-1.0037622],[-79.5086267,-1.0099461],[-79.5181047,-1.0331035]],[[-79.5181047,-1.0331035],[-79.5190659,-1.0469559],[-79.5250168,-1.057276],[-79.5352942,-1.0602647]],[[-79.5352942,-1.0602647],[-79.5359634,-1.0607813],[-79.5379051,-1.0622802],[-79.5279382,-1.0712498],[-79.5429122,-1.0828058],[-79.4958337,-1.0897638],[-79.4747481,-1.0866469],[-79.4416671,-1.0920831],[-79.436239,-1.0601332],[-79.39738,-1.0442315],[-79.3941654,-1.0224705],[-79.4218347,-0.9794041],[-79.4047042,-0.9661798],[-79.4218022,-0.9528823],[-79.4455749,-0.954003]],[[-79.4455749,-0.954003],[-79.4504166,-0.960842],[-79.4598356,-0.9560342]],[[-79.4598356,-0.9560342],[-79.4697839,-0.9575047],[-79.4712288,-0.94773]],[[-79.3238729,-0.960488],[-79.2996859,-0.9412736]],[[-79.2996859,-0.9412736],[-79.3513025,-0.9310724],[-79.3784835,-0.9505467],[-79.3573816,-0.9685642],[-79.3238729,-0.960488]],[[-80.2437585,-1.0480646],[-80.2529545,-1.0628595],[-80.2333337,-1.0670831],[-80.2437585,-1.0480646]],[[-80.2604496,-1.044199],[-80.3021163,-1.043906],[-80.2898523,-1.0566095],[-80.2583337,-1.0587498],[-80.2604496,-1.044199]],[[-80.5402454,-1.0227299],[-80.5250004,-1.0254164],[-80.5295251,-1.014837],[-80.5380959,-1.0190533],[-80.5402454,-1.0227299]],[[-80.3916671,-1.0087498],[-80.3876632,-1.0231215],[-80.3704757,-1.0205825],[-80.3463708,-1.0384536],[-80.3190678,-1.0457127],[-80.3218428,-1.0268976],[-80.3786706,-1.0036391],[-80.3916671,-1.0087498]],[[-80.3916671,-1.0087498],[-80.4037846,-0.987534],[-80.4173669,-0.9762465],[-80.4263993,-0.9604685]],[[-80.4263993,-0.9604685],[-80.4415741,-0.964066],[-80.4465866,-0.954132],[-80.4732208,-0.953718],[-80.4871905,-0.9473935]],[[-80.4871905,-0.9473935],[-80.4867761,-0.9991795],[-80.5201339,-1.0268813],[-80.5196374,-1.0538426],[-80.530387,-1.0687773]],[[-80.530387,-1.0687773],[-80.5255661,-1.074679],[-80.5139084,-1.078225],[-80.5175855,-1.0874642]],[[-80.5175855,-1.0874642],[-80.4406905,-1.1011651],[-80.3975709,-1.1596586]],[[-80.3975709,-1.1596586],[-80.3909149,-1.155715],[-80.3739409,-1.1526887]],[[-80.3739409,-1.1526887],[-80.3702885,-1.146144],[-80.3878829,-1.130991],[-80.4061202,-1.0473565],[-80.3949874,-1.03777],[-80.4354822,-1.0255792],[-80.4382816,-0.9906834],[-80.4128096,-1.0048924],[-80.3916671,-1.0087498]],[[-78.1356354,0.38811],[-78.1338505,0.3947453]],[[-78.1338505,0.3947453],[-78.1456049,0.3800671]],[[-78.1456049,0.3800671],[-78.1356354,0.38811]],[[-78.1833337,0.4079169],[-78.178809,0.3973375],[-78.1641687,0.4045396],[-78.1833337,0.4079169]],[[-78.1833337,0.4079169],[-78.1878097,0.4274807],[-78.2114343,0.4118964],[-78.1833337,0.4079169]],[[-79.077629,-1.1240737],[-79.09349,-1.1393894],[-79.0750004,-1.1420831],[-79.077629,-1.1240737]],[[-79.9057052,-3.7721368],[-79.9203699,-3.7862563],[-79.9000004,-3.7920831],[-79.9057052,-3.7721368]],[[-78.8140385,-2.9554701],[-78.8287032,-2.9695896],[-78.8083337,-2.9754164],[-78.8140385,-2.9554701]],[[-78.7658307,-2.8522322],[-78.7795944,-2.853138],[-78.7867203,-2.85814],[-78.7901993,-2.869339],[-78.8054355,-2.8699455]],[[-78.8054355,-2.8699455],[-78.7939132,-2.9168552],[-78.794942,-2.921442]],[[-78.794942,-2.921442],[-78.7790222,-2.925559],[-78.7671201,-2.938495]],[[-78.7671201,-2.938495],[-78.7600834,-2.9278497],[-78.7652999,-2.9045831],[-78.7597009,-2.8795831],[-78.7658307,-2.8522322]],[[-76.6378829,-0.212534],[-76.6214034,-0.1988377],[-76.6384688,-0.1534112],[-76.6553878,-0.1551284],[-76.6537032,-0.1715997],[-76.6721114,-0.1795831],[-76.6691085,-0.2090346],[-76.6416671,-0.2170831],[-76.6378829,-0.212534]],[[-79.8378121,-3.7669016],[-79.8166671,-3.7754164],[-79.8099206,-3.7582452],[-79.838241,-3.7467869],[-79.8505575,-3.7577878],[-79.8378121,-3.7669016]],[[-79.7580263,-3.0614245],[-79.7458649,-3.050837],[-79.7443688,-3.0326097]],[[-79.7443688,-3.0326097],[-79.7580263,-3.0614245]],[[-79.7814132,-2.9837498],[-79.8066329,-2.9894057],[-79.8032963,-3.0042901],[-79.7750004,-3.0087498],[-79.7814132,-2.9837498]],[[-80.2395024,-2.7220562],[-80.2376404,-2.7114539],[-80.2503503,-2.680047],[-80.2720707,-2.7071629],[-80.2708893,-2.7166478]],[[-80.2708893,-2.7166478],[-80.2604752,-2.7218101],[-80.2438126,-2.7248919],[-80.2395024,-2.7220562]],[[-80.1952966,-2.4873793],[-80.2142826,-2.4727228],[-80.22863,-2.485532],[-80.1916671,-2.5004164],[-80.1952966,-2.4873793]],[[-80.3622481,-2.3894464],[-80.378101,-2.4125665],[-80.3583337,-2.4170831],[-80.3622481,-2.3894464]],[[-79.878337,-2.3314793],[-79.8858321,-2.3457778],[-79.8750004,-2.3504164],[-79.878337,-2.3314793]],[[-80.146908,-2.3415785],[-80.1617354,-2.3305759],[-80.1698409,-2.3599949],[-80.1583337,-2.3670831],[-80.146908,-2.3415785]],[[-80.2027999,-2.3282159],[-80.2277999,-2.3281427],[-80.2000004,-2.3420831],[-80.2027999,-2.3282159]],[[-80.2693117,-2.3270734],[-80.2741281,-2.3310141],[-80.2774988,-2.3374444],[-80.2666671,-2.3420831],[-80.2693117,-2.3270734]],[[-79.8583337,-2.3087498],[-79.8666671,-2.3087498]],[[-79.8666671,-2.3087498],[-79.8583337,-2.3170831],[-79.8583337,-2.3087498]],[[-80.2373376,-2.3068211],[-80.2529545,-2.3146661],[-80.2333337,-2.3254164],[-80.2373376,-2.3068211]],[[-80.2104578,-2.2962579],[-80.2173181,-2.2822198],[-80.2361332,-2.2989028],[-80.2166671,-2.3087498],[-80.2104578,-2.2962579]],[[-80.1750004,-2.2754164],[-80.203394,-2.2827],[-80.1888594,-2.2954848],[-80.1750004,-2.2754164]],[[-79.8485192,-2.2497517],[-79.8650135,-2.2345725]],[[-79.8650135,-2.2345725],[-79.852515,-2.254225],[-79.8485192,-2.2497517]],[[-80.1366703,-2.1398126],[-80.1441654,-2.1541111],[-80.1333337,-2.1587498],[-80.1366703,-2.1398126]],[[-79.8583337,-2.3087498],[-79.8539311,-2.3048191],[-79.8460697,-2.2822768],[-79.8782393,-2.2362156],[-79.8817714,-2.2167486]],[[-79.8817714,-2.2167486],[-79.8866577,-2.2093999],[-79.8872833,-2.1945109],[-79.8759232,-2.177073],[-79.8713226,-2.164993],[-79.8723373,-2.153935]],[[-79.8723373,-2.153935],[-79.8815918,-2.1179979],[-79.8816299,-2.0967059],[-79.8987122,-2.0648561],[-79.8996887,-2.0512381],[-79.8896027,-2.0437281]],[[-79.8896027,-2.0437281],[-79.8936996,-2.036469],[-79.9143614,-2.0348072]],[[-79.9143614,-2.0348072],[-79.920671,-2.0547459],[-79.9296553,-2.0627537],[-79.9288766,-2.0431697]],[[-79.9288766,-2.0431697],[-79.9430542,-2.0451069],[-79.9440918,-2.0305009],[-79.9361472,-2.0222002]],[[-79.9361472,-2.0222002],[-79.9459965,-2.0130792],[-79.9795577,-1.9768569],[-79.9791818,-1.9674591]],[[-79.9791818,-1.9674591],[-79.9887009,-1.964962],[-79.9884796,-1.955635],[-79.99897,-1.9474421],[-80.0029373,-1.958843],[-80.0103989,-1.961045]],[[-80.0103989,-1.961045],[-80.0209103,-1.9734374]],[[-80.0209103,-1.9734374],[-80.0203455,-1.98777],[-80.0293298,-1.996087],[-80.0413497,-2.0465672],[-80.0598962,-2.0816176],[-80.0721521,-2.1458103],[-80.103337,-2.1457859],[-80.120671,-2.1618504],[-80.1126632,-2.2130792],[-80.1006352,-2.2242202],[-80.1293298,-2.2377537],[-80.1373376,-2.2464125],[-80.1626632,-2.2544203],[-80.1750004,-2.2754164]],[[-80.1750004,-2.2754164],[-80.1355798,-2.2714776],[-80.1205082,-2.2533461],[-80.1021081,-2.2552179],[-80.1047286,-2.2809177],[-80.0761316,-2.2779962],[-80.0112716,-2.3056573],[-79.9962162,-2.287534],[-79.9750004,-2.2670831],[-79.9858321,-2.2624444],[-79.978337,-2.2481459],[-79.9750004,-2.2670831],[-79.9666671,-2.2670831],[-79.9666671,-2.2837498],[-79.9617354,-2.2871515],[-79.9502608,-2.3037774],[-79.904932,-2.2936212],[-79.9126816,-2.3166599],[-79.9390772,-2.3206971],[-79.9422798,-2.3255584],[-79.9325525,-2.3371515],[-79.8916101,-2.3275893],[-79.8982996,-2.297739],[-79.8797286,-2.2935724],[-79.8666671,-2.3087498]],[[-79.9882654,-2.2501886],[-79.9955489,-2.2735366],[-80.0047123,-2.2602553],[-80.0083337,-2.2920831],[-80.0284021,-2.2788181],[-80.0486332,-2.2712498],[-80.0430343,-2.2462498],[-80.0484623,-2.2220147],[-80.0187504,-2.2291355],[-79.9882654,-2.2501886]],[[-79.1119026,-2.1966112],[-79.1184782,-2.1969118]],[[-79.1184782,-2.1969118],[-79.1349106,-2.2019069]],[[-79.1349106,-2.2019069],[-79.1249695,-2.2030771],[-79.1119026,-2.1966112]],[[-79.0640385,-1.9304702],[-79.0787032,-1.9445896],[-79.0583337,-1.9504164],[-79.0640385,-1.9304702]],[[-78.5250004,-1.5587498],[-78.5273737,-1.5597648]],[[-78.5273737,-1.5597648],[-78.5274518,-1.5726608]],[[-78.5274518,-1.5726608],[-78.5250004,-1.5587498]],[[-78.5250004,-1.5587498],[-78.5059819,-1.548325],[-78.5207768,-1.539129],[-78.5250004,-1.5587498]],[[-79.9423669,-4.1017267],[-79.9613285,-4.0892836],[-79.9694665,-4.1072361],[-79.9500004,-4.1170831],[-79.9423669,-4.1017267]],[[-78.1806628,0.0017178],[-78.1728134,0.00136],[-78.1576462,0.033415],[-78.1598434,0.051393],[-78.1498566,0.067022],[-78.156189,0.07687],[-78.1554413,0.087602],[-78.1608258,0.0985421]],[[-78.1608258,0.0985421],[-78.1750004,0.0808417],[-78.1875004,0.0964504],[-78.1994552,0.0815253],[-78.2620365,0.0338934],[-78.2460535,0.028205],[-78.2208337,0.0282294],[-78.1629643,0.0354315],[-78.1781335,0.0037421],[-78.1806628,0.0017178]],[[-78.1858321,0.0542222],[-78.178337,0.0685207],[-78.1750004,0.0495836],[-78.1858321,0.0542222]],[[-79.2444665,-1.6198826],[-79.2648116,-1.6142836],[-79.2777999,-1.6387709],[-79.2416671,-1.6420831],[-79.2444665,-1.6198826]],[[-78.1456049,0.3800671],[-78.1606124,0.3613267],[-78.1833337,0.36105],[-78.215894,0.3650946],[-78.237484,0.3381339],[-78.2389565,0.3362951],[-78.2415156,0.3330994]],[[-78.2415156,0.3330994],[-78.2441559,0.326693],[-78.2408752,0.297884],[-78.2421494,0.295093]],[[-78.2421494,0.295093],[-78.2297897,0.289235],[-78.2236099,0.29204],[-78.211936,0.2806154]],[[-78.211936,0.2806154],[-78.1885291,0.3111929]],[[-78.1885291,0.3111929],[-78.1791306,0.317769],[-78.1874619,0.338066],[-78.1673584,0.351186],[-78.1665649,0.339819],[-78.1518631,0.341331],[-78.1460419,0.349232],[-78.1455994,0.369441],[-78.137619,0.376302],[-78.1356354,0.38811]],[[-79.0104252,-3.0730645],[-79.0196212,-3.0878595],[-79.0000004,-3.0920831],[-79.0104252,-3.0730645]],[[-79.0295251,-3.0065037],[-79.0441654,-3.0137058],[-79.0250004,-3.0170831],[-79.0295251,-3.0065037]],[[-79.0366703,-2.9814793],[-79.0441654,-2.9957778],[-79.0333337,-3.0004164],[-79.0366703,-2.9814793]],[[-78.9458099,-2.8382482],[-78.9541671,-2.8389174],[-78.9621912,-2.8209405],[-78.9853276,-2.7967625],[-79.0018152,-2.795436],[-79.0121912,-2.8298923],[-79.0294763,-2.8376072],[-79.0538578,-2.8548923],[-79.0798832,-2.8665053],[-79.0774906,-2.8962498],[-79.0796065,-2.9226007],[-79.0621912,-2.9376072],[-79.0458337,-2.9565932],[-79.0252364,-2.9326837],[-78.9955245,-2.9459405],[-78.9878096,-2.9632257],[-78.9750004,-2.9670831],[-78.9702071,-2.9615167],[-78.9202134,-2.946464],[-78.9172527,-2.940425],[-78.9371912,-2.9232436],[-78.9199792,-2.8760919],[-78.8823446,-2.8490657]],[[-78.8823446,-2.8490657],[-78.8929443,-2.841718]],[[-78.8929443,-2.841718],[-78.9126358,-2.8466971],[-78.9279785,-2.8433609]],[[-78.9279785,-2.8433609],[-78.9458099,-2.8382482]],[[-80.5097378,-0.81306],[-80.4876175,-0.865683],[-80.4762115,-0.866147],[-80.474556,-0.858097],[-80.4589464,-0.8566498]],[[-80.4589464,-0.8566498],[-80.4622481,-0.8453953],[-80.503866,-0.8124607],[-80.5097378,-0.81306]],[[-80.514908,-0.8007602],[-80.5128829,-0.7958673],[-80.4962162,-0.7820164],[-80.5053634,-0.7382989],[-80.5102615,-0.7498611],[-80.5191103,-0.7907631]],[[-80.5191103,-0.7907631],[-80.514908,-0.8007602]],[[-80.3191712,-0.6985743],[-80.3181227,-0.6877304],[-80.3236495,-0.6805678],[-80.3369633,-0.6955499],[-80.3191712,-0.6985743]],[[-80.3461918,-0.664837],[-80.3608321,-0.6720392],[-80.3416671,-0.6754164],[-80.3461918,-0.664837]],[[-80.4172668,-0.598768],[-80.4272995,-0.59828],[-80.4429231,-0.6095612],[-80.4344161,-0.6475112],[-80.3968184,-0.6704848],[-80.3924795,-0.6535815],[-80.3987122,-0.6521041],[-80.4071121,-0.6401371],[-80.4141769,-0.636212],[-80.4200668,-0.621267],[-80.4172668,-0.598768]],[[-80.3884363,-0.5962498],[-80.3864425,-0.5873549],[-80.4085941,-0.5720636],[-80.4144919,-0.5806048],[-80.4060898,-0.59788],[-80.4057013,-0.6051735],[-80.3854171,-0.6097182],[-80.3884363,-0.5962498]],[[-80.4423262,-0.4559015],[-80.4551662,-0.4626221],[-80.4500004,-0.4754164],[-80.4423262,-0.4559015]],[[-80.1798262,-0.3636651],[-80.20363,-0.3841079],[-80.1750004,-0.3920831],[-80.1798262,-0.3636651]],[[-80.2866785,-0.1771417],[-80.3007329,-0.1848324],[-80.2807458,-0.210003],[-80.2500004,-0.2254164],[-80.2437911,-0.2129246],[-80.2525395,-0.1950128],[-80.2707117,-0.185825],[-80.279989,-0.1903579],[-80.2866785,-0.1771417]],[[-80.8364099,-1.5843683],[-80.8486604,-1.6009967],[-80.8333337,-1.6087498],[-80.8364099,-1.5843683]],[[-80.7880375,-1.542075],[-80.8091231,-1.5298191],[-80.8087769,-1.55133],[-80.8154297,-1.563031],[-80.8263269,-1.5672866],[-80.8000004,-1.5754164],[-80.7880375,-1.542075]],[[-80.74974,-1.4641697],[-80.7614975,-1.470577],[-80.764946,-1.477002],[-80.7760356,-1.483083],[-80.7666671,-1.4920831],[-80.74974,-1.4641697]],[[-80.5671391,-1.3666111],[-80.5534346,-1.3543715],[-80.5544356,-1.3375584],[-80.5860844,-1.3214858],[-80.6122644,-1.3684584],[-80.5750004,-1.3754164],[-80.5671391,-1.3666111]],[[-80.5807052,-1.2471368],[-80.5953699,-1.2612563],[-80.5750004,-1.2670831],[-80.5807052,-1.2471368]],[[-80.0795251,0.0184963],[-80.0941654,0.0112942],[-80.0750004,0.0079169],[-80.0795251,0.0184963]],[[-80.0547774,0.0460272],[-80.0220382,0.0703843],[-80.0451249,0.1021858],[-80.0588074,0.066324],[-80.0685196,0.0462611],[-80.0583337,0.0412502],[-80.0547774,0.0460272]],[[-80.0275936,0.3611261],[-80.0348587,0.3654979],[-80.0391998,0.3567171],[-80.0333337,0.3495836],[-80.0275936,0.3611261]],[[-79.3548371,-1.9970353],[-79.35921,-1.983596]],[[-79.35921,-1.983596],[-79.3700688,-1.9931248],[-79.3548371,-1.9970353]],[[-79.4884932,-2.0202569],[-79.46731,-2.0072117],[-79.4842859,-1.9830255],[-79.507349,-1.9902032],[-79.497502,-2.0218194],[-79.4884932,-2.0202569]],[[-79.3944032,-1.9575163],[-79.4057288,-1.9551831]],[[-79.4057288,-1.9551831],[-79.4120365,-1.9612563],[-79.3916671,-1.9670831],[-79.3944032,-1.9575163]],[[-77.853337,-1.1564793],[-77.8608321,-1.1707778],[-77.8500004,-1.1754164],[-77.853337,-1.1564793]],[[-77.8057146,-0.9366613],[-77.8095856,-0.922126],[-77.8152237,-0.918216],[-77.8301385,-0.9172447]],[[-77.8301385,-0.9172447],[-77.8285893,-0.9550307],[-77.8583337,-0.9587498],[-77.8546309,-0.9883803],[-77.8410242,-1.0115167],[-77.7940108,-1.040073],[-77.7973393,-1.0132908],[-77.7736739,-0.9943455],[-77.7962976,-0.9633803],[-77.8057146,-0.9366613]],[[-78.5697921,-3.3915297],[-78.5943933,-3.3957371],[-78.5849858,-3.4135024],[-78.5666671,-3.4170831],[-78.5697921,-3.3915297]],[[-76.3378585,-0.114837],[-76.3524988,-0.1220392],[-76.3333337,-0.1254164],[-76.3378585,-0.114837]],[[-76.878337,-0.0564793],[-76.8858321,-0.0707778],[-76.8750004,-0.0754164],[-76.878337,-0.0564793]],[[-76.5800053,-0.0454116],[-76.5671879,-0.0368829],[-76.6033289,-0.0371189],[-76.5833337,-0.0504164],[-76.5800053,-0.0454116]],[[-76.8712976,0.0458808],[-76.860059,0.0548733],[-76.8417322,0.0983628],[-76.8603438,0.1282864],[-76.9037032,0.1116197],[-76.9296309,0.1042141],[-76.9453699,0.0795152],[-76.8889164,0.0452297],[-76.8750004,0.0412502],[-76.8712976,0.0458808]],[[-76.8486671,0.2423491],[-76.8528731,0.2304836],[-76.8416671,0.2245836],[-76.8439509,0.2421761],[-76.8486671,0.2423491]],[[-78.1885291,0.3111929],[-78.1414962,0.2931138],[-78.1296309,0.2782863],[-78.1058272,0.2625474],[-78.0962976,0.2958808],[-78.0870365,0.3116197],[-78.0757166,0.3384996],[-78.0817875,0.3873114],[-78.1203373,0.4116197],[-78.1338505,0.3947453]],[[-78.1108321,0.3696275],[-78.0961918,0.3768296],[-78.0916671,0.3662502],[-78.1108321,0.3696275]],[[-78.0933111,0.4822188],[-78.0998163,0.4910966],[-78.1112878,0.4853339],[-78.0916671,0.4745835],[-78.0933111,0.4822188]],[[-79.3777901,-2.3522721],[-79.3678389,-2.3456557],[-79.3748295,-2.3178888],[-79.4180912,-2.3054213],[-79.4366622,-2.3287856],[-79.417711,-2.3413889]],[[-79.417711,-2.3413889],[-79.4148712,-2.3301511],[-79.4055099,-2.336375],[-79.4001846,-2.3467081],[-79.3777901,-2.3522721]],[[-79.1315155,-2.2168131],[-79.1497955,-2.2109549],[-79.1568305,-2.2123709]],[[-79.1568305,-2.2123709],[-79.1369286,-2.2205277]],[[-79.1369286,-2.2205277],[-79.1315155,-2.2168131]],[[-78.7589929,-2.2725681],[-78.77863,-2.2828465],[-78.7666671,-2.2920831],[-78.7589929,-2.2725681]],[[-78.8104252,-2.2230646],[-78.8196212,-2.2378595],[-78.8000004,-2.2420831],[-78.8104252,-2.2230646]],[[-78.8259526,-2.1933038],[-78.8486658,-2.1803481],[-78.8617354,-2.2119317],[-78.8416671,-2.2170831],[-78.8259526,-2.1933038]],[[-78.8020919,-2.1397312],[-78.8112878,-2.1545261],[-78.7916671,-2.1587498],[-78.8020919,-2.1397312]],[[-78.5583337,-1.0754164],[-78.5490483,-1.0995701],[-78.5452234,-1.1303074],[-78.5718083,-1.1687431]],[[-78.5718083,-1.1687431],[-78.5743637,-1.191293],[-78.5677414,-1.194469],[-78.5685425,-1.206185],[-78.5589888,-1.2106347]],[[-78.5589888,-1.2106347],[-78.5084233,-1.2233819],[-78.5226811,-1.1764418],[-78.5133793,-1.1293634],[-78.5031824,-1.1045424],[-78.5105066,-1.0886],[-78.5201501,-1.1136],[-78.539836,-1.1205662],[-78.5322758,-1.0822931],[-78.5583337,-1.0754164]],[[-78.5583337,-1.0754164],[-78.5566198,-1.0611856]],[[-78.5566198,-1.0611856],[-78.5678711,-1.0707181],[-78.5606851,-1.0758254]],[[-78.5606851,-1.0758254],[-78.5583337,-1.0754164]],[[-78.6241459,-0.8455093],[-78.6401901,-0.851968],[-78.6604996,-0.846387],[-78.6677399,-0.852708],[-78.684906,-0.856115],[-78.700684,-0.8528114]],[[-78.700684,-0.8528114],[-78.6958337,-0.8653904],[-78.6682947,-0.8599461],[-78.6532231,-0.8707452],[-78.6609521,-0.9092878],[-78.6614673,-0.9118569],[-78.6652724,-0.9160815]],[[-78.6652724,-0.9160815],[-78.6644974,-0.923156],[-78.6464691,-0.928452],[-78.6418762,-0.942468],[-78.6425171,-0.952644],[-78.6365891,-0.95511],[-78.6340866,-0.968868],[-78.6260834,-0.970736],[-78.6044693,-0.99212],[-78.5955124,-0.995317]],[[-78.5955124,-0.995317],[-78.5799505,-1.0018659]],[[-78.5799505,-1.0018659],[-78.5784998,-0.9837498],[-78.5801274,-0.9634373],[-78.5530929,-0.9289158],[-78.5711837,-0.8964776],[-78.5704757,-0.8876316],[-78.5878097,-0.8798924],[-78.6038822,-0.8438816],[-78.6241459,-0.8455093]],[[-78.684342,-0.7650722],[-78.6750004,-0.7670831],[-78.6782393,-0.7520115],[-78.7029545,-0.7414809],[-78.700063,-0.7484933]],[[-78.700063,-0.7484933],[-78.684342,-0.7650722]],[[-78.6704446,-0.7868189],[-78.6565781,-0.802786],[-78.6464157,-0.807042],[-78.6509933,-0.81841],[-78.6390686,-0.829917],[-78.6308637,-0.8304678]],[[-78.6308637,-0.8304678],[-78.6205245,-0.821559],[-78.6047856,-0.7862888],[-78.6294112,-0.7882745],[-78.6371912,-0.7827162],[-78.602808,-0.7673679],[-78.6035323,-0.7341811],[-78.5796554,-0.6913914],[-78.6118819,-0.7093683],[-78.6378097,-0.7209405],[-78.6416671,-0.7420831],[-78.652393,-0.7497735],[-78.654989,-0.7629164],[-78.6516931,-0.7795831],[-78.6704446,-0.7868189]],[[-79.4557885,-2.2098257],[-79.4577966,-2.2215021],[-79.4250004,-2.2254164],[-79.416602,-2.2045261],[-79.4341482,-2.1914768]],[[-79.4341482,-2.1914768],[-79.4409103,-2.1931939],[-79.4557885,-2.2098257]],[[-79.4375004,-1.4027358],[-79.4627445,-1.4039321],[-79.4938562,-1.4161635],[-79.50363,-1.46631],[-79.4500004,-1.4754164],[-79.4463708,-1.4707127],[-79.4148604,-1.4463963],[-79.4297042,-1.4217869],[-79.4375004,-1.4027358]],[[-79.3144235,-1.2158535],[-79.3046127,-1.2096004],[-79.3016361,-1.2036147],[-79.3190434,-1.197617],[-79.3277999,-1.2131524],[-79.3144235,-1.2158535]],[[-79.2928805,-0.9405258],[-79.2996859,-0.9412736]],[[-79.3238729,-0.960488],[-79.2959422,-0.9537561]],[[-79.2959422,-0.9537561],[-79.2928805,-0.9405258]],[[-79.6291428,-3.713002],[-79.5961338,-3.7017311]],[[-79.5961338,-3.7017311],[-79.5882654,-3.6667494],[-79.6197188,-3.6738051],[-79.6284021,-3.6970147],[-79.6356661,-3.6990091]],[[-79.6356661,-3.6990091],[-79.6291428,-3.713002]],[[-78.7280766,-1.2510349],[-78.7444666,-1.2655694],[-78.7250004,-1.2754164],[-78.7280766,-1.2510349]],[[-78.7000004,-1.2587498],[-78.7045251,-1.2481704],[-78.7191654,-1.2553725],[-78.7000004,-1.2587498]],[[-78.7000004,-1.2587498],[-78.7047123,-1.2710138],[-78.7030277,-1.2845799],[-78.7307214,-1.2962498],[-78.7286462,-1.3129164],[-78.7305098,-1.3278578],[-78.7125004,-1.3301039],[-78.6976892,-1.3282566],[-78.6916108,-1.3382641]],[[-78.6916108,-1.3382641],[-78.6683502,-1.3187391],[-78.6594162,-1.329842],[-78.6414871,-1.325935],[-78.6422119,-1.344602]],[[-78.6422119,-1.344602],[-78.6305771,-1.337706],[-78.6109161,-1.3333],[-78.6028366,-1.334242]],[[-78.6028366,-1.334242],[-78.5966263,-1.329154],[-78.59655,-1.314553],[-78.5838699,-1.319544],[-78.5810318,-1.3062381],[-78.5765381,-1.301599],[-78.5669174,-1.2740459],[-78.5632784,-1.2710212]],[[-78.5632784,-1.2710212],[-78.5603113,-1.2559991],[-78.556154,-1.2543958]],[[-78.556154,-1.2543958],[-78.5507355,-1.237869],[-78.541564,-1.2380743]],[[-78.541564,-1.2380743],[-78.5542034,-1.2181706],[-78.5565966,-1.2144018],[-78.5589888,-1.2106347]],[[-78.5718083,-1.1687431],[-78.5812483,-1.1202075]],[[-78.5812483,-1.1202075],[-78.5886688,-1.113628],[-78.5998421,-1.1132209]],[[-78.5998421,-1.1132209],[-78.5937667,-1.1247003],[-78.622738,-1.1860854],[-78.6543298,-1.196087],[-78.7039718,-1.2204523],[-78.704338,-1.2297215],[-78.6793949,-1.2659682],[-78.7000004,-1.2587498]],[[-79.2461918,-3.139837],[-79.2608321,-3.1470392],[-79.2416671,-3.1504164],[-79.2461918,-3.139837]],[[-79.7187585,-1.8897312],[-79.7279545,-1.9045261],[-79.7083337,-1.9087498],[-79.7187585,-1.8897312]],[[-79.8581489,-1.8802602],[-79.8500004,-1.8837498],[-79.853337,-1.8648126],[-79.8601716,-1.877851],[-79.8581489,-1.8802602]],[[-79.802228,-1.8548723],[-79.7916671,-1.8587498],[-79.7971602,-1.8048924],[-79.8454268,-1.8286798],[-79.8475427,-1.8550551],[-79.8128478,-1.8522684],[-79.802228,-1.8548723]],[[-79.8991257,-1.7996116],[-79.895671,-1.7964125],[-79.8885665,-1.7547459],[-79.9040043,-1.7714125],[-79.9124302,-1.7740796]],[[-79.9124302,-1.7740796],[-79.909874,-1.7878259],[-79.8991257,-1.7996116]],[[-79.7864099,-1.7510349],[-79.8027999,-1.7655694],[-79.7833337,-1.7754164],[-79.7864099,-1.7510349]],[[-79.8773548,-1.7215756],[-79.8583337,-1.7254164],[-79.8516361,-1.711948],[-79.8671629,-1.7065982]],[[-79.8671629,-1.7065982],[-79.8696213,-1.714973],[-79.8773548,-1.7215756]],[[-78.6704446,-0.7868189],[-78.678573,-0.8055271],[-78.6908289,-0.803102],[-78.7058028,-0.8395359],[-78.700684,-0.8528114]],[[-78.6241459,-0.8455093],[-78.6377201,-0.8465997],[-78.6455245,-0.8431004],[-78.6308637,-0.8304678]],[[-78.700063,-0.7484933],[-78.6940922,-0.7629734],[-78.684342,-0.7650722]],[[-78.166464,-2.437873],[-78.178101,-2.4404799],[-78.1867354,-2.4641371],[-78.1583337,-2.4837498],[-78.1522465,-2.4589776],[-78.1544721,-2.4490482]],[[-78.1544721,-2.4490482],[-78.166464,-2.437873]],[[-80.9113311,-2.219123],[-80.9319382,-2.2204092],[-80.9476547,-2.2054069],[-80.9679871,-2.2046471],[-80.9731979,-2.1908309],[-80.9950567,-2.1852897],[-81.0005682,-2.1970151],[-80.9578018,-2.2348061],[-80.9489288,-2.2451849],[-80.9388962,-2.2521191],[-80.924324,-2.2673471],[-80.9131851,-2.2844021],[-80.9102402,-2.294071],[-80.897728,-2.3109012],[-80.8952408,-2.3178079],[-80.89711,-2.3306801],[-80.8932419,-2.3369021],[-80.8838348,-2.325896],[-80.8708115,-2.325021],[-80.8636626,-2.3293119]],[[-80.8636626,-2.3293119],[-80.8529487,-2.3079056]],[[-80.8529487,-2.3079056],[-80.8512899,-2.3014525]],[[-80.8512899,-2.3014525],[-80.8475826,-2.2850517]],[[-80.8475826,-2.2850517],[-80.8598393,-2.2717136],[-80.8708337,-2.2978041],[-80.8978845,-2.2944431],[-80.8916671,-2.2670831],[-80.8759747,-2.2642206]],[[-80.8759747,-2.2642206],[-80.8982773,-2.255723],[-80.9088364,-2.247484],[-80.9113311,-2.219123]],[[-78.5913758,-0.3549508],[-78.5746536,-0.350021],[-78.5421219,-0.357522],[-78.5325851,-0.35412],[-78.5147476,-0.357097],[-78.5030441,-0.366501],[-78.512764,-0.378772],[-78.51548,-0.395889],[-78.507533,-0.4038594]],[[-78.507533,-0.4038594],[-78.4751824,-0.3848418]],[[-78.4751824,-0.3848418],[-78.4710464,-0.36721],[-78.4752655,-0.354803],[-78.4657211,-0.344588],[-78.4789963,-0.328498],[-78.4702225,-0.310565],[-78.4608688,-0.305098],[-78.4573746,-0.294904],[-78.4416733,-0.304513],[-78.4240646,-0.319098],[-78.4173965,-0.327031],[-78.4056605,-0.3550599]],[[-78.4056605,-0.3550599],[-78.4076746,-0.3388686],[-78.39196,-0.3369155],[-78.3775069,-0.3874526],[-78.368433,-0.3780288],[-78.3729089,-0.3420831],[-78.3702641,-0.3208347],[-78.3880701,-0.3133315],[-78.3849125,-0.2879164],[-78.4362878,-0.2767999],[-78.4387374,-0.2571629],[-78.4236902,-0.2383803],[-78.3953699,-0.2457859],[-78.3833337,-0.2587498],[-78.3735681,-0.2705011],[-78.3569014,-0.2320733],[-78.3333337,-0.2587498],[-78.320378,-0.2381931],[-78.3212813,-0.2293634],[-78.3053064,-0.1868585],[-78.2962162,-0.1458673],[-78.2871179,-0.1299656],[-78.2831706,-0.0947917]],[[-78.2831706,-0.0947917],[-78.2962265,-0.094669],[-78.3079834,-0.071632],[-78.3009949,-0.048335],[-78.2784541,-0.0527625]],[[-78.2784541,-0.0527625],[-78.2783509,-0.051843]],[[-78.2783509,-0.051843],[-78.2879333,-0.043869],[-78.2937164,-0.028353],[-78.3042546,-0.0265637]],[[-78.3042546,-0.0265637],[-78.307743,-0.0275167]],[[-78.307743,-0.0275167],[-78.310333,-0.0269591]],[[-78.310333,-0.0269591],[-78.3204106,-0.0385919],[-78.3291915,-0.037298],[-78.3583337,-0.0420831],[-78.3727706,-0.0622329],[-78.3943689,-0.0410089],[-78.4040287,0.0071926],[-78.4166671,0.0162502],[-78.4200444,-0.0029148],[-78.4272465,0.0117255],[-78.4166671,0.0162502],[-78.4463302,0.0532864],[-78.4547286,0.0457831],[-78.4514734,0.0195624],[-78.4780359,0.0228664],[-78.4870365,0.0116197],[-78.5203699,0.0020901],[-78.5119063,-0.0060642],[-78.4717859,-0.0010756],[-78.466545,-0.0432306],[-78.5046309,-0.0541192],[-78.5120365,-0.0633803],[-78.5403324,-0.0714695],[-78.5561446,-0.0983657],[-78.5440515,-0.1516046],[-78.556283,-0.1834243],[-78.5511397,-0.2247654],[-78.5694503,-0.2476332],[-78.606991,-0.2776951],[-78.6026127,-0.3129164],[-78.6056238,-0.3371352],[-78.5913758,-0.3549508]],[[-78.4289311,-0.0273858],[-78.4171228,-0.0052993],[-78.4083337,-0.0337498],[-78.4289311,-0.0273858]],[[-78.3833337,-0.1337498],[-78.3767257,-0.1169366],[-78.3820886,-0.0806329],[-78.3539962,-0.0764825],[-78.3463708,-0.1301202],[-78.3368494,-0.16277],[-78.3416671,-0.1920831],[-78.3468266,-0.1889093],[-78.3615076,-0.1452569],[-78.3833337,-0.1337498],[-78.3972742,-0.1615493],[-78.4171065,-0.1548598],[-78.4027999,-0.147617],[-78.3972009,-0.1365493],[-78.3833337,-0.1337498]],[[-78.4028338,0.0351868],[-78.3994298,0.0374819],[-78.3952804,0.0706773],[-78.3986902,0.0782864],[-78.4137374,0.0595038],[-78.4115808,0.0421942],[-78.4028338,0.0351868]],[[-78.3985763,0.1775377],[-78.4119796,0.1857164],[-78.4194666,0.1635484],[-78.4083337,0.1579169],[-78.3985763,0.1775377]],[[-77.7473718,0.6528632],[-77.7620365,0.6387437],[-77.7416671,0.6329169],[-77.7473718,0.6528632]],[[-77.7130375,0.645954],[-77.7017664,0.6646307],[-77.7236739,0.6782131],[-77.7369633,0.6254869],[-77.7250004,0.6162502],[-77.7130375,0.645954]],[[-77.68396,0.8233168],[-77.7098923,0.8396639],[-77.7223833,0.8371299],[-77.7346115,0.8302948],[-77.7539718,0.8249823],[-77.7620365,0.7744615],[-77.7333337,0.7662502],[-77.7277836,0.7856675],[-77.687655,0.8178046],[-77.68396,0.8233168]],[[-77.9253259,0.3910305],[-77.9351811,0.4129706],[-77.9508712,0.4191229],[-77.943962,0.4037502],[-77.9525232,0.384691],[-77.9333337,0.3745835],[-77.9253259,0.3910305]],[[-77.9647602,0.4271845],[-77.9500004,0.4245835],[-77.9545251,0.435163],[-77.9649734,0.4300231],[-77.9647602,0.4271845]],[[-80.4085616,-1.5493585],[-80.436418,-1.5389825],[-80.4447677,-1.5631036],[-80.4166671,-1.5670831],[-80.4085616,-1.5493585]],[[-79.2666671,-1.4420831],[-79.2666671,-1.4254164],[-79.2916671,-1.4254164],[-79.2916671,-1.4420831],[-79.2666671,-1.4420831]],[[-78.427629,-2.957407],[-78.44349,-2.9727228],[-78.4250004,-2.9754164],[-78.427629,-2.957407]],[[-76.9750004,-0.4087498],[-76.9758432,-0.4039663],[-76.9842061,-0.4010091],[-76.9750004,-0.4087498]],[[-76.9750004,-0.4087498],[-76.9787358,-0.4324396],[-76.9950688,-0.4038181],[-77.0085616,-0.3970148],[-77.029224,-0.4269383],[-77.0395268,-0.4544692],[-77.0136153,-0.4723647],[-76.9941573,-0.5005467],[-76.9509526,-0.4908624],[-76.9666671,-0.4670831],[-76.9750004,-0.4587498],[-76.9666671,-0.4670831],[-76.9601322,-0.4623956],[-76.9700281,-0.4123142],[-76.9750004,-0.4087498]],[[-80.0069834,-3.4503504],[-80.0052141,-3.4632448]],[[-80.0052141,-3.4632448],[-79.9869633,-3.4707127],[-79.9706384,-3.4918634],[-79.921379,-3.4724949],[-79.938892,-3.4279392],[-79.95717,-3.430641],[-79.9916671,-3.4170831],[-79.9952966,-3.4384535],[-80.0069834,-3.4503504]],[[-79.8133108,-3.3601134],[-79.8224564,-3.351094],[-79.8386078,-3.3536451],[-79.8524753,-3.3524705]],[[-79.8524753,-3.3524705],[-79.8621466,-3.3605037],[-79.8662935,-3.3655438],[-79.8586511,-3.3792006],[-79.8295496,-3.3625339],[-79.8133108,-3.3601134]],[[-78.6422119,-1.344602],[-78.6459656,-1.3591959]],[[-78.6459656,-1.3591959],[-78.6133423,-1.376772]],[[-78.6133423,-1.376772],[-78.5957184,-1.3658381],[-78.5916748,-1.352878]],[[-78.5916748,-1.352878],[-78.6028366,-1.334242]],[[-78.6795251,-4.039837],[-78.6941654,-4.0470392],[-78.6750004,-4.0504164],[-78.6795251,-4.039837]],[[-79.9554416,-3.2135988],[-79.9680994,-3.2288344],[-79.9753778,-3.212048],[-79.9918213,-3.22363],[-80.0030594,-3.236716],[-80.0021896,-3.259032],[-80.0033722,-3.2767429],[-80.0101691,-3.2905567],[-80.0012862,-3.2979343],[-79.9750004,-3.2920831],[-79.9797286,-3.3046645],[-79.9704512,-3.3208673],[-79.9610762,-3.3424819],[-79.9260665,-3.3224298],[-79.9128259,-3.3383722],[-79.9025395,-3.3373224],[-79.8919822,-3.3500344]],[[-79.8919822,-3.3500344],[-79.8843384,-3.3329689],[-79.8772049,-3.332047],[-79.8659821,-3.323266],[-79.8617706,-3.3124709],[-79.8696442,-3.3067241],[-79.8700104,-3.2953329],[-79.8647003,-3.287636],[-79.8565979,-3.284462],[-79.8534317,-3.2772429],[-79.8396225,-3.2618611]],[[-79.8396225,-3.2618611],[-79.8479919,-3.2627699],[-79.8575821,-3.2562561],[-79.8699875,-3.256259],[-79.8822919,-3.2425252]],[[-79.8822919,-3.2425252],[-79.8870966,-3.2399627]],[[-79.8870966,-3.2399627],[-79.9117126,-3.226037],[-79.9277344,-3.224988],[-79.9477997,-3.2277811],[-79.9554416,-3.2135988]],[[-79.8671629,-1.7065982],[-79.8773548,-1.7215756]],[[-79.9954746,-1.627241],[-79.9900313,-1.6547866],[-79.9750004,-1.6587498],[-79.9634037,-1.6106215],[-79.9834743,-1.6145915]],[[-79.9834743,-1.6145915],[-79.9884949,-1.628878],[-79.9954746,-1.627241]],[[-79.4361332,-0.0448826],[-79.4456873,-0.0392836],[-79.4527999,-0.0655694],[-79.4333337,-0.0754164],[-79.4361332,-0.0448826]],[[-79.4833337,-0.0504164],[-79.4833337,-0.0254164],[-79.5000004,-0.0254164],[-79.5000004,-0.0504164],[-79.4833337,-0.0504164]],[[-79.3615644,0.0129226],[-79.3654708,0.0268134],[-79.3800785,0.0361721],[-79.3865889,0.0463283],[-79.4088546,0.0605862],[-79.4199223,0.0259833],[-79.4088057,-0.0135675],[-79.3583337,-0.0170831],[-79.3625412,-0.000562],[-79.3615644,0.0129226]],[[-90.3068237,-0.751345],[-90.3050884,-0.7422738],[-90.3112064,-0.7224623],[-90.328931,-0.7498142],[-90.3097412,-0.7557412],[-90.3068237,-0.751345]],[[-78.6459656,-1.3591959],[-78.6467842,-1.3698126]],[[-78.6467842,-1.3698126],[-78.6411951,-1.3691176],[-78.6287032,-1.3791192],[-78.6185689,-1.3970513]],[[-78.6185689,-1.3970513],[-78.6125641,-1.3927031],[-78.6133423,-1.376772]],[[-79.4341482,-2.1914768],[-79.4421635,-2.1855157],[-79.4250818,-2.1579116],[-79.4815678,-2.1468601],[-79.4952234,-2.1790785],[-79.4533614,-2.1957127],[-79.4557885,-2.2098257]],[[-80.6740808,-2.3994968],[-80.7056645,-2.3717136],[-80.7036462,-2.3879164],[-80.7050936,-2.3995485],[-80.6959959,-2.4050806],[-80.6834412,-2.404743],[-80.6740808,-2.3994968]],[[-80.8636626,-2.3293119],[-80.8503345,-2.3373117],[-80.8379643,-2.3333998],[-80.8529487,-2.3079056]],[[-80.7692956,-2.2990737],[-80.7851566,-2.3143894],[-80.7666671,-2.3170831],[-80.7692956,-2.2990737]],[[-80.703337,-2.2981459],[-80.7108321,-2.3124444],[-80.7000004,-2.3170831],[-80.703337,-2.2981459]],[[-80.8512899,-2.3014525],[-80.8404708,-2.2927911],[-80.8475826,-2.2850517]],[[-80.7270919,-2.2730646],[-80.7362878,-2.2878595],[-80.7166671,-2.2920831],[-80.7270919,-2.2730646]],[[-80.7700037,-2.2314793],[-80.7774988,-2.2457778],[-80.7666671,-2.2504164],[-80.7700037,-2.2314793]],[[-80.8603779,-2.2613756],[-80.8555749,-2.2604994],[-80.8188318,-2.2399998],[-80.8378585,-2.2131606],[-80.8382979,-2.1821059],[-80.8562317,-2.194222],[-80.8809441,-2.20765]],[[-80.8809441,-2.20765],[-80.8574066,-2.2382281],[-80.8603779,-2.2613756]],[[-80.7628503,-2.1547296],[-80.7603001,-2.123016],[-80.7728958,-2.1379309],[-80.7905273,-2.149601],[-80.8072281,-2.1580541],[-80.8184204,-2.158247],[-80.830157,-2.1704655],[-80.8247318,-2.179225],[-80.7790857,-2.1624607],[-80.7583337,-2.1754164],[-80.7628503,-2.1547296]],[[-80.7227543,-2.0589776],[-80.7146,-2.0226251],[-80.737476,-2.0136814],[-80.7323914,-2.038729],[-80.7347565,-2.0653939],[-80.7387831,-2.0802644],[-80.7166671,-2.0837498],[-80.7227543,-2.0589776]],[[-80.6194665,-2.0115493],[-80.638241,-2.0020522],[-80.6444665,-2.0135756],[-80.6166671,-2.0170831],[-80.6194665,-2.0115493]],[[-80.5859623,-1.9907403],[-80.6018233,-2.0060561],[-80.5833337,-2.0087498],[-80.5859623,-1.9907403]],[[-80.6794844,-1.9283624],[-80.7041671,-1.9298354],[-80.7238371,-1.9286602],[-80.7257156,-1.945171],[-80.7328339,-1.9589429],[-80.7525101,-1.9680771],[-80.7593842,-1.976102],[-80.7500004,-1.9920831],[-80.7176355,-1.9558608],[-80.6785649,-1.9438002],[-80.6794844,-1.9283624]],[[-80.7296879,-1.8545831],[-80.7286137,-1.8459487],[-80.747502,-1.8138198],[-80.7452885,-1.7960138],[-80.7548507,-1.7711358],[-80.7750818,-1.7467136],[-80.7622299,-1.7852681],[-80.748703,-1.8432471],[-80.7330551,-1.881001],[-80.7250004,-1.8920831],[-80.7296879,-1.8545831]],[[-80.0045251,-1.739837],[-80.0191654,-1.7470392],[-80.0000004,-1.7504164],[-80.0045251,-1.739837]],[[-80.0066324,-1.768209],[-79.9935455,-1.769793],[-79.9791751,-1.7669134]],[[-79.9791751,-1.7669134],[-79.9799483,-1.7472752],[-79.9639734,-1.7170831],[-79.9837421,-1.6797258],[-79.9873373,-1.6787368],[-79.9961918,-1.6974949],[-80.0083337,-1.7087498],[-80.0043298,-1.7297459],[-79.9877934,-1.7450616],[-80.0066324,-1.768209]],[[-79.5436202,-0.470908],[-79.5560144,-0.4559503],[-79.5694665,-0.4798191],[-79.5500004,-0.4837498],[-79.5436202,-0.470908]],[[-79.4077821,-0.2461658],[-79.4529871,-0.2528497],[-79.4853276,-0.2333429],[-79.5119633,-0.2430841],[-79.4952966,-0.2707127],[-79.4856205,-0.2943699],[-79.4500004,-0.3004164],[-79.4260583,-0.2800388],[-79.4037741,-0.2753352]],[[-79.4037741,-0.2753352],[-79.4076767,-0.268465],[-79.4077821,-0.2461658]],[[-79.2894697,-2.4616202],[-79.2907347,-2.4587757],[-79.3094731,-2.4166437],[-79.361654,-2.3933526],[-79.371615,-2.4156752],[-79.3696781,-2.4397719],[-79.3371912,-2.4542739],[-79.3128096,-2.471559],[-79.2833337,-2.4754164],[-79.2894697,-2.4616202]],[[-79.417711,-2.3413889],[-79.4050053,-2.3554213],[-79.3833337,-2.3587498],[-79.3777901,-2.3522721]],[[-79.2961918,-0.3981704],[-79.3108321,-0.4053725],[-79.2916671,-0.4087498],[-79.2961918,-0.3981704]],[[-79.4037741,-0.2753352],[-79.3869633,-0.2717869],[-79.3630375,-0.2623793],[-79.3262455,-0.2521336],[-79.3298018,-0.2301202],[-79.390129,-0.2477065],[-79.4077821,-0.2461658]],[[-79.1710697,-0.1881525],[-79.2136153,-0.1650323],[-79.2113285,-0.2033705],[-79.2372644,-0.2214858],[-79.2894128,-0.2454197],[-79.2447432,-0.2738214],[-79.2455733,-0.3047947],[-79.2546635,-0.3129164],[-79.2296147,-0.3389093],[-79.2141443,-0.3215997],[-79.1970789,-0.3205825],[-79.1722904,-0.3461033],[-79.1583337,-0.3504164],[-79.1523442,-0.3310235],[-79.1138513,-0.2879409],[-79.0711186,-0.2779962],[-79.0900557,-0.2610773],[-79.1122644,-0.2126804],[-79.1294031,-0.2048191],[-79.1372888,-0.1959894],[-79.1520675,-0.1968683],[-79.1710697,-0.1881525]],[[-79.3890385,-0.1388035],[-79.4037032,-0.152923],[-79.3833337,-0.1587498],[-79.3890385,-0.1388035]],[[-79.277629,-0.082407],[-79.29349,-0.0977228],[-79.2750004,-0.1004164],[-79.277629,-0.082407]],[[-79.2244552,-3.6238458],[-79.2402836,-3.605877],[-79.2528731,-3.6317885],[-79.2333337,-3.6420831],[-79.2244552,-3.6238458]],[[-77.1373377,-0.6818211],[-77.1529545,-0.6896661],[-77.1333337,-0.7004164],[-77.1373377,-0.6818211]],[[-77.3000004,-0.7004164],[-77.3000004,-0.6754164],[-77.3166671,-0.6754164],[-77.3166671,-0.7004164],[-77.3000004,-0.7004164]],[[-80.0195225,0.5157899],[-80.0274988,0.5042222],[-80.0166671,0.4995835],[-80.0195225,0.5157899]],[[-80.0083337,0.6245835],[-80.0189133,0.6219139],[-80.027771,0.609558],[-80.0226668,0.5995835],[-80.0083337,0.5995835],[-80.0083337,0.6245835]],[[-78.9200037,-0.7898126],[-78.9274988,-0.8041111],[-78.9166671,-0.8087498],[-78.9200037,-0.7898126]],[[-78.875155,-0.6888523],[-78.9034835,-0.7034357],[-78.8833337,-0.7087498],[-78.875155,-0.6888523]],[[-80.2094242,-0.7598403],[-80.2333337,-0.7645603],[-80.2527755,-0.7607192],[-80.2618168,-0.8034357],[-80.2284835,-0.8122329],[-80.2083337,-0.8254164],[-80.2142419,-0.8008966],[-80.2133223,-0.7795831],[-80.2094242,-0.7598403]],[[-77.9030766,0.5156317],[-77.9194666,0.5010972],[-77.9000004,0.4912502],[-77.9030766,0.5156317]],[[-78.2421494,0.295093],[-78.2515869,0.285981],[-78.2522202,0.279631],[-78.2604218,0.27353],[-78.2675247,0.262944],[-78.2755356,0.262324],[-78.284996,0.272627],[-78.2939301,0.276123],[-78.3137896,0.2649308]],[[-78.3137896,0.2649308],[-78.3265548,0.2423489],[-78.2953699,0.2292141],[-78.2879643,0.2032863],[-78.2620365,0.1958808],[-78.2046309,0.169953],[-78.1916671,0.1662502],[-78.184823,0.190176],[-78.1524011,0.2038397],[-78.1976322,0.2167711],[-78.2253015,0.2623196],[-78.211936,0.2806154]],[[-78.2369633,0.2044501],[-78.2236495,0.2194322],[-78.2083337,0.1995836],[-78.2369633,0.2044501]],[[-78.744849,-3.8211196],[-78.7531417,-3.7970147],[-78.7784021,-3.8347914],[-78.7500004,-3.8420831],[-78.744849,-3.8211196]],[[-79.2216681,-4.0519159],[-79.2284317,-4.0418029],[-79.2327423,-4.0288482],[-79.2415466,-4.022954],[-79.2538419,-4.0036168]],[[-79.2538419,-4.0036168],[-79.2529626,-4.0122735],[-79.2248295,-4.0513523],[-79.2216681,-4.0519159]],[[-79.3831833,-4.0318204],[-79.3750004,-4.0337498],[-79.3704187,-4.0142836],[-79.3412113,-4.0043308],[-79.3301599,-3.9876397],[-79.3551599,-3.9722426],[-79.3615076,-3.9619236],[-79.3948409,-3.9601739],[-79.3861495,-3.9880955],[-79.3927665,-4.0028715]],[[-79.3927665,-4.0028715],[-79.3848877,-4.0200648],[-79.3831833,-4.0318204]],[[-80.1403813,-1.8646173],[-80.1617354,-1.8847914],[-80.1333337,-1.8920831],[-80.1403813,-1.8646173]],[[-80.0625202,-1.8884136],[-80.0594711,-1.879886],[-80.0604706,-1.867283]],[[-80.0604706,-1.867283],[-80.0601282,-1.8656188]],[[-80.0601282,-1.8656188],[-80.0709965,-1.8630792],[-80.0924239,-1.8517348],[-80.1169519,-1.8744562],[-80.1025395,-1.8899998],[-80.0625202,-1.8884136]],[[-80.067966,-1.8241951],[-80.0689584,-1.8234224],[-80.0869633,-1.8328465],[-80.0750004,-1.8420831],[-80.067966,-1.8241951]],[[-79.4464034,-1.5603448],[-79.4814457,-1.5466323],[-79.4954512,-1.5811944],[-79.4583337,-1.5920831],[-79.4464034,-1.5603448]],[[-79.8731985,-2.0257705],[-79.8807377,-2.0417413],[-79.911418,-2.025506],[-79.9143614,-2.0348072]],[[-79.8896027,-2.0437281],[-79.8759995,-2.0448029],[-79.8731985,-2.0257705]],[[-79.9288766,-2.0431697],[-79.9293787,-2.0284682],[-79.9361472,-2.0222002]],[[-80.0604706,-1.867283],[-80.0510229,-1.8677465]],[[-80.0510229,-1.8677465],[-80.0601282,-1.8656188]],[[-80.0066324,-1.768209],[-80.0320968,-1.7994968],[-79.9959965,-1.8165379],[-80.0040043,-1.8297459],[-80.0209965,-1.8377537],[-80.0367273,-1.871087],[-80.0434199,-1.8695231]],[[-80.0434199,-1.8695231],[-80.0223694,-1.877515],[-80.0174255,-1.870877],[-80.00177,-1.87289],[-80.0015564,-1.878903],[-80.0103836,-1.885038],[-80.0020905,-1.895666],[-80.0160065,-1.901685],[-80.0080643,-1.907673],[-80.0131073,-1.918202],[-80.0113373,-1.933104],[-80.0051193,-1.944394],[-80.0153351,-1.952402],[-80.0103989,-1.961045]],[[-79.9791818,-1.9674591],[-79.9797449,-1.9358412],[-79.9364994,-1.9041274],[-79.9125004,-1.9050795],[-79.9043298,-1.8877537],[-79.8673018,-1.8702814],[-79.8959477,-1.8714207],[-79.9373376,-1.8603204],[-79.9110681,-1.8106703],[-79.8991257,-1.7996116]],[[-79.9124302,-1.7740796],[-79.9464522,-1.7848484],[-79.9456628,-1.8047296],[-79.9549971,-1.8133803],[-79.9806319,-1.8123631],[-79.9791751,-1.7669134]],[[-80.3878585,-1.4065037],[-80.4024988,-1.4137058],[-80.3833337,-1.4170831],[-80.3878585,-1.4065037]],[[-80.4159835,-1.2470636],[-80.4305668,-1.2659601],[-80.4274906,-1.2867446],[-80.4083337,-1.2920831],[-80.4159835,-1.2470636]],[[-79.2187585,-4.2480645],[-79.2279545,-4.2628595],[-79.2083337,-4.2670831],[-79.2187585,-4.2480645]],[[-79.2544763,-4.2058526],[-79.278101,-4.2214369],[-79.2500004,-4.2254164],[-79.2544763,-4.2058526]],[[-79.2216681,-4.0519159],[-79.1833337,-4.0587498],[-79.1672693,-4.0020766],[-79.1713057,-3.9624851],[-79.2316003,-3.9132989],[-79.2454512,-3.9299656],[-79.2577559,-3.9401951],[-79.2537439,-3.9795831],[-79.2538419,-4.0036168]],[[-79.7261394,-2.2869897],[-79.7114155,-2.2813079]],[[-79.7114155,-2.2813079],[-79.7139303,-2.2725151],[-79.7144386,-2.2725221],[-79.7261394,-2.2869897]],[[-79.7042064,-2.2125697],[-79.6930466,-2.219559],[-79.6959752,-2.2517706]],[[-79.6959752,-2.2517706],[-79.6823165,-2.2422296],[-79.6642419,-2.2624607],[-79.6406173,-2.2733006],[-79.6172123,-2.260589],[-79.634294,-2.2291437],[-79.660588,-2.2307143],[-79.7042064,-2.2125697]],[[-79.5540045,-2.2143683],[-79.5657196,-2.2128041],[-79.593338,-2.201664],[-79.6022415,-2.1846759],[-79.6144106,-2.1803566]],[[-79.6144106,-2.1803566],[-79.6114669,-2.1976902],[-79.5560876,-2.2194594],[-79.5540045,-2.2143683]],[[-79.8131411,-2.1194531],[-79.81224,-2.1043634],[-79.823042,-2.0972004]],[[-79.823042,-2.0972004],[-79.8219452,-2.1150889],[-79.8131411,-2.1194531]],[[-79.6794112,-2.0894627],[-79.7031173,-2.0806492],[-79.7114343,-2.1050144],[-79.6750004,-2.1087498],[-79.6794112,-2.0894627]],[[-79.8225217,-2.0801824],[-79.813726,-2.0758943]],[[-79.813726,-2.0758943],[-79.8233109,-2.075352]],[[-79.8233109,-2.075352],[-79.8225217,-2.0801824]],[[-78.6020113,-1.7142502],[-78.6031494,-1.719893],[-78.6179534,-1.7229879]],[[-78.6179534,-1.7229879],[-78.5900476,-1.7542169],[-78.5794031,-1.7246271],[-78.6020113,-1.7142502]],[[-79.9345226,0.831537],[-79.9405823,0.8260071],[-79.9574506,0.8195053],[-79.9367273,0.813524],[-79.9345226,0.831537]],[[-79.7862634,0.880858],[-79.7893457,0.9025828],[-79.7955627,0.8959889],[-79.8463745,0.8614429],[-79.8663025,0.854523],[-79.8777237,0.8578539],[-79.8871912,0.853913],[-79.8166671,0.8495835],[-79.7993819,0.8656317],[-79.7862634,0.880858]],[[-79.5914932,-1.9880512],[-79.5883874,-1.9804946],[-79.5998783,-1.9636],[-79.6031615,-1.9736892]],[[-79.6031615,-1.9736892],[-79.5914932,-1.9880512]],[[-79.5583337,-1.8754164],[-79.5690827,-1.8810875],[-79.5771907,-1.8853651],[-79.5856205,-1.8898126],[-79.5545658,-1.9119236],[-79.5301599,-1.8959731],[-79.5551599,-1.8805759],[-79.5583337,-1.8754164]],[[-79.5583337,-1.8754164],[-79.536473,-1.8691682]],[[-79.536473,-1.8691682],[-79.5577209,-1.8716145]],[[-79.5577209,-1.8716145],[-79.5583337,-1.8754164]],[[-80.0777999,-0.8865493],[-80.0964522,-0.8771092],[-80.1027999,-0.886476],[-80.0750004,-0.9004164],[-80.0777999,-0.8865493]],[[-80.1971879,-0.8276951],[-80.1891443,-0.8636],[-80.1500004,-0.8670831],[-80.1364831,-0.8466241],[-80.1400557,-0.830698],[-80.1720544,-0.8187189],[-80.1794624,-0.8203796],[-80.1971879,-0.8276951]],[[-78.7295251,-2.0731703],[-78.7441654,-2.0803725],[-78.7250004,-2.0837498],[-78.7295251,-2.0731703]],[[-78.7193495,-1.9489048],[-78.720691,-1.9288227]],[[-78.720691,-1.9288227],[-78.7289311,-1.9403416],[-78.7193495,-1.9489048]],[[-78.7159373,-1.9519543],[-78.7083337,-1.9587498],[-78.6877527,-1.9254571],[-78.7040552,-1.9162252]],[[-78.7040552,-1.9162252],[-78.7165451,-1.940647],[-78.7159373,-1.9519543]],[[-80.0083337,-4.0254164],[-80.0083337,-4.0087498],[-80.0333337,-4.0087498],[-80.0333337,-4.0254164],[-80.0083337,-4.0254164]],[[-79.6450037,-3.8648126],[-79.6524988,-3.8791111],[-79.6416671,-3.8837498],[-79.6450037,-3.8648126]],[[-77.9866703,0.6101874],[-77.9941654,0.5958889],[-77.9833337,0.5912502],[-77.9866703,0.6101874]],[[-77.9333337,0.6079169],[-77.9333337,0.6329169],[-77.9500004,0.6329169],[-77.9500004,0.6079169],[-77.9333337,0.6079169]],[[-79.8396225,-3.2618611],[-79.8356705,-3.257195],[-79.8103251,-3.2467602]],[[-79.8103251,-3.2467602],[-79.8132247,-3.2183526],[-79.8667403,-3.2238051],[-79.8822919,-3.2425252]],[[-79.8870966,-3.2399627],[-79.9204512,-3.2208673],[-79.9534346,-3.211183],[-79.9554416,-3.2135988]],[[-79.8423262,-3.1809015],[-79.8619633,-3.1911798],[-79.8500004,-3.2004164],[-79.8423262,-3.1809015]],[[-78.9833337,-1.5504164],[-78.9977055,-1.5464125],[-78.9928715,-1.5137221],[-79.0221684,-1.5516697],[-79.0111169,-1.5993748],[-79.0131921,-1.6134129],[-78.9866947,-1.6207127],[-78.9630375,-1.5994155],[-78.9797042,-1.5717869],[-78.9833337,-1.5504164]],[[-78.9506596,-1.2809015],[-78.9702966,-1.2911798],[-78.9583337,-1.3004164],[-78.9506596,-1.2809015]],[[-78.0343187,-1.4768467],[-78.0432133,-1.4897312],[-78.0849207,-1.4767999],[-78.0697921,-1.5128188],[-78.0223636,-1.5190814]],[[-78.0223636,-1.5190814],[-78.0211029,-1.50608],[-78.0346298,-1.501128],[-78.0279846,-1.4914531],[-78.0283966,-1.480306],[-78.0343187,-1.4768467]],[[-90.96307,-0.9391941],[-90.9786299,-0.9514174],[-90.9595708,-0.9597988],[-90.96307,-0.9391941]],[[-78.6045709,-1.6488467],[-78.6034184,-1.6295099],[-78.6300134,-1.6212986],[-78.5974532,-1.6063491],[-78.6514897,-1.5896661],[-78.6624516,-1.6135431],[-78.6872888,-1.5793227],[-78.7126632,-1.5793227],[-78.7205977,-1.5820082],[-78.7039067,-1.6127293],[-78.7044275,-1.6214614],[-78.6931364,-1.6315499]],[[-78.6931364,-1.6315499],[-78.6782837,-1.6388479],[-78.6729355,-1.64641],[-78.6523209,-1.654029],[-78.6427612,-1.6517659],[-78.6308823,-1.644081],[-78.6227951,-1.644547],[-78.6142044,-1.656675],[-78.6045709,-1.6488467]],[[-78.5273737,-1.5597648],[-78.5355798,-1.5632745],[-78.5274518,-1.5726608]],[[-78.7780847,-3.0545831],[-78.7946212,-3.0152114],[-78.8113448,-3.0598972],[-78.7833337,-3.0670831],[-78.7780847,-3.0545831]],[[-78.8449873,-2.9982387],[-78.845046,-2.9982266],[-78.8524988,-3.0124444],[-78.8416671,-3.0170831],[-78.8449873,-2.9982387]],[[-79.3548371,-1.9970353],[-79.3416671,-2.0004164],[-79.355518,-1.9803562],[-79.35921,-1.983596]],[[-79.3944032,-1.9575163],[-79.3973718,-1.9471368],[-79.4057288,-1.9551831]],[[-79.536473,-1.8691682],[-79.5146,-1.8629164],[-79.4682214,-1.8356459],[-79.4394291,-1.8392348],[-79.4533551,-1.8155469],[-79.461596,-1.804481],[-79.4712976,-1.7967136],[-79.4871261,-1.7769464],[-79.5208337,-1.7811375],[-79.5375004,-1.7790623],[-79.5503015,-1.7806573],[-79.5641524,-1.8290948],[-79.5523848,-1.8385105],[-79.5577209,-1.8716145]],[[-79.3837162,-1.6993341],[-79.4115076,-1.7048598],[-79.3916671,-1.7170831],[-79.3837162,-1.6993341]],[[-78.8888789,-2.8363546],[-78.928323,-2.8383177]],[[-78.928323,-2.8383177],[-78.9279785,-2.8433609]],[[-78.8929443,-2.841718],[-78.8888789,-2.8363546]],[[-78.8746215,-2.696218],[-78.8689957,-2.711668],[-78.8763046,-2.728725],[-78.8897803,-2.7365293]],[[-78.8897803,-2.7365293],[-78.871143,-2.7525893],[-78.8788578,-2.7882257],[-78.8878503,-2.8210789],[-78.886799,-2.8341681]],[[-78.886799,-2.8341681],[-78.8691705,-2.8322763]],[[-78.8691705,-2.8322763],[-78.8618331,-2.7999688],[-78.8288578,-2.771559],[-78.8123242,-2.73847],[-78.8117162,-2.7296791],[-78.8347904,-2.7057224],[-78.8706628,-2.6958998],[-78.8746215,-2.696218]],[[-79.547852,-4.3056736],[-79.57863,-4.3358005],[-79.5416671,-4.3420831],[-79.547852,-4.3056736]],[[-80.8809441,-2.20765],[-80.9113311,-2.219123]],[[-80.8759747,-2.2642206],[-80.8603779,-2.2613756]],[[-79.6616703,-3.5814793],[-79.6691654,-3.5957778],[-79.6583337,-3.6004164],[-79.6616703,-3.5814793]],[[-77.9630701,-1.6891941],[-77.97863,-1.7014174],[-77.9583337,-1.7170831],[-77.9630701,-1.6891941]],[[-79.813726,-2.0758943],[-79.829338,-2.0463881],[-79.8289962,-2.03777],[-79.8636886,-2.0056248],[-79.8731985,-2.0257705]],[[-79.8723373,-2.153935],[-79.8611145,-2.143019],[-79.8543527,-2.1291501]],[[-79.8543527,-2.1291501],[-79.853727,-2.1059973]],[[-79.853727,-2.1059973],[-79.8549118,-2.0769291],[-79.8516083,-2.067982],[-79.8438797,-2.0674989],[-79.8233109,-2.075352]],[[-79.7416671,-1.9670831],[-79.7672205,-1.9702081],[-79.7630131,-1.9948093],[-79.7452478,-1.9854018],[-79.7416671,-1.9670831]],[[-79.7416671,-1.9670831],[-79.7209721,-1.9773696],[-79.7138676,-1.954933],[-79.7377364,-1.947617],[-79.7416671,-1.9670831]],[[-89.5960778,-0.897796],[-89.6170883,-0.899622],[-89.6234688,-0.9138227],[-89.591667,-0.9170831],[-89.5960778,-0.897796]],[[-79.8923669,-0.4017267],[-79.9113285,-0.3892836],[-79.9194665,-0.4072361],[-79.9000004,-0.4170831],[-79.8923669,-0.4017267]],[[-79.7580263,-3.0614245],[-79.7603904,-3.0658916],[-79.7564509,-3.0707348],[-79.7416671,-3.0754164],[-79.7373376,-3.0630792],[-79.7361321,-3.0124337],[-79.7419371,-3.0223963],[-79.7443688,-3.0326097]],[[-79.6792782,-2.9756318],[-79.6858225,-2.9746841],[-79.7028731,-2.9801284],[-79.6750004,-2.9837498],[-79.6792782,-2.9756318]],[[-79.811013,-1.0464252],[-79.8234558,-1.046694],[-79.8311923,-1.0529256]],[[-79.8311923,-1.0529256],[-79.8000004,-1.0587498],[-79.811013,-1.0464252]],[[-79.5181047,-1.0331035],[-79.5264164,-1.0534112],[-79.5352942,-1.0602647]],[[-79.5941083,-1.0704235],[-79.5970056,-1.0508315],[-79.6130375,-1.0384536],[-79.6202966,-1.0207127],[-79.6362309,-1.0134536],[-79.6906986,-1.0348647],[-79.6531905,-1.0854588],[-79.6560388,-1.1047459],[-79.6416671,-1.1087498],[-79.6373783,-1.0835056],[-79.6141042,-1.0770229]],[[-79.4915848,-0.945213],[-79.494408,-0.940921]],[[-79.494408,-0.940921],[-79.50363,-0.9634536],[-79.5131677,-0.9792576],[-79.5095417,-1.0037622]],[[-79.510884,-0.9163583],[-79.4941406,-0.865391],[-79.4870682,-0.852717],[-79.4872159,-0.8442171]],[[-79.4872159,-0.8442171],[-79.5202966,-0.888836],[-79.510884,-0.9163583]],[[-79.811013,-1.0464252],[-79.8253422,-1.0303888],[-79.8372644,-1.0517918],[-79.8311923,-1.0529256]],[[-79.6370902,-3.7334912],[-79.6362146,-3.7358331],[-79.6020837,-3.7281834],[-79.5961338,-3.7017311]],[[-79.6291428,-3.713002],[-79.6316223,-3.725338],[-79.6370902,-3.7334912]],[[-79.4295251,-4.2231703],[-79.4441654,-4.2303725],[-79.4250004,-4.2337498],[-79.4295251,-4.2231703]],[[-79.3785233,-4.0505127],[-79.3801249,-4.0484654],[-79.3941654,-4.0553725],[-79.3750004,-4.0587498],[-79.3785233,-4.0505127]],[[-79.3927665,-4.0028715],[-79.3971846,-4.0127374],[-79.3918787,-4.0297703],[-79.3831833,-4.0318204]],[[-78.9569096,-1.9974623],[-78.9703129,-1.9892836],[-78.9777999,-2.0114516],[-78.9666671,-2.0170831],[-78.9569096,-1.9974623]],[[-78.8770919,-2.5313979],[-78.8862878,-2.5461928],[-78.8666671,-2.5504164],[-78.8770919,-2.5313979]],[[-78.920643,-2.5408109],[-78.9344254,-2.5325799],[-78.9513626,-2.534456],[-78.9591921,-2.5310047]],[[-78.9591921,-2.5310047],[-78.9651453,-2.5408705],[-78.9598962,-2.5763523],[-78.9333337,-2.5837498],[-78.9114587,-2.5544366],[-78.9215092,-2.5466729],[-78.920643,-2.5408109]],[[-78.9459512,-2.5030206],[-78.9302159,-2.494699]],[[-78.9302159,-2.494699],[-78.9399906,-2.4884535],[-78.9459512,-2.5030206]],[[-79.0423263,-2.4309015],[-79.0619633,-2.4411798],[-79.0500004,-2.4504164],[-79.0423263,-2.4309015]],[[-79.1301534,-2.2233045],[-79.1315155,-2.2168131]],[[-79.1369286,-2.2205277],[-79.1301534,-2.2233045]],[[-76.8713709,-0.3457127],[-76.8487553,-0.3364597],[-76.8380375,-0.2651625],[-76.8642664,-0.2551202],[-76.8618331,-0.2715753],[-76.8713709,-0.2873793],[-76.87863,-0.3134536],[-76.8880375,-0.3207127],[-76.8952966,-0.3347508],[-76.8750004,-0.3504164],[-76.8713709,-0.3457127]],[[-77.7889978,-0.328281],[-77.8277999,-0.3278172],[-77.8185958,-0.3466648],[-77.8000004,-0.3504164],[-77.7889978,-0.328281]],[[-78.6916108,-1.3382641],[-78.6706466,-1.3727797],[-78.6467842,-1.3698126]],[[-79.9834743,-1.6145915],[-79.9974288,-1.6173517],[-79.9954746,-1.627241]],[[-80.0031254,-1.5331964],[-80.0277266,-1.5374037],[-80.0183191,-1.555169],[-80.0000004,-1.5587498],[-80.0031254,-1.5331964]],[[-80.2151534,-1.8348647],[-80.2073897,-1.807228],[-80.2428145,-1.7971612],[-80.2615889,-1.8282078],[-80.2365889,-1.837005],[-80.2217452,-1.8471612],[-80.2083337,-1.8504164],[-80.2151534,-1.8348647]],[[-80.1950037,-1.7314793],[-80.2024988,-1.7457778],[-80.1916671,-1.7504164],[-80.1950037,-1.7314793]],[[-79.6616296,-1.7734633],[-79.6943933,-1.7790704],[-79.6847986,-1.7971775],[-79.6583337,-1.8004164],[-79.6616296,-1.7734633]],[[-79.6390385,-1.6638035],[-79.6537032,-1.677923],[-79.6333337,-1.6837498],[-79.6390385,-1.6638035]],[[-80.2366703,-0.9314793],[-80.2441654,-0.9457778],[-80.2333337,-0.9504164],[-80.2366703,-0.9314793]],[[-80.1963871,-0.9067722],[-80.2289311,-0.9351251],[-80.1916671,-0.9420831],[-80.1963871,-0.9067722]],[[-79.2118995,-0.9204435],[-79.2151534,-0.9159031],[-79.2928805,-0.9405258]],[[-79.2959422,-0.9537561],[-79.2846521,-0.9510349],[-79.2500004,-0.9670831],[-79.2465173,-0.9622329],[-79.1900639,-0.9509129],[-79.2044857,-0.9307887]],[[-79.2044857,-0.9307887],[-79.2249146,-0.927057],[-79.2252731,-0.920977],[-79.2118995,-0.9204435]],[[-78.9920821,1.2609442],[-78.9803391,1.2462111],[-78.9717079,1.2521728],[-78.9920821,1.2609442]],[[-78.8043461,1.2926337],[-78.8332198,1.3048],[-78.8522221,1.30244],[-78.8620365,1.2756578],[-78.8000004,1.2579169],[-78.8043461,1.2926337]],[[-78.57203,-3.6139744],[-78.6035567,-3.627044],[-78.5833337,-3.6420831],[-78.57203,-3.6139744]],[[-78.5913758,-0.3549508],[-78.5597009,-0.3945571],[-78.5630212,-0.4212498],[-78.5592126,-0.4518569],[-78.6009526,-0.4637872],[-78.5868656,-0.4877537],[-78.598446,-0.5283217],[-78.5791671,-0.5472833],[-78.5712976,-0.5374526],[-78.5537032,-0.530047],[-78.5462976,-0.5207859],[-78.5318689,-0.5092381],[-78.5523197,-0.4560398],[-78.5370365,-0.430047],[-78.5258305,-0.4034438],[-78.507533,-0.4038594]],[[-78.8746215,-2.696218],[-78.9205245,-2.6932631],[-78.8945642,-2.732407],[-78.8897803,-2.7365293]],[[-78.920643,-2.5408109],[-78.9152429,-2.5042657],[-78.9302159,-2.494699]],[[-78.9459512,-2.5030206],[-78.9591921,-2.5310047]],[[-78.7658307,-2.8522322],[-78.7679447,-2.8427992],[-78.8097986,-2.8521824],[-78.8054355,-2.8699455]],[[-78.8823446,-2.8490657],[-78.8711593,-2.8410333],[-78.8691705,-2.8322763]],[[-78.886799,-2.8341681],[-78.8888789,-2.8363546]],[[-78.7666671,-2.8254164],[-78.7632654,-2.8121515],[-78.7397953,-2.7761163],[-78.769849,-2.7636814],[-78.7828292,-2.8142592],[-78.7666671,-2.8254164]],[[-78.5566198,-1.0611856],[-78.5513513,-1.0174412],[-78.580168,-1.0045831],[-78.5799505,-1.0018659]],[[-78.5955124,-0.995317],[-78.6147003,-1.008291],[-78.6231613,-1.004051],[-78.6292454,-1.0068367]],[[-78.6292454,-1.0068367],[-78.6290776,-1.0110682],[-78.6291021,-1.0154192],[-78.6289407,-1.0364498],[-78.6293849,-1.0476287],[-78.6296554,-1.0544366],[-78.6126632,-1.0701837],[-78.620671,-1.0797459],[-78.6428064,-1.090187],[-78.6290206,-1.1050714],[-78.6046635,-1.1041111],[-78.5998421,-1.1132209]],[[-78.5812483,-1.1202075],[-78.5923507,-1.0813328],[-78.5606851,-1.0758254]],[[-80.5795251,-1.0981704],[-80.5941654,-1.1053725],[-80.5750004,-1.1087498],[-80.5795251,-1.0981704]],[[-80.530387,-1.0687773],[-80.5408533,-1.0833185],[-80.5175855,-1.0874642]],[[-80.5807052,-1.0138035],[-80.5953699,-1.027923],[-80.5750004,-1.0337498],[-80.5807052,-1.0138035]],[[-80.7247657,-1.019745],[-80.704932,-1.0303481],[-80.6867354,-1.0371515],[-80.679932,-1.0470148],[-80.654932,-1.0642755],[-80.6823979,-1.073325],[-80.7026778,-1.068784],[-80.7056563,-1.0820733],[-80.6666671,-1.0920831],[-80.6632654,-1.0871515],[-80.630404,-1.0748549],[-80.6468917,-1.063478],[-80.6424076,-1.0434829],[-80.6617354,-0.9974705],[-80.6519698,-0.9826593],[-80.6285486,-0.9979181],[-80.6215987,-0.9538181],[-80.6101241,-0.9458998],[-80.6231509,-0.9425584],[-80.6362534,-0.942676],[-80.6458206,-0.938741],[-80.6543835,-0.9281814]],[[-80.6543835,-0.9281814],[-80.6636581,-0.948479],[-80.6668625,-0.963203],[-80.6813354,-0.990644],[-80.694458,-0.991772],[-80.6988831,-1.004781],[-80.7086182,-1.015673],[-80.7247657,-1.019745]],[[-79.9263691,-4.3894624],[-79.9395186,-4.3642836],[-79.9662912,-4.3857046],[-79.9634925,-4.3889903],[-79.930863,-4.391612],[-79.9263691,-4.3894624]],[[-78.4751824,-0.3848418],[-78.4707361,-0.382228],[-78.4012048,-0.3908787],[-78.4056605,-0.3550599]],[[-78.6004561,-1.7886326],[-78.6122644,-1.8107192],[-78.5916671,-1.8170831],[-78.6004561,-1.7886326]],[[-78.6416671,-1.7587498],[-78.6602624,-1.7627537],[-78.6524174,-1.7783705],[-78.6416671,-1.7587498]],[[-78.6416671,-1.7587498],[-78.6372644,-1.7548191],[-78.6294031,-1.7293471],[-78.6179534,-1.7229879]],[[-78.6020113,-1.7142502],[-78.6122644,-1.6947117],[-78.5954268,-1.6796645],[-78.6053227,-1.6614597],[-78.6045709,-1.6488467]],[[-78.6931364,-1.6315499],[-78.7048995,-1.6464614],[-78.7039067,-1.663128],[-78.7205977,-1.6811212],[-78.6960697,-1.7048191],[-78.6544519,-1.7145034],[-78.6714115,-1.7296564],[-78.6539311,-1.7376804],[-78.6416671,-1.7587498]],[[-78.7379702,-1.6726579],[-78.7278569,-1.6583917],[-78.7295821,-1.636948],[-78.7460046,-1.6382664],[-78.7949955,-1.6248549],[-78.7685958,-1.6476007],[-78.7711897,-1.6798101]],[[-78.7711897,-1.6798101],[-78.7490997,-1.665863],[-78.7379702,-1.6726579]],[[-79.8967452,-1.387005],[-79.8865889,-1.3804946],[-79.8717452,-1.3561456],[-79.8955164,-1.3388279],[-79.9282556,-1.35735],[-79.9198409,-1.3872735],[-79.9000004,-1.3920831],[-79.8967452,-1.387005]],[[-79.7450688,-1.4386814],[-79.7382654,-1.4186212],[-79.7617192,-1.4238784],[-79.7700688,-1.4506443],[-79.7583337,-1.4587498],[-79.7450688,-1.4386814]],[[-79.0640385,-1.8054702],[-79.0787032,-1.8195896],[-79.0583337,-1.8254164],[-79.0640385,-1.8054702]],[[-79.0200969,-1.7021358],[-79.0233459,-1.6952389],[-79.0404374,-1.6921767]],[[-79.0404374,-1.6921767],[-79.0544763,-1.7042739],[-79.0621912,-1.7201511],[-79.0333337,-1.7254164],[-79.0200969,-1.7021358]],[[-78.1544721,-2.4490482],[-78.1574304,-2.4358494],[-78.166464,-2.437873]],[[-78.1119633,-2.279046],[-78.1267338,-2.2717869],[-78.1481775,-2.3241876],[-78.1250004,-2.3420831],[-78.1177413,-2.3326756],[-78.0959314,-2.3158461],[-78.0880375,-2.2861505],[-78.1045903,-2.2885919],[-78.1119633,-2.279046]],[[-78.0390385,0.5611965],[-78.0537032,0.547077],[-78.0333337,0.5412502],[-78.0390385,0.5611965]],[[-79.8061609,-2.897145],[-79.8289311,-2.9081476],[-79.8000004,-2.9170831],[-79.8061609,-2.897145]],[[-79.5833337,-1.6420831],[-79.5704512,-1.6458673],[-79.5569014,-1.6621677],[-79.5435307,-1.6313328],[-79.546379,-1.6033624],[-79.5769861,-1.6064874],[-79.5833337,-1.6420831]],[[-79.5161218,-1.5488458],[-79.5319503,-1.5308771],[-79.5445398,-1.5567885],[-79.5250004,-1.5670831],[-79.5161218,-1.5488458]],[[-78.4514566,-1.4057286],[-78.4166671,-1.4170831],[-78.3881514,-1.3907159],[-78.4149255,-1.3798191],[-78.4391282,-1.3929697]],[[-78.4391282,-1.3929697],[-78.4392395,-1.401328],[-78.449585,-1.404797]],[[-78.449585,-1.404797],[-78.4514566,-1.4057286]],[[-79.594377,-2.6684503],[-79.6164067,-2.6478448],[-79.6382735,-2.6665297],[-79.6442387,-2.6892348],[-79.5916671,-2.6920831],[-79.594377,-2.6684503]],[[-79.5942956,-2.582407],[-79.6101567,-2.5977228],[-79.5916671,-2.6004164],[-79.5942956,-2.582407]],[[-79.7261394,-2.2869897],[-79.7083337,-2.2920831],[-79.7114155,-2.2813079]],[[-79.6312992,-4.0381931],[-79.6622644,-4.0486749],[-79.6416671,-4.0670831],[-79.6312992,-4.0381931]],[[-79.6437585,-3.9230645],[-79.6529545,-3.9378595],[-79.6333337,-3.9420831],[-79.6437585,-3.9230645]],[[-79.1184782,-2.1969118],[-79.1606368,-2.1926202],[-79.1653662,-2.1994477]],[[-79.1653662,-2.1994477],[-79.1511383,-2.202368],[-79.1349106,-2.2019069]],[[-79.5333337,-2.1754164],[-79.5333337,-2.1920831],[-79.5083337,-2.1920831],[-79.5083337,-2.1754164],[-79.5333337,-2.1754164]],[[-79.5333337,-2.1754164],[-79.540837,-2.1563328],[-79.5337813,-2.1085626],[-79.579281,-2.0717869],[-79.6168461,-2.0984145],[-79.6221846,-2.1345799],[-79.6144106,-2.1803566]],[[-79.5540045,-2.2143683],[-79.5402511,-2.180755],[-79.5333337,-2.1754164]],[[-79.5923669,-2.0433933],[-79.6113285,-2.0309503],[-79.6194665,-2.0489028],[-79.6000004,-2.0587498],[-79.5923669,-2.0433933]],[[-79.6031615,-1.9736892],[-79.6118168,-2.0002862],[-79.6000004,-2.0087498],[-79.5914932,-1.9880512]],[[-77.8333337,0.5662502],[-77.8113611,0.5776109],[-77.8053064,0.6043768],[-77.8435632,0.6192776],[-77.8530278,0.6024807],[-77.8363611,0.5798895],[-77.8333337,0.5662502]],[[-78.928323,-2.8383177],[-78.9458099,-2.8382482]],[[-78.7040552,-1.9162252],[-78.7094812,-1.9131524],[-78.720691,-1.9288227]],[[-78.7193495,-1.9489048],[-78.7159373,-1.9519543]],[[-78.7090336,-1.88506],[-78.7279952,-1.872617],[-78.7361332,-1.8905694],[-78.7166671,-1.9004164],[-78.7090336,-1.88506]],[[-78.7711897,-1.6798101],[-78.7759649,-1.6857343],[-78.7793664,-1.6886643],[-78.7888432,-1.6968276],[-78.7705245,-1.7126072],[-78.7628096,-1.7382257],[-78.7532638,-1.7282892],[-78.7557214,-1.6976983],[-78.7379702,-1.6726579]],[[-79.795671,-1.6318211],[-79.8112878,-1.6396661],[-79.7916671,-1.6504164],[-79.795671,-1.6318211]],[[-79.7465987,-1.5871515],[-79.7284021,-1.5803481],[-79.7215987,-1.5396987],[-79.7533777,-1.527809],[-79.781934,-1.5464044],[-79.7756677,-1.5743585],[-79.7500004,-1.5920831],[-79.7465987,-1.5871515]],[[-80.128337,-0.7898126],[-80.1358321,-0.8041111],[-80.1250004,-0.8087498],[-80.128337,-0.7898126]],[[-80.1187016,-0.6720636],[-80.1304122,-0.7015314],[-80.1277104,-0.717197],[-80.11189,-0.7289728],[-80.1047774,-0.7385268],[-80.0916671,-0.7420831],[-80.0881108,-0.7289728],[-80.0502201,-0.7066583],[-80.055225,-0.6776137],[-80.0708337,-0.6802993],[-80.1187016,-0.6720636]],[[-80.0450037,-0.6564793],[-80.0524988,-0.6707778],[-80.0416671,-0.6754164],[-80.0450037,-0.6564793]],[[-78.4391282,-1.3929697],[-78.4523723,-1.4001659]],[[-78.4523723,-1.4001659],[-78.449585,-1.404797]],[[-78.5035324,-1.3452888],[-78.5050378,-1.3376723],[-78.4948002,-1.31277],[-78.5091053,-1.2902357]],[[-78.5091053,-1.2902357],[-78.5147324,-1.299781],[-78.5202255,-1.31677],[-78.5200272,-1.326233],[-78.5090485,-1.341678],[-78.5035324,-1.3452888]],[[-80.0625202,-1.8884136],[-80.0374516,-1.88742],[-80.0197758,-1.9403334],[-80.0209103,-1.9734374]],[[-80.0434199,-1.8695231],[-80.0459972,-1.8689209],[-80.0487163,-1.8682855],[-80.0510229,-1.8677465]],[[-79.1301534,-2.2233045],[-79.1212162,-2.2208673],[-79.0892419,-2.1943048],[-79.1119026,-2.1966112]],[[-79.1653662,-2.1994477],[-79.1704512,-2.2067885],[-79.1568305,-2.2123709]],[[-79.3970463,0.1216294],[-79.3720544,0.1353339],[-79.406283,0.1525377],[-79.4196212,0.1270005],[-79.4000004,0.1162502],[-79.3970463,0.1216294]],[[-79.446672,0.2975165],[-79.4435388,0.3365058],[-79.4628096,0.3451076],[-79.4708337,0.3630845],[-79.4788578,0.3451076],[-79.4953455,0.3155503],[-79.4416671,0.2745836],[-79.446672,0.2975165]],[[-79.5389542,0.6692352],[-79.539237,0.6693387],[-79.5537032,0.6554104],[-79.5333337,0.6495835],[-79.5389542,0.6692352]],[[-79.6057052,-0.6554702],[-79.6203699,-0.6695896],[-79.6000004,-0.6754164],[-79.6057052,-0.6554702]],[[-79.49703,-0.5723077],[-79.5285567,-0.5853774],[-79.5083337,-0.6004164],[-79.49703,-0.5723077]],[[-79.8817714,-2.2167486],[-79.8650135,-2.2345725]],[[-79.8485192,-2.2497517],[-79.8377364,-2.2376804],[-79.8183842,-2.2298191],[-79.8044031,-2.2477879],[-79.826156,-2.2672296],[-79.8197025,-2.3043471],[-79.8044031,-2.2710138],[-79.7877364,-2.2543471],[-79.7527104,-2.2367608],[-79.7118331,-2.2391941],[-79.7133061,-2.2638767],[-79.6959752,-2.2517706]],[[-79.7042064,-2.2125697],[-79.7226485,-2.2293471],[-79.7606042,-2.1466567],[-79.783123,-2.1380001],[-79.7858411,-2.1369553],[-79.8135502,-2.1263035],[-79.8131411,-2.1194531]],[[-79.823042,-2.0972004],[-79.8366866,-2.0881524],[-79.8455977,-2.1548191],[-79.8622644,-2.1881524],[-79.8666671,-2.1920831],[-79.8710453,-2.1711684],[-79.8536869,-2.1459405],[-79.8543527,-2.1291501]],[[-79.853727,-2.1059973],[-79.854338,-2.0877618],[-79.8225217,-2.0801824]],[[-78.6889815,-0.9896987],[-78.7112065,-0.996795],[-78.6833337,-1.0004164],[-78.6889815,-0.9896987]],[[-78.8986495,-0.9472345],[-78.9119633,-0.9622166],[-78.8833337,-0.9670831],[-78.8986495,-0.9472345]],[[-79.2044857,-0.9307887],[-79.2118995,-0.9204435]],[[-78.6652724,-0.9160815],[-78.6666671,-0.9170831],[-78.6735193,-0.9244806],[-78.6963464,-0.9124037],[-78.6956628,-0.9297296],[-78.7202559,-0.9525161],[-78.7213627,-0.9804295],[-78.6790287,-0.9794122],[-78.6626632,-0.9880792],[-78.629574,-0.9985528],[-78.6292454,-1.0068367]],[[-79.4223718,-4.5721368],[-79.4370365,-4.5862563],[-79.4166671,-4.5920831],[-79.4223718,-4.5721368]],[[-79.4455749,-0.954003],[-79.4598356,-0.9560342]],[[-79.4712288,-0.94773],[-79.4744633,-0.9258478],[-79.4549971,-0.8935642],[-79.4857182,-0.842197],[-79.4872159,-0.8442171]],[[-79.510884,-0.9163583],[-79.494408,-0.940921]],[[-79.4616703,-0.7564793],[-79.4691654,-0.7707778],[-79.4583337,-0.7754164],[-79.4616703,-0.7564793]],[[-79.4700037,-0.7231459],[-79.4774988,-0.7374444],[-79.4666671,-0.7420831],[-79.4700037,-0.7231459]],[[-79.3547296,-0.5753501],[-79.3517456,-0.565029],[-79.3842045,-0.5554213],[-79.3783207,-0.5787612],[-79.3583337,-0.5837498],[-79.3547296,-0.5753501]],[[-77.8057146,-0.9366613],[-77.7869389,-0.9216241],[-77.7912602,-0.8868259],[-77.8073897,-0.888836],[-77.8301385,-0.9172447]],[[-79.8133108,-3.3601134],[-79.7692224,-3.3535414],[-79.7545496,-3.322088],[-79.8191329,-3.3031345],[-79.8378096,-3.3050388],[-79.8537846,-3.2895766],[-79.8096928,-3.2529555],[-79.8103251,-3.2467602]],[[-79.8919822,-3.3500344],[-79.8874678,-3.3554701],[-79.8626062,-3.3204685],[-79.8378829,-3.3403497],[-79.8524753,-3.3524705]],[[-80.2203902,-3.499977],[-80.1938858,-3.4837689],[-80.1667887,-3.471567]],[[-80.1667887,-3.471567],[-80.2219812,-3.4596205],[-80.2256927,-3.4487319],[-80.2327881,-3.451474],[-80.2394562,-3.4652591],[-80.2337952,-3.4873588],[-80.2203902,-3.499977]],[[-78.4523723,-1.4001659],[-78.4514566,-1.4057286]],[[-78.5091053,-1.2902357],[-78.5541671,-1.2987237],[-78.5632784,-1.2710212]],[[-78.5916748,-1.352878],[-78.5821418,-1.3628619]],[[-78.5821418,-1.3628619],[-78.5548751,-1.3552667],[-78.5465173,-1.3969334],[-78.5244796,-1.4122328],[-78.4965173,-1.3807794],[-78.5035324,-1.3452888]],[[-78.556154,-1.2543958],[-78.5361088,-1.2466648],[-78.541564,-1.2380743]],[[-79.2777999,-1.7782159],[-79.2981449,-1.772617],[-79.3111332,-1.7971043],[-79.2750004,-1.8004164],[-79.2777999,-1.7782159]],[[-80.2045251,-1.389837],[-80.2191654,-1.3970392],[-80.2000004,-1.4004164],[-80.2045251,-1.389837]],[[-80.3833337,-1.1920831],[-80.3924971,-1.2125421],[-80.3628341,-1.2226495],[-80.3487309,-1.218255],[-80.363892,-1.1966648],[-80.3833337,-1.1920831]],[[-80.3833337,-1.1920831],[-80.3788171,-1.1797784],[-80.3801029,-1.1637302],[-80.3739409,-1.1526887]],[[-80.3975709,-1.1596586],[-80.3878829,-1.1882989],[-80.3833337,-1.1920831]],[[-80.2756596,-1.1475681],[-80.2952966,-1.1578465],[-80.2833337,-1.1670831],[-80.2756596,-1.1475681]],[[-78.0223636,-1.5190814],[-78.0000004,-1.5254164],[-77.9965987,-1.5204848],[-77.963835,-1.5120782],[-77.954932,-1.4835219],[-77.9715987,-1.4720148],[-77.9784021,-1.4538181],[-77.9944747,-1.4470148],[-78.0294438,-1.4697849],[-78.0343187,-1.4768467]],[[-80.0492273,-3.5466729],[-80.0774418,-3.5386814],[-80.0867354,-3.5641371],[-80.0583337,-3.5837498],[-80.0492273,-3.5466729]],[[-80.2203902,-3.499977],[-80.214663,-3.5053207],[-80.1667887,-3.471567]],[[-80.0069834,-3.4503504],[-80.0119633,-3.4604832],[-80.0052141,-3.4632448]],[[-78.9141768,-4.0391209],[-78.9539229,-4.0554539],[-78.9631108,-4.0536391],[-78.9701501,-4.0762384],[-78.9416671,-4.0837498],[-78.938184,-4.0705662],[-78.9141768,-4.0391209]],[[-78.7673263,-3.8809015],[-78.7869633,-3.8911798],[-78.7750004,-3.9004164],[-78.7673263,-3.8809015]],[[-79.0628585,-1.6565037],[-79.0774988,-1.6637058],[-79.0583337,-1.6670831],[-79.0628585,-1.6565037]],[[-79.0200969,-1.7021358],[-79.0087732,-1.6822198],[-79.0397709,-1.6555108],[-79.037061,-1.6892674],[-79.0404374,-1.6921767]],[[-79.1183028,-4.861948],[-79.13571,-4.8559503],[-79.1444665,-4.8714858],[-79.1250004,-4.8754164],[-79.1183028,-4.861948]],[[-79.128337,-4.6398126],[-79.1358321,-4.6541111],[-79.1250004,-4.6587498],[-79.128337,-4.6398126]],[[-80.2708893,-2.7166478],[-80.2697595,-2.7257175],[-80.2438623,-2.7331221],[-80.2395024,-2.7220562]],[[-80.3200688,-2.6954848],[-80.3416255,-2.6920897],[-80.3039551,-2.718868],[-80.2850632,-2.727966],[-80.2907637,-2.702516],[-80.3119389,-2.7072605],[-80.3200688,-2.6954848]],[[-80.3627445,-2.6224135],[-80.3955245,-2.5970147],[-80.4171391,-2.6256199],[-80.4217321,-2.6461009],[-80.4082489,-2.6472809],[-80.3904037,-2.6408908],[-80.3698883,-2.6648681],[-80.354932,-2.6720147],[-80.3627445,-2.6224135]],[[-80.5000004,-2.5670831],[-80.4862098,-2.5837498],[-80.4750004,-2.5837498],[-80.4750004,-2.5670831],[-80.5000004,-2.5670831]],[[-80.3866703,-2.5231459],[-80.3941654,-2.5374444],[-80.3833337,-2.5420831],[-80.3866703,-2.5231459]],[[-78.9876553,1.1000321],[-79.0119633,1.0825588],[-78.9833337,1.0745835],[-78.9859274,1.089857],[-78.9876553,1.1000321]],[[-80.5191103,-0.7907631],[-80.5296707,-0.841917],[-80.5377197,-0.865095],[-80.550995,-0.8888696],[-80.5058109,-0.8842625],[-80.5047611,-0.914544],[-80.485474,-0.9305597],[-80.4871905,-0.9473935]],[[-80.4263993,-0.9604685],[-80.4295496,-0.9549656],[-80.4371179,-0.912534],[-80.4712162,-0.9049656],[-80.4915287,-0.8852797],[-80.4735681,-0.8636651],[-80.4596033,-0.8958673],[-80.4507979,-0.8844252],[-80.4589464,-0.8566498]],[[-80.5097378,-0.81306],[-80.5204512,-0.8141534],[-80.514908,-0.8007602]],[[-80.5191654,-0.8457778],[-80.5116703,-0.8314793],[-80.5083337,-0.8504164],[-80.5191654,-0.8457778]],[[-79.2833337,-3.2754164],[-79.2916671,-3.2670831]],[[-79.2916671,-3.2670831],[-79.326921,-3.2704116],[-79.3156742,-3.2949558],[-79.2867924,-3.2819838],[-79.2833337,-3.2754164]],[[-79.2833337,-3.2754164],[-79.2652755,-3.2662774],[-79.2818201,-3.247617],[-79.2916671,-3.2670831]],[[-79.0614099,-3.3260349],[-79.0777999,-3.3405694],[-79.0583337,-3.3504164],[-79.0614099,-3.3260349]],[[-79.6295251,0.8934963],[-79.6441654,0.8862942],[-79.6250004,0.8829169],[-79.6295251,0.8934963]],[[-79.6380463,0.9621969],[-79.6449051,0.9630271],[-79.6447144,0.9778701],[-79.6519852,0.982882],[-79.6895447,0.962152],[-79.7155496,0.9637053],[-79.7349532,0.9475246],[-79.7008386,0.9280503],[-79.7274174,0.8872382],[-79.7000004,0.8829169],[-79.6897872,0.8977037],[-79.6534021,0.9113186],[-79.6465987,0.9378485],[-79.6232833,0.9539455],[-79.6132654,0.976968],[-79.6226959,0.9764251],[-79.6266174,0.955516],[-79.6380463,0.9621969]],[[-79.278337,1.0518541],[-79.2858321,1.0375556],[-79.2750004,1.0329169],[-79.278337,1.0518541]],[[-78.2415156,0.3330994],[-78.2453699,0.3282863],[-78.2950199,0.298135],[-78.3137896,0.2649308]],[[-78.2442957,0.367593],[-78.2601567,0.3522772],[-78.2416671,0.3495836],[-78.2442957,0.367593]],[[-79.1333337,-3.1670831],[-79.1333337,-3.1504164],[-79.1583337,-3.1504164],[-79.1583337,-3.1670831],[-79.1333337,-3.1670831]],[[-78.794942,-2.921442],[-78.8005375,-2.9463881],[-78.7750004,-2.9504164],[-78.7671201,-2.938495]],[[-78.7711918,-0.0481704],[-78.7858321,-0.0553725],[-78.7666671,-0.0587498],[-78.7711918,-0.0481704]],[[-78.8878096,0.035814],[-78.9114343,0.0202297],[-78.8833337,0.0162502],[-78.8878096,0.035814]],[[-79.2715416,0.3082936],[-79.2844335,0.2963324],[-79.2666671,0.2912502],[-79.2715416,0.3082936]],[[-79.2041202,0.3306547],[-79.2128047,0.3293609],[-79.2203699,0.322077],[-79.2000004,0.3162502],[-79.2041202,0.3306547]],[[-78.9153813,-2.2729506],[-78.9367354,-2.2931248],[-78.9083337,-2.3004164],[-78.9153813,-2.2729506]],[[-79.6583337,-3.6837498],[-79.6388188,-3.6914239],[-79.6490971,-3.6717869],[-79.6583337,-3.6837498]],[[-79.6583337,-3.6837498],[-79.6865238,-3.6651218],[-79.7117354,-3.6724705],[-79.6651453,-3.7046401],[-79.6450688,-3.7121515],[-79.6370902,-3.7334912]],[[-79.6356661,-3.6990091],[-79.6531824,-3.7038181],[-79.6583337,-3.6837498]],[[-80.7795251,-1.064837],[-80.7941654,-1.0720392],[-80.7750004,-1.0754164],[-80.7795251,-1.064837]],[[-80.8354252,-1.0480646],[-80.8446212,-1.0628595],[-80.8250004,-1.0670831],[-80.8354252,-1.0480646]],[[-80.6543835,-0.9281814],[-80.6672363,-0.9283361],[-80.6971928,-0.9454848],[-80.7161102,-0.947709],[-80.7236099,-0.9387249],[-80.735466,-0.936619],[-80.7439194,-0.9404981],[-80.7692642,-0.946619],[-80.7857132,-0.955295],[-80.8000946,-0.959383],[-80.8121796,-0.955667],[-80.8297577,-0.9595141],[-80.8469467,-0.985419],[-80.8609521,-0.9984993],[-80.852629,-1.0079604],[-80.8308435,-0.9764093],[-80.8083337,-0.9814549],[-80.7793949,-0.9749607],[-80.7697188,-1.0126642],[-80.7247657,-1.019745]],[[-78.6295251,-1.414837],[-78.6441654,-1.4220392],[-78.6250004,-1.4254164],[-78.6295251,-1.414837]],[[-78.6166671,-1.4004164],[-78.6209991,-1.4016348],[-78.6245209,-1.4055753],[-78.6166671,-1.4004164]],[[-78.6166671,-1.4004164],[-78.6017013,-1.4065688],[-78.5852787,-1.4033217],[-78.5883223,-1.3879164],[-78.5821418,-1.3628619]],[[-78.6185689,-1.3970513],[-78.6166671,-1.4004164]],[[-78.1687585,-0.0480646],[-78.1779545,-0.0628595],[-78.1583337,-0.0670831],[-78.1687585,-0.0480646]],[[-78.2831706,-0.0947917],[-78.2784541,-0.0527625]],[[-78.3083337,-0.0254164],[-78.310333,-0.0269591]],[[-78.307743,-0.0275167],[-78.3083337,-0.0254164]],[[-78.3083337,-0.0254164],[-78.3042546,-0.0265637]],[[-78.2783509,-0.051843],[-78.2787113,-0.0293146],[-78.2921228,-0.0059015],[-78.3083337,-0.0254164]],[[-78.2682554,0.0010175],[-78.2694093,0.0008884],[-78.2779545,-0.0128595],[-78.2583337,-0.0170831],[-78.2682554,0.0010175]],[[-78.1806628,0.0017178],[-78.1937423,-0.0087498],[-78.1787032,-0.0207859],[-78.1666671,-0.0337498],[-78.1604903,0.0017401],[-78.1281987,0.0153469],[-78.1109949,0.0291246],[-78.11495,0.0609524],[-78.1031335,0.0704169],[-78.1204594,0.0876451],[-78.1294682,0.0865302],[-78.1573328,0.1029039],[-78.1608258,0.0985421]],[[-78.0711918,0.1434963],[-78.0858321,0.1362942],[-78.0666671,0.1329169],[-78.0711918,0.1434963]]],"bbox":[-90.9786299,-4.8754164,-76.3333337,1.3048]}