{"type":"Topology","objects":{"foo":{"type":"GeometryCollection","geometries":[{"type":"Polygon","arcs":[[0,1]],"properties":{"name":"Santa Fe","gaul_code":17409,"targetarea":0.9894262,"totpop":6404.9817553,"country_id":"HND","targetpop":957.8724518,"new_mean":0.1436127,"totalarea":81.620161}},{"type":"MultiPolygon","arcs":[[[2,3,4]],[[5]],[[6]]],"properties":{"name":"Trinidad","gaul_code":17284,"targetarea":7.1620646,"totpop":9931.1657276,"country_id":"HND","targetpop":2910.5713501,"new_mean":0.1091168,"totalarea":77.1742766}},{"type":"Polygon","arcs":[[7,8]],"properties":{"name":"Maraita","gaul_code":17307,"targetarea":1.3800249,"totpop":6509.8063421,"country_id":"HND","targetpop":424.8044891,"new_mean":0.1324529,"totalarea":258.5735921}},{"type":"Polygon","arcs":[[9]],"properties":{"name":"La Union","gaul_code":17377,"targetarea":7.4506867,"totpop":12810.1867599,"country_id":"HND","targetpop":3670.1803284,"new_mean":0.1327765,"totalarea":90.5489662}},{"type":"MultiPolygon","arcs":[[[10]],[[11]]],"properties":{"name":"Curaren","gaul_code":17300,"targetarea":1.1368702,"totpop":21891.5561638,"country_id":"HND","targetpop":471.534668,"new_mean":0.1562201,"totalarea":302.3905079}},{"type":"MultiPolygon","arcs":[[[12]],[[13]],[[14]],[[15]],[[16]]],"properties":{"name":"Morazan","gaul_code":17493,"targetarea":24.9912485,"totpop":45121.3111668,"country_id":"HND","targetpop":16354.8402863,"new_mean":0.1313944,"totalarea":507.2192574}},{"type":"Polygon","arcs":[[17]],"properties":{"name":"Aramecina","gaul_code":17482,"targetarea":2.2325819,"totpop":7174.2326889,"country_id":"HND","targetpop":1119.4064331,"new_mean":0.1426422,"totalarea":92.2818085}},{"type":"Polygon","arcs":[[18,19]],"properties":{"name":"Dulce Nombre","gaul_code":17269,"targetarea":4.8994939,"totpop":6753.2682056,"country_id":"HND","targetpop":4059.6732941,"new_mean":0.1147498,"totalarea":32.1791342}},{"type":"MultiPolygon","arcs":[[[20]],[[21,22,23]],[[24,25,26]]],"properties":{"name":"Villa De San Antonio","gaul_code":17262,"targetarea":26.6764061,"totpop":31064.8294723,"country_id":"HND","targetpop":13225.3380127,"new_mean":0.1183783,"totalarea":335.5207324}},{"type":"MultiPolygon","arcs":[[[27,28,29,30]],[[31]]],"properties":{"name":"Talgua","gaul_code":17390,"targetarea":12.1271455,"totpop":13189.1945343,"country_id":"HND","targetpop":3244.1907196,"new_mean":0.1248604,"totalarea":81.4422557}},{"type":"Polygon","arcs":[[32]],"properties":{"name":"San Esteban","gaul_code":17429,"targetarea":5.3743057,"totpop":29086.8825815,"country_id":"HND","targetpop":5459.8204956,"new_mean":0.1113638,"totalarea":1937.9982351}},{"type":"MultiPolygon","arcs":[[[33,34]],[[35]],[[36]],[[37]],[[38]],[[39,40]]],"properties":{"name":"Talanga","gaul_code":17322,"targetarea":26.974521,"totpop":39914.5694027,"country_id":"HND","targetpop":18508.1297455,"new_mean":0.1153069,"totalarea":424.0661182}},{"type":"Polygon","arcs":[[41]],"properties":{"name":"La Union","gaul_code":17424,"targetarea":5.9134121,"totpop":11062.0179435,"country_id":"HND","targetpop":4049.0943451,"new_mean":0.1051774,"totalarea":556.6098415}},{"type":"Polygon","arcs":[[42,43]],"properties":{"name":"Yorito","gaul_code":17498,"targetarea":3.4820976,"totpop":19106.8755331,"country_id":"HND","targetpop":2540.3693085,"new_mean":0.1219945,"totalarea":200.883189}},{"type":"MultiPolygon","arcs":[[[44,45]],[[46]],[[47]],[[48,49]]],"properties":{"name":"Santiago De Puringla","gaul_code":17366,"targetarea":13.5509133,"totpop":18390.8527489,"country_id":"HND","targetpop":5478.0549164,"new_mean":0.1257202,"totalarea":139.1559851}},{"type":"MultiPolygon","arcs":[[[50,51,52]],[[53,54]],[[55,56,57,58,59]]],"properties":{"name":"La Lima","gaul_code":17287,"targetarea":41.9200468,"totpop":70116.9013844,"country_id":"HND","targetpop":62917.2190628,"new_mean":0.0992786,"totalarea":129.4114027}},{"type":"MultiPolygon","arcs":[[[60]],[[61]]],"properties":{"name":"Puerto Lempira","gaul_code":17328,"targetarea":8.241246,"totpop":82330.5019666,"country_id":"HND","targetpop":2171.5487719,"new_mean":0.1195126,"totalarea":11811.3312686}},{"type":"MultiPolygon","arcs":[[[62]],[[63,64]],[[65]],[[66,67,68,69]],[[70,71,72]],[[73]],[[74,75,76,77,78,79,80,81,82,83,84,85]],[[86,-35,87]]],"properties":{"name":"Distrito Central","gaul_code":17301,"targetarea":794.3296268,"totpop":1307047.32175,"country_id":"HND","targetpop":1208027.92758,"new_mean":0.118511,"totalarea":1477.6692135}},{"type":"MultiPolygon","arcs":[[[88,89]],[[90]],[[91]]],"properties":{"name":"Esparta","gaul_code":17211,"targetarea":5.7225784,"totpop":16851.8451765,"country_id":"HND","targetpop":2826.6196747,"new_mean":0.1478516,"totalarea":470.1647742}},{"type":"MultiPolygon","arcs":[[[92,93]],[[94]]],"properties":{"name":"Marcala","gaul_code":17356,"targetarea":30.8460225,"totpop":33087.0619364,"country_id":"HND","targetpop":15471.1006317,"new_mean":0.135648,"totalarea":212.0236926}},{"type":"MultiPolygon","arcs":[[[95,96,97]],[[98,99]],[[100]],[[101]],[[102]],[[103,104]],[[105]],[[106]]],"properties":{"name":"Quimistan","gaul_code":17469,"targetarea":47.6281052,"totpop":67337.3672566,"country_id":"HND","targetpop":26202.1765289,"new_mean":0.1241801,"totalarea":803.1622224}},{"type":"MultiPolygon","arcs":[[[107]],[[108]],[[109,110]]],"properties":{"name":"San Fernando","gaul_code":17405,"targetarea":10.1987002,"totpop":9984.5778275,"country_id":"HND","targetpop":3796.7075348,"new_mean":0.1312462,"totalarea":59.9931143}},{"type":"MultiPolygon","arcs":[[[111]],[[112]]],"properties":{"name":"Orica","gaul_code":17311,"targetarea":3.9055547,"totpop":13648.3734767,"country_id":"HND","targetpop":1680.1523285,"new_mean":0.1165438,"totalarea":339.2268041}},{"type":"Polygon","arcs":[[113,114]],"properties":{"name":"Ojojona","gaul_code":17310,"targetarea":3.4896353,"totpop":12927.7560875,"country_id":"HND","targetpop":3627.1074219,"new_mean":0.1401818,"totalarea":257.9013438}},{"type":"MultiPolygon","arcs":[[[115,116,117]],[[118]],[[119]],[[120,121]]],"properties":{"name":"La Libertad","gaul_code":17247,"targetarea":19.2864642,"totpop":36487.6253796,"country_id":"HND","targetpop":14596.7500763,"new_mean":0.1203763,"totalarea":300.7798104}},{"type":"Polygon","arcs":[[122]],"properties":{"name":"Concepcion Del Sur","gaul_code":17459,"targetarea":1.1408401,"totpop":4054.9561729,"country_id":"HND","targetpop":452.6790161,"new_mean":0.110348,"totalarea":58.6838653}},{"type":"MultiPolygon","arcs":[[[123]],[[124,125]]],"properties":{"name":"San Rafael","gaul_code":17387,"targetarea":22.3013928,"totpop":14675.4720421,"country_id":"HND","targetpop":7721.6139374,"new_mean":0.1293906,"totalarea":103.7224499}},{"type":"MultiPolygon","arcs":[[[126]],[[127]]],"properties":{"name":"San Antonio","gaul_code":17276,"targetarea":7.4883435,"totpop":11965.1274714,"country_id":"HND","targetpop":4389.2035828,"new_mean":0.1099254,"totalarea":125.8644928}},{"type":"Polygon","arcs":[[128]],"properties":{"name":"Santa Rosa De Aguan","gaul_code":17238,"targetarea":1.3928021,"totpop":4976.4421997,"country_id":"HND","targetpop":1266.8692627,"new_mean":0.1251622,"totalarea":124.2212824}},{"type":"MultiPolygon","arcs":[[[129,130,131]],[[132]]],"properties":{"name":"El Porvenir","gaul_code":17210,"targetarea":21.0219336,"totpop":19067.3882788,"country_id":"HND","targetpop":12396.3648262,"new_mean":0.1534771,"totalarea":288.5552045}},{"type":"Polygon","arcs":[[133,134]],"properties":{"name":"San Jose Del Potrero","gaul_code":17257,"targetarea":1.3147972,"totpop":8006.7867091,"country_id":"HND","targetpop":281.8329773,"new_mean":0.1234075,"totalarea":192.9761257}},{"type":"MultiPolygon","arcs":[[[135]],[[136,137]]],"properties":{"name":"Yamaranguila","gaul_code":17344,"targetarea":3.8613911,"totpop":41245.2529812,"country_id":"HND","targetpop":1406.0244141,"new_mean":0.1373722,"totalarea":615.2830363}},{"type":"MultiPolygon","arcs":[[[138,139]],[[140]]],"properties":{"name":"Concepcion","gaul_code":17264,"targetarea":5.6657181,"totpop":9856.2786617,"country_id":"HND","targetpop":2230.6194153,"new_mean":0.1214801,"totalarea":74.1297438}},{"type":"MultiPolygon","arcs":[[[141]],[[142]]],"properties":{"name":"Copan Ruinas","gaul_code":17265,"targetarea":25.691054,"totpop":51859.2367935,"country_id":"HND","targetpop":16034.3598633,"new_mean":0.1216903,"totalarea":398.6554713}},{"type":"Polygon","arcs":[[143]],"properties":{"name":"Lamani","gaul_code":17249,"targetarea":4.0778083,"totpop":7854.4313214,"country_id":"HND","targetpop":1728.0724945,"new_mean":0.1269103,"totalarea":306.6252956}},{"type":"Polygon","arcs":[[144]],"properties":{"name":"Patuca","gaul_code":17427,"targetarea":3.1545036,"totpop":25265.8529561,"country_id":"HND","targetpop":2127.4282227,"new_mean":0.0780353,"totalarea":670.1664226}},{"type":"MultiPolygon","arcs":[[[145]],[[146]],[[147]],[[148]]],"properties":{"name":"Bonito Oriental","gaul_code":17233,"targetarea":18.7089741,"totpop":30634.6360457,"country_id":"HND","targetpop":11675.6100006,"new_mean":0.1168086,"totalarea":514.1878564}},{"type":"MultiPolygon","arcs":[[[149,150,151]],[[152]]],"properties":{"name":"Erandique","gaul_code":17371,"targetarea":4.3799165,"totpop":17569.6144209,"country_id":"HND","targetpop":2065.3789139,"new_mean":0.1521156,"totalarea":298.639005}},{"type":"MultiPolygon","arcs":[[[153,154,155]],[[156]]],"properties":{"name":"La Virtud","gaul_code":17378,"targetarea":2.5577511,"totpop":6735.1406686,"country_id":"HND","targetpop":946.3088837,"new_mean":0.1421943,"totalarea":78.2630883}},{"type":"MultiPolygon","arcs":[[[157]],[[158,159]],[[-125,160]],[[161]],[[162]]],"properties":{"name":"La Iguala","gaul_code":17376,"targetarea":12.3683309,"totpop":26992.1375732,"country_id":"HND","targetpop":5463.4774628,"new_mean":0.1331326,"totalarea":367.7216997}},{"type":"MultiPolygon","arcs":[[[163,164]],[[165,166]]],"properties":{"name":"Potrerillos","gaul_code":17290,"targetarea":9.9736591,"totpop":19936.2703726,"country_id":"HND","targetpop":15776.4887085,"new_mean":0.1159994,"totalarea":91.2899477}},{"type":"MultiPolygon","arcs":[[[167]],[[168,169,170,171]]],"properties":{"name":"San Pedro","gaul_code":17281,"targetarea":7.0325762,"totpop":9556.4443397,"country_id":"HND","targetpop":2860.1644898,"new_mean":0.1326267,"totalarea":61.7209339}},{"type":"MultiPolygon","arcs":[[[172,173]],[[174,175]]],"properties":{"name":"San Vicente Centenario","gaul_code":17476,"targetarea":2.4042249,"totpop":3298.7595329,"country_id":"HND","targetpop":977.2535706,"new_mean":0.1144625,"totalarea":32.8728591}},{"type":"Polygon","arcs":[[176]],"properties":{"name":"Texiguat","gaul_code":17449,"targetarea":1.6260578,"totpop":9857.9535217,"country_id":"HND","targetpop":790.8466949,"new_mean":0.1357806,"totalarea":189.27629}},{"type":"MultiPolygon","arcs":[[[177]],[[178]],[[179,180]]],"properties":{"name":"Cabanas","gaul_code":17263,"targetarea":5.8711747,"totpop":16518.3087654,"country_id":"HND","targetpop":2747.2308807,"new_mean":0.1292833,"totalarea":135.2637432}},{"type":"MultiPolygon","arcs":[[[181]],[[182]],[[183]],[[184]],[[185,186]],[[-160,187]]],"properties":{"name":"Gracias","gaul_code":17372,"targetarea":48.747468,"totpop":58279.2636728,"country_id":"HND","targetpop":28968.4496155,"new_mean":0.1207296,"totalarea":429.225377}},{"type":"MultiPolygon","arcs":[[[188]],[[189]],[[190,-105,191,192,193,-59,194,195]]],"properties":{"name":"San Pedro Sula","gaul_code":17295,"targetarea":346.0720795,"totpop":859885.296068,"country_id":"HND","targetpop":808272.484558,"new_mean":0.1235836,"totalarea":913.5393925}},{"type":"MultiPolygon","arcs":[[[196]],[[197,-140,198]],[[199,200,201,202]],[[203,204]],[[205,206]]],"properties":{"name":"Santa Rosa De Copan","gaul_code":17283,"targetarea":62.2360976,"totpop":69977.2949848,"country_id":"HND","targetpop":43179.0790405,"new_mean":0.1156685,"totalarea":296.8413731}},{"type":"Polygon","arcs":[[207]],"properties":{"name":"Caridad","gaul_code":17483,"targetarea":2.3247109,"totpop":4081.2801971,"country_id":"HND","targetpop":1255.5307922,"new_mean":0.1483523,"totalarea":44.3384225}},{"type":"Polygon","arcs":[[208]],"properties":{"name":"Yocon","gaul_code":17434,"targetarea":0.9595403,"totpop":10555.339344,"country_id":"HND","targetpop":322.1040955,"new_mean":0.1047454,"totalarea":247.1369332}},{"type":"MultiPolygon","arcs":[[[209]],[[210,211]]],"properties":{"name":"San Ignacio","gaul_code":17316,"targetarea":6.4418237,"totpop":12503.1368971,"country_id":"HND","targetpop":3145.4885406,"new_mean":0.1184055,"totalarea":337.4435004}},{"type":"MultiPolygon","arcs":[[[212]],[[213]],[[214]]],"properties":{"name":"Soledad","gaul_code":17447,"targetarea":2.9162496,"totpop":10243.6382704,"country_id":"HND","targetpop":901.2844543,"new_mean":0.1366098,"totalarea":158.4597713}},{"type":"Polygon","arcs":[[215]],"properties":{"name":"Brus Laguna","gaul_code":17327,"targetarea":5.5341711,"totpop":20972.9371115,"country_id":"HND","targetpop":2700.2750092,"new_mean":0.1316877,"totalarea":5235.9208219}},{"type":"MultiPolygon","arcs":[[[216,217,218]],[[219]],[[220,221]],[[222,223,224]]],"properties":{"name":"Saba","gaul_code":17236,"targetarea":21.6877427,"totpop":30658.7523847,"country_id":"HND","targetpop":15801.0266266,"new_mean":0.1347705,"totalarea":363.8229711}},{"type":"Polygon","arcs":[[225]],"properties":{"name":"Vallecillo","gaul_code":17325,"targetarea":1.1309485,"totpop":9171.1834517,"country_id":"HND","targetpop":530.885376,"new_mean":0.1261418,"totalarea":206.7841763}},{"type":"Polygon","arcs":[[226]],"properties":{"name":"Guaimaca","gaul_code":17303,"targetarea":20.4027111,"totpop":32752.4125353,"country_id":"HND","targetpop":14605.5258179,"new_mean":0.1083751,"totalarea":784.960561}},{"type":"Polygon","arcs":[[227]],"properties":{"name":"Ceguaca","gaul_code":17456,"targetarea":3.213567,"totpop":5794.3300877,"country_id":"HND","targetpop":1358.3107758,"new_mean":0.1119524,"totalarea":52.9582668}},{"type":"MultiPolygon","arcs":[[[228]],[[229]],[[230]],[[231]],[[232]],[[233]],[[234]]],"properties":{"name":"Sabanagrande","gaul_code":17313,"targetarea":17.6029423,"totpop":24010.9459381,"country_id":"HND","targetpop":9051.1839447,"new_mean":0.143948,"totalarea":247.0498229}},{"type":"Polygon","arcs":[[235]],"properties":{"name":"Goascoran","gaul_code":17484,"targetarea":6.9703291,"totpop":14312.9569273,"country_id":"HND","targetpop":3026.4792938,"new_mean":0.1547352,"totalarea":185.97392}},{"type":"Polygon","arcs":[[236]],"properties":{"name":"Santa Maria","gaul_code":17365,"targetarea":9.0343974,"totpop":14488.9620647,"country_id":"HND","targetpop":4069.8469696,"new_mean":0.1337669,"totalarea":95.8004654}},{"type":"Polygon","arcs":[[237,-85,238]],"properties":{"name":"Santa Lucia","gaul_code":17321,"targetarea":35.4644438,"totpop":28147.9486275,"country_id":"HND","targetpop":25438.0862274,"new_mean":0.1189075,"totalarea":58.8589168}},{"type":"MultiPolygon","arcs":[[[239]],[[240]],[[241]],[[242,243,244,245],[246]]],"properties":{"name":"Puerto Cortes","gaul_code":17291,"targetarea":94.3197752,"totpop":123103.363335,"country_id":"HND","targetpop":104295.932186,"new_mean":0.1354484,"totalarea":357.0745504}},{"type":"MultiPolygon","arcs":[[[247,248]],[[249]]],"properties":{"name":"Camasca","gaul_code":17329,"targetarea":3.1021116,"totpop":7002.382782,"country_id":"HND","targetpop":1270.0680847,"new_mean":0.1539559,"totalarea":56.0901719}},{"type":"Polygon","arcs":[[250,251]],"properties":{"name":"Dolores Merendon","gaul_code":17398,"targetarea":1.0657977,"totpop":3436.5125246,"country_id":"HND","targetpop":222.8993073,"new_mean":0.1436779,"totalarea":41.6261321}},{"type":"MultiPolygon","arcs":[[[252,253,254]],[[255,256,257,258]]],"properties":{"name":"Lejamani","gaul_code":17251,"targetarea":7.5838634,"totpop":5899.750412,"country_id":"HND","targetpop":3599.0770721,"new_mean":0.119835,"totalarea":20.1049986}},{"type":"MultiPolygon","arcs":[[[259]],[[260]],[[261]]],"properties":{"name":"Sensenti","gaul_code":17410,"targetarea":6.444857,"totpop":13670.949501,"country_id":"HND","targetpop":2759.5133972,"new_mean":0.1285813,"totalarea":117.7631078}},{"type":"MultiPolygon","arcs":[[[262,-206,263]],[[-5,264,265]],[[266]],[[267]],[[268]]],"properties":{"name":"San Jose","gaul_code":17278,"targetarea":9.201018,"totpop":10764.2917175,"country_id":"HND","targetpop":4370.0769348,"new_mean":0.1138348,"totalarea":62.0451537}},{"type":"Polygon","arcs":[[269]],"properties":{"name":"Jocon","gaul_code":17492,"targetarea":2.4769975,"totpop":10794.8227617,"country_id":"HND","targetpop":1456.7442169,"new_mean":0.1205788,"totalarea":373.1476478}},{"type":"MultiPolygon","arcs":[[[-239,-84,270]],[[271,-70]]],"properties":{"name":"Valle De Angeles","gaul_code":17324,"targetarea":26.0098294,"totpop":21489.9735852,"country_id":"HND","targetpop":16140.5449371,"new_mean":0.1133466,"totalarea":97.5988641}},{"type":"Polygon","arcs":[[272]],"properties":{"name":"San Jose","gaul_code":17229,"targetarea":1.9692629,"totpop":4986.3281908,"country_id":"HND","targetpop":954.7943115,"new_mean":0.1522214,"totalarea":64.2056299}},{"type":"Polygon","arcs":[[273]],"properties":{"name":"Naranjito","gaul_code":17465,"targetarea":3.5748854,"totpop":11662.8896866,"country_id":"HND","targetpop":1957.6092377,"new_mean":0.1121066,"totalarea":140.5558896}},{"type":"MultiPolygon","arcs":[[[274]],[[275]],[[276]],[[277,278,-98]],[[279,280]],[[281,282]]],"properties":{"name":"Macuelizo","gaul_code":17464,"targetarea":27.5014164,"totpop":46957.7338703,"country_id":"HND","targetpop":19727.3916626,"new_mean":0.1185909,"totalarea":407.8237881}},{"type":"Polygon","arcs":[[283]],"properties":{"name":"Lepaterique","gaul_code":17306,"targetarea":4.9789323,"totpop":22917.0296369,"country_id":"HND","targetpop":3358.2536621,"new_mean":0.1424402,"totalarea":557.3531637}},{"type":"Polygon","arcs":[[284]],"properties":{"name":"Duyure","gaul_code":17219,"targetarea":2.2335842,"totpop":3905.8196783,"country_id":"HND","targetpop":923.8123627,"new_mean":0.1315871,"totalarea":105.1020393}},{"type":"Polygon","arcs":[[285]],"properties":{"name":"Lucerna","gaul_code":17402,"targetarea":2.7881584,"totpop":7955.9079122,"country_id":"HND","targetpop":1213.2000275,"new_mean":0.1369803,"totalarea":119.2042616}},{"type":"MultiPolygon","arcs":[[[286,287]],[[288]],[[289]],[[290]],[[291]],[[292]],[[293]],[[294]],[[295]],[[296]]],"properties":{"name":"Tela","gaul_code":17215,"targetarea":70.9558981,"totpop":96742.2847101,"country_id":"HND","targetpop":52460.6111908,"new_mean":0.139346,"totalarea":1217.9211329}},{"type":"MultiPolygon","arcs":[[[297]],[[298]]],"properties":{"name":"San Francisco De Coray","gaul_code":17487,"targetarea":3.8515234,"totpop":10545.6365585,"country_id":"HND","targetpop":1701.2431335,"new_mean":0.151813,"totalarea":89.7347946}},{"type":"MultiPolygon","arcs":[[[299]],[[300,301]],[[302]],[[303]]],"properties":{"name":"Sulaco","gaul_code":17496,"targetarea":13.9208441,"totpop":20997.5309649,"country_id":"HND","targetpop":7078.2756958,"new_mean":0.1214616,"totalarea":233.1669776}},{"type":"Polygon","arcs":[[304,-115,305,306,307,308,-76]],"properties":{"name":"Santa Ana","gaul_code":17320,"targetarea":30.9945806,"totpop":19053.0018854,"country_id":"HND","targetpop":15593.3431091,"new_mean":0.1330843,"totalarea":64.5039899}},{"type":"MultiPolygon","arcs":[[[309]],[[-156,310,311]]],"properties":{"name":"Mapulaca","gaul_code":17381,"targetarea":1.3434624,"totpop":3233.6342506,"country_id":"HND","targetpop":526.2805023,"new_mean":0.1344457,"totalarea":28.998766}},{"type":"MultiPolygon","arcs":[[[312,-50,313]],[[314]]],"properties":{"name":"Masaguara","gaul_code":17337,"targetarea":14.6633536,"totpop":18796.3108354,"country_id":"HND","targetpop":5574.2115326,"new_mean":0.1247051,"totalarea":249.7580522}},{"type":"Polygon","arcs":[[315]],"properties":{"name":"Santa Rita","gaul_code":17478,"targetarea":5.3851329,"totpop":5163.9473777,"country_id":"HND","targetpop":2132.2109222,"new_mean":0.1146751,"totalarea":80.4144633}},{"type":"MultiPolygon","arcs":[[[316,317,318]],[[319]]],"properties":{"name":"San Jose De Colimas","gaul_code":17471,"targetarea":6.0999552,"totpop":18468.3396177,"country_id":"HND","targetpop":3131.7537689,"new_mean":0.1222251,"totalarea":228.9738986}},{"type":"MultiPolygon","arcs":[[[320]],[[321]]],"properties":{"name":"Meambar","gaul_code":17252,"targetarea":3.6242948,"totpop":15900.3428402,"country_id":"HND","targetpop":1583.6944885,"new_mean":0.1225311,"totalarea":412.2448307}},{"type":"MultiPolygon","arcs":[[[322,-170]],[[323,324]],[[325]],[[326]],[[327]]],"properties":{"name":"Cucuyagua","gaul_code":17267,"targetarea":13.9148315,"totpop":19574.973793,"country_id":"HND","targetpop":7538.6192322,"new_mean":0.1205331,"totalarea":135.2283361}},{"type":"MultiPolygon","arcs":[[[328,329]],[[330,331,332]],[[333,334]]],"properties":{"name":"San Nicolas","gaul_code":17474,"targetarea":6.490907,"totpop":10819.4366093,"country_id":"HND","targetpop":1796.4523926,"new_mean":0.1164033,"totalarea":86.5967418}},{"type":"MultiPolygon","arcs":[[[335]],[[336,-288,337]],[[338,339,340]],[[341]],[[342]],[[343]]],"properties":{"name":"El Negrito","gaul_code":17490,"targetarea":36.0576052,"totpop":46048.4329782,"country_id":"HND","targetpop":20057.8855362,"new_mean":0.126568,"totalarea":498.9220811}},{"type":"Polygon","arcs":[[344]],"properties":{"name":"Florida","gaul_code":17271,"targetarea":5.360547,"totpop":30764.9888339,"country_id":"HND","targetpop":3560.8455658,"new_mean":0.1227869,"totalarea":359.9967358}},{"type":"Polygon","arcs":[[345]],"properties":{"name":"San Antonio De Flores","gaul_code":17444,"targetarea":1.2928233,"totpop":5727.636908,"country_id":"HND","targetpop":753.4443359,"new_mean":0.1343835,"totalarea":144.7467354}},{"type":"Polygon","arcs":[[346]],"properties":{"name":"Mercedes","gaul_code":17403,"targetarea":4.6431751,"totpop":6447.6422291,"country_id":"HND","targetpop":1870.8482056,"new_mean":0.1265622,"totalarea":84.8105101}},{"type":"MultiPolygon","arcs":[[[347,348,-223,349]],[[350,351]],[[352]],[[353]],[[354]],[[355]],[[356]]],"properties":{"name":"Tocoa","gaul_code":17240,"targetarea":74.0456618,"totpop":110449.322762,"country_id":"HND","targetpop":81913.2772522,"new_mean":0.118603,"totalarea":895.0265908}},{"type":"Polygon","arcs":[[357]],"properties":{"name":"San Francisco De Becerra","gaul_code":17430,"targetarea":3.2445357,"totpop":10952.3424248,"country_id":"HND","targetpop":2212.9999085,"new_mean":0.0794877,"totalarea":298.1912329}},{"type":"MultiPolygon","arcs":[[[-29,358]],[[359,-31]],[[-187,360]],[[361]]],"properties":{"name":"Las Flores","gaul_code":17379,"targetarea":7.8483783,"totpop":8673.1831121,"country_id":"HND","targetpop":2939.6819,"new_mean":0.1347808,"totalarea":71.0798186}},{"type":"Polygon","arcs":[[362]],"properties":{"name":"San Francisco De La Paz","gaul_code":17431,"targetarea":6.3883559,"totpop":19772.2597268,"country_id":"HND","targetpop":5903.8578491,"new_mean":0.1100376,"totalarea":506.8682682}},{"type":"MultiPolygon","arcs":[[[-302,363]],[[364]]],"properties":{"name":"Victoria","gaul_code":17497,"targetarea":6.7810194,"totpop":30943.7714919,"country_id":"HND","targetpop":4367.5916443,"new_mean":0.1233631,"totalarea":722.4852193}},{"type":"MultiPolygon","arcs":[[[365,366]],[[367]]],"properties":{"name":"Siguatepeque","gaul_code":17260,"targetarea":67.7675854,"totpop":118366.207382,"country_id":"HND","targetpop":89818.2340393,"new_mean":0.1209438,"totalarea":377.3902446}},{"type":"MultiPolygon","arcs":[[[368]],[[369]]],"properties":{"name":"San Pedro Zacapa","gaul_code":17475,"targetarea":2.2466822,"totpop":11831.4398089,"country_id":"HND","targetpop":1370.2332459,"new_mean":0.1233529,"totalarea":189.9045544}},{"type":"MultiPolygon","arcs":[[[370]],[[371]]],"properties":{"name":"Arenal","gaul_code":17489,"targetarea":2.5317854,"totpop":5870.9435441,"country_id":"HND","targetpop":1223.8188019,"new_mean":0.111731,"totalarea":187.7562122}},{"type":"MultiPolygon","arcs":[[[372]],[[373]],[[374]]],"properties":{"name":"Namasigue","gaul_code":17224,"targetarea":26.0608214,"totpop":31956.0260048,"country_id":"HND","targetpop":9464.5330505,"new_mean":0.1316678,"totalarea":208.2611528}},{"type":"Polygon","arcs":[[375]],"properties":{"name":"San Pedro De Tutule","gaul_code":17362,"targetarea":4.5983102,"totpop":7980.7947807,"country_id":"HND","targetpop":3156.3390503,"new_mean":0.1383133,"totalarea":47.3207193}},{"type":"MultiPolygon","arcs":[[[376,-45]],[[377]],[[378,-257,379,-23]]],"properties":{"name":"La Paz","gaul_code":17354,"targetarea":36.894662,"totpop":44121.6587553,"country_id":"HND","targetpop":29804.4500427,"new_mean":0.1297833,"totalarea":218.917844}},{"type":"Polygon","arcs":[[380]],"properties":{"name":"Jacaleapa","gaul_code":17439,"targetarea":2.2300026,"totpop":5135.3508158,"country_id":"HND","targetpop":970.3941956,"new_mean":0.1166578,"totalarea":109.5891981}},{"type":"Polygon","arcs":[[381]],"properties":{"name":"Lauterique","gaul_code":17355,"targetarea":1.4576166,"totpop":3053.1494198,"country_id":"HND","targetpop":1064.0701294,"new_mean":0.1500027,"totalarea":33.5511901}},{"type":"MultiPolygon","arcs":[[[382,-71,383]],[[384,-68]],[[385]],[[386]]],"properties":{"name":"San Juan De Flores","gaul_code":17317,"targetarea":16.2512978,"totpop":26966.0397362,"country_id":"HND","targetpop":10071.0644989,"new_mean":0.1192358,"totalarea":390.9848281}},{"type":"Polygon","arcs":[[387]],"properties":{"name":"San Isidro","gaul_code":17228,"targetarea":0.5688785,"totpop":3799.6509428,"country_id":"HND","targetpop":213.6954651,"new_mean":0.1367362,"totalarea":66.7058223}},{"type":"Polygon","arcs":[[388]],"properties":{"name":"Guarizama","gaul_code":17419,"targetarea":1.1159428,"totpop":9554.707983,"country_id":"HND","targetpop":773.469696,"new_mean":0.1078425,"totalarea":198.7142648}},{"type":"MultiPolygon","arcs":[[[-40,389]],[[390]]],"properties":{"name":"Cedros","gaul_code":17299,"targetarea":4.4305386,"totpop":30500.1701241,"country_id":"HND","targetpop":2756.5441589,"new_mean":0.1173262,"totalarea":787.8835902}},{"type":"MultiPolygon","arcs":[[[391,392,393]],[[394,395,396]]],"properties":{"name":"Las Vegas","gaul_code":17463,"targetarea":22.2686565,"totpop":24396.1561274,"country_id":"HND","targetpop":17639.2697144,"new_mean":0.1298168,"totalarea":124.728187}},{"type":"MultiPolygon","arcs":[[[397,398]],[[-174,399]],[[400]]],"properties":{"name":"Arada","gaul_code":17453,"targetarea":5.5229951,"totpop":10101.644681,"country_id":"HND","targetpop":2766.1050568,"new_mean":0.1149341,"totalarea":107.6490464}},{"type":"Polygon","arcs":[[401]],"properties":{"name":"La Campa","gaul_code":17375,"targetarea":1.962758,"totpop":14602.1813993,"country_id":"HND","targetpop":961.8183899,"new_mean":0.148883,"totalarea":205.3534167}},{"type":"MultiPolygon","arcs":[[[402]],[[403]],[[404]],[[405]],[[406]],[[407]],[[408]],[[409]],[[410]],[[411]],[[412]],[[413]]],"properties":{"name":"Marcovia","gaul_code":17222,"targetarea":28.041959,"totpop":46290.9172602,"country_id":"HND","targetpop":15542.9759216,"new_mean":0.1411614,"totalarea":483.086439}},{"type":"MultiPolygon","arcs":[[[414]],[[415]]],"properties":{"name":"Proteccion","gaul_code":17468,"targetarea":6.263359,"totpop":18150.2238331,"country_id":"HND","targetpop":3184.2285919,"new_mean":0.1206618,"totalarea":154.7073475}},{"type":"Polygon","arcs":[[416]],"properties":{"name":"Jesus De Otoro","gaul_code":17334,"targetarea":11.054304,"totpop":34307.7909517,"country_id":"HND","targetpop":6481.1259155,"new_mean":0.1273155,"totalarea":431.6788379}},{"type":"MultiPolygon","arcs":[[[417,-180]],[[418]],[[419]],[[420]]],"properties":{"name":"Santa Rita","gaul_code":17282,"targetarea":13.4129315,"totpop":34071.8468971,"country_id":"HND","targetpop":8058.7286987,"new_mean":0.1332688,"totalarea":306.8122372}},{"type":"Polygon","arcs":[[421]],"properties":{"name":"Marale","gaul_code":17308,"targetarea":2.2213773,"totpop":13225.9281859,"country_id":"HND","targetpop":1170.8781738,"new_mean":0.123291,"totalarea":470.2588835}},{"type":"Polygon","arcs":[[422]],"properties":{"name":"Concordia","gaul_code":17414,"targetarea":2.5638739,"totpop":9840.0768385,"country_id":"HND","targetpop":1282.8789215,"new_mean":0.1050927,"totalarea":236.9951278}},{"type":"Polygon","arcs":[[423]],"properties":{"name":"Amapala","gaul_code":17481,"targetarea":10.1619826,"totpop":5116.3452501,"country_id":"HND","targetpop":3299.4600964,"new_mean":0.1584237,"totalarea":31.1660091}},{"type":"MultiPolygon","arcs":[[[424]],[[425]]],"properties":{"name":"San Marcos De Colon","gaul_code":17230,"targetarea":13.3968168,"totpop":30769.9990438,"country_id":"HND","targetpop":10696.7395782,"new_mean":0.1313228,"totalarea":609.6789987}},{"type":"Polygon","arcs":[[426]],"properties":{"name":"Gualaco","gaul_code":17418,"targetarea":4.9579108,"totpop":24819.6800345,"country_id":"HND","targetpop":3671.4182281,"new_mean":0.1123241,"totalarea":2218.5303484}},{"type":"MultiPolygon","arcs":[[[427,428,-318]],[[429]],[[430]],[[431]]],"properties":{"name":"Trinidad","gaul_code":17479,"targetarea":19.1443734,"totpop":26806.9953651,"country_id":"HND","targetpop":13567.4847488,"new_mean":0.1168642,"totalarea":206.0098559}},{"type":"Polygon","arcs":[[432,433]],"properties":{"name":"La Esperanza","gaul_code":17335,"targetarea":7.8502594,"totpop":7829.4384711,"country_id":"HND","targetpop":3151.6668243,"new_mean":0.1378186,"totalarea":147.7544327}},{"type":"MultiPolygon","arcs":[[[434]],[[435,436]]],"properties":{"name":"Catacamas","gaul_code":17413,"targetarea":49.9284046,"totpop":196292.869037,"country_id":"HND","targetpop":62292.3804016,"new_mean":0.1013912,"totalarea":8762.6384147}},{"type":"MultiPolygon","arcs":[[[437,438]],[[439,440]],[[441,442,443,444,445,446,447]]],"properties":{"name":"San Francisco  De Yojoa","gaul_code":17293,"targetarea":33.8943204,"totpop":25337.123661,"country_id":"HND","targetpop":18134.5989227,"new_mean":0.1167742,"totalarea":85.2783892}},{"type":"Polygon","arcs":[[448]],"properties":{"name":"San Juan","gaul_code":17340,"targetarea":6.2593761,"totpop":15521.2323704,"country_id":"HND","targetpop":2753.135849,"new_mean":0.1506368,"totalarea":175.1570541}},{"type":"MultiPolygon","arcs":[[[449]],[[450]],[[451]],[[452]],[[453]],[[454]],[[455]]],"properties":{"name":"Trujillo","gaul_code":17241,"targetarea":49.2744281,"totpop":61327.2794548,"country_id":"HND","targetpop":25393.4778748,"new_mean":0.1247612,"totalarea":967.5257458}},{"type":"Polygon","arcs":[[456,457]],"properties":{"name":"Apacilagua","gaul_code":17216,"targetarea":1.819408,"totpop":9766.7417765,"country_id":"HND","targetpop":810.75,"new_mean":0.1305214,"totalarea":215.1984096}},{"type":"MultiPolygon","arcs":[[[458]],[[459]],[[-118,460,461]],[[462,463]],[[464]]],"properties":{"name":"Esquias","gaul_code":17245,"targetarea":13.0002378,"totpop":22747.2798944,"country_id":"HND","targetpop":4478.8850403,"new_mean":0.121593,"totalarea":369.3173883}},{"type":"MultiPolygon","arcs":[[[465]],[[466]]],"properties":{"name":"El Paraiso","gaul_code":17270,"targetarea":10.309856,"totpop":21546.3466721,"country_id":"HND","targetpop":6037.6221314,"new_mean":0.1387096,"totalarea":266.1652919}},{"type":"Polygon","arcs":[[467]],"properties":{"name":"San Luis","gaul_code":17472,"targetarea":5.7913255,"totpop":25237.7570143,"country_id":"HND","targetpop":4146.8940582,"new_mean":0.1302009,"totalarea":400.6314769}},{"type":"Polygon","arcs":[[468]],"properties":{"name":"San Antonio De Flores","gaul_code":17227,"targetarea":0.5688001,"totpop":5279.7729263,"country_id":"HND","targetpop":228.2902069,"new_mean":0.1388969,"totalarea":51.7556383}},{"type":"MultiPolygon","arcs":[[[469]],[[470]],[[471]],[[472]],[[473]],[[474]],[[475,-441]],[[476,-438,477]],[[478,479]],[[480]],[[481]],[[482]],[[483,484,-442,485,486],[487]],[[488]],[[489]],[[490,491]]],"properties":{"name":"Santa Cruz De Yojoa","gaul_code":17296,"targetarea":74.775599,"totpop":86345.4341168,"country_id":"HND","targetpop":38608.2225113,"new_mean":0.1136181,"totalarea":779.1694915}},{"type":"Polygon","arcs":[[492]],"properties":{"name":"Guarita","gaul_code":17374,"targetarea":1.7028012,"totpop":8353.8760328,"country_id":"HND","targetpop":761.2263641,"new_mean":0.1497923,"totalarea":167.2680278}},{"type":"MultiPolygon","arcs":[[[493,-154,-312]],[[494]],[[-151,495,496]],[[497]]],"properties":{"name":"Gualcince","gaul_code":17373,"targetarea":5.2322082,"totpop":15521.5790539,"country_id":"HND","targetpop":2090.7319031,"new_mean":0.148198,"totalarea":165.0920842}},{"type":"Polygon","arcs":[[498]],"properties":{"name":"El Paraiso","gaul_code":17437,"targetarea":26.4116676,"totpop":52529.215281,"country_id":"HND","targetpop":27437.0193787,"new_mean":0.1136895,"totalarea":388.8920119}},{"type":"Polygon","arcs":[[499]],"properties":{"name":"Alubaren","gaul_code":17298,"targetarea":1.0668073,"totpop":5365.0156174,"country_id":"HND","targetpop":642.3041382,"new_mean":0.1529757,"totalarea":46.1111396}},{"type":"MultiPolygon","arcs":[[[500]],[[501]]],"properties":{"name":"San Francisco","gaul_code":17384,"targetarea":2.8334065,"totpop":10643.6149979,"country_id":"HND","targetpop":1138.3397369,"new_mean":0.1543792,"totalarea":143.7082162}},{"type":"MultiPolygon","arcs":[[[-97,502,-278]],[[503,-280]],[[504,-282]],[[505]]],"properties":{"name":"Azacualpa","gaul_code":17455,"targetarea":20.6906443,"totpop":27567.7934947,"country_id":"HND","targetpop":15315.3855438,"new_mean":0.1290107,"totalarea":214.8920889}},{"type":"MultiPolygon","arcs":[[[506]],[[507]],[[508]],[[509]],[[510]],[[511]],[[-461,-117,512]]],"properties":{"name":"San Jeronimo","gaul_code":17255,"targetarea":17.7828415,"totpop":24944.5284824,"country_id":"HND","targetpop":7383.0795136,"new_mean":0.1230171,"totalarea":214.4096132}},{"type":"MultiPolygon","arcs":[[[513]],[[514]],[[515]],[[516]],[[517]],[[518]],[[519]],[[-243,520]]],"properties":{"name":"Omoa","gaul_code":17288,"targetarea":41.7848671,"totpop":46780.3011165,"country_id":"HND","targetpop":25366.7914734,"new_mean":0.1386186,"totalarea":383.8208128}},{"type":"Polygon","arcs":[[521,522,-8,523]],"properties":{"name":"Guinope","gaul_code":17438,"targetarea":3.8073334,"totpop":9559.7190762,"country_id":"HND","targetpop":1273.30867,"new_mean":0.1191342,"totalarea":197.4178997}},{"type":"MultiPolygon","arcs":[[[524,-205]],[[-265,-4,525]]],"properties":{"name":"Veracruz","gaul_code":17285,"targetarea":1.317056,"totpop":3965.6973705,"country_id":"HND","targetpop":211.5840759,"new_mean":0.1121999,"totalarea":33.9268668}},{"type":"Polygon","arcs":[[526,527]],"properties":{"name":"Tambla","gaul_code":17391,"targetarea":3.8178424,"totpop":5168.984602,"country_id":"HND","targetpop":2156.9295349,"new_mean":0.1638843,"totalarea":62.0048005}},{"type":"Polygon","arcs":[[528,529]],"properties":{"name":"San Matias","gaul_code":17446,"targetarea":1.132057,"totpop":4000.8280587,"country_id":"HND","targetpop":877.3326111,"new_mean":0.122747,"totalarea":112.4817432}},{"type":"MultiPolygon","arcs":[[[530,-175]],[[531,-393]],[[-396,532]],[[533]],[[534,-333,535]]],"properties":{"name":"Santa Barbara","gaul_code":17477,"targetarea":29.8015073,"totpop":52107.3377056,"country_id":"HND","targetpop":25095.4631119,"new_mean":0.1172469,"totalarea":303.8629582}},{"type":"Polygon","arcs":[[536]],"properties":{"name":"Jose Santos Guardiola","gaul_code":17346,"targetarea":10.0609585,"totpop":6742.1740274,"country_id":"HND","targetpop":4165.5525284,"new_mean":0.1392196,"totalarea":71.0809876}},{"type":"MultiPolygon","arcs":[[[537,538,539]],[[540]],[[541]],[[-330,542]],[[543]],[[544]]],"properties":{"name":"Atima","gaul_code":17454,"targetarea":14.4488173,"totpop":26491.9240627,"country_id":"HND","targetpop":6140.1845398,"new_mean":0.1306123,"totalarea":194.6044793}},{"type":"MultiPolygon","arcs":[[[545]],[[546]],[[547]]],"properties":{"name":"Juticalpa","gaul_code":17423,"targetarea":38.0315899,"totpop":151651.213968,"country_id":"HND","targetpop":74224.9582672,"new_mean":0.1011159,"totalarea":2677.9316467}},{"type":"MultiPolygon","arcs":[[[548]],[[549]],[[550,-131]],[[551]]],"properties":{"name":"La Ceiba","gaul_code":17212,"targetarea":83.9092287,"totpop":215452.101406,"country_id":"HND","targetpop":199282.644819,"new_mean":0.144443,"totalarea":645.7592704}},{"type":"MultiPolygon","arcs":[[[552]],[[-254,553]],[[554,555]]],"properties":{"name":"Ajuterique","gaul_code":17242,"targetarea":16.9572054,"totpop":14079.1326637,"country_id":"HND","targetpop":7977.616806,"new_mean":0.1287972,"totalarea":58.9500896}},{"type":"MultiPolygon","arcs":[[[556]],[[557]],[[558]],[[559]],[[560]],[[561]],[[562]],[[563]],[[564]],[[565]]],"properties":{"name":"Balfate","gaul_code":17232,"targetarea":21.3739878,"totpop":48638.013016,"country_id":"HND","targetpop":11949.975647,"new_mean":0.1418256,"totalarea":920.9533989}},{"type":"Polygon","arcs":[[566]],"properties":{"name":"Roatan","gaul_code":17347,"targetarea":21.0361105,"totpop":28746.6999493,"country_id":"HND","targetpop":26167.0957108,"new_mean":0.1412064,"totalarea":89.221372}},{"type":"MultiPolygon","arcs":[[[567]],[[568]]],"properties":{"name":"Teupasenti","gaul_code":17448,"targetarea":9.6703904,"totpop":48226.5296559,"country_id":"HND","targetpop":7572.2459717,"new_mean":0.1082292,"totalarea":667.9882296}},{"type":"Polygon","arcs":[[569]],"properties":{"name":"San Jose De Comayagua","gaul_code":17256,"targetarea":3.2794451,"totpop":9621.5404415,"country_id":"HND","targetpop":1766.8430328,"new_mean":0.1290254,"totalarea":85.6813553}},{"type":"MultiPolygon","arcs":[[[570]],[[571]]],"properties":{"name":"Petoa","gaul_code":17467,"targetarea":5.7681803,"totpop":14419.9576316,"country_id":"HND","targetpop":2902.6183319,"new_mean":0.1195872,"totalarea":210.9039547}},{"type":"MultiPolygon","arcs":[[[572]],[[573,574,575,576]],[[577,-52,578,579]],[[580,-57,581]],[[582,583,584]]],"properties":{"name":"San Manuel","gaul_code":17294,"targetarea":61.7569585,"totpop":56992.2346916,"country_id":"HND","targetpop":47356.382782,"new_mean":0.1125135,"totalarea":134.47099}},{"type":"MultiPolygon","arcs":[[[585,-248]],[[586]]],"properties":{"name":"Colomoncagua","gaul_code":17330,"targetarea":9.009768,"totpop":15541.8807788,"country_id":"HND","targetpop":2751.1585083,"new_mean":0.1550531,"totalarea":168.2348294}},{"type":"Polygon","arcs":[[587]],"properties":{"name":"Magdalena","gaul_code":17336,"targetarea":1.0160436,"totpop":4208.8114433,"country_id":"HND","targetpop":750.0524292,"new_mean":0.1533001,"totalarea":38.3816912}},{"type":"MultiPolygon","arcs":[[[588]],[[-212,589]],[[590]],[[591]]],"properties":{"name":"El Porvenir","gaul_code":17302,"targetarea":8.8662257,"totpop":21691.1919169,"country_id":"HND","targetpop":5371.5646667,"new_mean":0.1228938,"totalarea":413.5077663}},{"type":"MultiPolygon","arcs":[[[592]],[[593,-307,594]],[[-77,-309,595]]],"properties":{"name":"San Buenaventura","gaul_code":17315,"targetarea":5.3334583,"totpop":4606.9084806,"country_id":"HND","targetpop":1712.6237946,"new_mean":0.1364449,"totalarea":67.2161195}},{"type":"MultiPolygon","arcs":[[[596]],[[597]],[[598]],[[599,600]]],"properties":{"name":"El Triunfo","gaul_code":17221,"targetarea":42.2664548,"totpop":46122.9020023,"country_id":"HND","targetpop":20544.3969269,"new_mean":0.1256025,"totalarea":299.2201469}},{"type":"MultiPolygon","arcs":[[[601,602,603,604]],[[605]],[[606]],[[607,608,-54,609,-584,610]],[[611]],[[612,-340,613]],[[614]],[[615]],[[616]],[[617]],[[618]]],"properties":{"name":"El Progreso","gaul_code":17491,"targetarea":152.4738768,"totpop":208077.106943,"country_id":"HND","targetpop":166992.39959,"new_mean":0.1239814,"totalarea":548.8361506}},{"type":"Polygon","arcs":[[619]],"properties":{"name":"San Manuel Del Colohete","gaul_code":17386,"targetarea":4.9709596,"totpop":16142.3808975,"country_id":"HND","targetpop":1910.3616486,"new_mean":0.1456855,"totalarea":172.453647}},{"type":"Polygon","arcs":[[620]],"properties":{"name":"Alauca","gaul_code":17435,"targetarea":1.1815125,"totpop":8198.2527938,"country_id":"HND","targetpop":668.5978699,"new_mean":0.1220977,"totalarea":179.5388172}},{"type":"Polygon","arcs":[[621,-528]],"properties":{"name":"Tomala","gaul_code":17392,"targetarea":0.5237473,"totpop":3604.1889849,"country_id":"HND","targetpop":239.0764771,"new_mean":0.1586622,"totalarea":43.5933219}},{"type":"MultiPolygon","arcs":[[[622]],[[623]],[[624,625]],[[626]],[[627]]],"properties":{"name":"San Lorenzo","gaul_code":17488,"targetarea":37.6253842,"totpop":44285.131361,"country_id":"HND","targetpop":32756.3575974,"new_mean":0.1536457,"totalarea":180.372717}},{"type":"Polygon","arcs":[[628]],"properties":{"name":"San Marcos De Sierra","gaul_code":17341,"targetarea":2.3858349,"totpop":9323.1814852,"country_id":"HND","targetpop":779.5366669,"new_mean":0.1489062,"totalarea":142.4306833}},{"type":"Polygon","arcs":[[629]],"properties":{"name":"Utila","gaul_code":17348,"targetarea":4.4765267,"totpop":4446.574007,"country_id":"HND","targetpop":1604.5066681,"new_mean":0.1428319,"totalarea":42.0836706}},{"type":"Polygon","arcs":[[630,631]],"properties":{"name":"Humuya","gaul_code":17246,"targetarea":0.6085963,"totpop":556.9644005,"country_id":"HND","targetpop":0,"new_mean":0.1444508,"totalarea":48.6840578}},{"type":"MultiPolygon","arcs":[[[632]],[[633,-556]],[[634]],[[635]],[[636]],[[637,-258,-379,-22,638,-26,639]],[[640]],[[641]],[[642]]],"properties":{"name":"Comayagua","gaul_code":17243,"targetarea":126.3168471,"totpop":184279.60629,"country_id":"HND","targetpop":137621.190666,"new_mean":0.1212852,"totalarea":791.4615177}},{"type":"MultiPolygon","arcs":[[[643]],[[644,645]]],"properties":{"name":"San Francisco Del Valle","gaul_code":17406,"targetarea":15.954382,"totpop":17926.825758,"country_id":"HND","targetpop":9942.7770386,"new_mean":0.1382309,"totalarea":106.2435897}},{"type":"MultiPolygon","arcs":[[[646,-93,647]],[[648]]],"properties":{"name":"Chinacla","gaul_code":17352,"targetarea":5.0192935,"totpop":8047.9594231,"country_id":"HND","targetpop":1461.7298584,"new_mean":0.1418817,"totalarea":60.1257333}},{"type":"Polygon","arcs":[[649]],"properties":{"name":"San Lucas","gaul_code":17445,"targetarea":2.3664746,"totpop":7919.2969661,"country_id":"HND","targetpop":1197.5104981,"new_mean":0.1320902,"totalarea":123.7008909}},{"type":"MultiPolygon","arcs":[[[650]],[[-152,-497,651]]],"properties":{"name":"Piraera","gaul_code":17382,"targetarea":1.1979645,"totpop":13948.3043404,"country_id":"HND","targetpop":466.0644684,"new_mean":0.1505833,"totalarea":175.7266026}},{"type":"MultiPolygon","arcs":[[[652]],[[653]],[[654,-43]],[[655]],[[656]],[[657]],[[658]],[[659]],[[660]]],"properties":{"name":"Yoro","gaul_code":17499,"targetarea":28.5261388,"totpop":109112.666043,"country_id":"HND","targetpop":32639.2617569,"new_mean":0.1184614,"totalarea":2253.1784085}},{"type":"Polygon","arcs":[[661]],"properties":{"name":"San  Antonio Del Norte","gaul_code":17359,"targetarea":0.5682862,"totpop":2564.9372473,"country_id":"HND","targetpop":327.584259,"new_mean":0.1586397,"totalarea":69.137501}},{"type":"MultiPolygon","arcs":[[[662]],[[663,664]]],"properties":{"name":"Yuscaran","gaul_code":17452,"targetarea":3.2599973,"totpop":13948.5001702,"country_id":"HND","targetpop":2180.3651276,"new_mean":0.1201916,"totalarea":326.1228208}},{"type":"MultiPolygon","arcs":[[[665]],[[666]]],"properties":{"name":"Liure","gaul_code":17440,"targetarea":3.4495768,"totpop":9626.9941807,"country_id":"HND","targetpop":1643.0723419,"new_mean":0.1293771,"totalarea":85.0314998}},{"type":"Polygon","arcs":[[667,668]],"properties":{"name":"Yarula","gaul_code":17367,"targetarea":15.1221254,"totpop":13115.0990582,"country_id":"HND","targetpop":5143.6451569,"new_mean":0.1326425,"totalarea":99.7004254}},{"type":"MultiPolygon","arcs":[[[669]],[[670]]],"properties":{"name":"Concepcion","gaul_code":17331,"targetarea":4.628685,"totpop":10072.8510957,"country_id":"HND","targetpop":2125.6856232,"new_mean":0.1548075,"totalarea":84.2635037}},{"type":"MultiPolygon","arcs":[[[671]],[[672,-366,673]],[[674]],[[675]],[[676]],[[677]],[[678]]],"properties":{"name":"El Rosario","gaul_code":17244,"targetarea":12.7335784,"totpop":31365.1847134,"country_id":"HND","targetpop":4839.9014435,"new_mean":0.1292915,"totalarea":274.5673787}},{"type":"MultiPolygon","arcs":[[[679]],[[680]],[[681,-138,682,-433]]],"properties":{"name":"Intibuca","gaul_code":17333,"targetarea":40.5749653,"totpop":71761.8954206,"country_id":"HND","targetpop":34658.598053,"new_mean":0.1327647,"totalarea":518.7029621}},{"type":"MultiPolygon","arcs":[[[-447,683]],[[-485,684,-443]],[[685,-445]],[[686]],[[687]],[[688]]],"properties":{"name":"San Antonio De Cortes","gaul_code":17292,"targetarea":14.3913987,"totpop":25445.4528999,"country_id":"HND","targetpop":10315.1924744,"new_mean":0.1223813,"totalarea":219.9822872}},{"type":"MultiPolygon","arcs":[[[689,-664]],[[690]],[[691,692]]],"properties":{"name":"Moroceli","gaul_code":17441,"targetarea":10.9488027,"totpop":22310.4885283,"country_id":"HND","targetpop":3514.7316284,"new_mean":0.1173154,"totalarea":359.9990486}},{"type":"MultiPolygon","arcs":[[[693]],[[694]],[[695]],[[696]],[[697]],[[698,699,700]],[[701]]],"properties":{"name":"Concepcion De Maria","gaul_code":17218,"targetarea":28.7777073,"totpop":27671.1366196,"country_id":"HND","targetpop":10918.4191895,"new_mean":0.1344695,"totalarea":161.631414}},{"type":"MultiPolygon","arcs":[[[702,703]],[[704,705,706]]],"properties":{"name":"Nueva Ocotepeque","gaul_code":17404,"targetarea":9.349327,"totpop":9304.5036931,"country_id":"HND","targetpop":4401.437149,"new_mean":0.1342332,"totalarea":138.1563365}},{"type":"MultiPolygon","arcs":[[[707]],[[708]],[[709]],[[710]],[[711]],[[712,-539,713]],[[714]]],"properties":{"name":"Lepaera","gaul_code":17380,"targetarea":32.9839651,"totpop":42849.9571686,"country_id":"HND","targetpop":14539.6797791,"new_mean":0.1115031,"totalarea":309.6707633}},{"type":"MultiPolygon","arcs":[[[715]],[[716]],[[717]],[[718]],[[719]],[[720]],[[721]],[[722]],[[723]],[[724]],[[725]],[[-222,726]],[[-219,727,728]]],"properties":{"name":"Olanchito","gaul_code":17494,"targetarea":68.9160875,"totpop":128673.157589,"country_id":"HND","targetpop":67417.494503,"new_mean":0.1122962,"totalarea":2144.3231277}},{"type":"Polygon","arcs":[[729]],"properties":{"name":"Limon","gaul_code":17235,"targetarea":2.6355579,"totpop":16053.0066142,"country_id":"HND","targetpop":1891.1994476,"new_mean":0.1197924,"totalarea":629.8128223}},{"type":"MultiPolygon","arcs":[[[730,731]],[[732]],[[733,734]],[[735]],[[736]],[[737]]],"properties":{"name":"Nueva Arcadia","gaul_code":17274,"targetarea":37.7430751,"totpop":47463.2619171,"country_id":"HND","targetpop":33195.6666527,"new_mean":0.0995055,"totalarea":155.8889191}},{"type":"Polygon","arcs":[[738]],"properties":{"name":"Gualala","gaul_code":17461,"targetarea":1.9266485,"totpop":5227.8695984,"country_id":"HND","targetpop":761.684021,"new_mean":0.1169752,"totalarea":64.118448}},{"type":"MultiPolygon","arcs":[[[739,740]],[[741,742]]],"properties":{"name":"Santa Ana De Yusguare","gaul_code":17231,"targetarea":15.9688396,"totpop":15683.5979252,"country_id":"HND","targetpop":8458.9560242,"new_mean":0.1356381,"totalarea":74.292118}},{"type":"MultiPolygon","arcs":[[[-200,743]],[[744,-202]]],"properties":{"name":"San Juan De Opoa","gaul_code":17279,"targetarea":16.0988876,"totpop":12147.260107,"country_id":"HND","targetpop":6413.6898956,"new_mean":0.1165378,"totalarea":74.7045693}},{"type":"Polygon","arcs":[[745]],"properties":{"name":"Reitoca","gaul_code":17312,"targetarea":1.9791676,"totpop":11329.1297975,"country_id":"HND","targetpop":1099.7348023,"new_mean":0.1541863,"totalarea":192.2101039}},{"type":"MultiPolygon","arcs":[[[-693,746]],[[747]],[[-384,-73,748]]],"properties":{"name":"Villa De San Francisco","gaul_code":17326,"targetarea":10.0122388,"totpop":11738.8528163,"country_id":"HND","targetpop":7170.0275421,"new_mean":0.1282971,"totalarea":88.3251177}},{"type":"MultiPolygon","arcs":[[[749,750]],[[751]],[[752]]],"properties":{"name":"San Francisco","gaul_code":17214,"targetarea":14.4354196,"totpop":23240.6336532,"country_id":"HND","targetpop":15202.1486206,"new_mean":0.1420725,"totalarea":281.4530528}},{"type":"Polygon","arcs":[[753]],"properties":{"name":"Pespire","gaul_code":17226,"targetarea":2.0472149,"totpop":25082.4676666,"country_id":"HND","targetpop":961.0892944,"new_mean":0.1368263,"totalarea":340.308431}},{"type":"MultiPolygon","arcs":[[[754,-64]],[[755]],[[756,757,-79,758]]],"properties":{"name":"Tatumbla","gaul_code":17323,"targetarea":12.026628,"totpop":9658.8947444,"country_id":"HND","targetpop":4172.9985046,"new_mean":0.1191325,"totalarea":78.6470761}},{"type":"Polygon","arcs":[[-603,759,-164,760,-491,761]],"properties":{"name":"Santa Rita","gaul_code":17495,"targetarea":16.0824369,"totpop":23712.0943143,"country_id":"HND","targetpop":17239.4407806,"new_mean":0.1159562,"totalarea":118.0293423}},{"type":"Polygon","arcs":[[762]],"properties":{"name":"San Isidro","gaul_code":17339,"targetarea":1.130699,"totpop":6058.0335712,"country_id":"HND","targetpop":518.4112244,"new_mean":0.1360612,"totalarea":87.3817543}},{"type":"MultiPolygon","arcs":[[[763]],[[-90,764]],[[765]]],"properties":{"name":"Arizona","gaul_code":17209,"targetarea":17.2348484,"totpop":24958.8718544,"country_id":"HND","targetpop":10290.0970459,"new_mean":0.1440195,"totalarea":489.6954555}},{"type":"MultiPolygon","arcs":[[[766]],[[767]]],"properties":{"name":"Alianza","gaul_code":17480,"targetarea":1.1383801,"totpop":7043.4538608,"country_id":"HND","targetpop":568.2550049,"new_mean":0.1524159,"totalarea":205.1795}},{"type":"MultiPolygon","arcs":[[[768,769]],[[-172,770]]],"properties":{"name":"Corquin","gaul_code":17266,"targetarea":14.7610843,"totpop":20484.0901146,"country_id":"HND","targetpop":6384.2144165,"new_mean":0.1325496,"totalarea":137.3808619}},{"type":"MultiPolygon","arcs":[[[-600,771]],[[-700,772]],[[773,-740]],[[774]],[[775]]],"properties":{"name":"El Corpus","gaul_code":17220,"targetarea":10.6095855,"totpop":25317.3725243,"country_id":"HND","targetpop":3970.5252685,"new_mean":0.1383033,"totalarea":237.8460102}},{"type":"MultiPolygon","arcs":[[[-325,776]],[[777]]],"properties":{"name":"La Union","gaul_code":17273,"targetarea":11.3906998,"totpop":21730.1681805,"country_id":"HND","targetpop":4734.8175201,"new_mean":0.1319098,"totalarea":231.8210468}},{"type":"MultiPolygon","arcs":[[[778]],[[779]],[[-122,780]]],"properties":{"name":"Las Lajas","gaul_code":17250,"targetarea":15.8126279,"totpop":17443.8949645,"country_id":"HND","targetpop":6873.7709656,"new_mean":0.1182679,"totalarea":155.8081436}},{"type":"MultiPolygon","arcs":[[[781]],[[782]]],"properties":{"name":"Oropoli","gaul_code":17442,"targetarea":1.1368715,"totpop":6487.762877,"country_id":"HND","targetpop":732.2500916,"new_mean":0.1267466,"totalarea":166.4805931}},{"type":"Polygon","arcs":[[783]],"properties":{"name":"Campamento","gaul_code":17412,"targetarea":7.0029645,"totpop":24360.9404726,"country_id":"HND","targetpop":8559.5266418,"new_mean":0.1051113,"totalarea":381.0791796}},{"type":"Polygon","arcs":[[784]],"properties":{"name":"Langue","gaul_code":17485,"targetarea":7.4814304,"totpop":21085.745163,"country_id":"HND","targetpop":4834.6086578,"new_mean":0.1497004,"totalarea":133.9272351}},{"type":"MultiPolygon","arcs":[[[-331,-535,785]],[[786,-334]]],"properties":{"name":"Nuevo Celilac","gaul_code":17466,"targetarea":6.8650125,"totpop":15400.2124996,"country_id":"HND","targetpop":4232.923111,"new_mean":0.1182422,"totalarea":151.3053833}},{"type":"MultiPolygon","arcs":[[[787]],[[-437,788]]],"properties":{"name":"Santa Maria Del Real","gaul_code":17432,"targetarea":10.8120103,"totpop":12890.4056914,"country_id":"HND","targetpop":5059.6900482,"new_mean":0.1021123,"totalarea":232.0177345}},{"type":"Polygon","arcs":[[789,-99]],"properties":{"name":"San Marcos","gaul_code":17473,"targetarea":6.0135143,"totpop":14723.4542696,"country_id":"HND","targetpop":4123.435791,"new_mean":0.1144322,"totalarea":222.227937}},{"type":"Polygon","arcs":[[790,791,-707,792,-703]],"properties":{"name":"Sinuapa","gaul_code":17411,"targetarea":13.2260185,"totpop":25120.5402069,"country_id":"HND","targetpop":17112.3426819,"new_mean":0.1352532,"totalarea":127.4740762}},{"type":"MultiPolygon","arcs":[[[-458,793]],[[794]],[[795]],[[796]]],"properties":{"name":"Orocuina","gaul_code":17225,"targetarea":13.2245712,"totpop":18306.9891319,"country_id":"HND","targetpop":5545.9869232,"new_mean":0.1334374,"totalarea":118.3131717}},{"type":"MultiPolygon","arcs":[[[-792,797,-705]],[[798]],[[799]],[[-1,800]]],"properties":{"name":"Concepcion","gaul_code":17397,"targetarea":2.6316232,"totpop":7152.668663,"country_id":"HND","targetpop":646.6621094,"new_mean":0.1313205,"totalarea":131.2992753}},{"type":"MultiPolygon","arcs":[[[801]],[[-770,802]]],"properties":{"name":"Belen Gualcho","gaul_code":17396,"targetarea":13.2613569,"totpop":16130.2349892,"country_id":"HND","targetpop":5761.4040451,"new_mean":0.1451732,"totalarea":159.3730853}},{"type":"MultiPolygon","arcs":[[[803]],[[-398,804]],[[805]]],"properties":{"name":"El Nispero","gaul_code":17460,"targetarea":7.6198602,"totpop":9644.5107727,"country_id":"HND","targetpop":3722.7408447,"new_mean":0.1175018,"totalarea":78.9184689}},{"type":"MultiPolygon","arcs":[[[806]],[[807]],[[808,-734]]],"properties":{"name":"La Jigua","gaul_code":17272,"targetarea":9.4523754,"totpop":13727.296175,"country_id":"HND","targetpop":4712.7488861,"new_mean":0.0971313,"totalarea":115.8599211}},{"type":"Polygon","arcs":[[809]],"properties":{"name":"San Agustin","gaul_code":17275,"targetarea":1.116405,"totpop":6828.0477333,"country_id":"HND","targetpop":661.6357422,"new_mean":0.1339612,"totalarea":62.2356415}},{"type":"MultiPolygon","arcs":[[[810]],[[811]],[[812]],[[813,814,815,816,817,-576,818,-580,819,-193,820]]],"properties":{"name":"Villanueva","gaul_code":17297,"targetarea":97.6413998,"totpop":190622.257151,"country_id":"HND","targetpop":170708.442814,"new_mean":0.1176657,"totalarea":347.7182963}},{"type":"Polygon","arcs":[[821]],"properties":{"name":"Dulce Nombre De Culmi","gaul_code":17415,"targetarea":7.1217756,"totpop":32837.362758,"country_id":"HND","targetpop":3435.2551269,"new_mean":0.099151,"totalarea":2937.2448626}},{"type":"MultiPolygon","arcs":[[[822]],[[823]],[[824]],[[825]],[[826]],[[827]]],"properties":{"name":"Nacaome","gaul_code":17486,"targetarea":39.4043197,"totpop":67052.7167525,"country_id":"HND","targetpop":25233.6964874,"new_mean":0.1499109,"totalarea":664.5937892}},{"type":"Polygon","arcs":[[828]],"properties":{"name":"Silca","gaul_code":17433,"targetarea":4.1828589,"totpop":8211.1351414,"country_id":"HND","targetpop":2146.6342926,"new_mean":0.1069603,"totalarea":233.4673151}},{"type":"MultiPolygon","arcs":[[[829,-19]],[[830]]],"properties":{"name":"Dolores","gaul_code":17268,"targetarea":7.717097,"totpop":7872.3981342,"country_id":"HND","targetpop":3545.674881,"new_mean":0.1128367,"totalarea":47.2367095}},{"type":"MultiPolygon","arcs":[[[831]],[[832]],[[833]],[[-245,834,-196,835]]],"properties":{"name":"Choloma","gaul_code":17286,"targetarea":199.9939253,"totpop":273964.903507,"country_id":"HND","targetpop":247543.734222,"new_mean":0.1211664,"totalarea":433.5061141}},{"type":"MultiPolygon","arcs":[[[836]],[[837]],[[838]]],"properties":{"name":"Taulabe","gaul_code":17261,"targetarea":18.6661689,"totpop":27360.7277479,"country_id":"HND","targetpop":10869.6012878,"new_mean":0.1281715,"totalarea":219.1955569}},{"type":"Polygon","arcs":[[-732,839]],"properties":{"name":"San Nicolas","gaul_code":17280,"targetarea":1.8635936,"totpop":6826.9018745,"country_id":"HND","targetpop":866.9724426,"new_mean":0.1056321,"totalarea":78.9732134}},{"type":"Polygon","arcs":[[840,-645]],"properties":{"name":"San Marcos","gaul_code":17408,"targetarea":7.8230204,"totpop":17909.7225761,"country_id":"HND","targetpop":4460.2378998,"new_mean":0.1416677,"totalarea":169.4825779}},{"type":"MultiPolygon","arcs":[[[-728,-218,841]],[[842,-224,-349]],[[843]],[[844]],[[845]],[[846]],[[847]]],"properties":{"name":"Sonaguera","gaul_code":17239,"targetarea":28.2581411,"totpop":49192.6213531,"country_id":"HND","targetpop":21733.9798279,"new_mean":0.1309136,"totalarea":446.6947131}},{"type":"Polygon","arcs":[[848]],"properties":{"name":"Nueva Armenia","gaul_code":17309,"targetarea":0.5686034,"totpop":4333.1288424,"country_id":"HND","targetpop":238.5122833,"new_mean":0.1437783,"totalarea":173.3058031}},{"type":"MultiPolygon","arcs":[[[849,-463]],[[850]],[[851]],[[852]]],"properties":{"name":"San Luis","gaul_code":17258,"targetarea":18.0513982,"totpop":15807.4569778,"country_id":"HND","targetpop":7622.9573822,"new_mean":0.1235895,"totalarea":119.2382531}},{"type":"MultiPolygon","arcs":[[[853]],[[854]],[[855]],[[856]],[[857,-743]],[[858]],[[859]],[[860]],[[861]]],"properties":{"name":"Choluteca","gaul_code":17217,"targetarea":113.8046953,"totpop":165314.133295,"country_id":"HND","targetpop":80253.1698608,"new_mean":0.1389092,"totalarea":1082.8377658}},{"type":"Polygon","arcs":[[-669,862]],"properties":{"name":"Santa Elena","gaul_code":17364,"targetarea":9.9206776,"totpop":11797.8535776,"country_id":"HND","targetpop":4264.1687012,"new_mean":0.138597,"totalarea":153.0838996}},{"type":"MultiPolygon","arcs":[[[863,-529,864]],[[865]],[[866]],[[867]],[[868]],[[869]],[[870]],[[871]],[[872]],[[873]]],"properties":{"name":"Danli","gaul_code":17436,"targetarea":61.484265,"totpop":235576.522242,"country_id":"HND","targetpop":85607.0631104,"new_mean":0.1121729,"totalarea":2556.0423625}},{"type":"MultiPolygon","arcs":[[[874,-815]],[[-574,875,-817,876,-166,877]]],"properties":{"name":"Pimienta","gaul_code":17289,"targetarea":28.4404364,"totpop":24063.1925278,"country_id":"HND","targetpop":20542.3083725,"new_mean":0.1165789,"totalarea":58.5959855}},{"type":"MultiPolygon","arcs":[[[878]],[[879]],[[-428,-317,880]]],"properties":{"name":"Ilama","gaul_code":17462,"targetarea":4.0247859,"totpop":10142.1498947,"country_id":"HND","targetpop":1570.7500915,"new_mean":0.1318646,"totalarea":182.9121228}},{"type":"MultiPolygon","arcs":[[[881,-522]],[[882]],[[883,-80,-758]],[[884]],[[-82,885]]],"properties":{"name":"San Antonio De Oriente","gaul_code":17314,"targetarea":14.3555712,"totpop":20456.9225016,"country_id":"HND","targetpop":5827.2276764,"new_mean":0.1251122,"totalarea":211.0915934}},{"type":"MultiPolygon","arcs":[[[886]],[[887]]],"properties":{"name":"San Jose","gaul_code":17360,"targetarea":7.9754232,"totpop":10603.5724068,"country_id":"HND","targetpop":2918.9091339,"new_mean":0.1381344,"totalarea":77.0127539}},{"type":"Polygon","arcs":[[888,-135]],"properties":{"name":"Minas De Oro","gaul_code":17253,"targetarea":3.8606728,"totpop":15610.7514757,"country_id":"HND","targetpop":3460.2559815,"new_mean":0.1206768,"totalarea":376.0067312}},{"type":"MultiPolygon","arcs":[[[-251,889]],[[890,-111]]],"properties":{"name":"San Jorge","gaul_code":17407,"targetarea":6.1140236,"totpop":8126.8724289,"country_id":"HND","targetpop":2264.8934479,"new_mean":0.1235425,"totalarea":64.7501214}},{"type":"Polygon","arcs":[[891]],"properties":{"name":"San Sebastian","gaul_code":17388,"targetarea":1.1315274,"totpop":14192.5783367,"country_id":"HND","targetpop":545.7439575,"new_mean":0.154497,"totalarea":230.2301788}},{"type":"MultiPolygon","arcs":[[[892]],[[893]],[[-751,894]]],"properties":{"name":"La Masica","gaul_code":17213,"targetarea":18.9122288,"totpop":29589.6909509,"country_id":"HND","targetpop":16650.9842224,"new_mean":0.1385294,"totalarea":466.7287939}},{"type":"MultiPolygon","arcs":[[[-631,895]],[[896]]],"properties":{"name":"Cane","gaul_code":17351,"targetarea":2.738057,"totpop":5055.7653389,"country_id":"HND","targetpop":1837.8927612,"new_mean":0.1239447,"totalarea":44.7737339}},{"type":"Polygon","arcs":[[897]],"properties":{"name":"La Labor","gaul_code":17401,"targetarea":8.7127517,"totpop":11876.9589958,"country_id":"HND","targetpop":3731.908905,"new_mean":0.1417286,"totalarea":107.6347352}},{"type":"MultiPolygon","arcs":[[[898]],[[899]]],"properties":{"name":"Guayape","gaul_code":17421,"targetarea":4.1638693,"totpop":12085.1960912,"country_id":"HND","targetpop":2243.1125946,"new_mean":0.1116091,"totalarea":416.4446401}}]}},"arcs":[[[-89.2327417,14.5101153],[-89.2273595,14.5129729]],[[-89.2273595,14.5129729],[-89.2274557,14.5135188],[-89.2308963,14.5136368],[-89.2327417,14.5101153]],[[-88.7771246,14.8988059],[-88.7842687,14.8949914]],[[-88.7842687,14.8949914],[-88.7820282,14.8939877]],[[-88.7820282,14.8939877],[-88.7771246,14.8988059]],[[-88.7723718,14.9445338],[-88.7870365,14.9304062],[-88.766667,14.9245835],[-88.7723718,14.9445338]],[[-88.7464424,14.957372],[-88.7527998,14.9385483],[-88.741667,14.9329168],[-88.7319095,14.9525417],[-88.7409587,14.9580607],[-88.7464424,14.957372]],[[-86.987837,13.9278778],[-86.993879,13.9478381]],[[-86.993879,13.9478381],[-87.0001631,13.931041],[-86.987837,13.9278778]],[[-88.3966889,14.8186011],[-88.4069338,14.8237479],[-88.4143233,14.8274603],[-88.4278731,14.8030015],[-88.391667,14.7995835],[-88.3966889,14.8186011]],[[-87.5861901,13.7764105],[-87.59349,13.7691025],[-87.5833337,13.7662502],[-87.5861901,13.7764105]],[[-87.5195235,13.8847438],[-87.5268233,13.8774359],[-87.516667,13.8745835],[-87.5195235,13.8847438]],[[-87.5950036,15.276854],[-87.6024987,15.2625514],[-87.591667,15.2579168],[-87.5950036,15.276854]],[[-87.5750004,15.2829168],[-87.5851566,15.2800644],[-87.5778568,15.2727565],[-87.5750004,15.2829168]],[[-87.5750004,15.2829168],[-87.5648441,15.2857692],[-87.5721439,15.2930771],[-87.5750004,15.2829168]],[[-87.5691329,15.3336777],[-87.5724613,15.3484971],[-87.61342,15.3357977],[-87.6284021,15.3090114],[-87.591667,15.2995835],[-87.5691329,15.3336777]],[[-87.5839929,15.4274359],[-87.6036299,15.4171494],[-87.591667,15.4079168],[-87.5839929,15.4274359]],[[-87.7057051,13.7528672],[-87.7203698,13.7387396],[-87.7000004,13.7329168],[-87.7057051,13.7528672]],[[-88.8183329,14.8477388],[-88.830719,14.8550215],[-88.8319669,14.86239]],[[-88.8319669,14.86239],[-88.8424564,14.8600368],[-88.8534021,14.845429],[-88.816667,14.8412502],[-88.8183329,14.8477388]],[[-87.591667,14.3412502],[-87.5954024,14.3281805],[-87.6192793,14.3311468],[-87.6287032,14.3220729],[-87.5932214,14.3119289],[-87.5732751,14.2870225],[-87.5546309,14.2832708],[-87.5860844,14.3367783],[-87.591667,14.3412502]],[[-87.6391727,14.3570542],[-87.6542816,14.3552675]],[[-87.6542816,14.3552675],[-87.6471863,14.3460941],[-87.6482925,14.3384638],[-87.6420975,14.3324318],[-87.647583,14.3221645],[-87.6452912,14.3169227]],[[-87.6452912,14.3169227],[-87.6322025,14.3259588],[-87.6391727,14.3570542]],[[-87.591667,14.3412502],[-87.5886854,14.3674859]],[[-87.5886854,14.3674859],[-87.6176987,14.3663664],[-87.6255775,14.3628092]],[[-87.6255775,14.3628092],[-87.6034021,14.3545151],[-87.591667,14.3412502]],[[-88.6779377,14.6627556],[-88.6958337,14.6605291],[-88.7128747,14.6626491],[-88.7240808,14.6486598],[-88.7441738,14.6316047]],[[-88.7441738,14.6316047],[-88.7304993,14.6376867],[-88.7196513,14.6349492]],[[-88.7196513,14.6349492],[-88.7183272,14.6395778],[-88.6854543,14.6489772]],[[-88.6854543,14.6489772],[-88.6779377,14.6627556]],[[-88.7361332,14.6801173],[-88.7512699,14.6857163],[-88.739128,14.6608465],[-88.7333337,14.6579168],[-88.7361332,14.6801173]],[[-85.7504724,15.2153997],[-85.7704838,15.227383],[-85.7777999,15.2035142],[-85.7583337,15.1995835],[-85.7504724,15.2153997]],[[-87.1449484,14.3584187],[-87.1435957,14.3701076],[-87.1568818,14.3606881]],[[-87.1568818,14.3606881],[-87.1449484,14.3584187]],[[-87.116667,14.4079168],[-87.1268233,14.4050645],[-87.1195235,14.3977565],[-87.116667,14.4079168]],[[-87.116667,14.4079168],[-87.1112064,14.40504],[-87.1052657,14.3937607],[-87.0769047,14.38004],[-87.055461,14.4210638],[-87.1125899,14.4274603],[-87.116667,14.4079168]],[[-87.0378584,14.4351629],[-87.0524987,14.4279608],[-87.0333337,14.4245835],[-87.0378584,14.4351629]],[[-87.003337,14.4601873],[-87.0108321,14.4458848],[-87.0000004,14.4412502],[-87.003337,14.4601873]],[[-87.0600814,14.462829],[-87.0755218,14.46196]],[[-87.0755218,14.46196],[-87.0777999,14.455215],[-87.066667,14.4495835],[-87.0600814,14.462829]],[[-86.7000004,15.0079168],[-86.7000004,15.0329168],[-86.716667,15.0329168],[-86.716667,15.0079168],[-86.7000004,15.0079168]],[[-87.2674677,15.0580528],[-87.2679214,15.0616741],[-87.2819752,15.0777737]],[[-87.2819752,15.0777737],[-87.2952966,15.0627793],[-87.2674677,15.0580528]],[[-87.841089,14.3120149],[-87.8342667,14.3223019],[-87.8187756,14.3323348]],[[-87.8187756,14.3323348],[-87.8247155,14.3424342],[-87.8537032,14.3135931],[-87.841089,14.3120149]],[[-87.8589929,14.3607692],[-87.8786299,14.3504827],[-87.866667,14.3412502],[-87.8589929,14.3607692]],[[-87.894792,14.3668035],[-87.9193933,14.3625921],[-87.9099857,14.3448268],[-87.891667,14.3412502],[-87.894792,14.3668035]],[[-87.8720672,14.3948233],[-87.8631433,14.3803411],[-87.8581577,14.4071309]],[[-87.8581577,14.4071309],[-87.8630905,14.3996954],[-87.8720672,14.3948233]],[[-87.9500004,15.4079168],[-87.950228,15.4078794]],[[-87.950228,15.4078794],[-87.9501635,15.4069563]],[[-87.9501635,15.4069563],[-87.9500004,15.4079168]],[[-87.8282846,15.4269569],[-87.814965,15.4464335]],[[-87.814965,15.4464335],[-87.8298506,15.4375311],[-87.8282846,15.4269569]],[[-87.9500004,15.4079168],[-87.9319291,15.40664]],[[-87.9319291,15.40664],[-87.9215622,15.4122915],[-87.9001846,15.411128],[-87.8957977,15.4174738],[-87.8844334,15.4166586]],[[-87.8844334,15.4166586],[-87.8881595,15.4201116],[-87.8703454,15.4366196],[-87.8796472,15.4541937],[-87.8789961,15.4705714],[-87.9010911,15.4775662]],[[-87.9010911,15.4775662],[-87.9113998,15.4719419],[-87.9060364,15.4582138],[-87.9113235,15.4478579],[-87.9160156,15.4483538],[-87.9324951,15.4306269],[-87.9429321,15.4323339],[-87.9500275,15.4481153],[-87.9590149,15.4398165],[-87.9601038,15.4323861]],[[-87.9601038,15.4323861],[-87.9545414,15.4346624],[-87.9500004,15.4079168]],[[-83.7736495,15.2777655],[-83.7869633,15.2627793],[-83.7583337,15.2579168],[-83.7736495,15.2777655]],[[-83.7876111,15.4077662],[-83.8153907,15.4179539],[-83.8200687,15.4108628],[-83.7916671,15.3912502],[-83.7876111,15.4077662]],[[-87.1174214,13.904028],[-87.1209069,13.9245632],[-87.1450834,13.9077034],[-87.1448426,13.9074283],[-87.1195337,13.9003817],[-87.1174214,13.904028]],[[-87.1026678,13.9508283],[-87.1085205,13.9538813],[-87.1319275,13.9599295],[-87.1244681,13.9738934]],[[-87.1244681,13.9738934],[-87.1339278,13.9861517],[-87.1452966,13.9671494],[-87.1286299,13.9542873],[-87.1213708,13.9448797],[-87.1000004,13.9412502],[-87.1026678,13.9508283]],[[-87.3583337,14.0412502],[-87.3555342,14.027383],[-87.3494224,14.0242906],[-87.3493047,14.0242311],[-87.3336674,14.0163193],[-87.3222009,14.037938],[-87.3583337,14.0412502]],[[-87.0478742,14.1821489],[-87.0409589,14.2130001]],[[-87.0409589,14.2130001],[-87.0810107,14.2274031]],[[-87.0810107,14.2274031],[-87.0827559,14.2239894],[-87.0684249,14.2019883],[-87.0718916,14.186526],[-87.0591452,14.1777219]],[[-87.0591452,14.1777219],[-87.0478742,14.1821489]],[[-87.017334,14.2274742],[-87.022767,14.2285486]],[[-87.022767,14.2285486],[-87.028101,14.2207708],[-87.0159919,14.2180015]],[[-87.0159919,14.2180015],[-87.017334,14.2274742]],[[-87.2333337,14.2995835],[-87.2522627,14.3063747],[-87.2631677,14.2941676],[-87.262004,14.2745835],[-87.2636397,14.2470688],[-87.2325443,14.2289862],[-87.2167077,14.2634873],[-87.229403,14.2868475],[-87.2333337,14.2995835]],[[-87.3583337,14.0412502],[-87.3495853,14.0525783],[-87.3087081,14.0586208],[-87.2755619,14.0139145],[-87.2952966,13.9986842],[-87.2878015,13.9947576],[-87.2712569,13.9971991],[-87.2630375,13.9865464],[-87.2536179,13.9845587],[-87.2507106,13.9839452],[-87.2130375,13.9759954],[-87.2168699,13.963965]],[[-87.2168699,13.963965],[-87.1988373,13.9580441]],[[-87.1988373,13.9580441],[-87.1947398,13.9575797]],[[-87.1947398,13.9575797],[-87.1630619,14.0048122],[-87.1538903,14.0027533],[-87.1177421,14.0200751]],[[-87.1177421,14.0200751],[-87.111702,14.0280161]],[[-87.111702,14.0280161],[-87.0954819,14.0405598],[-87.0874713,14.0421831]],[[-87.0874713,14.0421831],[-87.0533275,14.0624492]],[[-87.0533275,14.0624492],[-87.0674057,14.0690069],[-87.0700989,14.0787382],[-87.0569534,14.0872068],[-87.0586683,14.0952939]],[[-87.0586683,14.0952939],[-87.0591626,14.0961696]],[[-87.0591626,14.0961696],[-87.0595779,14.0962687]],[[-87.0595779,14.0962687],[-87.078949,14.0950975],[-87.1030655,14.0744019],[-87.1128616,14.0719891],[-87.1196899,14.0834322],[-87.1363602,14.0933237],[-87.1377258,14.1035566],[-87.144165,14.121417],[-87.1395264,14.1379967],[-87.1285706,14.1426964],[-87.09354,14.1641235]],[[-87.09354,14.1641235],[-87.0870772,14.1703314],[-87.08807,14.1953354],[-87.1127527,14.1704982],[-87.1120691,14.2040146],[-87.1304203,14.2036403],[-87.162419,14.1703314],[-87.1795902,14.1706813],[-87.1788985,14.2044989],[-87.1539229,14.2291774],[-87.1542566,14.2456691],[-87.1799157,14.2451483],[-87.2039229,14.2201564],[-87.2421879,14.2209377],[-87.2287683,14.1948919],[-87.2297367,14.1704982],[-87.2547123,14.195779],[-87.2707523,14.2288315],[-87.2877527,14.2370021],[-87.2864343,14.1725409],[-87.312419,14.2121649],[-87.3292484,14.2203354],[-87.3709232,14.2616847],[-87.3707442,14.2704982],[-87.3792484,14.2786688],[-87.3879073,14.2965033],[-87.3872481,14.3285304],[-87.3919519,14.3370021],[-87.4047448,14.310639],[-87.4214034,14.2954982],[-87.4375166,14.3122707],[-87.4457523,14.2990464],[-87.4207523,14.2621649],[-87.4125818,14.2453354],[-87.4037439,14.2368434],[-87.4038497,14.1838649],[-87.370557,14.1620387],[-87.4125818,14.1538315],[-87.4207523,14.1385931],[-87.3691898,14.1285304],[-87.3109704,14.129035],[-87.2792484,14.1063177],[-87.3150394,14.0947048],[-87.3627608,14.0956772],[-87.3540287,14.0787217],[-87.3842696,14.0496649],[-87.3583337,14.0412502]],[[-87.2333337,14.2995835],[-87.1955245,14.3034409],[-87.1872318,14.3130682],[-87.1624027,14.3110703],[-87.1544763,14.3373927],[-87.1449484,14.3584187]],[[-87.1568818,14.3606881],[-87.1788578,14.3451076],[-87.2126062,14.3282049],[-87.2407068,14.360818],[-87.2333337,14.2995835]],[[-87.3308813,15.6677591],[-87.3250004,15.6662502],[-87.3185551,15.6924953],[-87.3206335,15.6975502]],[[-87.3206335,15.6975502],[-87.3308813,15.6677591]],[[-87.1711918,15.7518296],[-87.1858321,15.7446274],[-87.166667,15.7412502],[-87.1711918,15.7518296]],[[-87.2545251,15.7768296],[-87.2691654,15.7696274],[-87.2500004,15.7662502],[-87.2545251,15.7768296]],[[-87.9995579,14.1584555],[-88.0064514,14.174591]],[[-88.0064514,14.174591],[-88.0357344,14.181159],[-88.0534021,14.1696519],[-88.0715987,14.1628485],[-88.0784021,14.1511175],[-88.059709,14.1553086],[-88.0465987,14.1363185],[-88.0246586,14.1211818],[-87.9995579,14.1584555]],[[-88.0256595,14.2107692],[-88.0452966,14.2004827],[-88.0333337,14.1912502],[-88.0256595,14.2107692]],[[-88.4864953,15.2832066],[-88.4833337,15.2829168],[-88.4727136,15.3042873],[-88.4877381,15.306733]],[[-88.4877381,15.306733],[-88.4933243,15.296504]],[[-88.4933243,15.296504],[-88.4864953,15.2832066]],[[-88.4228398,15.2948426],[-88.4131241,15.308959],[-88.4073722,15.3099948]],[[-88.4073722,15.3099948],[-88.4194258,15.3193507],[-88.428101,15.2975897],[-88.4228398,15.2948426]],[[-88.416667,15.3329168],[-88.4268233,15.3300644],[-88.4195235,15.3227565],[-88.416667,15.3329168]],[[-88.3700036,15.3601873],[-88.3774987,15.3458848],[-88.366667,15.3412502],[-88.3700036,15.3601873]],[[-88.2961918,15.3768296],[-88.3108321,15.3696274],[-88.291667,15.3662502],[-88.2961918,15.3768296]],[[-88.1964308,15.3887574],[-88.1953942,15.3785711],[-88.2063317,15.3394272],[-88.1713789,15.3358669],[-88.1712894,15.3540757],[-88.1625809,15.3613122]],[[-88.1625809,15.3613122],[-88.1784134,15.3733215],[-88.1843262,15.3745184],[-88.1905212,15.3855639],[-88.1964308,15.3887574]],[[-88.416667,15.3329168],[-88.3834069,15.3385646],[-88.3881677,15.3707423],[-88.377751,15.3880031],[-88.395378,15.403213],[-88.4202966,15.3838161],[-88.4033044,15.3707017],[-88.4130375,15.3459539],[-88.416667,15.3329168]],[[-88.4557051,15.4362005],[-88.4703698,15.4220729],[-88.4500004,15.4162502],[-88.4557051,15.4362005]],[[-89.091667,14.6745835],[-89.0859623,14.6546331],[-89.0712976,14.6687607],[-89.091667,14.6745835]],[[-89.091667,14.6745835],[-89.0977624,14.694839],[-89.1288578,14.67945],[-89.091667,14.6745835]],[[-89.0614343,14.693776],[-89.0716638,14.6980658],[-89.0777266,14.6861273],[-89.041667,14.6829168],[-89.0438935,14.6943132]],[[-89.0438935,14.6943132],[-89.0592728,14.6906633],[-89.0614343,14.693776]],[[-86.9390385,14.7278672],[-86.9537032,14.7137396],[-86.9333337,14.7079168],[-86.9390385,14.7278672]],[[-86.9878584,14.8351629],[-87.0024987,14.8279608],[-86.9833337,14.8245835],[-86.9878584,14.8351629]],[[-87.2858578,13.9362236],[-87.3032963,13.9388006],[-87.3058842,13.9212876],[-87.2907579,13.9190522]],[[-87.2907579,13.9190522],[-87.2858578,13.9362236]],[[-87.5515621,14.7218054],[-87.558202,14.7210593]],[[-87.558202,14.7210593],[-87.5547867,14.7199125]],[[-87.5547867,14.7199125],[-87.5515621,14.7218054]],[[-87.5948897,14.7620469],[-87.5983565,14.7775172],[-87.6284021,14.7485378],[-87.6000004,14.7412502],[-87.5948897,14.7620469]],[[-87.5214407,14.8170914],[-87.5179277,14.8191978],[-87.5211918,14.8268296],[-87.5358321,14.8196274],[-87.5214407,14.8170914]],[[-87.5677083,14.8770673],[-87.5557133,14.8964504],[-87.5885502,14.9198065],[-87.599384,14.9100507]],[[-87.599384,14.9100507],[-87.5677643,14.879735],[-87.5677083,14.8770673]],[[-88.1541717,14.8093367],[-88.1610448,14.8015298],[-88.1500004,14.7995835],[-88.1541717,14.8093367]],[[-88.3433842,14.6962347],[-88.3633223,14.7063218],[-88.3694665,14.6927638],[-88.3500004,14.6829168],[-88.3433842,14.6962347]],[[-88.4464216,14.7326583],[-88.4419708,14.7262592],[-88.4414664,14.7137462]],[[-88.4414664,14.7137462],[-88.4139182,14.7037526],[-88.41116,14.7031432],[-88.3833337,14.6995835],[-88.3787194,14.7118638],[-88.3798018,14.7224757],[-88.4044926,14.719957],[-88.4233402,14.742654],[-88.4411759,14.73493],[-88.4422745,14.7344542],[-88.443351,14.733988],[-88.4459615,14.7328575],[-88.4464216,14.7326583]],[[-88.8592154,14.9703449],[-88.8623376,14.9848455],[-88.8779545,14.9770046],[-88.8692894,14.9722551],[-88.8592154,14.9703449]],[[-88.8602868,15.029092],[-88.872681,15.0440496],[-88.8861332,15.0201808],[-88.866667,15.0162502],[-88.8602868,15.029092]],[[-85.7438699,15.8957583],[-85.7333337,15.8912502],[-85.7366703,15.9101873],[-85.7438762,15.8964366],[-85.7438699,15.8957583]],[[-86.9000004,15.7245835],[-86.8993219,15.7252122]],[[-86.8993219,15.7252122],[-86.8997874,15.7265836]],[[-86.8997874,15.7265836],[-86.9000004,15.7245835]],[[-86.9000004,15.7245835],[-86.9208907,15.720307],[-86.9290857,15.7288356],[-86.9710778,15.7290106],[-86.987891,15.7115016],[-86.9869307,15.6871649],[-86.9709151,15.7038356],[-86.9540775,15.7034938],[-86.9532719,15.7203354],[-86.9056237,15.6957871],[-86.9000004,15.7245835]],[[-87.3333337,14.7921652],[-87.3333337,14.8079168],[-87.3474519,14.8079168]],[[-87.3474519,14.8079168],[-87.3333337,14.7921652]],[[-88.2390385,14.2945339],[-88.2537032,14.2804062],[-88.2333337,14.2745835],[-88.2390385,14.2945339]],[[-88.2014805,14.3258511],[-88.2204024,14.3169215],[-88.2074562,14.3085626]],[[-88.2074562,14.3085626],[-88.2014805,14.3258511]],[[-88.8555393,14.8174464],[-88.8477543,14.820779],[-88.8549564,14.8354152],[-88.8580712,14.8177395]],[[-88.8580712,14.8177395],[-88.8555393,14.8174464]],[[-88.8840662,14.8484147],[-88.8583337,14.8412502],[-88.8625736,14.8662298],[-88.8856828,14.8501143],[-88.8840662,14.8484147]],[[-89.1211429,14.8630641],[-89.1509688,14.8606675],[-89.1789392,14.8450628],[-89.2118493,14.8477077],[-89.166667,14.8162502],[-89.1628096,14.8207261],[-89.1410648,14.8304307],[-89.1211429,14.8630641]],[[-89.2222571,14.8839848],[-89.2252197,14.8725529],[-89.2239304,14.8396444],[-89.2177396,14.827713],[-89.2222571,14.8839848]],[[-87.6104577,14.1954046],[-87.6173181,14.2094468],[-87.6361332,14.1927638],[-87.616667,14.1829168],[-87.6104577,14.1954046]],[[-85.8872481,14.3605535],[-85.903101,14.3374375],[-85.8833337,14.3329168],[-85.8872481,14.3605535]],[[-85.8211918,15.7518296],[-85.8358321,15.7446274],[-85.816667,15.7412502],[-85.8211918,15.7518296]],[[-85.7628585,15.7684962],[-85.7774987,15.7612941],[-85.7583337,15.7579168],[-85.7628585,15.7684962]],[[-85.7138757,15.7577581],[-85.7452722,15.7694281],[-85.7531742,15.7370184],[-85.7250004,15.7329168],[-85.7138757,15.7577581]],[[-85.7820235,15.7773219],[-85.7943689,15.7857163],[-85.806877,15.7609889],[-85.791667,15.7579168],[-85.7820235,15.7773219]],[[-88.4759217,14.1111939],[-88.4767477,14.1141322]],[[-88.4767477,14.1141322],[-88.477417,14.1107321]],[[-88.477417,14.1107321],[-88.4759217,14.1111939]],[[-88.4570479,14.2520534],[-88.4784021,14.2318711],[-88.4500004,14.2245835],[-88.4570479,14.2520534]],[[-88.6336899,14.0617571],[-88.6388796,14.0650636]],[[-88.6388796,14.0650636],[-88.640276,14.0601423]],[[-88.640276,14.0601423],[-88.6336899,14.0617571]],[[-88.6890385,14.0695339],[-88.7037032,14.0554062],[-88.6833337,14.0495835],[-88.6890385,14.0695339]],[[-88.5026289,14.692597],[-88.5184899,14.6772772],[-88.5000004,14.6745835],[-88.5026289,14.692597]],[[-88.4896509,14.7040853],[-88.4803796,14.7247869],[-88.4892963,14.7210699]],[[-88.4892963,14.7210699],[-88.4896509,14.7040853]],[[-88.4464216,14.7326583],[-88.4704512,14.7222519],[-88.4414664,14.7137462]],[[-88.4711918,14.7518296],[-88.4858321,14.7446274],[-88.466667,14.7412502],[-88.4711918,14.7518296]],[[-88.5073969,14.7845231],[-88.5118306,14.7839567],[-88.5194665,14.7695623],[-88.4833337,14.7662502],[-88.4894942,14.7784206],[-88.5073969,14.7845231]],[[-87.9061902,15.1822727],[-87.9198914,15.18641],[-87.9171753,15.1939135]],[[-87.9171753,15.1939135],[-87.9288578,15.1890977],[-87.9061902,15.1822727]],[[-87.9465129,15.2372227],[-87.9732819,15.2393885],[-87.9775307,15.2374254]],[[-87.9775307,15.2374254],[-87.9637211,15.1900661],[-87.9465129,15.2372227]],[[-88.778337,14.6185207],[-88.7858321,14.6042181],[-88.7750004,14.5995835],[-88.778337,14.6185207]],[[-88.8552824,14.5862939],[-88.8541173,14.6156145]],[[-88.8541173,14.6156145],[-88.8717957,14.6199255]],[[-88.8717957,14.6199255],[-88.8694106,14.5901821]],[[-88.8694106,14.5901821],[-88.8552824,14.5862939]],[[-88.2828023,14.8463299],[-88.2755049,14.8573716],[-88.3001794,14.8518418],[-88.3033761,14.8480317]],[[-88.3033761,14.8480317],[-88.2828023,14.8463299]],[[-88.2789133,14.8840354],[-88.2906607,14.8932762]],[[-88.2906607,14.8932762],[-88.2953698,14.8887396],[-88.2789133,14.8840354]],[[-87.0200036,13.6601873],[-87.0274987,13.6458848],[-87.016667,13.6412502],[-87.0200036,13.6601873]],[[-89.0706709,14.7431789],[-89.0862878,14.7353379],[-89.066667,14.7245835],[-89.0706709,14.7431789]],[[-89.078337,14.7851873],[-89.0858321,14.7708848],[-89.0750004,14.7662502],[-89.078337,14.7851873]],[[-89.0873778,14.8406242],[-89.1021226,14.82919]],[[-89.1021226,14.82919],[-89.0750004,14.8245835],[-89.0873778,14.8406242]],[[-88.6481612,14.6355332],[-88.678101,14.6283229],[-88.641667,14.6245835],[-88.6481612,14.6355332]],[[-88.5617354,14.5779852],[-88.554932,14.6211818],[-88.529932,14.6384425],[-88.5886071,14.6378444],[-88.5865645,14.6287502],[-88.5893721,14.6162502],[-88.5865645,14.6037502],[-88.5946049,14.56789],[-88.578931,14.5714015],[-88.566667,14.5662502],[-88.5617354,14.5779852]],[[-88.541667,14.6912502],[-88.5775801,14.6726833],[-88.569084,14.6548895],[-88.5454512,14.6638006],[-88.541667,14.6912502]],[[-88.541667,14.6912502],[-88.5315108,14.6941025],[-88.5388106,14.7014105],[-88.541667,14.6912502]],[[-88.6067915,14.6943041],[-88.6112064,14.6863348],[-88.5750004,14.6829168],[-88.5788415,14.7013413],[-88.5889527,14.706421]],[[-88.5889527,14.706421],[-88.5952454,14.7052927],[-88.6067915,14.6943041]],[[-88.4892963,14.7210699],[-88.5115075,14.7118109],[-88.491667,14.6995835],[-88.4896509,14.7040853]],[[-88.1583337,15.5245835],[-88.1526289,15.5046331],[-88.1379642,15.5187607],[-88.1583337,15.5245835]],[[-88.1583337,15.5245835],[-88.1478845,15.5456121],[-88.1762699,15.552383],[-88.164128,15.5275132],[-88.1583337,15.5245835]],[[-88.0238052,15.604478],[-88.0360274,15.6057236],[-88.0787845,15.5126735],[-88.0712162,15.4783636],[-88.0462162,15.4436265],[-88.060889,15.4301906],[-88.079167,15.428327],[-88.091667,15.4296006],[-88.1327315,15.4254136],[-88.1669844,15.4450303],[-88.1985762,15.4098415],[-88.1964308,15.3887574]],[[-88.1625809,15.3613122],[-88.1451908,15.3820745],[-88.1295678,15.3910203],[-88.1215023,15.3956386],[-88.1039906,15.4033419],[-88.0966369,15.4040914],[-88.0945233,15.4043068],[-88.0833697,15.4054436],[-88.0764127,15.4024316]],[[-88.0764127,15.4024316],[-88.0724335,15.4078846],[-88.0575333,15.4012699],[-88.0478363,15.4071503],[-88.0198364,15.4144058],[-88.0161362,15.4073277],[-88.002655,15.4060745],[-87.9940328,15.4167866]],[[-87.9940328,15.4167866],[-87.9601038,15.4323861]],[[-87.9010911,15.4775662],[-87.9043298,15.4785915],[-87.9123376,15.5001247],[-87.8873376,15.5119248],[-87.8793298,15.5289088],[-87.8731082,15.53467]],[[-87.8731082,15.53467],[-87.8933716,15.53055],[-87.9531555,15.5519695],[-87.969162,15.5481997],[-88.0238052,15.604478]],[[-88.8583337,14.8162502],[-88.8773523,14.8058254],[-88.8625573,14.7966335],[-88.8583337,14.8162502]],[[-88.8583337,14.8162502],[-88.8555393,14.8174464]],[[-88.8580712,14.8177395],[-88.8583337,14.8162502]],[[-88.7278279,14.7616407],[-88.7374268,14.7729702],[-88.7445895,14.7916311]],[[-88.7445895,14.7916311],[-88.7471336,14.7973302]],[[-88.7471336,14.7973302],[-88.7595351,14.817283]],[[-88.7595351,14.817283],[-88.7648929,14.8218979],[-88.7914148,14.8197658],[-88.8038578,14.7784409],[-88.8188317,14.7655381],[-88.766667,14.7329168],[-88.7628096,14.7373927],[-88.7455245,14.7451076],[-88.7377852,14.7624416],[-88.7278279,14.7616407]],[[-88.7770558,14.8359746],[-88.7333337,14.8329168],[-88.7371097,14.8522446],[-88.754167,14.8432114],[-88.7571281,14.8447786]],[[-88.7571281,14.8447786],[-88.7770558,14.8359746]],[[-88.7170843,14.8753255],[-88.7353698,14.8717511]],[[-88.7353698,14.8717511],[-88.7138676,14.8688543],[-88.7170843,14.8753255]],[[-87.6843769,13.8343873],[-87.6895478,13.836524],[-87.7035567,13.8250921],[-87.691667,13.8162502],[-87.6843769,13.8343873]],[[-86.7165311,14.9707432],[-86.7154709,14.9832724],[-86.7279545,14.9770046],[-86.7165311,14.9707432]],[[-87.0294763,14.6691432],[-87.053101,14.653563],[-87.0250004,14.6495835],[-87.0294763,14.6691432]],[[-87.1216027,14.6864536],[-87.116667,14.6829168],[-87.105697,14.7096136],[-87.1263222,14.7063271]],[[-87.1263222,14.7063271],[-87.1215439,14.6961088],[-87.1216027,14.6864536]],[[-87.1361902,13.5680771],[-87.14349,13.5607692],[-87.1333337,13.5579168],[-87.1361902,13.5680771]],[[-87.1545251,13.5684963],[-87.1691654,13.5612941],[-87.1500004,13.5579168],[-87.1545251,13.5684963]],[[-87.1195235,13.5930771],[-87.1268233,13.5857692],[-87.116667,13.5829168],[-87.1195235,13.5930771]],[[-84.7341518,15.8839772],[-84.750946,15.8905239],[-84.8106842,15.9097958],[-84.8286299,15.9130072],[-84.7643803,15.8867132],[-84.7341518,15.8839772]],[[-86.2675323,15.5296793],[-86.2714929,15.5530055],[-86.284613,15.5417334]],[[-86.284613,15.5417334],[-86.284584,15.5396175]],[[-86.284584,15.5396175],[-86.2700958,15.5363903],[-86.2675323,15.5296793]],[[-86.1366703,15.5601873],[-86.1441654,15.5458848],[-86.1333337,15.5412502],[-86.1366703,15.5601873]],[[-86.2262367,15.4951048],[-86.216667,15.4912502],[-86.206348,15.5283026],[-86.1786299,15.5448797],[-86.1713708,15.5608384],[-86.2331384,15.5365545],[-86.2366526,15.5313383]],[[-86.2366526,15.5313383],[-86.2358627,15.5265026],[-86.2240677,15.5051098],[-86.2262367,15.4951048]],[[-86.1308809,15.5753007],[-86.1379318,15.5863008]],[[-86.1379318,15.5863008],[-86.1380152,15.5880348]],[[-86.1380152,15.5880348],[-86.1431536,15.5900555],[-86.1439619,15.5895335],[-86.134237,15.5709539],[-86.1308809,15.5753007]],[[-87.3950036,14.526854],[-87.4024987,14.5125514],[-87.391667,14.5079168],[-87.3950036,14.526854]],[[-86.7918705,14.557807],[-86.8330977,14.5746811],[-86.8512048,14.530451],[-86.816667,14.5245835],[-86.7918705,14.557807]],[[-88.1973718,14.8195338],[-88.2120365,14.8054062],[-88.191667,14.7995835],[-88.1973718,14.8195338]],[[-87.2700036,13.7935207],[-87.2774987,13.7792181],[-87.266667,13.7745835],[-87.2700036,13.7935207]],[[-87.285889,13.7959377],[-87.3104496,13.8029852],[-87.3200687,13.7797349],[-87.3000004,13.7745835],[-87.285889,13.7959377]],[[-87.2419356,13.8161362],[-87.2641605,13.8274603],[-87.2778731,13.8032049],[-87.2500004,13.7995835],[-87.2419356,13.8161362]],[[-87.2445235,13.8430771],[-87.2518233,13.8357692],[-87.241667,13.8329168],[-87.2445235,13.8430771]],[[-87.241667,13.8579168],[-87.2388106,13.8477565],[-87.2315108,13.8550645],[-87.241667,13.8579168]],[[-87.241667,13.8579168],[-87.2445235,13.8680771],[-87.2518233,13.8607692],[-87.241667,13.8579168]],[[-87.2445235,13.8847438],[-87.2518233,13.8774359],[-87.241667,13.8745835],[-87.2445235,13.8847438]],[[-87.746501,13.6034124],[-87.7441166,13.6195461],[-87.7572272,13.6179382],[-87.756813,13.6004705],[-87.7702248,13.5853263],[-87.754045,13.5877183],[-87.7333337,13.5829168],[-87.746501,13.6034124]],[[-87.9053064,14.2298895],[-87.8803633,14.2441147],[-87.8897302,14.2609442],[-87.9280277,14.2289536],[-87.9083337,14.2245835],[-87.9053064,14.2298895]],[[-87.0625486,14.1021683],[-87.0633956,14.1036688],[-87.104517,14.0824855],[-87.103988,14.1082505],[-87.0787439,14.1204982],[-87.1088464,14.1494207],[-87.09354,14.1641235]],[[-87.0595779,14.0962687],[-87.0625486,14.1021683]],[[-87.8171793,15.7007813],[-87.8211918,15.7101629],[-87.8358321,15.7029608],[-87.8188015,15.6999596],[-87.8171793,15.7007813]],[[-87.7731015,15.7292129],[-87.7649084,15.7336367],[-87.7733831,15.7430895],[-87.7940922,15.7278306],[-87.7845717,15.7262113],[-87.7731015,15.7292129]],[[-87.9461918,15.7684962],[-87.9608321,15.7612941],[-87.941667,15.7579168],[-87.9461918,15.7684962]],[[-87.9700546,15.7979756],[-87.9608247,15.7773043]],[[-87.9608247,15.7773043],[-87.9465417,15.775849],[-87.9352624,15.801854],[-87.9125004,15.8041733],[-87.8973881,15.8026352],[-87.8563562,15.8180527],[-87.872738,15.762234],[-87.8948541,15.7485914]],[[-87.8948541,15.7485914],[-87.8678108,15.7479137]],[[-87.8678108,15.7479137],[-87.8635664,15.7518459],[-87.8333337,15.7412502],[-87.8214034,15.7730047],[-87.8378829,15.7866969],[-87.8524987,15.8364894],[-87.866667,15.8379339],[-87.879517,15.8366237],[-87.8925007,15.8665478],[-87.902916,15.8611307],[-87.9145279,15.8599911],[-87.9441528,15.862072],[-87.9560013,15.8597841],[-87.9648611,15.8489698],[-87.9514027,15.8379496],[-87.9372864,15.8329382],[-87.9344406,15.8219261],[-87.9512711,15.8047314],[-87.9659576,15.7969398],[-87.9700546,15.7979756]],[[-87.9083337,15.8329168],[-87.9202966,15.8421494],[-87.9006595,15.8524359],[-87.9083337,15.8329168]],[[-88.3437279,13.9468997],[-88.3380432,13.9520731],[-88.3391953,13.9600267],[-88.3300289,13.9646494]],[[-88.3300289,13.9646494],[-88.3374271,13.968366],[-88.3437279,13.9468997]],[[-88.3723718,14.0112005],[-88.3870365,13.9970729],[-88.366667,13.9912502],[-88.3723718,14.0112005]],[[-89.1133461,14.5979299],[-89.1264172,14.593219]],[[-89.1264172,14.593219],[-89.116667,14.5912502],[-89.1133461,14.5979299]],[[-87.691667,14.3579168],[-87.6781091,14.3698594],[-87.6789545,14.373631]],[[-87.6789545,14.373631],[-87.6952286,14.3727369],[-87.7078781,14.3653746],[-87.7186404,14.36481]],[[-87.7186404,14.36481],[-87.7180261,14.3620713],[-87.691667,14.3579168]],[[-87.691667,14.3579168],[-87.6985015,14.3416411]],[[-87.6985015,14.3416411],[-87.6868668,14.3504162],[-87.67276,14.3579712],[-87.6597824,14.3605862]],[[-87.6597824,14.3605862],[-87.6521072,14.3711491],[-87.6548987,14.3790326]],[[-87.6548987,14.3790326],[-87.6681075,14.3619207],[-87.691667,14.3579168]],[[-88.8516698,14.4500238],[-88.8484696,14.4533076],[-88.8464134,14.45831],[-88.8488848,14.4658449],[-88.8701501,14.4548976],[-88.8516698,14.4500238]],[[-88.9116703,14.501854],[-88.9191654,14.4875514],[-88.9083337,14.4829168],[-88.9116703,14.501854]],[[-88.9354252,14.5102646],[-88.9446211,14.4954697],[-88.9250004,14.4912502],[-88.9354252,14.5102646]],[[-88.7250004,14.8912502],[-88.7305342,14.8884507],[-88.7353698,14.8717511]],[[-88.7170843,14.8753255],[-88.7250004,14.8912502]],[[-88.7820282,14.8939877],[-88.7752477,14.89213]],[[-88.7752477,14.89213],[-88.7771246,14.8988059]],[[-88.7500004,14.8995835],[-88.7601566,14.8967311],[-88.7528568,14.8894232],[-88.7500004,14.8995835]],[[-88.7500004,14.8995835],[-88.7309818,14.9100083],[-88.7403396,14.9158222],[-88.7463803,14.9163968],[-88.7500004,14.8995835]],[[-88.7250004,14.8912502],[-88.7062097,14.8950425],[-88.7184708,14.9201462],[-88.722675,14.9166062],[-88.7250004,14.8912502]],[[-86.9123376,15.3015122],[-86.9279545,15.2936712],[-86.9083337,15.2829168],[-86.9123376,15.3015122]],[[-87.0591626,14.0961696],[-87.0625486,14.1021683]],[[-87.0591452,14.1777219],[-87.0549727,14.1748398],[-87.0646976,14.1314438],[-87.0440678,14.118008],[-87.0291345,14.1213568],[-87.0083337,14.1162502],[-87.0117354,14.1378485],[-87.0215987,14.1446519],[-87.0297041,14.1663234],[-87.0485111,14.1793076],[-87.0478742,14.1821489]],[[-87.4187585,13.7102646],[-87.4279545,13.6954697],[-87.4083337,13.6912502],[-87.4187585,13.7102646]],[[-88.6931379,14.9449125],[-88.6750004,14.9412502],[-88.6683028,14.9547186],[-88.68571,14.9607163],[-88.6892231,14.9544836],[-88.6892979,14.9543508],[-88.6931379,14.9449125]],[[-88.5859623,15.2342637],[-88.6018233,15.2189438],[-88.5833337,15.2162502],[-88.5859623,15.2342637]],[[-88.6866703,15.2685207],[-88.6941654,15.2542181],[-88.6833337,15.2495835],[-88.6866703,15.2685207]],[[-88.5364831,15.2617051],[-88.5398929,15.2769191],[-88.5586674,15.2863185],[-88.5531091,15.261526],[-88.5764408,15.2454168],[-88.5500004,15.2412502],[-88.5364831,15.2617051]],[[-88.4933243,15.296504],[-88.5136813,15.3057442]],[[-88.5136813,15.3057442],[-88.5194665,15.286229],[-88.4864953,15.2832066]],[[-88.6462787,15.3001061],[-88.6531143,15.3026257],[-88.6636649,15.3124669]],[[-88.6636649,15.3124669],[-88.6784021,15.2985378],[-88.6500004,15.2912502],[-88.6462787,15.3001061]],[[-88.5282124,15.3116141],[-88.5302734,15.3161354],[-88.5542177,15.3071343]],[[-88.5542177,15.3071343],[-88.5552575,15.2947373],[-88.541667,15.2912502],[-88.5282124,15.3116141]],[[-87.4583337,14.0579168],[-87.4583337,14.0745835],[-87.4833337,14.0745835],[-87.4833337,14.0579168],[-87.4583337,14.0579168]],[[-86.8057051,13.6445339],[-86.8203698,13.6304063],[-86.8000004,13.6245835],[-86.8057051,13.6445339]],[[-88.925191,14.55025],[-88.9307051,14.5695339],[-88.9453698,14.5554062],[-88.9257945,14.5498105],[-88.925191,14.55025]],[[-87.6493341,15.5233418],[-87.6385665,15.5532456],[-87.6692875,15.5610174],[-87.659297,15.5319153]],[[-87.659297,15.5319153],[-87.6493341,15.5233418]],[[-87.6427657,15.6040228],[-87.6616052,15.6196518],[-87.6784021,15.5941961],[-87.6500004,15.5745835],[-87.6427657,15.6040228]],[[-87.6087894,15.6197007],[-87.6205977,15.59761],[-87.6000004,15.5912502],[-87.6087894,15.6197007]],[[-87.6866703,15.676854],[-87.6941654,15.6625514],[-87.6833337,15.6579168],[-87.6866703,15.676854]],[[-87.5612878,15.7097194],[-87.5776452,15.7031398],[-87.5682865,15.6868027],[-87.5829919,15.6691717],[-87.5583337,15.6662502],[-87.5612878,15.7097194]],[[-87.4878584,15.7351629],[-87.5024987,15.7279608],[-87.4833337,15.7245835],[-87.4878584,15.7351629]],[[-87.5750004,15.7245835],[-87.5750004,15.7412502],[-87.591667,15.7412502],[-87.591667,15.7245835],[-87.5750004,15.7245835]],[[-87.566667,15.7245835],[-87.5480717,15.7285833],[-87.5559167,15.7442002],[-87.566667,15.7245835]],[[-87.5298506,15.7294378],[-87.5201501,15.7363958],[-87.5156498,15.7530625],[-87.5451501,15.7330511],[-87.5333337,15.7245835],[-87.5298506,15.7294378]],[[-87.3899174,15.810464],[-87.3966919,15.8125546],[-87.4136353,15.8090191],[-87.4212769,15.8107456],[-87.4206465,15.7949123],[-87.4368432,15.7955543],[-87.4513702,15.7779083],[-87.4755402,15.7740612],[-87.5117722,15.7853785],[-87.5314855,15.7966484],[-87.5036869,15.7708929],[-87.4876631,15.7535915],[-87.466667,15.7495835],[-87.4554122,15.7617295],[-87.4173913,15.7808172],[-87.3899174,15.810464]],[[-87.5290043,13.6681789],[-87.5446211,13.6603379],[-87.5250004,13.6495835],[-87.5290043,13.6681789]],[[-87.5540043,13.7098455],[-87.5696211,13.7020046],[-87.5500004,13.6912502],[-87.5540043,13.7098455]],[[-87.2531254,14.9251369],[-87.2777266,14.9209255],[-87.2683191,14.9031602],[-87.2500004,14.8995835],[-87.2531254,14.9251369]],[[-87.3846342,14.9248461],[-87.3754724,14.9403997],[-87.3884999,14.9482009]],[[-87.3884999,14.9482009],[-87.3892288,14.9404478],[-87.3829956,14.937211],[-87.3846342,14.9248461]],[[-87.2678715,14.9484889],[-87.2942875,14.9693507],[-87.2835127,14.9379624],[-87.2750004,14.9329168],[-87.2678715,14.9484889]],[[-87.2890385,14.9945338],[-87.3037032,14.9804062],[-87.2833337,14.9745835],[-87.2890385,14.9945338]],[[-87.2168699,13.963965],[-87.2204675,13.9526719],[-87.2446781,13.9672756],[-87.2670821,13.9382554],[-87.2858578,13.9362236]],[[-87.2907579,13.9190522],[-87.2833337,13.9179551],[-87.2583337,13.9216497],[-87.241667,13.9191839],[-87.2288334,13.9210841],[-87.2231671,13.9174446]],[[-87.2231671,13.9174446],[-87.2045063,13.9416078]],[[-87.2045063,13.9416078],[-87.1999247,13.9498489]],[[-87.1999247,13.9498489],[-87.1988373,13.9580441]],[[-88.6128584,14.0351629],[-88.6274987,14.0279608],[-88.6083337,14.0245835],[-88.6128584,14.0351629]],[[-88.640276,14.0601423],[-88.6251651,14.0590454]],[[-88.6251651,14.0590454],[-88.6336899,14.0617571]],[[-87.8750004,14.3995835],[-87.8720672,14.3948233]],[[-87.8581577,14.4071309],[-87.8750004,14.3995835]],[[-87.8750004,14.3995835],[-87.8784834,14.4044378],[-87.895264,14.4164658],[-87.9061609,14.4447292],[-87.9147953,14.4361802],[-87.9116784,14.4204168],[-87.9148685,14.4042669],[-87.9034834,14.3961045],[-87.8935188,14.3822075],[-87.8890043,14.3833385],[-87.8750004,14.3995835]],[[-88.242139,14.7737331],[-88.2621504,14.7857163],[-88.2694665,14.7618475],[-88.2500004,14.7579168],[-88.242139,14.7737331]],[[-88.2317129,15.026504],[-88.2296753,15.0406322]],[[-88.2296753,15.0406322],[-88.238679,15.0512433]],[[-88.238679,15.0512433],[-88.23807,15.0283229],[-88.2317129,15.026504]],[[-88.2978275,15.052855],[-88.3205977,15.0418524],[-88.291667,15.0329168],[-88.2978275,15.052855]],[[-87.8442956,14.7842637],[-87.8601566,14.7689438],[-87.841667,14.7662502],[-87.8442956,14.7842637]],[[-87.7628584,14.7934963],[-87.7774987,14.7862941],[-87.7583337,14.7829168],[-87.7628584,14.7934963]],[[-88.8541173,14.6156145],[-88.8545821,14.6213893],[-88.8717957,14.6199255]],[[-88.8700438,14.6338321],[-88.866667,14.6329168],[-88.8551029,14.6616929],[-88.8740247,14.6644927]],[[-88.8740247,14.6644927],[-88.8776779,14.6410246],[-88.8700438,14.6338321]],[[-88.8366703,14.676854],[-88.8441654,14.6625514],[-88.8333337,14.6579168],[-88.8366703,14.676854]],[[-88.8048262,14.6946722],[-88.8286299,14.6742214],[-88.8000004,14.6662502],[-88.8048262,14.6946722]],[[-88.8128584,14.7101629],[-88.8274987,14.7029608],[-88.8083337,14.6995835],[-88.8128584,14.7101629]],[[-88.4359871,14.8429813],[-88.4250004,14.8412502],[-88.4180993,14.8693467],[-88.4238666,14.8747122]],[[-88.4238666,14.8747122],[-88.4359871,14.8429813]],[[-88.2512283,14.9356327],[-88.2549251,14.9353131]],[[-88.2549251,14.9353131],[-88.2543243,14.920157]],[[-88.2543243,14.920157],[-88.2512283,14.9356327]],[[-88.3133226,14.9322134],[-88.3205185,14.9366608],[-88.3370744,14.9354543]],[[-88.3370744,14.9354543],[-88.316667,14.9245835],[-88.3133226,14.9322134]],[[-87.6889327,15.3360378],[-87.7287032,15.2991481],[-87.6833337,15.2912502],[-87.6889327,15.3360378]],[[-87.6833337,15.5162502],[-87.678459,15.5080348],[-87.651514,15.5172878],[-87.6493341,15.5233418]],[[-87.659297,15.5319153],[-87.6583907,15.5292751],[-87.6833337,15.5162502]],[[-87.6833337,15.5162502],[-87.6891849,15.539061],[-87.7170007,15.5529852],[-87.7115645,15.5287502],[-87.7126185,15.5240471]],[[-87.7126185,15.5240471],[-87.6943485,15.4944587]],[[-87.6943485,15.4944587],[-87.6888676,15.5134507],[-87.6833337,15.5162502]],[[-87.6836385,15.5668062],[-87.6844147,15.5682218],[-87.6874474,15.5737535],[-87.6937585,15.5852646],[-87.7029545,15.5704697],[-87.6838666,15.5663648],[-87.6836385,15.5668062]],[[-87.6961918,15.6101629],[-87.7108321,15.6029608],[-87.691667,15.5995835],[-87.6961918,15.6101629]],[[-87.727629,15.617597],[-87.74349,15.6022772],[-87.7250004,15.5995835],[-87.727629,15.617597]],[[-88.8468989,15.0223473],[-88.8250004,15.0162502],[-88.8298262,15.0446722],[-88.8500869,15.0272653],[-88.8468989,15.0223473]],[[-86.8778568,13.7264105],[-86.8851566,13.7191025],[-86.8750004,13.7162502],[-86.8778568,13.7264105]],[[-88.9771244,14.3120713],[-88.9839847,14.3261134],[-89.0027998,14.3094305],[-88.9833337,14.2995835],[-88.9771244,14.3120713]],[[-86.1250004,15.5829168],[-86.13603,15.5872542]],[[-86.13603,15.5872542],[-86.1379318,15.5863008]],[[-86.1308809,15.5753007],[-86.1250004,15.5829168]],[[-86.1250004,15.5829168],[-86.1027999,15.5857163],[-86.091667,15.6079168]],[[-86.091667,15.6079168],[-86.1111983,15.6029038],[-86.1250004,15.5829168]],[[-86.091667,15.6079168],[-86.0863611,15.6048895],[-86.0803064,15.5776108],[-86.0636397,15.5721665],[-86.0724043,15.5954168],[-86.0638025,15.6182399],[-86.0804366,15.6276108],[-86.091667,15.6079168]],[[-86.0378096,15.6040594],[-86.0121911,15.6201076],[-86.0044763,15.6290594],[-85.9735274,15.6383774],[-85.9564294,15.6766872],[-86.016309,15.6867742],[-86.0331791,15.6307399],[-86.0621749,15.6057602],[-86.041667,15.5995835],[-86.0378096,15.6040594]],[[-85.9274906,15.6870957],[-85.9388757,15.7109442],[-85.9530277,15.6858099],[-85.9333337,15.6745835],[-85.9274906,15.6870957]],[[-85.9109623,15.7259303],[-85.9268233,15.7106105],[-85.9083337,15.7079168],[-85.9109623,15.7259303]],[[-85.8750004,15.7476272],[-85.8869006,15.7495835],[-85.891667,15.7495835],[-85.891667,15.7245835],[-85.8750004,15.7245835],[-85.8750004,15.7476272]],[[-86.0920495,14.6506658],[-86.1198409,14.6451442],[-86.1000004,14.6329168],[-86.0920495,14.6506658]],[[-88.7441738,14.6316047],[-88.7250004,14.6162502],[-88.7196513,14.6349492]],[[-88.6854543,14.6489772],[-88.6703698,14.6532904],[-88.6629642,14.6646185],[-88.6779377,14.6627556]],[[-88.5889527,14.706421],[-88.5902742,14.7070849],[-88.5986859,14.7089357],[-88.6067915,14.6943041]],[[-88.6209464,14.7145491],[-88.6264561,14.7155991],[-88.6370365,14.7054062],[-88.616667,14.6995835],[-88.6209464,14.7145491]],[[-86.1730798,14.8912502],[-86.1982995,14.8855942],[-86.1949629,14.8707098],[-86.166667,14.8662502],[-86.1730798,14.8912502]],[[-87.3884999,14.9482009],[-87.3954838,14.952383],[-87.4027999,14.9285142],[-87.3846342,14.9248461]],[[-87.4373376,15.0098455],[-87.4529545,15.0020046],[-87.4333337,14.9912502],[-87.4373376,15.0098455]],[[-87.8277278,14.5485348],[-87.827179,14.5599709],[-87.8206227,14.5609774]],[[-87.8206227,14.5609774],[-87.8214034,14.5708522],[-87.7800025,14.5798131],[-87.7797282,14.5801035],[-87.7894779,14.6011338],[-87.8379642,14.6116237],[-87.8537357,14.6313218],[-87.8628747,14.6096299],[-87.9194014,14.5752996],[-87.8798669,14.5802191],[-87.8781335,14.5662502],[-87.881698,14.5375433],[-87.8619307,14.5449977],[-87.8639652,14.5613836],[-87.8451094,14.5637274],[-87.8479659,14.5407537],[-87.8277278,14.5485348]],[[-87.8962162,14.6041367],[-87.8836023,14.6146144],[-87.9016198,14.6366969],[-87.9121179,14.6096462],[-87.9000004,14.5995835],[-87.8962162,14.6041367]],[[-88.0878584,14.7184963],[-88.1024987,14.7112941],[-88.0833337,14.7079168],[-88.0878584,14.7184963]],[[-88.1116703,14.7685207],[-88.1191654,14.7542181],[-88.1083337,14.7495835],[-88.1116703,14.7685207]],[[-86.8211918,15.3768296],[-86.8358321,15.3696274],[-86.816667,15.3662502],[-86.8211918,15.3768296]],[[-86.7443871,15.3917295],[-86.7429033,15.3941407],[-86.7461918,15.4018296],[-86.7608321,15.3946274],[-86.7443871,15.3917295]],[[-87.1366703,13.1101873],[-87.1441654,13.0958848],[-87.1333337,13.0912502],[-87.1366703,13.1101873]],[[-87.128337,13.1601873],[-87.1358321,13.1458848],[-87.1250004,13.1412502],[-87.128337,13.1601873]],[[-87.1621723,13.2263051],[-87.1467126,13.2025661],[-87.1382653,13.1696519],[-87.1333337,13.1662502],[-87.1281823,13.1785182],[-87.1302575,13.1877834],[-87.0929528,13.1950669],[-87.097323,13.2145534],[-87.1202722,13.2094061],[-87.1337162,13.2288682],[-87.1557825,13.2335684],[-87.1621723,13.2263051]],[[-87.8495284,14.2694891],[-87.8702966,14.2461126],[-87.841667,14.2412502],[-87.8495284,14.2694891]],[[-87.841089,14.3120149],[-87.8083337,14.3079168],[-87.8120365,14.3208766],[-87.8187756,14.3323348]],[[-87.7437585,14.3519313],[-87.7529545,14.3371364],[-87.7333337,14.3329168],[-87.7437585,14.3519313]],[[-87.6542816,14.3552675],[-87.6597824,14.3605862]],[[-87.6985015,14.3416411],[-87.7034021,14.3299709],[-87.6955082,14.3083481],[-87.6669763,14.3019517],[-87.6452912,14.3169227]],[[-86.6640385,14.0278672],[-86.6787032,14.0137396],[-86.6583337,14.0079168],[-86.6640385,14.0278672]],[[-87.6545251,13.8601629],[-87.6691654,13.8529608],[-87.6500004,13.8495835],[-87.6545251,13.8601629]],[[-87.0097715,14.2264016],[-87.0122481,14.2438869],[-87.022767,14.2285486]],[[-87.017334,14.2274742],[-87.0097715,14.2264016]],[[-87.0409589,14.2130001],[-87.0387455,14.2228745],[-87.0721928,14.2446519],[-87.0810107,14.2274031]],[[-86.9890385,14.2612005],[-87.0037032,14.2470729],[-86.9833337,14.2412502],[-86.9890385,14.2612005]],[[-87.016667,14.2495835],[-87.016667,14.2745835],[-87.0333337,14.2745835],[-87.0333337,14.2495835],[-87.016667,14.2495835]],[[-87.2861901,13.6430771],[-87.29349,13.6357692],[-87.2833337,13.6329168],[-87.2861901,13.6430771]],[[-86.2961918,14.9184963],[-86.3108321,14.9112941],[-86.291667,14.9079168],[-86.2961918,14.9184963]],[[-87.0600814,14.462829],[-87.0569096,14.4692083],[-87.0703129,14.477383],[-87.0755218,14.46196]],[[-87.0700036,14.5435207],[-87.0774987,14.5292181],[-87.066667,14.5245835],[-87.0700036,14.5435207]],[[-88.0833337,14.8912502],[-88.0847904,14.9027957]],[[-88.0847904,14.9027957],[-88.0982542,14.8987977]],[[-88.0982542,14.8987977],[-88.0833337,14.8912502]],[[-88.0833337,14.8912502],[-88.0973067,14.878563],[-88.0862065,14.8482124],[-88.0856498,14.8466904],[-88.0823327,14.8376206],[-88.0630375,14.8626206],[-88.0523848,14.8708441],[-88.057878,14.9080063],[-88.0613862,14.911965]],[[-88.0613862,14.911965],[-88.0737611,14.9067786]],[[-88.0737611,14.9067786],[-88.0786299,14.8948797],[-88.0833337,14.8912502]],[[-88.3412448,14.7816396],[-88.336731,14.7759323],[-88.328367,14.7792794]],[[-88.328367,14.7792794],[-88.3294763,14.7863185],[-88.3412448,14.7816396]],[[-88.3033761,14.8480317],[-88.3117354,14.8380682],[-88.291667,14.8329168],[-88.2828023,14.8463299]],[[-88.3628584,14.8601629],[-88.3774987,14.8529608],[-88.3583337,14.8495835],[-88.3628584,14.8601629]],[[-88.5937585,14.4852646],[-88.6029545,14.4704697],[-88.5833337,14.4662502],[-88.5937585,14.4852646]],[[-87.4005538,13.1338202],[-87.4194665,13.1197577],[-87.391667,13.1162502],[-87.4005538,13.1338202]],[[-87.4286462,13.192536],[-87.4494226,13.2027614],[-87.441536,13.1877718],[-87.4343192,13.1636583],[-87.4250004,13.1579168],[-87.4286462,13.192536]],[[-87.4045251,13.2101629],[-87.4191654,13.2029608],[-87.4000004,13.1995835],[-87.4045251,13.2101629]],[[-87.3711429,13.2108099],[-87.3947676,13.1952297],[-87.366667,13.1912502],[-87.3711429,13.2108099]],[[-87.353337,13.251854],[-87.3608321,13.2375514],[-87.3500004,13.2329168],[-87.353337,13.251854]],[[-87.4270918,13.268598],[-87.4362878,13.2538031],[-87.416667,13.2495835],[-87.4270918,13.268598]],[[-87.328337,13.301854],[-87.3358321,13.2875514],[-87.3250004,13.2829168],[-87.328337,13.301854]],[[-87.2750004,13.2995835],[-87.2873213,13.3051051],[-87.3133223,13.2970078],[-87.3198409,13.274026],[-87.280261,13.29176],[-87.2796241,13.2920821],[-87.2750004,13.2995835]],[[-87.3445235,13.3097438],[-87.3518233,13.3024359],[-87.341667,13.2995835],[-87.3445235,13.3097438]],[[-87.2750004,13.2995835],[-87.268304,13.3007633],[-87.2669809,13.308643],[-87.2750004,13.2995835]],[[-87.291667,13.3329168],[-87.2888106,13.3227565],[-87.2815108,13.3300645],[-87.291667,13.3329168]],[[-87.291667,13.3329168],[-87.2961918,13.3434963],[-87.3108321,13.3362941],[-87.291667,13.3329168]],[[-88.5878584,15.0351629],[-88.6024987,15.0279608],[-88.5833337,15.0245835],[-88.5878584,15.0351629]],[[-88.641195,15.0444891],[-88.6619633,15.0211126],[-88.6333337,15.0162502],[-88.641195,15.0444891]],[[-87.9640629,14.4901556],[-87.9918705,14.5026841],[-88.003101,14.4702297],[-87.9750004,14.4662502],[-87.9640629,14.4901556]],[[-89.0873778,14.8406242],[-89.0903161,14.8444321],[-89.1021226,14.82919]],[[-89.0765466,14.8715643],[-89.1096032,14.877383],[-89.1019291,14.8616725],[-89.0833337,14.8579168],[-89.0765466,14.8715643]],[[-89.0473718,14.8862005],[-89.0620365,14.8720729],[-89.041667,14.8662502],[-89.0473718,14.8862005]],[[-88.9650313,14.9363022],[-88.9810144,14.9440496],[-88.9944665,14.9201808],[-88.9750004,14.9162502],[-88.9650313,14.9363022]],[[-87.1723718,14.9112005],[-87.1870365,14.8970729],[-87.166667,14.8912502],[-87.1723718,14.9112005]],[[-86.6691964,14.6387035],[-86.6744621,14.6405477],[-86.6951501,14.6298976],[-86.6750004,14.6245835],[-86.6691964,14.6387035]],[[-87.6333542,13.2865362],[-87.6415634,13.2918367],[-87.6577682,13.287034],[-87.661293,13.2815228],[-87.6648331,13.2645168],[-87.6612852,13.2520178],[-87.6423435,13.2440588],[-87.6500329,13.2759832],[-87.6394372,13.2863958],[-87.6163801,13.2717538],[-87.6183319,13.2835255],[-87.6333542,13.2865362]],[[-86.9028568,13.3847438],[-86.9101566,13.3774359],[-86.9000004,13.3745835],[-86.9028568,13.3847438]],[[-86.7820316,13.440766],[-86.8138676,13.4532131],[-86.8286299,13.4225286],[-86.791667,13.4162502],[-86.7820316,13.440766]],[[-86.0583337,15.0162502],[-86.0583337,15.0329168],[-86.0833337,15.0329168],[-86.0833337,15.0162502],[-86.0583337,15.0162502]],[[-88.2296753,15.0406322],[-88.2227426,15.042647]],[[-88.2227426,15.042647],[-88.2185225,15.0764105],[-88.238679,15.0512433]],[[-88.1973718,15.1362005],[-88.2120365,15.1220729],[-88.191667,15.1162502],[-88.1973718,15.1362005]],[[-88.2500004,15.1495835],[-88.241545,15.1373398],[-88.2163334,15.1295151],[-88.2245935,15.1663722],[-88.2500004,15.1495835]],[[-88.2500004,15.1495835],[-88.253931,15.1690496],[-88.2694665,15.1602972],[-88.2634688,15.14289],[-88.2500004,15.1495835]],[[-88.1434123,14.2976967],[-88.1682129,14.2957993],[-88.1906662,14.3027735],[-88.1973871,14.3020613]],[[-88.1973871,14.3020613],[-88.1873295,14.2955674],[-88.1880131,14.2783066],[-88.1750004,14.2662502],[-88.1693526,14.2840806],[-88.1434123,14.2976967]],[[-85.9833337,14.0662502],[-85.9833337,14.0912502],[-86.0083337,14.0912502],[-86.0083337,14.0746848],[-86.0058698,14.0662502],[-85.9833337,14.0662502]],[[-85.910319,14.8160222],[-85.8580082,14.8225286],[-85.841667,14.8162502],[-85.8240075,14.8320542],[-85.8557214,14.8454168],[-85.8525232,14.8711411],[-85.866667,14.8693792],[-85.9079187,14.8745102],[-85.9166034,14.8538968]],[[-85.9166034,14.8538968],[-85.910319,14.8160222]],[[-87.9490962,14.9820496],[-87.93459,14.9946268]],[[-87.93459,14.9946268],[-87.951042,14.9861232],[-87.9490962,14.9820496]],[[-88.0022855,14.9711047],[-87.9965173,14.9796209],[-88.0248702,14.9947292],[-88.035795,14.9794879]],[[-88.035795,14.9794879],[-88.0115433,14.9710464],[-88.0022855,14.9711047]],[[-87.9376701,15.0293762],[-87.9401703,15.0498867]],[[-87.9401703,15.0498867],[-87.9469547,15.0574173]],[[-87.9469547,15.0574173],[-87.9686039,15.0477565],[-87.9723699,15.0561927]],[[-87.9723699,15.0561927],[-87.9885663,15.0627131]],[[-87.9885663,15.0627131],[-87.9909484,15.0573732]],[[-87.9909484,15.0573732],[-87.9872589,15.0506392],[-87.9976248,15.0424073]],[[-87.9976248,15.0424073],[-88.0060062,15.0236191],[-87.9938399,14.9957261],[-87.9833337,15.0079168],[-87.99349,15.0107692],[-87.9861901,15.0180771],[-87.9833337,15.0079168],[-87.9462325,15.014529],[-87.9704512,15.0346462],[-87.9593591,15.0387843],[-87.9376701,15.0293762]],[[-88.4175622,14.4272121],[-88.4367354,14.3985378],[-88.4083337,14.3912502],[-88.4175622,14.4272121]],[[-86.1083337,15.7162502],[-86.1123376,15.7035915],[-86.1355308,15.6733502],[-86.1308458,15.6692849],[-86.1044844,15.6832342],[-86.0790043,15.6952581],[-86.0709965,15.7218166],[-86.1083337,15.7162502]],[[-86.1083337,15.7162502],[-86.1116703,15.7351873],[-86.1191654,15.7208848],[-86.1083337,15.7162502]],[[-85.9866703,15.776854],[-85.9941654,15.7625514],[-85.9833337,15.7579168],[-85.9866703,15.776854]],[[-85.941667,15.7995835],[-85.9227299,15.8029201],[-85.9370284,15.8104152],[-85.941667,15.7995835]],[[-85.8964034,15.8441392],[-85.9119633,15.8319158],[-85.891667,15.8162502],[-85.8964034,15.8441392]],[[-85.9920102,15.8974693],[-85.9833337,15.8912502],[-85.9798506,15.8961045],[-85.9326583,15.9055649],[-85.9164473,15.9281805],[-85.8938969,15.936876],[-85.9136967,15.9510687],[-85.9252853,15.9413033],[-85.9336929,15.9260015],[-85.9489212,15.9187756],[-85.9615021,15.9172649],[-85.9793396,15.908452],[-85.9939655,15.9033515],[-85.9920102,15.8974693]],[[-85.9557621,16.0053452],[-85.9395674,16.0125758],[-85.9660811,16.0188218],[-85.9752884,16.0043507],[-85.9583337,15.9995835],[-85.9557621,16.0053452]],[[-87.091765,13.4579772],[-87.0884932,13.4714056],[-87.0669437,13.4787502],[-87.0858319,13.4851873]],[[-87.0858319,13.4851873],[-87.091765,13.4579772]],[[-87.453337,14.5851873],[-87.4608321,14.5708848],[-87.4500004,14.5662502],[-87.453337,14.5851873]],[[-87.4963708,14.6792873],[-87.4798018,14.6920721],[-87.5003584,14.703213],[-87.5119633,14.6838161],[-87.5000004,14.6745835],[-87.4963708,14.6792873]],[[-87.5547867,14.7199125],[-87.5502702,14.71721]],[[-87.5502702,14.71721],[-87.5515621,14.7218054]],[[-87.5050045,14.7156739],[-87.5238419,14.7189636],[-87.5256039,14.7289023]],[[-87.5256039,14.7289023],[-87.5353073,14.7313472],[-87.5387027,14.7293541],[-87.5343021,14.7119045],[-87.5083337,14.7079168],[-87.5050045,14.7156739]],[[-87.3700036,14.751854],[-87.3774987,14.7375514],[-87.366667,14.7329168],[-87.3700036,14.751854]],[[-88.966667,15.0162502],[-88.966667,15.0412502],[-88.991667,15.0412502],[-88.991667,15.0162502],[-88.966667,15.0162502]],[[-89.0026289,15.1009303],[-89.0184899,15.0856105],[-89.0000004,15.0829168],[-89.0026289,15.1009303]],[[-88.4285241,15.1342718],[-88.4457035,15.1439723],[-88.4527266,15.1196396],[-88.4250004,15.1162502],[-88.4285241,15.1342718]],[[-87.3611901,13.6764105],[-87.36849,13.6691025],[-87.3583337,13.6662502],[-87.3611901,13.6764105]],[[-87.9198409,14.8964056],[-87.9507165,14.9069281],[-87.9444991,14.8869696],[-87.916667,14.8829168],[-87.9198409,14.8964056]],[[-87.9750004,14.9245835],[-87.9716638,14.9056463],[-87.9641687,14.9199489],[-87.9750004,14.9245835]],[[-87.9750004,14.9245835],[-87.9778568,14.9347438],[-87.9851566,14.9274359],[-87.9750004,14.9245835]],[[-87.9307051,14.9445338],[-87.9453698,14.9304062],[-87.9250004,14.9245835],[-87.9307051,14.9445338]],[[-87.8973148,14.951972],[-87.9195398,14.9448716],[-87.891667,14.9412502],[-87.8973148,14.951972]],[[-87.9700036,14.9601873],[-87.9774987,14.9458848],[-87.966667,14.9412502],[-87.9700036,14.9601873]],[[-88.035795,14.9794879],[-88.0391849,14.9747585],[-88.0366784,14.9620835],[-88.041309,14.9386338],[-88.0333337,14.9329168],[-88.0201501,14.9447292],[-88.0022855,14.9711047]],[[-87.9250004,14.9995835],[-87.93459,14.9946268]],[[-87.9490962,14.9820496],[-87.944084,14.9715561],[-87.916724,14.9818711],[-87.9250004,14.9995835]],[[-87.866667,14.9995835],[-87.892961,15.006041],[-87.9083337,14.9995835]],[[-87.9083337,14.9995835],[-87.9040043,14.9721136],[-87.8760909,14.9628485],[-87.866667,14.9995835]],[[-87.866667,14.9995835],[-87.8611332,15.002383],[-87.8516361,15.0211574],[-87.8631595,15.027383],[-87.866667,14.9995835]],[[-87.7790043,15.0598455],[-87.7946211,15.0520046],[-87.7750004,15.0412502],[-87.7790043,15.0598455]],[[-87.8057051,15.0612005],[-87.8203698,15.0470729],[-87.8000004,15.0412502],[-87.8057051,15.0612005]],[[-87.9083337,14.9995835],[-87.9126306,15.0417018],[-87.9271569,15.0951076],[-87.9328022,15.0763543],[-87.9328504,15.0761941],[-87.9332877,15.0747413]],[[-87.9332877,15.0747413],[-87.9365082,15.0567293],[-87.9401703,15.0498867]],[[-87.9376701,15.0293762],[-87.9250004,14.9995835]],[[-87.9250004,14.9995835],[-87.9083337,14.9995835]],[[-87.916667,15.0162502],[-87.9268233,15.0191025],[-87.9195235,15.0264105],[-87.916667,15.0162502]],[[-87.926958,15.1106944],[-87.9346694,15.1037206],[-87.9329397,15.1029805],[-87.9306703,15.1020095],[-87.926958,15.1106944]],[[-87.8700036,15.1685207],[-87.8774987,15.1542181],[-87.866667,15.1495835],[-87.8700036,15.1685207]],[[-87.8743506,15.1809551],[-87.891619,15.1778855]],[[-87.891619,15.1778855],[-87.8839766,15.1755845],[-87.8743506,15.1809551]],[[-88.828337,14.226854],[-88.8358321,14.2125514],[-88.8250004,14.2079168],[-88.828337,14.226854]],[[-88.6251651,14.0590454],[-88.6276289,14.0759303],[-88.6388796,14.0650636]],[[-88.5535445,14.0839299],[-88.5557051,14.1028672],[-88.5703698,14.0887396],[-88.5544801,14.0841974],[-88.5535445,14.0839299]],[[-88.4767477,14.1141322],[-88.4778568,14.1180771],[-88.4851566,14.1107692],[-88.4775855,14.1086429]],[[-88.4775855,14.1086429],[-88.477417,14.1107321]],[[-88.5366703,14.1351873],[-88.5441654,14.1208848],[-88.5333337,14.1162502],[-88.5366703,14.1351873]],[[-86.528516,13.853506],[-86.5340092,13.8906764],[-86.5748783,13.884638],[-86.5869633,13.8503607],[-86.5333337,13.8412502],[-86.528516,13.853506]],[[-87.4610576,13.797619],[-87.4646487,13.8009489],[-87.4774987,13.7946274],[-87.4583337,13.7912502],[-87.4610576,13.797619]],[[-88.3750004,14.1245835],[-88.3716638,14.1056463],[-88.3641687,14.1199489],[-88.3750004,14.1245835]],[[-88.3750004,14.1245835],[-88.378337,14.1435207],[-88.3858321,14.1292181],[-88.3750004,14.1245835]],[[-88.4877381,15.306733],[-88.5122074,15.3107163],[-88.5136813,15.3057442]],[[-88.6462787,15.3001061],[-88.6446618,15.3039536],[-88.6560632,15.3196518],[-88.6636649,15.3124669]],[[-88.5282124,15.3116141],[-88.539486,15.3579738],[-88.5679935,15.3515854],[-88.5542177,15.3071343]],[[-88.5461918,15.4184963],[-88.5608321,15.4112941],[-88.541667,15.4079168],[-88.5461918,15.4184963]],[[-87.578337,14.5851873],[-87.5858321,14.5708848],[-87.5750004,14.5662502],[-87.578337,14.5851873]],[[-87.4973718,14.6028672],[-87.5120365,14.5887396],[-87.491667,14.5829168],[-87.4973718,14.6028672]],[[-87.616667,14.6162502],[-87.6268233,14.6133978],[-87.6195235,14.6060898],[-87.616667,14.6162502]],[[-87.5001612,14.6163253],[-87.5022683,14.626482],[-87.5042077,14.6352321],[-87.5446944,14.6289536],[-87.511361,14.6215561],[-87.5001612,14.6163253]],[[-87.616667,14.6162502],[-87.6034021,14.6196519],[-87.5829349,14.632986],[-87.6051029,14.6613185],[-87.616667,14.6162502]],[[-87.5795251,14.7018296],[-87.5941654,14.6946274],[-87.5750004,14.6912502],[-87.5795251,14.7018296]],[[-87.558202,14.7210593],[-87.5502702,14.71721]],[[-88.3690109,15.593172],[-88.3771776,15.5869448],[-88.381877,15.5776556],[-88.366667,15.5745835],[-88.3690109,15.593172]],[[-88.3059493,15.606334],[-88.3136804,15.6276841],[-88.3364343,15.5874375],[-88.316667,15.5829168],[-88.3059493,15.606334]],[[-88.2396325,15.6451401],[-88.2705977,15.6346543],[-88.2500004,15.6162502],[-88.2396325,15.6451401]],[[-88.1833337,15.6495835],[-88.1833337,15.6745835],[-88.2083337,15.6745835],[-88.2083337,15.6495835],[-88.1833337,15.6495835]],[[-88.1215987,15.6795151],[-88.1035974,15.6919419],[-88.1075974,15.6985502],[-88.1215591,15.6822615],[-88.1478424,15.6746845],[-88.1250004,15.6662502],[-88.1215987,15.6795151]],[[-88.0833337,15.7245835],[-88.0763431,15.7284165],[-88.0682793,15.7473375],[-88.0808487,15.7380104],[-88.0833337,15.7245835]],[[-88.0148485,15.7826242],[-88.0446167,15.7802162],[-88.0487169,15.7617521],[-88.0250004,15.7579168],[-88.0148485,15.7826242]],[[-87.9700546,15.7979756],[-87.975914,15.7992373],[-87.9823074,15.7907524],[-87.9993668,15.7838755],[-87.9928959,15.7777736],[-87.979167,15.7791733],[-87.9608247,15.7773043]],[[-86.9790251,13.9502322],[-86.9901384,13.9578367]],[[-86.9901384,13.9578367],[-86.993879,13.9478381]],[[-86.987837,13.9278778],[-86.9750004,13.9245835],[-86.9813724,13.9397528],[-86.9790251,13.9502322]],[[-88.7571281,14.8447786],[-88.7627852,14.8477728],[-88.7770558,14.8359746]],[[-88.7842687,14.8949914],[-88.7851566,14.8941025],[-88.7752477,14.89213]],[[-88.7729505,14.2245965],[-88.7697839,14.2374904],[-88.7755619,14.2446519],[-88.7950687,14.2214015],[-88.7850723,14.2188355]],[[-88.7850723,14.2188355],[-88.7729505,14.2245965]],[[-86.6168528,13.9824832],[-86.6172679,13.982811]],[[-86.6172679,13.982811],[-86.6356042,13.9795802],[-86.6213057,13.9720851],[-86.6168528,13.9824832]],[[-88.2789133,14.8840354],[-88.2807051,14.9028672],[-88.2906607,14.8932762]],[[-88.0847904,14.9027957],[-88.0864099,14.9156317],[-88.1027998,14.9010972],[-88.0982542,14.8987977]],[[-88.0613862,14.911965],[-88.0684004,14.9198797],[-88.0737611,14.9067786]],[[-88.0500181,14.9246658],[-88.0540043,14.9431789],[-88.0696211,14.9353379],[-88.0500293,14.9245994],[-88.0500181,14.9246658]],[[-88.2520854,14.9473351],[-88.2512283,14.9356327]],[[-88.2543243,14.920157],[-88.2546635,14.8953639],[-88.241667,14.8912502],[-88.2171472,14.9145778],[-88.2303499,14.9682515],[-88.2327869,14.9681609],[-88.2520854,14.9473351]],[[-86.3580733,16.4279404],[-86.3950687,16.4023911],[-86.3892317,16.3957529],[-86.3797684,16.4028912],[-86.3551331,16.3999271],[-86.3454895,16.3962212],[-86.3404009,16.4023423],[-86.3580733,16.4279404]],[[-88.5000004,14.8329168],[-88.5140556,14.8375083]],[[-88.5140556,14.8375083],[-88.497016,14.8135401]],[[-88.497016,14.8135401],[-88.491667,14.8161525],[-88.5000004,14.8329168]],[[-88.5000004,14.8329168],[-88.4894209,14.8374456],[-88.4966231,14.8520819],[-88.5000004,14.8329168]],[[-88.4700036,14.8601873],[-88.4774987,14.8458848],[-88.466667,14.8412502],[-88.4700036,14.8601873]],[[-88.4238666,14.8747122],[-88.4273848,14.8779852],[-88.4367354,14.8529852],[-88.4483972,14.8449367],[-88.4359871,14.8429813]],[[-88.4267259,14.8972845],[-88.4276955,14.9006755],[-88.4307051,14.9112005],[-88.4453698,14.8970729],[-88.4250004,14.8912502],[-88.4267259,14.8972845]],[[-88.4754724,14.9320664],[-88.4954838,14.9440496],[-88.5027998,14.9201808],[-88.4833337,14.9162502],[-88.4754724,14.9320664]],[[-86.4109623,14.6342637],[-86.4268233,14.6189438],[-86.4083337,14.6162502],[-86.4109623,14.6342637]],[[-86.2132653,14.6378485],[-86.1947514,14.6447739],[-86.1967696,14.6537502],[-86.1912113,14.6785223],[-86.2294193,14.6883286],[-86.2617354,14.657689],[-86.2312992,14.6366725],[-86.216667,14.6329168],[-86.2132653,14.6378485]],[[-86.0833337,14.7329168],[-86.0833337,14.7495835],[-86.1083337,14.7495835],[-86.1083337,14.7329168],[-86.0833337,14.7329168]],[[-86.653337,15.6435207],[-86.6608321,15.6292181],[-86.6500004,15.6245835],[-86.653337,15.6435207]],[[-86.6711918,15.6684962],[-86.6858321,15.6612941],[-86.666667,15.6579168],[-86.6711918,15.6684962]],[[-86.8993219,15.7252122],[-86.879167,15.7457464],[-86.8635013,15.7288356],[-86.8352136,15.7205755],[-86.804224,15.7540228],[-86.7742517,15.7381618],[-86.717904,15.7579128],[-86.6959965,15.7773789],[-86.7767868,15.7928123],[-86.7846069,15.7923889],[-86.7957993,15.7793646],[-86.8078995,15.7750607],[-86.8188324,15.7677689],[-86.8411255,15.7614441],[-86.8866348,15.7572813],[-86.8967879,15.7547471],[-86.8997874,15.7265836]],[[-86.6313556,15.7846681],[-86.6286539,15.7931233],[-86.6367569,15.7932816],[-86.6538467,15.7874031],[-86.6654511,15.78792],[-86.6952966,15.779446],[-86.666667,15.7745835],[-86.6630375,15.7792873],[-86.6313556,15.7846681]],[[-87.7545251,14.3768296],[-87.7691654,14.3696274],[-87.7500004,14.3662502],[-87.7545251,14.3768296]],[[-87.6789545,14.373631],[-87.6848184,14.3997911],[-87.689623,14.4059681],[-87.7002282,14.4113185],[-87.7117354,14.3946519],[-87.7235111,14.386526],[-87.7186404,14.36481]],[[-87.7074777,14.4264648],[-87.7120365,14.4220729],[-87.6935297,14.4167826]],[[-87.6935297,14.4167826],[-87.7074777,14.4264648]],[[-86.3833337,15.6079168],[-86.3820453,15.6033338],[-86.373879,15.6052615],[-86.3833337,15.6079168]],[[-86.4706709,15.6765122],[-86.4862878,15.6686712],[-86.466667,15.6579168],[-86.4706709,15.6765122]],[[-86.4889896,15.75622],[-86.504167,15.7528143],[-86.5129724,15.7547878],[-86.5284021,15.7402044],[-86.5000004,15.7329168],[-86.4864424,15.7448594],[-86.4889896,15.75622]],[[-86.4557051,15.7612005],[-86.4703698,15.7470729],[-86.4500004,15.7412502],[-86.4557051,15.7612005]],[[-86.3961918,15.7684962],[-86.4108321,15.7612941],[-86.391667,15.7579168],[-86.3961918,15.7684962]],[[-86.5450036,15.7935207],[-86.5524987,15.7792181],[-86.541667,15.7745835],[-86.5450036,15.7935207]],[[-86.5855923,15.7941046],[-86.6030209,15.7927892],[-86.5833337,15.7829168],[-86.5855923,15.7941046]],[[-86.2863255,15.8100461],[-86.2999068,15.804321],[-86.2833337,15.7995835],[-86.2863255,15.8100461]],[[-86.502671,15.8119869],[-86.5111356,15.8056869],[-86.5000004,15.7995835],[-86.502671,15.8119869]],[[-86.2454709,15.8462196],[-86.2554677,15.8368618],[-86.241667,15.8329168],[-86.2454709,15.8462196]],[[-86.5210697,16.3285142],[-86.5433028,16.3534043],[-86.5948897,16.3173651],[-86.5992298,16.298719],[-86.5871811,16.3026028],[-86.5683365,16.3142738],[-86.5533676,16.3141136],[-86.5210697,16.3285142]],[[-86.7038415,14.2346746],[-86.7226566,14.244127],[-86.7362064,14.2196681],[-86.7000004,14.2162502],[-86.7038415,14.2346746]],[[-86.6878584,14.3768296],[-86.7024987,14.3696274],[-86.6833337,14.3662502],[-86.6878584,14.3768296]],[[-88.0307051,14.7445339],[-88.0453698,14.7304062],[-88.0250004,14.7245835],[-88.0307051,14.7445339]],[[-88.2875481,15.2840327],[-88.2944665,15.2635483],[-88.2833337,15.2579168],[-88.2735762,15.2775417],[-88.2836822,15.2837053],[-88.2875481,15.2840327]],[[-88.1700036,15.301854],[-88.1774987,15.2875514],[-88.166667,15.2829168],[-88.1700036,15.301854]],[[-87.9450912,15.3666605],[-87.9333337,15.3579168],[-87.9222416,15.3855129],[-87.945148,15.3668202],[-87.9450912,15.3666605]],[[-87.9440304,15.2940647],[-87.931221,15.2938452],[-87.9261615,15.2899131]],[[-87.9261615,15.2899131],[-87.9213708,15.3126206],[-87.9057458,15.3246811],[-87.8880375,15.3542873],[-87.8786299,15.3615464],[-87.8713708,15.3851955],[-87.9003584,15.3948797],[-87.9119633,15.353213],[-87.9594696,15.3451445]],[[-87.9594696,15.3451445],[-87.9475326,15.29855]],[[-87.9475326,15.29855],[-87.941667,15.2995835],[-87.9388106,15.3097438],[-87.9315108,15.3024359],[-87.941667,15.2995835],[-87.9440304,15.2940647]],[[-87.954093,15.386189],[-87.9501635,15.4069563]],[[-87.950228,15.4078794],[-87.9697326,15.4046743]],[[-87.9697326,15.4046743],[-87.9673233,15.3981705],[-87.954093,15.386189]],[[-87.8750004,15.4079168],[-87.8844334,15.4166586]],[[-87.9319291,15.40664],[-87.8794519,15.4029323],[-87.8750004,15.4079168]],[[-87.8750004,15.4079168],[-87.8450687,15.4045151],[-87.8414598,15.3904421]],[[-87.8414598,15.3904421],[-87.8265915,15.388237],[-87.8241425,15.4011784],[-87.8301164,15.4196283]],[[-87.8301164,15.4196283],[-87.8713708,15.4126206],[-87.8750004,15.4079168]],[[-88.3437279,13.9468997],[-88.3444665,13.9443833],[-88.291667,13.9412502],[-88.2944665,13.946784],[-88.3300289,13.9646494]],[[-88.2711918,13.9684963],[-88.2858321,13.9612941],[-88.266667,13.9579168],[-88.2711918,13.9684963]],[[-88.3874168,13.9169697],[-88.3878584,13.9268296],[-88.3986378,13.9215268],[-88.3973052,13.9187122],[-88.3945456,13.9182259],[-88.3874168,13.9169697]],[[-87.2873376,14.6848455],[-87.3029545,14.6770046],[-87.2833337,14.6662502],[-87.2873376,14.6848455]],[[-87.1263222,14.7063271],[-87.1451501,14.703327],[-87.1216027,14.6864536]],[[-87.1616703,14.7351873],[-87.1691654,14.7208848],[-87.1583337,14.7162502],[-87.1616703,14.7351873]],[[-87.1794763,14.7691432],[-87.203101,14.753563],[-87.1750004,14.7495835],[-87.1794763,14.7691432]],[[-87.2083337,13.9079168],[-87.2043298,13.8893215],[-87.1887129,13.8971624],[-87.2083337,13.9079168]],[[-87.2083337,13.9079168],[-87.2045063,13.9416078]],[[-87.2231671,13.9174446],[-87.2083337,13.9079168]],[[-87.1999247,13.9498489],[-87.1947398,13.9575797]],[[-87.0945235,13.0347438],[-87.1018233,13.0274359],[-87.091667,13.0245835],[-87.0945235,13.0347438]],[[-86.9480743,13.0641356],[-86.9473148,13.0686387],[-86.9695398,13.0615383],[-86.9521894,13.059284],[-86.9480743,13.0641356]],[[-87.0629642,13.07921],[-87.0383223,13.0989447],[-87.0721602,13.0947332],[-87.0870365,13.0804063],[-87.066667,13.0745835],[-87.0629642,13.07921]],[[-87.0482653,13.1729151],[-87.06212,13.1721316]],[[-87.06212,13.1721316],[-87.0682702,13.1653062],[-87.0434411,13.1468369],[-87.0491947,13.1133815],[-87.0370284,13.111286],[-87.0283858,13.122903],[-86.9964441,13.1031398],[-86.9833337,13.0995835],[-86.9797774,13.1126939],[-86.9634525,13.1390692],[-86.9833337,13.1356471],[-86.9961755,13.1378607],[-87.0128747,13.1275295],[-87.0252445,13.1586655],[-87.0482653,13.1729151]],[[-87.8750004,15.2745835],[-87.8788578,15.2617742],[-87.8891117,15.2529404],[-87.8865645,15.2212347],[-87.8915814,15.2122386]],[[-87.8915814,15.2122386],[-87.8628742,15.212577]],[[-87.8628742,15.212577],[-87.8639408,15.2258734],[-87.8583337,15.2829168]],[[-87.8583337,15.2829168],[-87.8750004,15.2745835]],[[-87.8750004,15.2745835],[-87.8828617,15.3028224],[-87.9036299,15.279446],[-87.8750004,15.2745835]],[[-87.8104252,15.4852646],[-87.8196211,15.4704697],[-87.8000004,15.4662502],[-87.8104252,15.4852646]],[[-87.8583337,15.2829168],[-87.8333825,15.2872585],[-87.8050866,15.3338405],[-87.7724206,15.3785548],[-87.7611088,15.4690252],[-87.741667,15.4995835]],[[-87.741667,15.4995835],[-87.7695967,15.494839],[-87.800098,15.4553249],[-87.814965,15.4464335]],[[-87.8282846,15.4269569],[-87.8301164,15.4196283]],[[-87.8414598,15.3904421],[-87.8382653,15.3779852],[-87.806462,15.3560288],[-87.8234704,15.3313909],[-87.8540206,15.3103013],[-87.8583337,15.2829168]],[[-87.816667,15.5079168],[-87.8337958,15.5048989],[-87.8341125,15.5037983],[-87.8213057,15.4970851],[-87.816667,15.5079168]],[[-87.741667,15.4995835],[-87.7192712,15.4884507],[-87.6943485,15.4944587]],[[-87.7126185,15.5240471],[-87.7161625,15.5082342],[-87.738184,15.5131699],[-87.741667,15.4995835]],[[-87.816667,15.5079168],[-87.8060876,15.5124456],[-87.8143929,15.520822],[-87.8162676,15.5101836],[-87.816667,15.5079168]],[[-87.763001,15.5505747],[-87.769077,15.5554868],[-87.7786299,15.5504827],[-87.766667,15.5412502],[-87.763001,15.5505747]],[[-87.7950036,15.5601873],[-87.8024987,15.5458848],[-87.791667,15.5412502],[-87.7950036,15.5601873]],[[-87.7482074,15.6055268],[-87.7585926,15.6172946],[-87.7613285,15.6194281],[-87.7726241,15.5862819],[-87.7583337,15.5829168],[-87.7482074,15.6055268]],[[-87.7787032,15.6708766],[-87.7925866,15.6819932],[-87.8086185,15.7020086],[-87.8030928,15.6576157],[-87.7750004,15.6495835],[-87.7787032,15.6708766]],[[-88.666667,14.4245835],[-88.666667,14.4495835],[-88.6833337,14.4495835],[-88.6833337,14.4245835],[-88.666667,14.4245835]],[[-86.6795251,13.8601629],[-86.6941654,13.8529608],[-86.6750004,13.8495835],[-86.6795251,13.8601629]],[[-88.7850723,14.2188355],[-88.7750004,14.2162502],[-88.7729505,14.2245965]],[[-87.3616703,13.426854],[-87.3691654,13.4125514],[-87.3583337,13.4079168],[-87.3616703,13.426854]],[[-87.4750004,13.4412502],[-87.4851566,13.4383978],[-87.4778568,13.4310898],[-87.4750004,13.4412502]],[[-87.4750004,13.4412502],[-87.4705245,13.4373927],[-87.4623376,13.4102158],[-87.4457932,13.4121437],[-87.4429932,13.4029427],[-87.432244,13.3941639],[-87.4228058,13.4003677],[-87.4232559,13.4088755],[-87.388656,13.4231716],[-87.4378096,13.4451076],[-87.4500004,13.4662502]],[[-87.4500004,13.4662502],[-87.4722009,13.4551174],[-87.4750004,13.4412502]],[[-87.4500004,13.4662502],[-87.4461439,13.4754094],[-87.4485708,13.4713352],[-87.4500004,13.4662502]],[[-87.4354473,13.4966186],[-87.416667,13.4912502],[-87.4223718,13.5112005],[-87.4345311,13.4994866],[-87.4354473,13.4966186]],[[-88.2673262,14.1191025],[-88.2869633,14.1088161],[-88.2750004,14.0995835],[-88.2673262,14.1191025]],[[-86.8805847,16.0963612],[-86.8888676,16.1115464],[-86.9008179,16.0938683],[-86.8860245,16.0875454],[-86.8805847,16.0963612]],[[-87.6621671,14.2585464],[-87.6709243,14.2518022]],[[-87.6709243,14.2518022],[-87.6583337,14.2495835],[-87.6621671,14.2585464]],[[-87.7488448,14.4274644],[-87.7865889,14.4200547],[-87.741667,14.4162502],[-87.7488448,14.4274644]],[[-87.6935297,14.4167826],[-87.6973718,14.4362005],[-87.7074777,14.4264648]],[[-87.7366703,14.451854],[-87.7441654,14.4375514],[-87.7333337,14.4329168],[-87.7366703,14.451854]],[[-87.828337,14.4685207],[-87.8358321,14.4542181],[-87.8250004,14.4495835],[-87.828337,14.4685207]],[[-87.8187585,14.493598],[-87.8279545,14.4788031],[-87.8083337,14.4745835],[-87.8187585,14.493598]],[[-87.6500004,14.4995835],[-87.6566003,14.4910345],[-87.691667,14.4858506],[-87.7119633,14.4888494],[-87.7047041,14.4782131],[-87.6532149,14.4393499],[-87.6535485,14.4204168],[-87.6560144,14.4037502],[-87.6527673,14.3817938],[-87.6548987,14.3790326]],[[-87.6391727,14.3570542],[-87.6255775,14.3628092]],[[-87.5886854,14.3674859],[-87.5765629,14.3891546],[-87.5977054,14.4037502],[-87.5823083,14.4143784],[-87.5997644,14.441181],[-87.6122725,14.4899359],[-87.6369388,14.4844061],[-87.6500004,14.4995835]],[[-87.5806482,14.526972],[-87.6028731,14.5198716],[-87.5750004,14.5162502],[-87.5806482,14.526972]],[[-87.6500004,14.4995835],[-87.6400313,14.5196356],[-87.6560144,14.527383],[-87.6694665,14.5035142],[-87.6500004,14.4995835]],[[-87.6868982,14.5353745],[-87.6945398,14.513821],[-87.6833337,14.5079168],[-87.6868982,14.5353745]],[[-88.988879,14.3753688],[-88.9852804,14.3830906],[-88.9878096,14.3941432],[-89.0114343,14.378563],[-88.988879,14.3753688]],[[-88.9653956,14.3977084],[-88.9514313,14.4072981],[-88.9305465,14.4177264]],[[-88.9305465,14.4177264],[-88.9586592,14.4536688],[-88.9707523,14.402855],[-88.9653956,14.3977084]],[[-87.991667,14.1995835],[-88.0052575,14.1960964],[-88.0032312,14.1870835],[-88.0064514,14.174591]],[[-87.9995579,14.1584555],[-87.9956954,14.1641912],[-87.991667,14.1995835]],[[-87.991667,14.1995835],[-87.9814049,14.2013916],[-87.9888214,14.2062284],[-87.991667,14.1995835]],[[-86.9520918,13.7519313],[-86.9612878,13.7371364],[-86.941667,13.7329168],[-86.9520918,13.7519313]],[[-88.4700036,14.076854],[-88.4774987,14.0625514],[-88.466667,14.0579168],[-88.4700036,14.076854]],[[-88.4775855,14.1086429],[-88.4759217,14.1111939]],[[-87.241667,15.0412502],[-87.2404741,15.0370068],[-87.2346349,15.0352702],[-87.241667,15.0412502]],[[-87.241667,15.0412502],[-87.2445235,15.0514105],[-87.2518233,15.0441025],[-87.241667,15.0412502]],[[-87.2674677,15.0580528],[-87.266667,15.0579168],[-87.2745284,15.0861558],[-87.2819752,15.0777737]],[[-87.177629,15.117597],[-87.19349,15.1022772],[-87.1750004,15.0995835],[-87.177629,15.117597]],[[-87.2863476,15.0996909],[-87.2750004,15.0912502],[-87.2636967,15.119363],[-87.2952234,15.1062933],[-87.2926706,15.1043944],[-87.2863476,15.0996909]],[[-87.2545251,15.1518296],[-87.2691654,15.1446274],[-87.2500004,15.1412502],[-87.2545251,15.1518296]],[[-87.1084314,15.1497707],[-87.136768,15.1613185],[-87.1450687,15.1235378],[-87.116667,15.1162502],[-87.1084314,15.1497707]],[[-87.2795251,15.2018296],[-87.2941654,15.1946274],[-87.2750004,15.1912502],[-87.2795251,15.2018296]],[[-87.4437585,15.2102646],[-87.4529545,15.1954697],[-87.4333337,15.1912502],[-87.4437585,15.2102646]],[[-87.7028568,13.8930771],[-87.7101566,13.8857692],[-87.7000004,13.8829168],[-87.7028568,13.8930771]],[[-86.8473718,13.9612005],[-86.8620365,13.9470729],[-86.841667,13.9412502],[-86.8473718,13.9612005]],[[-86.8627263,14.0508065],[-86.8673935,14.0609999],[-86.8786037,14.0552272]],[[-86.8786037,14.0552272],[-86.8627263,14.0508065]],[[-87.0890385,13.5445339],[-87.1037032,13.5304063],[-87.0833337,13.5245835],[-87.0890385,13.5445339]],[[-87.0695235,13.5847438],[-87.0768233,13.5774359],[-87.066667,13.5745835],[-87.0695235,13.5847438]],[[-88.0927731,14.0724335],[-88.0884932,14.0694281],[-88.066667,14.0662502],[-88.069906,14.0969712],[-88.1148523,14.1109727],[-88.1346981,14.098742]],[[-88.1346981,14.098742],[-88.1229858,14.0970726],[-88.1176987,14.1047983],[-88.1090622,14.1009741],[-88.1007996,14.0898542],[-88.1018219,14.0811338],[-88.0927731,14.0724335]],[[-88.341667,14.0245835],[-88.3472009,14.021784],[-88.3527998,14.0024481],[-88.3305342,14.0021877],[-88.341667,14.0245835]],[[-88.341667,14.0245835],[-88.3310876,14.0291123],[-88.3382898,14.0437485],[-88.341667,14.0245835]],[[-87.8250004,14.5495835],[-87.8221439,14.5394232],[-87.8148441,14.5467311],[-87.8250004,14.5495835]],[[-87.8250004,14.5495835],[-87.8206227,14.5609774]],[[-87.8277278,14.5485348],[-87.8250004,14.5495835]],[[-87.728337,14.5685207],[-87.7358321,14.5542181],[-87.7250004,14.5495835],[-87.728337,14.5685207]],[[-87.7223718,14.5945339],[-87.7370365,14.5804062],[-87.716667,14.5745835],[-87.7223718,14.5945339]],[[-87.7561609,14.6111883],[-87.778931,14.6001857],[-87.7500004,14.5912502],[-87.7561609,14.6111883]],[[-87.653337,14.6185207],[-87.6608321,14.6042181],[-87.6500004,14.5995835],[-87.653337,14.6185207]],[[-87.7925034,14.6610012],[-87.7750004,14.6579168],[-87.7795251,14.6684963],[-87.7855171,14.6655485],[-87.786949,14.6648442],[-87.7923918,14.6621666],[-87.7925034,14.6610012]],[[-88.1339929,14.3691025],[-88.1536299,14.3588161],[-88.141667,14.3495835],[-88.1339929,14.3691025]],[[-88.2056482,14.3853053],[-88.2278731,14.3782049],[-88.2000004,14.3745835],[-88.2056482,14.3853053]],[[-88.1434123,14.2976967],[-88.1370365,14.3045802],[-88.1380293,14.3295558],[-88.162655,14.3285793],[-88.1796472,14.362527],[-88.1789961,14.3788885],[-88.1838789,14.3869248],[-88.1965743,14.3600124],[-88.1953373,14.3287502],[-88.2014805,14.3258511]],[[-88.2074562,14.3085626],[-88.1973871,14.3020613]],[[-87.9909484,15.0573732],[-87.9976248,15.0424073]],[[-87.9332877,15.0747413],[-87.9371911,15.0617742],[-87.9469547,15.0574173]],[[-87.9723699,15.0561927],[-87.9819258,15.0775986],[-87.9885663,15.0627131]],[[-88.0250004,15.1079168],[-88.0216638,15.0889796],[-88.0141687,15.1032822],[-88.0250004,15.1079168]],[[-87.9521538,15.1185891],[-87.9548509,15.1221184],[-87.9769698,15.1113185],[-87.9500004,15.1079168],[-87.9521538,15.1185891]],[[-88.0250004,15.1079168],[-88.0284265,15.1248765],[-88.0443689,15.1357163],[-88.0569502,15.1108465],[-88.0250004,15.1079168]],[[-86.8627263,14.0508065],[-86.8583337,14.0495835],[-86.8534753,14.0619533],[-86.857349,14.0782131],[-86.8869633,14.0575547],[-86.8786037,14.0552272]],[[-86.8640385,14.1362005],[-86.8787032,14.1220729],[-86.8583337,14.1162502],[-86.8640385,14.1362005]],[[-86.9096195,14.1520522],[-86.9068038,14.1594427],[-86.928223,14.1742295],[-86.9362588,14.1598634]],[[-86.9362588,14.1598634],[-86.9300919,14.161665],[-86.9181747,14.1589079],[-86.9096195,14.1520522]],[[-86.9445235,13.1597438],[-86.9518233,13.1524359],[-86.941667,13.1495835],[-86.9445235,13.1597438]],[[-87.0393338,13.1858619],[-87.016667,13.1829168],[-87.0223148,13.1936387],[-87.0366001,13.1890748],[-87.0393338,13.1858619]],[[-86.9583337,13.2079168],[-86.9554773,13.1977565],[-86.9481775,13.2050645],[-86.9583337,13.2079168]],[[-86.9295251,13.2184963],[-86.9441654,13.2112941],[-86.9250004,13.2079168],[-86.9295251,13.2184963]],[[-87.0255939,13.2039303],[-87.0000004,13.1995835],[-87.0153161,13.2194321],[-87.0227923,13.2110169],[-87.0255939,13.2039303]],[[-86.9583337,13.2079168],[-86.9712976,13.2282904],[-86.9784136,13.261204]],[[-86.9784136,13.261204],[-86.9889603,13.2599316],[-86.9983842,13.2552285]],[[-86.9983842,13.2552285],[-87.0078617,13.222077],[-86.9583337,13.2079168]],[[-86.9224857,13.2737941],[-86.9546879,13.263764],[-86.9615075,13.2536851],[-86.9333337,13.2495835],[-86.9224857,13.2737941]],[[-89.1596949,14.4287429],[-89.1726379,14.4278917],[-89.1902695,14.423872],[-89.2019162,14.4179596]],[[-89.2019162,14.4179596],[-89.2070642,14.3949896],[-89.1833337,14.3912502],[-89.1886071,14.4127183],[-89.1586185,14.4239406],[-89.1596949,14.4287429]],[[-89.2001572,14.4455061],[-89.2064945,14.4516196]],[[-89.2064945,14.4516196],[-89.2035535,14.438505]],[[-89.2035535,14.438505],[-89.2001572,14.4455061]],[[-88.6540043,14.8015122],[-88.6696211,14.7936712],[-88.6500004,14.7829168],[-88.6540043,14.8015122]],[[-88.5506595,14.8191025],[-88.5702966,14.8088161],[-88.5583337,14.7995835],[-88.5506595,14.8191025]],[[-88.5712976,14.769957],[-88.5802168,14.7911322],[-88.5781335,14.8079168],[-88.5798669,14.8218857],[-88.6065271,14.8185695],[-88.5974939,14.7459132],[-88.591667,14.7412502],[-88.5879398,14.7626572],[-88.5574385,14.7588649],[-88.5712976,14.769957]],[[-88.516667,14.8245835],[-88.5268233,14.8217311],[-88.5195235,14.8144232],[-88.516667,14.8245835]],[[-88.6128584,14.8351629],[-88.6274987,14.8279608],[-88.6083337,14.8245835],[-88.6128584,14.8351629]],[[-88.516667,14.8245835],[-88.5111332,14.821784],[-88.504989,14.8096462],[-88.497016,14.8135401]],[[-88.5140556,14.8375083],[-88.516667,14.8245835]],[[-88.5503829,14.8506658],[-88.5781742,14.8451442],[-88.5583337,14.8329168],[-88.5503829,14.8506658]],[[-86.691667,15.3829168],[-86.6859623,15.3629665],[-86.6712976,15.3770941],[-86.691667,15.3829168]],[[-86.691667,15.3829168],[-86.6945235,15.3930771],[-86.7018233,15.3857692],[-86.691667,15.3829168]],[[-86.5942956,15.442597],[-86.6101566,15.4272772],[-86.591667,15.4245835],[-86.5942956,15.442597]],[[-86.6389652,15.4669622],[-86.6679122,15.4596706],[-86.6783288,15.4455999],[-86.6500004,15.4412502],[-86.6389652,15.4669622]],[[-86.316667,15.4579168],[-86.316667,15.4745835],[-86.341667,15.4745835],[-86.341667,15.4579168],[-86.316667,15.4579168]],[[-86.6500004,15.4829168],[-86.6471439,15.4727565],[-86.6398441,15.4800644],[-86.6500004,15.4829168]],[[-86.6866703,15.4851873],[-86.6941654,15.4708848],[-86.6833337,15.4662502],[-86.6866703,15.4851873]],[[-86.6500004,15.4829168],[-86.6528568,15.4930771],[-86.6601566,15.4857692],[-86.6500004,15.4829168]],[[-86.2751631,15.466417],[-86.2591638,15.4817897],[-86.2673506,15.4953354],[-86.312419,15.4751816],[-86.2833337,15.4579168],[-86.2751631,15.466417]],[[-86.5377608,15.4920273],[-86.5890385,15.5035142],[-86.6048344,15.4858343],[-86.6035974,15.4650864],[-86.5500004,15.4579168],[-86.5377608,15.4920273]],[[-86.428337,15.5101873],[-86.4358321,15.4958848],[-86.4250004,15.4912502],[-86.428337,15.5101873]],[[-86.2366526,15.5313383],[-86.2536299,15.5061387],[-86.2262367,15.4951048]],[[-86.284584,15.5396175],[-86.2873302,15.539399]],[[-86.2873302,15.539399],[-86.2952966,15.5325547],[-86.266667,15.5245835],[-86.2675323,15.5296793]],[[-85.5961918,15.8351629],[-85.6108321,15.8279608],[-85.591667,15.8245835],[-85.5961918,15.8351629]],[[-88.7452378,15.0008288],[-88.7402429,15.010875],[-88.7536462,15.0190496],[-88.757932,15.0063601]],[[-88.757932,15.0063601],[-88.7452378,15.0008288]],[[-88.6461918,15.0768296],[-88.6608321,15.0696274],[-88.641667,15.0662502],[-88.6461918,15.0768296]],[[-88.7157221,15.0991955],[-88.7288284,15.0851402],[-88.7465973,15.0828514],[-88.7630768,15.0564833],[-88.7672958,15.055974],[-88.769938,15.0423982]],[[-88.769938,15.0423982],[-88.768376,15.0298366],[-88.7500004,15.0245835],[-88.7362471,15.0489121],[-88.717139,15.0642157],[-88.6954919,15.061522],[-88.6879642,15.0677557],[-88.71307,15.0783351],[-88.7119551,15.0872829],[-88.7157221,15.0991955]],[[-88.6750004,15.0912502],[-88.6750004,15.1079168],[-88.7000004,15.1079168],[-88.7000004,15.0912502],[-88.6750004,15.0912502]],[[-88.666667,15.1412502],[-88.6772465,15.1367213],[-88.6700443,15.1220851],[-88.666667,15.1412502]],[[-88.666667,15.1412502],[-88.6560876,15.145779],[-88.6606826,15.1551169],[-88.6638435,15.1572728],[-88.666667,15.1412502]],[[-88.1290043,14.9848455],[-88.1446211,14.9770046],[-88.1250004,14.9662502],[-88.1290043,14.9848455]],[[-87.0607837,13.2423252],[-87.0686035,13.2544937],[-87.0726357,13.2685474]],[[-87.0726357,13.2685474],[-87.0924646,13.2615749],[-87.0964194,13.247505],[-87.087253,13.2419743],[-87.0706303,13.2466457],[-87.0607837,13.2423252]],[[-87.1333867,13.2969674],[-87.1309818,13.2986273],[-87.1073653,13.2933294],[-87.1152999,13.3287502],[-87.114179,13.3337496]],[[-87.114179,13.3337496],[-87.1211929,13.3327103],[-87.1354065,13.3140469],[-87.141777,13.3002672],[-87.1333867,13.2969674]],[[-88.7278279,14.7616407],[-88.7216475,14.7611436],[-88.7042728,14.77084],[-88.6708174,14.7616847],[-88.6660093,14.7631237],[-88.6729153,14.7727871],[-88.6918298,14.7890814],[-88.7208337,14.7867498],[-88.7432133,14.7885483],[-88.7445895,14.7916311]],[[-88.7471336,14.7973302],[-88.7538578,14.8123927],[-88.7595351,14.817283]],[[-87.4623376,13.8348455],[-87.4779545,13.8270046],[-87.4583337,13.8162502],[-87.4623376,13.8348455]],[[-86.9362588,14.1598634],[-86.9096195,14.1520522]],[[-86.9444665,14.1884507],[-86.9648116,14.1940496],[-86.9777999,14.1695623],[-86.941667,14.1662502],[-86.9444665,14.1884507]],[[-87.0159919,14.2180015],[-87.0097715,14.2264016]],[[-87.0980703,15.6175438],[-87.091667,15.6162502],[-87.0949385,15.6519557],[-87.106555,15.6462848]],[[-87.106555,15.6462848],[-87.0980703,15.6175438]],[[-87.0540775,15.6604559],[-87.0784021,15.6290594],[-87.0500004,15.6245835],[-87.0540775,15.6604559]],[[-87.0257002,15.6732692],[-87.0446618,15.6857163],[-87.0527999,15.6677638],[-87.0333337,15.6579168],[-87.0257002,15.6732692]],[[-87.3604252,13.6019313],[-87.3696211,13.5871364],[-87.3500004,13.5829168],[-87.3604252,13.6019313]],[[-87.1026678,13.9508283],[-87.1043054,13.9567083],[-87.1244681,13.9738934]],[[-87.1083337,14.0245835],[-87.1132653,13.994542],[-87.0969242,13.9792873],[-87.0880375,14.0189316],[-87.0896111,14.0193698],[-87.0993609,14.0220848],[-87.1083337,14.0245835]],[[-87.1083337,14.0245835],[-87.1077255,14.0252167]],[[-87.1077255,14.0252167],[-87.111702,14.0280161]],[[-87.1177421,14.0200751],[-87.1083337,14.0245835]],[[-87.8915814,15.2122386],[-87.901278,15.1948512],[-87.9171753,15.1939135]],[[-87.9061902,15.1822727],[-87.891619,15.1778855]],[[-87.8743506,15.1809551],[-87.8609379,15.1884385],[-87.8628742,15.212577]],[[-88.1116703,14.576854],[-88.1191654,14.5625514],[-88.1083337,14.5579168],[-88.1116703,14.576854]],[[-87.3544763,15.5858099],[-87.378101,15.5702296],[-87.3500004,15.5662502],[-87.3544763,15.5858099]],[[-87.3206335,15.6975502],[-87.3228682,15.7029852],[-87.3534021,15.6735378],[-87.3308813,15.6677591]],[[-87.3333337,15.7329168],[-87.3164392,15.7367783],[-87.3238692,15.7584132],[-87.3528975,15.7693507],[-87.3364343,15.7464829],[-87.3333337,15.7329168]],[[-87.6778568,13.5014105],[-87.6851566,13.4941025],[-87.6750004,13.4912502],[-87.6778568,13.5014105]],[[-87.7195235,13.5180771],[-87.7268233,13.5107692],[-87.716667,13.5079168],[-87.7195235,13.5180771]],[[-88.8018363,14.52374],[-88.8167566,14.5447292],[-88.8368168,14.5154323],[-88.8283557,14.5131998]],[[-88.8283557,14.5131998],[-88.8229752,14.5228205],[-88.8090134,14.5186176],[-88.8018363,14.52374]],[[-88.8694106,14.5901821],[-88.8865401,14.5580755],[-88.8583337,14.5495835],[-88.8552824,14.5862939]],[[-87.0482653,13.1729151],[-87.0567061,13.1781398],[-87.06212,13.1721316]],[[-86.9784136,13.261204],[-86.9941735,13.269957],[-86.9983842,13.2552285]],[[-87.0607837,13.2423252],[-87.04349,13.2537502],[-87.0550785,13.261168],[-87.0621586,13.2722316],[-87.0726357,13.2685474]],[[-87.0388513,13.3029771],[-87.0534021,13.2902044],[-87.0250004,13.2829168],[-87.0388513,13.3029771]],[[-87.0278568,13.3764105],[-87.0351566,13.3691025],[-87.0250004,13.3662502],[-87.0278568,13.3764105]],[[-88.8740247,14.6644927],[-88.9099369,14.6698065],[-88.8912276,14.6395737],[-88.8700438,14.6338321]],[[-88.9423262,14.7774359],[-88.9619633,14.7671494],[-88.9500004,14.7579168],[-88.9423262,14.7774359]],[[-87.5676499,14.8326589],[-87.5680268,14.833805],[-87.5948409,14.8284775],[-87.5750004,14.8162502],[-87.5676499,14.8326589]],[[-87.606698,14.8863022],[-87.622681,14.8940496],[-87.6361332,14.8701808],[-87.616667,14.8662502],[-87.606698,14.8863022]],[[-87.599384,14.9100507],[-87.6035567,14.9062933],[-87.58689,14.8793605],[-87.5797774,14.8614731],[-87.5709275,14.8600054],[-87.567494,14.8668629],[-87.5677083,14.8770673]],[[-86.816667,13.8245835],[-86.8268233,13.8217311],[-86.8195235,13.8144232],[-86.816667,13.8245835]],[[-86.816667,13.8245835],[-86.8065108,13.8274359],[-86.8138106,13.8347438],[-86.816667,13.8245835]],[[-86.6560793,14.5649437],[-86.6615186,14.5657662],[-86.6950687,14.5452581],[-86.6500004,14.5412502],[-86.6560793,14.5649437]],[[-87.6664467,13.6079168],[-87.641667,13.6079168],[-87.641667,13.6329168],[-87.666667,13.6329168],[-87.666667,13.6086296],[-87.6664467,13.6079168]],[[-88.2520854,14.9473351],[-88.2549251,14.9353131]],[[-88.3133226,14.9322134],[-88.3102461,14.9392319],[-88.3239994,14.961168],[-88.3449222,14.9396348],[-88.3370744,14.9354543]],[[-85.9253829,14.7923325],[-85.9531742,14.7868109],[-85.9333337,14.7745835],[-85.9253829,14.7923325]],[[-85.9166034,14.8538968],[-85.9203698,14.844957],[-85.9453698,14.8249375],[-85.9287032,14.8137355],[-85.910319,14.8160222]],[[-88.4228398,15.2948426],[-88.4000004,15.2829168],[-88.3927901,15.2986761],[-88.3994332,15.3038325],[-88.4013527,15.3053224],[-88.4073722,15.3099948]],[[-89.1596949,14.4287429],[-89.1661625,14.4575994],[-89.191667,14.4518825],[-89.1950584,14.4526423]],[[-89.1950584,14.4526423],[-89.2001572,14.4455061]],[[-89.2035535,14.438505],[-89.2004317,14.4245835],[-89.2019162,14.4179596]],[[-87.0858319,13.4851873],[-87.1030847,13.4910671],[-87.1128747,13.5069606],[-87.1198409,13.4816758],[-87.1031742,13.4714056],[-87.091765,13.4579772]],[[-87.1583337,13.5329168],[-87.1554773,13.5227565],[-87.1481775,13.5300645],[-87.1583337,13.5329168]],[[-87.201723,13.5263296],[-87.1833337,13.5162502],[-87.1873376,13.5348455],[-87.2021836,13.5273916],[-87.201723,13.5263296]],[[-87.1583337,13.5329168],[-87.1624726,13.5473912],[-87.1717125,13.5454742],[-87.1787032,13.5387396],[-87.1583337,13.5329168]],[[-89.1950584,14.4526423],[-89.2064945,14.4516196]],[[-89.2083337,14.4829168],[-89.2054773,14.4727565],[-89.1981774,14.4800645],[-89.2083337,14.4829168]],[[-89.2083337,14.4829168],[-89.2152665,14.4949916],[-89.2163211,14.492979],[-89.2178618,14.4900391],[-89.2109232,14.4840248],[-89.2083337,14.4829168]],[[-89.2327417,14.5101153],[-89.2339203,14.5078662],[-89.2257394,14.5037778],[-89.2273595,14.5129729]],[[-88.7591231,14.4854315],[-88.7811853,14.5024603],[-88.8036299,14.4811387],[-88.766667,14.4662502],[-88.7591231,14.4854315]],[[-88.8283557,14.5131998],[-88.8083337,14.5079168],[-88.8018363,14.52374]],[[-88.3083337,14.7745835],[-88.31849,14.7717311],[-88.3111901,14.7644232],[-88.3083337,14.7745835]],[[-88.3412448,14.7816396],[-88.3617354,14.773493],[-88.3547611,14.7610174],[-88.3458011,14.7630234],[-88.3250004,14.7579168],[-88.328367,14.7792794]],[[-88.3083337,14.7745835],[-88.2981775,14.7774359],[-88.3054773,14.7847438],[-88.3083337,14.7745835]],[[-88.791667,15.0495835],[-88.8022465,15.0450547],[-88.7950443,15.0304185],[-88.791667,15.0495835]],[[-88.791667,15.0495835],[-88.7815108,15.0524359],[-88.7888106,15.0597438],[-88.791667,15.0495835]],[[-88.7157221,15.0991955],[-88.717017,15.1032904],[-88.773389,15.0701523],[-88.769938,15.0423982]],[[-88.9295251,14.8268296],[-88.9441654,14.8196274],[-88.9250004,14.8162502],[-88.9295251,14.8268296]],[[-88.0890385,15.2445338],[-88.1037032,15.2304062],[-88.0833337,15.2245835],[-88.0890385,15.2445338]],[[-88.0250004,15.2662502],[-88.0351566,15.2633978],[-88.0278568,15.2560898],[-88.0250004,15.2662502]],[[-88.0616703,15.2935207],[-88.0691654,15.2792181],[-88.0583337,15.2745835],[-88.0616703,15.2935207]],[[-88.0250004,15.2662502],[-88.0205721,15.2674828]],[[-88.0205721,15.2674828],[-88.0214844,15.2736368],[-88.0037792,15.2889466]],[[-88.0037792,15.2889466],[-87.9959997,15.2887899]],[[-87.9959997,15.2887899],[-87.9739761,15.2829056],[-87.9523505,15.2919204]],[[-87.9523505,15.2919204],[-87.9475326,15.29855]],[[-87.9594696,15.3451445],[-87.9722334,15.3567938],[-87.9696618,15.3741725],[-87.954093,15.386189]],[[-87.9697326,15.4046743],[-87.9795414,15.4030625],[-87.9865561,15.4097058],[-87.989176,15.412187],[-87.9940328,15.4167866]],[[-88.0764127,15.4024316],[-88.0531905,15.3857163],[-88.0373783,15.4047471],[-88.0285974,15.3844915],[-87.9962162,15.3575994],[-88.0037845,15.3450303],[-88.0137373,15.336758],[-88.0112634,15.312409],[-88.0315271,15.2955714],[-88.0250004,15.2662502]],[[-85.554403,15.0706528],[-85.5390792,15.084341],[-85.5501306,15.1035142],[-85.5705977,15.077208],[-85.5583337,15.0662502],[-85.554403,15.0706528]],[[-87.6211918,13.3184963],[-87.6358321,13.3112941],[-87.616667,13.3079168],[-87.6211918,13.3184963]],[[-87.5520918,13.5269313],[-87.5612878,13.5121364],[-87.541667,13.5079168],[-87.5520918,13.5269313]],[[-87.5611901,13.5430771],[-87.56849,13.5357692],[-87.5583337,13.5329168],[-87.5611901,13.5430771]],[[-87.5961918,13.5434963],[-87.6108321,13.5362941],[-87.591667,13.5329168],[-87.5961918,13.5434963]],[[-87.6278568,13.5514105],[-87.6351566,13.5441025],[-87.6250004,13.5412502],[-87.6278568,13.5514105]],[[-87.4764652,13.569717],[-87.5011316,13.5722316],[-87.5129561,13.562409],[-87.5120365,13.5533962],[-87.5371179,13.5425238],[-87.5150394,13.5255194],[-87.4689457,13.530215],[-87.4333337,13.5245835],[-87.4397546,13.5464626],[-87.4557946,13.5448268],[-87.4764652,13.569717]],[[-86.5810576,14.8235296],[-86.566667,14.8162502],[-86.5604577,14.828738],[-86.5666471,14.8414066],[-86.5748949,14.8360619],[-86.5768328,14.8343436],[-86.5810576,14.8235296]],[[-88.8183329,14.8477388],[-88.8226322,14.8644842],[-88.8319669,14.86239]],[[-88.8117427,14.8962494],[-88.8163213,14.8997731],[-88.8360244,14.8863473],[-88.8358373,14.8852426],[-88.8083337,14.8662502],[-88.8117427,14.8962494]],[[-87.8295251,15.6018296],[-87.8441654,15.5946274],[-87.8250004,15.5912502],[-87.8295251,15.6018296]],[[-87.8961918,15.6518296],[-87.9108321,15.6446274],[-87.891667,15.6412502],[-87.8961918,15.6518296]],[[-87.8616703,15.6601873],[-87.8691654,15.6458848],[-87.8583337,15.6412502],[-87.8616703,15.6601873]],[[-87.8948541,15.7485914],[-87.9128829,15.73747],[-87.9204512,15.7283636],[-87.9462162,15.71247],[-87.9537845,15.6866969],[-87.9628829,15.6708034],[-87.9706465,15.6443467],[-87.9847985,15.6613836],[-88.0027754,15.6632147],[-88.0053389,15.6380723],[-87.9878829,15.6075994],[-87.9981368,15.6018621],[-88.0238052,15.604478]],[[-87.8731082,15.53467],[-87.8705326,15.537055],[-87.8959965,15.5702581],[-87.897795,15.5785915],[-87.8547377,15.5455743],[-87.8537465,15.5472836],[-87.8540229,15.5542967],[-87.8541752,15.565992],[-87.8517175,15.6281073],[-87.887362,15.6035793],[-87.8969486,15.6039577],[-87.9326501,15.6424953],[-87.9120935,15.6615423],[-87.9210616,15.687116],[-87.9089115,15.7100815],[-87.8873376,15.7202581],[-87.8793298,15.7372422],[-87.8678108,15.7479137]],[[-87.9591638,14.7178208],[-87.9861332,14.6927638],[-87.9611332,14.6801173],[-87.9555342,14.6690496],[-87.9333337,14.6662502],[-87.9591638,14.7178208]],[[-87.9472416,14.7605129],[-87.9702234,14.7417588],[-87.9583337,14.7329168],[-87.9472416,14.7605129]],[[-87.9442956,14.7842637],[-87.9601566,14.7689438],[-87.941667,14.7662502],[-87.9442956,14.7842637]],[[-88.757932,15.0063601],[-88.7611332,14.9968817],[-88.7500004,14.9912502],[-88.7452378,15.0008288]],[[-88.9653956,14.3977084],[-88.9500004,14.3829168],[-88.9296146,14.416535],[-88.9305465,14.4177264]],[[-86.284613,15.5417334],[-86.2873302,15.539399]],[[-86.13603,15.5872542],[-86.1380152,15.5880348]],[[-86.3109623,15.592597],[-86.3268233,15.5772772],[-86.3083337,15.5745835],[-86.3109623,15.592597]],[[-86.1694665,15.6051173],[-86.1882409,15.6146144],[-86.1944665,15.603091],[-86.166667,15.5995835],[-86.1694665,15.6051173]],[[-86.2974776,15.6402532],[-86.2891443,15.6030666],[-86.2500004,15.5995835],[-86.2446781,15.6122462],[-86.262655,15.6398504],[-86.279167,15.6361476],[-86.2974776,15.6402532]],[[-86.1687585,15.668598],[-86.1779545,15.6538031],[-86.1583337,15.6495835],[-86.1687585,15.668598]],[[-86.1866703,15.676854],[-86.1941654,15.6625514],[-86.1833337,15.6579168],[-86.1866703,15.676854]],[[-87.1611902,13.7597438],[-87.16849,13.7524359],[-87.1583337,13.7495835],[-87.1611902,13.7597438]],[[-87.5050045,14.7156739],[-87.4972985,14.7336289],[-87.5208337,14.7277004],[-87.5256039,14.7289023]],[[-87.5283646,14.7438517],[-87.5000004,14.7412502],[-87.5037927,14.7600368],[-87.5291953,14.7476314],[-87.5283646,14.7438517]],[[-87.4014733,14.7464013],[-87.4057051,14.7612005],[-87.4203698,14.7470729],[-87.4044937,14.7425346],[-87.4014733,14.7464013]],[[-87.5067693,14.8185136],[-87.5117354,14.8113185],[-87.5227054,14.8037502],[-87.4976241,14.7864365],[-87.466667,14.7829168],[-87.4700687,14.7878485],[-87.4965987,14.8029852],[-87.500881,14.8144363],[-87.5067693,14.8185136]],[[-87.1528568,13.0097438],[-87.1601566,13.0024359],[-87.1500004,12.9995835],[-87.1528568,13.0097438]],[[-87.1417077,13.0327988],[-87.1689131,13.0195135],[-87.1333337,13.0162502],[-87.1417077,13.0327988]],[[-87.2445235,13.2514105],[-87.2518233,13.2441025],[-87.241667,13.2412502],[-87.2445235,13.2514105]],[[-87.2611902,13.2930772],[-87.26849,13.2857692],[-87.2583337,13.2829168],[-87.2611902,13.2930772]],[[-87.114179,13.3337496],[-87.1096683,13.3538682],[-87.1335616,13.3613185],[-87.1458337,13.3435492],[-87.1604333,13.3646917],[-87.1877771,13.3468817],[-87.1952722,13.3360256],[-87.2083337,13.3389512],[-87.2213952,13.3360256],[-87.2297286,13.3480942],[-87.2462081,13.3443996],[-87.2629317,13.3552883],[-87.2700687,13.338707],[-87.2140629,13.3190741],[-87.2391768,13.2866644],[-87.2200687,13.2795151],[-87.204932,13.2696519],[-87.1750004,13.2662502],[-87.1715987,13.2711818],[-87.1534021,13.2779852],[-87.1465987,13.2878485],[-87.1333867,13.2969674]],[[-87.2861901,13.3764105],[-87.29349,13.3691025],[-87.2833337,13.3662502],[-87.2861901,13.3764105]],[[-87.3418315,13.3751684],[-87.3495971,13.3796646],[-87.3451202,13.3755533],[-87.3431925,13.3750119],[-87.3418315,13.3751684]],[[-87.3119633,13.4126206],[-87.3405033,13.4282131],[-87.3359379,13.3973537],[-87.3000004,13.3912502],[-87.3119633,13.4126206]],[[-87.2278568,13.4430771],[-87.2351566,13.4357692],[-87.2250004,13.4329168],[-87.2278568,13.4430771]],[[-88.1346981,14.098742],[-88.1448409,14.0924912],[-88.1257979,14.0733099],[-88.1037845,14.0801662],[-88.0927731,14.0724335]],[[-86.616667,13.9829168],[-86.6172679,13.982811]],[[-86.6168528,13.9824832],[-86.616667,13.9829168]],[[-86.5616703,13.9851873],[-86.5691654,13.9708848],[-86.5583337,13.9662502],[-86.5616703,13.9851873]],[[-86.5450036,13.9851873],[-86.5524987,13.9708848],[-86.541667,13.9662502],[-86.5450036,13.9851873]],[[-86.616667,13.9829168],[-86.5971521,13.9752427],[-86.6074304,13.9948797],[-86.616667,13.9829168]],[[-86.4306482,14.0103053],[-86.4528731,14.0032049],[-86.4250004,13.9995835],[-86.4306482,14.0103053]],[[-86.441667,14.0495835],[-86.4388106,14.0394232],[-86.4315108,14.0467311],[-86.441667,14.0495835]],[[-86.5833337,14.0579168],[-86.5962976,14.0458766],[-86.6037032,14.0282904],[-86.6224613,14.0203883],[-86.5726485,14.001972],[-86.5403568,14.0059881],[-86.5296309,14.0511989],[-86.5833337,14.0579168]],[[-86.441667,14.0495835],[-86.4445235,14.0597438],[-86.4518233,14.0524359],[-86.441667,14.0495835]],[[-86.3860925,14.0653713],[-86.4125004,14.0614691],[-86.4212487,14.062759],[-86.4286299,14.0544297],[-86.3500004,14.0412502],[-86.3536299,14.0459539],[-86.3860925,14.0653713]],[[-86.5833337,14.0579168],[-86.5861902,14.0680771],[-86.59349,14.0607692],[-86.5833337,14.0579168]],[[-88.0205721,15.2674828],[-88.0026208,15.2724798],[-88.0037792,15.2889466]],[[-87.9440304,15.2940647],[-87.9523505,15.2919204]],[[-87.9959997,15.2887899],[-87.9778568,15.258458],[-87.9798099,15.2452419],[-87.9775307,15.2374254]],[[-87.9465129,15.2372227],[-87.9465173,15.2708929],[-87.9286299,15.278213],[-87.9261615,15.2899131]],[[-88.0461918,14.9934963],[-88.0608321,14.9862941],[-88.041667,14.9829168],[-88.0461918,14.9934963]],[[-88.1461918,15.0268296],[-88.1608321,15.0196274],[-88.141667,15.0162502],[-88.1461918,15.0268296]],[[-88.2317129,15.026504],[-88.2250004,15.0245835],[-88.2227426,15.042647]],[[-86.9790251,13.9502322],[-86.9781742,13.9540309],[-86.9857181,13.9696519],[-86.9901384,13.9578367]],[[-87.0222009,14.0051173],[-86.9993575,14.0117091],[-87.0282393,14.026321],[-87.0402103,14.0026556],[-87.0250004,13.9995835],[-87.0222009,14.0051173]],[[-87.1077255,14.0252167],[-87.0966801,14.0367173],[-87.0874713,14.0421831]],[[-87.053337,14.051854],[-87.0608321,14.0375514],[-87.0500004,14.0329168],[-87.053337,14.051854]],[[-87.0533275,14.0624492],[-87.0434411,14.0683172],[-87.0586683,14.0952939]],[[-87.9366459,14.2136623],[-87.9698409,14.2240016],[-87.9633223,14.2021958],[-87.9490726,14.2066351],[-87.9333337,14.1995835],[-87.9366459,14.2136623]],[[-87.952787,14.2509953],[-87.9618942,14.2552382],[-87.9703698,14.2470729],[-87.9500004,14.2412502],[-87.952787,14.2509953]],[[-87.3474519,14.8079168],[-87.3583337,14.8079168],[-87.3583337,14.7912502],[-87.3333337,14.7921652]],[[-89.1133461,14.5979299],[-89.106698,14.6113022],[-89.122681,14.6190496],[-89.1361332,14.5951808],[-89.1264172,14.593219]],[[-89.0438935,14.6943132],[-89.0453025,14.7015251],[-89.0470683,14.7013839],[-89.0614343,14.693776]],[[-88.728337,14.4101873],[-88.7358321,14.3958848],[-88.7250004,14.3912502],[-88.728337,14.4101873]],[[-87.1638676,15.6175197],[-87.1833337,15.6080145],[-87.2000004,15.6161525],[-87.2221358,15.6053452],[-87.2277999,15.5864243],[-87.2000004,15.5829168],[-87.1972009,15.5884507],[-87.1694665,15.602383],[-87.1638676,15.6175197]],[[-87.1295251,15.6184962],[-87.1441654,15.6112941],[-87.1250004,15.6079168],[-87.1295251,15.6184962]],[[-87.106555,15.6462848],[-87.1166263,15.6413682],[-87.1057458,15.6190944],[-87.0980703,15.6175438]],[[-87.6621671,14.2585464],[-87.6770427,14.2528804],[-87.6756158,14.252629],[-87.6709243,14.2518022]],[[-87.6557051,14.2945339],[-87.6703698,14.2804062],[-87.6500004,14.2745835],[-87.6557051,14.2945339]],[[-89.0052331,14.4714829],[-88.9934981,14.4877874],[-89.0167077,14.4943507],[-89.028101,14.4624375],[-89.0083337,14.4579168],[-89.0052331,14.4714829]],[[-86.852629,14.8009303],[-86.86849,14.7856105],[-86.8500004,14.7829168],[-86.852629,14.8009303]],[[-86.8807051,14.8112005],[-86.8953698,14.7970729],[-86.8750004,14.7912502],[-86.8807051,14.8112005]]],"bbox":[-89.2339203,12.9995835,-83.7583337,16.4279404]}