{"type":"Topology","objects":{"foo":{"type":"GeometryCollection","geometries":[{"type":"Polygon","arcs":[[0,1,2,3,4,5]],"properties":{"name":"Lagelu","gaul_code":23028,"targetarea":55.6165608,"totpop":370114.4063,"country_id":"NGA","targetpop":321938.1875,"totalarea":264.8868781,"new_mean":0.0147259}},{"type":"Polygon","arcs":[[6]],"properties":{"name":"Bauchi","gaul_code":22661,"targetarea":100.1586315,"totpop":651992.6875,"country_id":"NGA","targetpop":199841.25,"totalarea":3469.126614,"new_mean":0.0142964}},{"type":"Polygon","arcs":[[7,8,9,10]],"properties":{"name":"Ikwuano","gaul_code":22594,"targetarea":19.685896,"totpop":122438.375,"country_id":"NGA","targetpop":41298.71484,"totalarea":253.6941037,"new_mean":0.0171574}},{"type":"Polygon","arcs":[[11,12,13,14,15]],"properties":{"name":"Iseyin","gaul_code":23026,"targetarea":75.563982,"totpop":357947.9688,"country_id":"NGA","targetpop":198442.7031,"totalarea":2814.295777,"new_mean":0.0175974}},{"type":"Polygon","arcs":[[16,17,18]],"properties":{"name":"Tudun","gaul_code":22832,"targetarea":50.7678626,"totpop":302653.9375,"country_id":"NGA","targetpop":296490.9688,"totalarea":54.4939247,"new_mean":0.0168688}},{"type":"Polygon","arcs":[[19,20,21]],"properties":{"name":"Okehi","gaul_code":22909,"targetarea":57.4342903,"totpop":324961.6563,"country_id":"NGA","targetpop":150276.4844,"totalarea":666.1430197,"new_mean":0.0193932}},{"type":"Polygon","arcs":[[22,23]],"properties":{"name":"Bida","gaul_code":22939,"targetarea":21.6308642,"totpop":263311.8125,"country_id":"NGA","targetpop":42397.46484,"totalarea":2045.600793,"new_mean":0.0202227}},{"type":"Polygon","arcs":[[24]],"properties":{"name":"Katagum","gaul_code":22672,"targetarea":24.9195135,"totpop":323435.6563,"country_id":"NGA","targetpop":45924.98047,"totalarea":1227.817045,"new_mean":0.0145292}},{"type":"Polygon","arcs":[[25,26,27,28,29]],"properties":{"name":"Ikere","gaul_code":22981,"targetarea":25.2206514,"totpop":130968.5313,"country_id":"NGA","targetpop":39166.83594,"totalarea":206.2956035,"new_mean":0.0177007}},{"type":"Polygon","arcs":[[30,31,32,33,34,35]],"properties":{"name":"Anaocha","gaul_code":22645,"targetarea":64.3147734,"totpop":349141.0625,"country_id":"NGA","targetpop":257498.5625,"totalarea":115.0709219,"new_mean":0.0168014}},{"type":"Polygon","arcs":[[36,37,38]],"properties":{"name":"Ibadannorth-west","gaul_code":23018,"targetarea":34.729498,"totpop":232226.8438,"country_id":"NGA","targetpop":231204.2188,"totalarea":35.4072722,"new_mean":0.0134147}},{"type":"Polygon","arcs":[[39,40,41]],"properties":{"name":"Ikeduru","gaul_code":22786,"targetarea":18.0077075,"totpop":198440.6875,"country_id":"NGA","targetpop":42655.40234,"totalarea":169.7049753,"new_mean":0.0167069}},{"type":"Polygon","arcs":[[42,43,44,45,46,47]],"properties":{"name":"Ethiopew","gaul_code":22732,"targetarea":32.3651389,"totpop":179926.1719,"country_id":"NGA","targetpop":65249.09375,"totalarea":565.72336,"new_mean":0.0163475}},{"type":"Polygon","arcs":[[48,49,50,51]],"properties":{"name":"Moro","gaul_code":22922,"targetarea":0.4543907,"totpop":145654.2656,"country_id":"NGA","targetpop":1703.678833,"totalarea":3249.717362,"new_mean":0.0203202}},{"type":"Polygon","arcs":[[52,53]],"properties":{"name":"Ohaukwu","gaul_code":22771,"targetarea":24.8926336,"totpop":304691.2813,"country_id":"NGA","targetpop":42769.93359,"totalarea":513.7391845,"new_mean":0.0195091}},{"type":"Polygon","arcs":[[54,55,56,57,58]],"properties":{"name":"Ifenorth","gaul_code":23001,"targetarea":3.258102,"totpop":182893.9375,"country_id":"NGA","targetpop":10104.9248,"totalarea":891.5763551,"new_mean":0.0165037}},{"type":"Polygon","arcs":[[59,60,61,62,63]],"properties":{"name":"Onitshan","gaul_code":22654,"targetarea":71.6534616,"totpop":354259.1563,"country_id":"NGA","targetpop":348497.2188,"totalarea":75.2778582,"new_mean":0.0178864}},{"type":"Polygon","arcs":[[64,65,66,67,68,69,70]],"properties":{"name":"Esansout","gaul_code":22749,"targetarea":0.9404012,"totpop":195672.8438,"country_id":"NGA","targetpop":1996.958252,"totalarea":1503.66339,"new_mean":0.0176873}},{"type":"Polygon","arcs":[[71,72,73,74,75,76]],"properties":{"name":"Osogbo","gaul_code":23012,"targetarea":39.0940227,"totpop":196382.8281,"country_id":"NGA","targetpop":170058.3281,"totalarea":58.558538,"new_mean":0.0123197}},{"type":"Polygon","arcs":[[-59,77,78,79]],"properties":{"name":"Ifecentral","gaul_code":22999,"targetarea":75.5994694,"totpop":340984.2188,"country_id":"NGA","targetpop":236493.75,"totalarea":314.9738702,"new_mean":0.0148218}},{"type":"Polygon","arcs":[[80,81,82]],"properties":{"name":"Udi","gaul_code":22773,"targetarea":31.6990551,"totpop":306638.375,"country_id":"NGA","targetpop":67682.46094,"totalarea":925.9729505,"new_mean":0.0174536}},{"type":"Polygon","arcs":[[83,84,85,86,87,88,-51]],"properties":{"name":"Asa","gaul_code":22914,"targetarea":24.3045189,"totpop":186147.7813,"country_id":"NGA","targetpop":72493.03125,"totalarea":1532.12761,"new_mean":0.0186302}},{"type":"Polygon","arcs":[[89,-65]],"properties":{"name":"Esannort","gaul_code":22748,"targetarea":24.3190495,"totpop":154007.5,"country_id":"NGA","targetpop":51660.70703,"totalarea":357.5941382,"new_mean":0.0168593}},{"type":"Polygon","arcs":[[90,91]],"properties":{"name":"Bassa","gaul_code":23040,"targetarea":9.7517946,"totpop":213291.1406,"country_id":"NGA","targetpop":22589.27344,"totalarea":1378.583434,"new_mean":0.0170507}},{"type":"Polygon","arcs":[[92,93]],"properties":{"name":"Funtua","gaul_code":22870,"targetarea":45.4689179,"totpop":423412.2188,"country_id":"NGA","targetpop":73437.39063,"totalarea":967.4299579,"new_mean":0.0144557}},{"type":"Polygon","arcs":[[94,95,96,97,98,99]],"properties":{"name":"Mushin","gaul_code":22934,"targetarea":56.8727995,"totpop":1382545,"country_id":"NGA","targetpop":1382545,"totalarea":56.8727995,"new_mean":0.0160553}},{"type":"Polygon","arcs":[[-30,100,101]],"properties":{"name":"Ado-ekiti","gaul_code":22967,"targetarea":25.2143025,"totpop":261905.5625,"country_id":"NGA","targetpop":61801.96094,"totalarea":326.4499475,"new_mean":0.016925}},{"type":"Polygon","arcs":[[-27,102,103,104,105,106]],"properties":{"name":"Ifedore","gaul_code":22978,"targetarea":2.3023797,"totpop":154520.0156,"country_id":"NGA","targetpop":6148.740723,"totalarea":304.031145,"new_mean":0.0183983}},{"type":"Polygon","arcs":[[107]],"properties":{"name":"Maidugur","gaul_code":22708,"targetarea":240.4202025,"totpop":1310130.625,"country_id":"NGA","targetpop":971793.625,"totalarea":705.8410699,"new_mean":0.0133829}},{"type":"Polygon","arcs":[[108,109]],"properties":{"name":"Asari-to","gaul_code":23058,"targetarea":32.2788923,"totpop":170579.5625,"country_id":"NGA","targetpop":84753.73438,"totalarea":103.0539796,"new_mean":0.015905}},{"type":"Polygon","arcs":[[-107,110,111,112,-28]],"properties":{"name":"Akure","gaul_code":22971,"targetarea":123.8682774,"totpop":619753.125,"country_id":"NGA","targetpop":344296.9063,"totalarea":1024.093421,"new_mean":0.017817}},{"type":"Polygon","arcs":[[113,114,115,116]],"properties":{"name":"Uyo","gaul_code":22642,"targetarea":30.0949103,"totpop":348251.625,"country_id":"NGA","targetpop":72073.34375,"totalarea":264.2823018,"new_mean":0.0168434}},{"type":"Polygon","arcs":[[117,118,119,120]],"properties":{"name":"Ugheliso","gaul_code":22743,"targetarea":20.7335401,"totpop":232712.6719,"country_id":"NGA","targetpop":39040.5,"totalarea":721.3094453,"new_mean":0.0159547}},{"type":"Polygon","arcs":[[-29,-113,121,122,123,124,-101]],"properties":{"name":"Emure/ise/orun","gaul_code":22975,"targetarea":75.6721581,"totpop":272521.9063,"country_id":"NGA","targetpop":174190.6719,"totalarea":644.6076502,"new_mean":0.0188858}},{"type":"Polygon","arcs":[[125,126,-2,127,128]],"properties":{"name":"Akinyele","gaul_code":23014,"targetarea":114.8612408,"totpop":763379.3125,"country_id":"NGA","targetpop":671100.8125,"totalarea":492.4653226,"new_mean":0.0142582}},{"type":"Polygon","arcs":[[-110,129,130,131,132]],"properties":{"name":"Degema","gaul_code":23061,"targetarea":56.9398841,"totpop":285225.5313,"country_id":"NGA","targetpop":136748.5156,"totalarea":936.8171831,"new_mean":0.016101}},{"type":"Polygon","arcs":[[133,134,135]],"properties":{"name":"Ilesa","gaul_code":23004,"targetarea":41.9862515,"totpop":180640.6875,"country_id":"NGA","targetpop":94233.91406,"totalarea":133.6297775,"new_mean":0.0153193}},{"type":"Polygon","arcs":[[136,137,138,139,140,141]],"properties":{"name":"Ogo-oluw","gaul_code":23030,"targetarea":6.629302,"totpop":65567.58594,"country_id":"NGA","targetpop":11273.02637,"totalarea":339.0026309,"new_mean":0.0172026}},{"type":"Polygon","arcs":[[142,143,144,145,146]],"properties":{"name":"Gezawa","gaul_code":22846,"targetarea":40.5098133,"totpop":296978.875,"country_id":"NGA","targetpop":86894.00781,"totalarea":347.5133669,"new_mean":0.0144999}},{"type":"Polygon","arcs":[[147,148,149,150]],"properties":{"name":"Abi","gaul_code":22713,"targetarea":7.6243474,"totpop":144941.375,"country_id":"NGA","targetpop":26592.77539,"totalarea":446.3545111,"new_mean":0.0178337}},{"type":"Polygon","arcs":[[151,152,153,154,155,-143,156]],"properties":{"name":"Ungogo","gaul_code":22862,"targetarea":108.9236114,"totpop":591306.4375,"country_id":"NGA","targetpop":485143.6875,"totalarea":190.3149577,"new_mean":0.0143944}},{"type":"Polygon","arcs":[[157,-132,158,159]],"properties":{"name":"Portharcourt","gaul_code":23072,"targetarea":46.9306266,"totpop":566312.4375,"country_id":"NGA","targetpop":279666.3125,"totalarea":142.3115318,"new_mean":0.0160442}},{"type":"Polygon","arcs":[[160,161,162]],"properties":{"name":"Tai/ekem","gaul_code":23075,"targetarea":55.9612766,"totpop":315098,"country_id":"NGA","targetpop":187924.4844,"totalarea":319.5898838,"new_mean":0.0162862}},{"type":"Polygon","arcs":[[163,164,165,166]],"properties":{"name":"Zaria","gaul_code":22834,"targetarea":29.2785711,"totpop":274010.4063,"country_id":"NGA","targetpop":98147.96875,"totalarea":206.7315491,"new_mean":0.0141695}},{"type":"Polygon","arcs":[[167,168,169]],"properties":{"name":"Damaturu","gaul_code":23117,"targetarea":24.8629473,"totpop":340023.7188,"country_id":"NGA","targetpop":47742.42969,"totalarea":10610.10571,"new_mean":0.0139339}},{"type":"Polygon","arcs":[[170,171,172,173]],"properties":{"name":"Katsina (k)","gaul_code":22876,"targetarea":152.0759723,"totpop":546286.1875,"country_id":"NGA","targetpop":363353.9063,"totalarea":395.5678667,"new_mean":0.0133654}},{"type":"Polygon","arcs":[[174,175,176,177,178,179,180,-55,-80]],"properties":{"name":"Ayedaade","gaul_code":22993,"targetarea":21.972973,"totpop":224599.4531,"country_id":"NGA","targetpop":68158.28125,"totalarea":915.2620367,"new_mean":0.016487}},{"type":"Polygon","arcs":[[181,-121,182,183]],"properties":{"name":"Warrisouth","gaul_code":22745,"targetarea":76.1041018,"totpop":360180.1875,"country_id":"NGA","targetpop":212137.6875,"totalarea":2001.959328,"new_mean":0.0156321}},{"type":"Polygon","arcs":[[184,-109,-133,-158,185]],"properties":{"name":"Emuoha","gaul_code":23063,"targetarea":31.4347152,"totpop":261860.1094,"country_id":"NGA","targetpop":63056.01563,"totalarea":490.6264687,"new_mean":0.0156847}},{"type":"Polygon","arcs":[[186,187,-60,188,-69]],"properties":{"name":"Oshimill","gaul_code":22740,"targetarea":10.7598861,"totpop":275421.4688,"country_id":"NGA","targetpop":46266.55078,"totalarea":714.6898488,"new_mean":0.0172105}},{"type":"Polygon","arcs":[[189,190,-15,191,192,-138,193,194]],"properties":{"name":"Oyo","gaul_code":23035,"targetarea":68.9525907,"totpop":473419.25,"country_id":"NGA","targetpop":331345.375,"totalarea":2452.159467,"new_mean":0.0166058}},{"type":"Polygon","arcs":[[195,196]],"properties":{"name":"Afikposo","gaul_code":22591,"targetarea":23.5632306,"totpop":163494.5781,"country_id":"NGA","targetpop":41843.52344,"totalarea":371.6964936,"new_mean":0.017858}},{"type":"Polygon","arcs":[[197,-54]],"properties":{"name":"Abakalik","gaul_code":22758,"targetarea":0.3798879,"totpop":483921.2813,"country_id":"NGA","targetpop":652.5254517,"totalarea":1123.208453,"new_mean":0.0193583}},{"type":"Polygon","arcs":[[198,199]],"properties":{"name":"Aba","gaul_code":22589,"targetarea":72.3434304,"totpop":494615.375,"country_id":"NGA","targetpop":494615.375,"totalarea":72.3434304,"new_mean":0.0159949}},{"type":"MultiPolygon","arcs":[[[200,201]],[[202,203,-200,204]]],"properties":{"name":"Ukwaeast","gaul_code":22602,"targetarea":38.8929408,"totpop":257110.8438,"country_id":"NGA","targetpop":155920.7656,"totalarea":374.0081064,"new_mean":0.0159558}},{"type":"Polygon","arcs":[[205,206,207]],"properties":{"name":"Ovianort","gaul_code":22755,"targetarea":52.7152874,"totpop":269000.4063,"country_id":"NGA","targetpop":192000.7188,"totalarea":1845.980081,"new_mean":0.0161698}},{"type":"Polygon","arcs":[[205,206,207]],"properties":{"name":"Ovianort","gaul_code":22755,"targetarea":52.7152874,"totpop":269000.4063,"country_id":"NGA","targetpop":192000.7188,"totalarea":1845.980081,"new_mean":0.0190176}},{"type":"Polygon","arcs":[[208,209]],"properties":{"name":"Sokoto","gaul_code":23095,"targetarea":65.5989563,"totpop":323492.6563,"country_id":"NGA","targetpop":285547.3125,"totalarea":84.592028,"new_mean":0.0135264}},{"type":"Polygon","arcs":[[210,211]],"properties":{"name":"Malammad","gaul_code":22813,"targetarea":5.772084,"totpop":290863.7188,"country_id":"NGA","targetpop":7586.877441,"totalarea":755.7078275,"new_mean":0.01284}},{"type":"Polygon","arcs":[[-140,212,213,-72,214,215,216]],"properties":{"name":"Egbedore","gaul_code":22997,"targetarea":18.193001,"totpop":168502.5938,"country_id":"NGA","targetpop":59666.37891,"totalarea":253.737637,"new_mean":0.0131157}},{"type":"Polygon","arcs":[[217,218,-17]],"properties":{"name":"Doka/kaw","gaul_code":22819,"targetarea":76.2736275,"totpop":535052.1875,"country_id":"NGA","targetpop":535052.1875,"totalarea":76.2736275,"new_mean":0.0169208}},{"type":"Polygon","arcs":[[219,220,221,222,223]],"properties":{"name":"Orumbaso","gaul_code":22656,"targetarea":5.8178895,"totpop":162614.7969,"country_id":"NGA","targetpop":19841.83594,"totalarea":250.9942754,"new_mean":0.0169356}},{"type":"Polygon","arcs":[[-57,224,225]],"properties":{"name":"Ondo","gaul_code":22988,"targetarea":43.4444439,"totpop":437240.7813,"country_id":"NGA","targetpop":116309.2891,"totalarea":1325.843997,"new_mean":0.0168034}},{"type":"Polygon","arcs":[[226,227,228,229]],"properties":{"name":"Abeokutanorth","gaul_code":22955,"targetarea":124.4746433,"totpop":657259.375,"country_id":"NGA","targetpop":426880.0313,"totalarea":833.0286974,"new_mean":0.0156382}},{"type":"Polygon","arcs":[[-214,230,231,-176,232,-73]],"properties":{"name":"Ede","gaul_code":22996,"targetarea":2.8152338,"totpop":203560.8125,"country_id":"NGA","targetpop":10748.67871,"totalarea":323.9677756,"new_mean":0.016229}},{"type":"Polygon","arcs":[[233,234,235]],"properties":{"name":"Yamaltu/","gaul_code":22679,"targetarea":9.4080657,"totpop":366333.875,"country_id":"NGA","targetpop":19488.50781,"totalarea":2160.476425,"new_mean":0.0143881}},{"type":"Polygon","arcs":[[236,237,238]],"properties":{"name":"Yola","gaul_code":22618,"targetarea":86.1573783,"totpop":460783.1563,"country_id":"NGA","targetpop":164289.6406,"totalarea":1489.049728,"new_mean":0.0149679}},{"type":"Polygon","arcs":[[239,240,241,-145,242,243,244,-154]],"properties":{"name":"Kumbotso","gaul_code":22851,"targetarea":85.2449507,"totpop":537765.75,"country_id":"NGA","targetpop":429289.3125,"totalarea":159.0804553,"new_mean":0.0142931}},{"type":"Polygon","arcs":[[245,246,247,-241]],"properties":{"name":"Kura","gaul_code":22852,"targetarea":6.5193714,"totpop":351880.8438,"country_id":"NGA","targetpop":7641.468262,"totalarea":619.8344111,"new_mean":0.0148752}},{"type":"Polygon","arcs":[[248,-230,249,250,251]],"properties":{"name":"Odeda","gaul_code":22964,"targetarea":5.5378567,"totpop":203524.7813,"country_id":"NGA","targetpop":23348.49805,"totalarea":1494.16724,"new_mean":0.0162625}},{"type":"Polygon","arcs":[[252,253,-40]],"properties":{"name":"Mbaitoli","gaul_code":22789,"targetarea":20.0407281,"totpop":248759.3594,"country_id":"NGA","targetpop":48730.72266,"totalarea":201.5503664,"new_mean":0.0167129}},{"type":"Polygon","arcs":[[254,255,256,257,-179,258,259]],"properties":{"name":"Ona-ara","gaul_code":23032,"targetarea":2.0401507,"totpop":32401.41602,"country_id":"NGA","targetpop":11751.81445,"totalarea":502.0088603,"new_mean":0.0171619}},{"type":"Polygon","arcs":[[260,261,-21]],"properties":{"name":"Okene","gaul_code":22910,"targetarea":72.9355394,"totpop":461628.875,"country_id":"NGA","targetpop":208368.7344,"totalarea":435.1866607,"new_mean":0.018683}},{"type":"Polygon","arcs":[[262,263,264]],"properties":{"name":"Eti-osa","gaul_code":22928,"targetarea":98.4374291,"totpop":387546.0313,"country_id":"NGA","targetpop":290682.4688,"totalarea":187.1185662,"new_mean":0.0173524}},{"type":"Polygon","arcs":[[-62,265,266,267,-31,268,269]],"properties":{"name":"Idemili","gaul_code":22648,"targetarea":175.3836383,"totpop":838008.125,"country_id":"NGA","targetpop":682200,"totalarea":258.9060043,"new_mean":0.0171413}},{"type":"Polygon","arcs":[[270,-92]],"properties":{"name":"Josnorth","gaul_code":23042,"targetarea":291.0566447,"totpop":1205794.25,"country_id":"NGA","targetpop":672109.6875,"totalarea":1577.882771,"new_mean":0.0175492}},{"type":"MultiPolygon","arcs":[[[271,-99,272,273]],[[274,275,276,-95]]],"properties":{"name":"Ikeja","gaul_code":22930,"targetarea":275.5673189,"totpop":2294705.5,"country_id":"NGA","targetpop":2288166,"totalarea":280.6652473,"new_mean":0.0165989}},{"type":"Polygon","arcs":[[277,-237,278]],"properties":{"name":"Numan","gaul_code":22615,"targetarea":25.0994958,"totpop":392180.5938,"country_id":"NGA","targetpop":30054.08398,"totalarea":3741.031669,"new_mean":0.0153024}},{"type":"Polygon","arcs":[[279,280,281,-267]],"properties":{"name":"Nnewinort","gaul_code":22651,"targetarea":79.1286561,"totpop":337157.3438,"country_id":"NGA","targetpop":237389.4063,"totalarea":145.6984727,"new_mean":0.0168486}},{"type":"Polygon","arcs":[[282,-183,-120,283,284,-45]],"properties":{"name":"Okpe","gaul_code":22739,"targetarea":25.1501249,"totpop":398576.2188,"country_id":"NGA","targetpop":67400.27344,"totalarea":641.3643585,"new_mean":0.0158866}},{"type":"Polygon","arcs":[[-122,-112,285]],"properties":{"name":"Owo","gaul_code":22990,"targetarea":50.478245,"totpop":336304.6875,"country_id":"NGA","targetpop":150680.1563,"totalarea":1188.593662,"new_mean":0.0180898}},{"type":"Polygon","arcs":[[-22,-262,286]],"properties":{"name":"Adavi","gaul_code":22899,"targetarea":46.1242869,"totpop":372895.25,"country_id":"NGA","targetpop":159708.5469,"totalarea":524.6364414,"new_mean":0.0202411}},{"type":"Polygon","arcs":[[287,-215,-77,288,289,290,291]],"properties":{"name":"Olorunda","gaul_code":23010,"targetarea":29.7713032,"totpop":201591.8125,"country_id":"NGA","targetpop":137237.75,"totalarea":93.9144353,"new_mean":0.0126811}},{"type":"Polygon","arcs":[[-14,292,-129,293,294,295,-192]],"properties":{"name":"Afijio","gaul_code":23013,"targetarea":6.5972941,"totpop":188317.0469,"country_id":"NGA","targetpop":28476.45313,"totalarea":638.0574262,"new_mean":0.0160076}},{"type":"Polygon","arcs":[[296,297,298,299,300]],"properties":{"name":"Makarfi","gaul_code":22829,"targetarea":96.3179819,"totpop":440420.4688,"country_id":"NGA","targetpop":310348.3125,"totalarea":880.6689927,"new_mean":0.0141023}},{"type":"Polygon","arcs":[[301,-284,-119,302,303]],"properties":{"name":"Ughelino","gaul_code":22742,"targetarea":4.5888995,"totpop":301332.9063,"country_id":"NGA","targetpop":8643.268555,"totalarea":888.3521816,"new_mean":0.0161814}},{"type":"Polygon","arcs":[[304,-82,305]],"properties":{"name":"Nkanu","gaul_code":22769,"targetarea":14.5573745,"totpop":419492.6563,"country_id":"NGA","targetpop":34132.8125,"totalarea":955.0904878,"new_mean":0.0180408}},{"type":"Polygon","arcs":[[-70,-189,-64,306,307]],"properties":{"name":"Anambra","gaul_code":22644,"targetarea":62.0899534,"totpop":259203.9531,"country_id":"NGA","targetpop":126832.5625,"totalarea":634.9217563,"new_mean":0.0180542}},{"type":"Polygon","arcs":[[308,309,-256,310]],"properties":{"name":"Ibadansouth-east","gaul_code":23019,"targetarea":51.8967187,"totpop":317250.4375,"country_id":"NGA","targetpop":304325.6563,"totalarea":84.8749365,"new_mean":0.0138323}},{"type":"Polygon","arcs":[[311,-186,-160,312,-163]],"properties":{"name":"Obio/akp","gaul_code":23069,"targetarea":46.3073824,"totpop":433342.0938,"country_id":"NGA","targetpop":274461.2188,"totalarea":264.9557342,"new_mean":0.0154801}},{"type":"Polygon","arcs":[[-212,313]],"properties":{"name":"Hadejia","gaul_code":22807,"targetarea":68.7991392,"totpop":297073.2813,"country_id":"NGA","targetpop":112389.5469,"totalarea":591.3452764,"new_mean":0.0135395}},{"type":"Polygon","arcs":[[314,315,316,317,318]],"properties":{"name":"Ekitiwest","gaul_code":22974,"targetarea":74.4187514,"totpop":425801.4375,"country_id":"NGA","targetpop":187311.2031,"totalarea":486.2500121,"new_mean":0.0183171}},{"type":"Polygon","arcs":[[319,-235,320]],"properties":{"name":"Akko","gaul_code":22658,"targetarea":0.7612932,"totpop":385428.8125,"country_id":"NGA","targetpop":1750.806763,"totalarea":2434.376991,"new_mean":0.0150469}},{"type":"Polygon","arcs":[[321,-16,-191]],"properties":{"name":"Ifedapo","gaul_code":23023,"targetarea":25.1581062,"totpop":402689.2813,"country_id":"NGA","targetpop":55079.11328,"totalarea":6442.993462,"new_mean":0.0189876}},{"type":"Polygon","arcs":[[322,323]],"properties":{"name":"Gusau","gaul_code":23085,"targetarea":19.1359593,"totpop":430494.0313,"country_id":"NGA","targetpop":39880.62109,"totalarea":3504.133206,"new_mean":0.0142241}},{"type":"Polygon","arcs":[[322,323]],"properties":{"name":"Gusau","gaul_code":23085,"targetarea":19.1359593,"totpop":430494.0313,"country_id":"NGA","targetpop":39880.62109,"totalarea":3504.133206,"new_mean":0.0147943}},{"type":"Polygon","arcs":[[324,-244,325]],"properties":{"name":"Kano","gaul_code":22849,"targetarea":40.9698563,"totpop":690413.75,"country_id":"NGA","targetpop":690413.75,"totalarea":40.9698563,"new_mean":0.013839}},{"type":"Polygon","arcs":[[-97,326,327,-264,328,329,330]],"properties":{"name":"Mainland","gaul_code":22933,"targetarea":118.9401801,"totpop":1429387.875,"country_id":"NGA","targetpop":1248295.875,"totalarea":256.2520795,"new_mean":0.0162711}},{"type":"Polygon","arcs":[[331,-38,332,333,-3,-127]],"properties":{"name":"Ibadannorth","gaul_code":23016,"targetarea":141.4784276,"totpop":1125367.125,"country_id":"NGA","targetpop":1122383.625,"totalarea":143.4558311,"new_mean":0.0145256}},{"type":"Polygon","arcs":[[334,335,336,-295]],"properties":{"name":"Ola-oluwa","gaul_code":23009,"targetarea":22.4913757,"totpop":109705.4688,"country_id":"NGA","targetpop":52164.25781,"totalarea":323.3037178,"new_mean":0.0162197}},{"type":"Polygon","arcs":[[337,338,-18,-219,339]],"properties":{"name":"Chikun","gaul_code":22818,"targetarea":97.4823391,"totpop":802890.25,"country_id":"NGA","targetpop":266004.5625,"totalarea":7051.632025,"new_mean":0.0179056}},{"type":"Polygon","arcs":[[340]],"properties":{"name":"Makurdi","gaul_code":22691,"targetarea":50.4107477,"totpop":431555.1875,"country_id":"NGA","targetpop":103451.6406,"totalarea":715.4969446,"new_mean":0.0200906}},{"type":"Polygon","arcs":[[341,342,-142]],"properties":{"name":"Ogbomoso","gaul_code":23029,"targetarea":76.5412213,"totpop":532875.125,"country_id":"NGA","targetpop":300358.125,"totalarea":333.972494,"new_mean":0.01744}},{"type":"Polygon","arcs":[[343,-23]],"properties":{"name":"Gbako","gaul_code":22942,"targetarea":28.5945459,"totpop":223200.6719,"country_id":"NGA","targetpop":52513.89453,"totalarea":1819.140481,"new_mean":0.0200106}},{"type":"Polygon","arcs":[[-229,344,345,346,-250]],"properties":{"name":"Obafemi-owode","gaul_code":22963,"targetarea":32.3261227,"totpop":297747.5313,"country_id":"NGA","targetpop":97101.45313,"totalarea":1275.17436,"new_mean":0.0172451}},{"type":"Polygon","arcs":[[347,348,349,350]],"properties":{"name":"Essien-u","gaul_code":22622,"targetarea":0.4519281,"totpop":230983.2344,"country_id":"NGA","targetpop":1347.359619,"totalarea":286.9157324,"new_mean":0.0163899}},{"type":"Polygon","arcs":[[-115,351,352,353]],"properties":{"name":"Uruan","gaul_code":22640,"targetarea":15.0654886,"totpop":173549.25,"country_id":"NGA","targetpop":21107.33008,"totalarea":432.8920533,"new_mean":0.016748}},{"type":"Polygon","arcs":[[354,-252,355,356,-39,-332,-126,-293,-13]],"properties":{"name":"Ido","gaul_code":23022,"targetarea":5.8230032,"totpop":94830.875,"country_id":"NGA","targetpop":32005.51563,"totalarea":924.005298,"new_mean":0.0163726}},{"type":"Polygon","arcs":[[-184,-283,-44,357]],"properties":{"name":"Sapele","gaul_code":22741,"targetarea":18.2373709,"totpop":211638.6563,"country_id":"NGA","targetpop":41173.15234,"totalarea":403.5433012,"new_mean":0.0166527}},{"type":"Polygon","arcs":[[358,359,-351,360,361,-9]],"properties":{"name":"Ikot-ekp","gaul_code":22627,"targetarea":21.7599579,"totpop":265522.9063,"country_id":"NGA","targetpop":69566.00781,"totalarea":325.4785949,"new_mean":0.0166426}},{"type":"Polygon","arcs":[[358,359,-351,360,361,-9]],"properties":{"name":"Ikot-ekp","gaul_code":22627,"targetarea":21.7599579,"totpop":265522.9063,"country_id":"NGA","targetpop":69566.00781,"totalarea":325.4785949,"new_mean":0.0174233}},{"type":"Polygon","arcs":[[-128,-1,362,-335,-294]],"properties":{"name":"Iwo","gaul_code":23006,"targetarea":2.7159939,"totpop":154441.6875,"country_id":"NGA","targetpop":6297.961914,"totalarea":287.369178,"new_mean":0.0152894}},{"type":"Polygon","arcs":[[-311,-255,363,-334]],"properties":{"name":"Ibadannorth-east","gaul_code":23017,"targetarea":67.2786817,"totpop":479834.9063,"country_id":"NGA","targetpop":475140,"totalarea":77.5376096,"new_mean":0.0151483}},{"type":"Polygon","arcs":[[364,365,-171,366]],"properties":{"name":"Jibia","gaul_code":22872,"targetarea":1.4043349,"totpop":201229.0469,"country_id":"NGA","targetpop":3350.500244,"totalarea":1022.332415,"new_mean":0.0133849}},{"type":"Polygon","arcs":[[367,-259,-178,368,-5]],"properties":{"name":"Irewole","gaul_code":23005,"targetarea":25.2290776,"totpop":286506.6563,"country_id":"NGA","targetpop":109485.1484,"totalarea":513.4679924,"new_mean":0.0157106}},{"type":"Polygon","arcs":[[367,-259,-178,368,-5]],"properties":{"name":"Irewole","gaul_code":23005,"targetarea":25.2290776,"totpop":286506.6563,"country_id":"NGA","targetpop":109485.1484,"totalarea":513.4679924,"new_mean":0.017827}},{"type":"Polygon","arcs":[[369,-48,370,-207]],"properties":{"name":"Oredo Edo","gaul_code":22753,"targetarea":246.4164329,"totpop":1492537,"country_id":"NGA","targetpop":1206700.5,"totalarea":1166.396928,"new_mean":0.0160185}},{"type":"Polygon","arcs":[[-87,371,372,373,374,375],[376]],"properties":{"name":"Oyun","gaul_code":22924,"targetarea":17.2871481,"totpop":194400.6875,"country_id":"NGA","targetpop":21376.53711,"totalarea":567.3328576,"new_mean":0.018634}},{"type":"Polygon","arcs":[[-87,371,372,373,374,375],[376]],"properties":{"name":"Oyun","gaul_code":22924,"targetarea":17.2871481,"totpop":194400.6875,"country_id":"NGA","targetpop":21376.53711,"totalarea":567.3328576,"new_mean":0.018618}},{"type":"Polygon","arcs":[[-194,-137,-343,377,-85,378]],"properties":{"name":"Orire","gaul_code":23034,"targetarea":24.1807262,"totpop":114890.3906,"country_id":"NGA","targetpop":57548.17578,"totalarea":1832.296684,"new_mean":0.0180611}},{"type":"Polygon","arcs":[[-307,-63,-270,379,380]],"properties":{"name":"Oyi","gaul_code":22657,"targetarea":50.7608746,"totpop":423979.7188,"country_id":"NGA","targetpop":163996.4219,"totalarea":1082.587021,"new_mean":0.017988}},{"type":"Polygon","arcs":[[381,-326,-243,-144,-156]],"properties":{"name":"Nassaraw","gaul_code":22854,"targetarea":73.4910745,"totpop":890948.8125,"country_id":"NGA","targetpop":890948.8125,"totalarea":73.4910745,"new_mean":0.0146998}},{"type":"Polygon","arcs":[[382,383]],"properties":{"name":"Mubi","gaul_code":22614,"targetarea":44.9160799,"totpop":428265.7188,"country_id":"NGA","targetpop":116188.2656,"totalarea":1036.994491,"new_mean":0.0146946}},{"type":"Polygon","arcs":[[-159,-131,384,-161,-313]],"properties":{"name":"Okrika","gaul_code":23071,"targetarea":34.3233948,"totpop":399048.375,"country_id":"NGA","targetpop":175433.4219,"totalarea":294.1642287,"new_mean":0.0164013}},{"type":"Polygon","arcs":[[385,-279,-239,386,387]],"properties":{"name":"Song","gaul_code":22617,"targetarea":14.2796094,"totpop":357474.25,"country_id":"NGA","targetpop":26473.11719,"totalarea":5569.784515,"new_mean":0.0163187}},{"type":"Polygon","arcs":[[388,389]],"properties":{"name":"Keffi","gaul_code":23044,"targetarea":25.1300692,"totpop":423552.3125,"country_id":"NGA","targetpop":62931.96484,"totalarea":4773.970406,"new_mean":0.0204158}},{"type":"Polygon","arcs":[[390,-75,391,-136,392,-315,393]],"properties":{"name":"Obokun","gaul_code":23007,"targetarea":7.0142744,"totpop":159377.1563,"country_id":"NGA","targetpop":11273.43945,"totalarea":583.1261936,"new_mean":0.0175405}},{"type":"Polygon","arcs":[[394,-195,-379,-84,-50]],"properties":{"name":"Irepo","gaul_code":23025,"targetarea":25.1342708,"totpop":244509.7344,"country_id":"NGA","targetpop":74148.98438,"totalarea":2168.413232,"new_mean":0.0197676}},{"type":"Polygon","arcs":[[394,-195,-379,-84,-50]],"properties":{"name":"Irepo","gaul_code":23025,"targetarea":25.1342708,"totpop":244509.7344,"country_id":"NGA","targetpop":74148.98438,"totalarea":2168.413232,"new_mean":0.0189698}},{"type":"Polygon","arcs":[[-216,-288,395]],"properties":{"name":"Irepodun (b)","gaul_code":22920,"targetarea":50.354982,"totpop":302161.375,"country_id":"NGA","targetpop":151656.5781,"totalarea":162.2097648,"new_mean":0.0168135}},{"type":"Polygon","arcs":[[396,-150]],"properties":{"name":"Yakurr","gaul_code":22725,"targetarea":43.321545,"totpop":279511.7188,"country_id":"NGA","targetpop":137517.3906,"totalarea":704.8807999,"new_mean":0.017913}},{"type":"Polygon","arcs":[[397,398,399]],"properties":{"name":"Calabar","gaul_code":22718,"targetarea":90.3226323,"totpop":530963.25,"country_id":"NGA","targetpop":324774.125,"totalarea":311.5699461,"new_mean":0.0169641}},{"type":"Polygon","arcs":[[400,-167,401,-299]],"properties":{"name":"Sabon-ga","gaul_code":22830,"targetarea":149.0178691,"totpop":534486.6875,"country_id":"NGA","targetpop":487879.9063,"totalarea":225.9989175,"new_mean":0.0139188}},{"type":"Polygon","arcs":[[402,403,404,-276,405]],"properties":{"name":"Adoodo/ota","gaul_code":22956,"targetarea":93.5230304,"totpop":548718.4375,"country_id":"NGA","targetpop":401442.4063,"totalarea":613.2755483,"new_mean":0.017754}},{"type":"Polygon","arcs":[[406,407]],"properties":{"name":"Yala Cross","gaul_code":22726,"targetarea":2.8508664,"totpop":252665.4219,"country_id":"NGA","targetpop":6027.833008,"totalarea":1292.467261,"new_mean":0.0199363}},{"type":"Polygon","arcs":[[-290,408,409]],"properties":{"name":"Ifelodun","gaul_code":23000,"targetarea":38.0902242,"totpop":192002.125,"country_id":"NGA","targetpop":87998.82813,"totalarea":127.4419149,"new_mean":0.0170538}},{"type":"Polygon","arcs":[[410,-406,411,-274,412,413,-345,-228]],"properties":{"name":"Ifo","gaul_code":22959,"targetarea":77.1321788,"totpop":734611.5625,"country_id":"NGA","targetpop":535891.4375,"totalarea":1048.743387,"new_mean":0.0176556}},{"type":"Polygon","arcs":[[-208,-371,-47,414,-304,415,-67,416]],"properties":{"name":"Orhionmw","gaul_code":22754,"targetarea":29.5589066,"totpop":525651.125,"country_id":"NGA","targetpop":152284.8281,"totalarea":4476.461779,"new_mean":0.0166183}},{"type":"Polygon","arcs":[[-208,-371,-47,414,-304,415,-67,416]],"properties":{"name":"Orhionmw","gaul_code":22754,"targetarea":29.5589066,"totpop":525651.125,"country_id":"NGA","targetpop":152284.8281,"totalarea":4476.461779,"new_mean":0.0168229}},{"type":"Polygon","arcs":[[417,-388,418,-383]],"properties":{"name":"Hong","gaul_code":22608,"targetarea":5.1472074,"totpop":224926.2813,"country_id":"NGA","targetpop":14233.2168,"totalarea":2464.388882,"new_mean":0.0155069}},{"type":"Polygon","arcs":[[-364,-260,-368,-4]],"properties":{"name":"Egbeda","gaul_code":23015,"targetarea":26.1849106,"totpop":118952.3438,"country_id":"NGA","targetpop":112655.1563,"totalarea":117.2167619,"new_mean":0.0153936}},{"type":"Polygon","arcs":[[-282,419,420,421,422,-32,-268]],"properties":{"name":"Nnewisou","gaul_code":22652,"targetarea":59.2177774,"totpop":329987.2188,"country_id":"NGA","targetpop":174678.125,"totalarea":176.3220754,"new_mean":0.0169662}},{"type":"Polygon","arcs":[[-296,-337,423,-231,-213,-139,-193]],"properties":{"name":"Ejigbo","gaul_code":22998,"targetarea":13.6970718,"totpop":151723.1875,"country_id":"NGA","targetpop":23285.39258,"totalarea":454.9700043,"new_mean":0.0165644}},{"type":"Polygon","arcs":[[424,425,-420,-281]],"properties":{"name":"Ihiala","gaul_code":22649,"targetarea":26.3057238,"totpop":354265.125,"country_id":"NGA","targetpop":62304.42969,"totalarea":254.1211497,"new_mean":0.0170458}},{"type":"Polygon","arcs":[[426,-390]],"properties":{"name":"Lafia","gaul_code":23045,"targetarea":50.3141876,"totpop":573135.75,"country_id":"NGA","targetpop":115973.9453,"totalarea":3611.417974,"new_mean":0.0201013}},{"type":"Polygon","arcs":[[426,-390]],"properties":{"name":"Lafia","gaul_code":23045,"targetarea":50.3141876,"totpop":573135.75,"country_id":"NGA","targetpop":115973.9453,"totalarea":3611.417974,"new_mean":0.0205624}},{"type":"Polygon","arcs":[[-422,427,428,-223,429]],"properties":{"name":"Ideatono","gaul_code":22784,"targetarea":8.5109554,"totpop":231928.375,"country_id":"NGA","targetpop":35660.78906,"totalarea":206.3460057,"new_mean":0.0169141}},{"type":"Polygon","arcs":[[430,-197,431,-148]],"properties":{"name":"Afikpo","gaul_code":22590,"targetarea":26.7065138,"totpop":171937.1094,"country_id":"NGA","targetpop":64489.82813,"totalarea":261.451126,"new_mean":0.0179417}},{"type":"Polygon","arcs":[[432,-116,-354,433,434]],"properties":{"name":"Itu","gaul_code":22629,"targetarea":5.5136649,"totpop":272225.5,"country_id":"NGA","targetpop":7726.895508,"totalarea":586.0289783,"new_mean":0.0167996}},{"type":"Polygon","arcs":[[-402,-166,435,436,-300]],"properties":{"name":"Soba","gaul_code":22831,"targetarea":23.0071004,"totpop":403545.75,"country_id":"NGA","targetpop":81330.25781,"totalarea":1942.269735,"new_mean":0.0144506}},{"type":"Polygon","arcs":[[437,-367,-174,438]],"properties":{"name":"Kaita","gaul_code":22873,"targetarea":9.1534196,"totpop":183603.9375,"country_id":"NGA","targetpop":17701.41016,"totalarea":739.0554177,"new_mean":0.0133871}},{"type":"Polygon","arcs":[[439,-321,-234]],"properties":{"name":"Gombe","gaul_code":22668,"targetarea":89.914644,"totpop":483159.6875,"country_id":"NGA","targetpop":207590.1875,"totalarea":1532.438561,"new_mean":0.0139419}},{"type":"Polygon","arcs":[[440,-408,441,442]],"properties":{"name":"Konshish","gaul_code":22689,"targetarea":22.3956717,"totpop":246450.1563,"country_id":"NGA","targetpop":47389.5625,"totalarea":1998.299243,"new_mean":0.0201729}},{"type":"Polygon","arcs":[[-233,-175,-79,443,444,445,-134,-392,-74]],"properties":{"name":"Atakumosa","gaul_code":22992,"targetarea":25.2944981,"totpop":267816.8125,"country_id":"NGA","targetpop":65508.29297,"totalarea":943.6743673,"new_mean":0.017156}},{"type":"Polygon","arcs":[[446,447,-170]],"properties":{"name":"Yusufari","gaul_code":23125,"targetarea":21.3866429,"totpop":173498.125,"country_id":"NGA","targetpop":29648.73242,"totalarea":2732.395093,"new_mean":0.0125197}},{"type":"Polygon","arcs":[[448,449,-209,450]],"properties":{"name":"Wamakko","gaul_code":23100,"targetarea":33.225769,"totpop":304466.5938,"country_id":"NGA","targetpop":86195.77344,"totalarea":678.5968153,"new_mean":0.013686}},{"type":"Polygon","arcs":[[451,452,-172,-366]],"properties":{"name":"Dutsin-m","gaul_code":22868,"targetarea":7.3883748,"totpop":340499.4375,"country_id":"NGA","targetpop":18107.06445,"totalarea":1533.067864,"new_mean":0.0138332}},{"type":"Polygon","arcs":[[-94,453,-297,454]],"properties":{"name":"Bakori","gaul_code":22864,"targetarea":6.4096309,"totpop":401881.5625,"country_id":"NGA","targetpop":15269.71094,"totalarea":1249.830477,"new_mean":0.0144114}},{"type":"Polygon","arcs":[[455,456]],"properties":{"name":"Akokonorthwest","gaul_code":22969,"targetarea":0.7233443,"totpop":163552.0625,"country_id":"NGA","targetpop":1988.61792,"totalarea":574.726895,"new_mean":0.0191304}},{"type":"Polygon","arcs":[[-414,457,-330,458,-346]],"properties":{"name":"Ikorodu","gaul_code":22931,"targetarea":127.7489807,"totpop":744954.8125,"country_id":"NGA","targetpop":595988.1875,"totalarea":404.813934,"new_mean":0.0168516}},{"type":"Polygon","arcs":[[-429,459,460,461,-224]],"properties":{"name":"Okigwe","gaul_code":22795,"targetarea":25.3047128,"totpop":292507.6875,"country_id":"NGA","targetpop":53909.58594,"totalarea":617.8871769,"new_mean":0.0170113}},{"type":"Polygon","arcs":[[462,463],[-108]],"properties":{"name":"Konduga","gaul_code":22706,"targetarea":33.5679946,"totpop":355948.9375,"country_id":"NGA","targetpop":126832.8906,"totalarea":8560.711405,"new_mean":0.0141755}},{"type":"Polygon","arcs":[[-457,464,-124,465]],"properties":{"name":"Akokonorth","gaul_code":22968,"targetarea":24.4935738,"totpop":245071.7031,"country_id":"NGA","targetpop":67322.21094,"totalarea":451.5886322,"new_mean":0.0188096}},{"type":"Polygon","arcs":[[466,-451,-210,-450]],"properties":{"name":"Kware","gaul_code":23090,"targetarea":0.3423926,"totpop":315143.8438,"country_id":"NGA","targetpop":1614.258545,"totalarea":811.626538,"new_mean":0.0137799}},{"type":"Polygon","arcs":[[467,-41,-254]],"properties":{"name":"Owerri","gaul_code":22799,"targetarea":63.2239163,"totpop":462278.75,"country_id":"NGA","targetpop":189493.2031,"totalarea":385.4126994,"new_mean":0.0170782}},{"type":"Polygon","arcs":[[-409,-289,-76,-391,468,469]],"properties":{"name":"Boripe","gaul_code":22995,"targetarea":18.2372099,"totpop":255058.4219,"country_id":"NGA","targetpop":76187.11719,"totalarea":204.2912442,"new_mean":0.0148095}},{"type":"Polygon","arcs":[[470,-34,471,-221,472]],"properties":{"name":"Orumbano","gaul_code":22655,"targetarea":9.3449059,"totpop":252347.6563,"country_id":"NGA","targetpop":36613.88281,"totalarea":372.7354488,"new_mean":0.0170099}},{"type":"Polygon","arcs":[[473,-443]],"properties":{"name":"Gboko","gaul_code":22684,"targetarea":50.447961,"totpop":524624.375,"country_id":"NGA","targetpop":102559.9922,"totalarea":2323.26597,"new_mean":0.0196962}},{"type":"Polygon","arcs":[[474,475,-404]],"properties":{"name":"Badagary","gaul_code":22926,"targetarea":63.8828771,"totpop":266262.125,"country_id":"NGA","targetpop":211828.7344,"totalarea":699.7322624,"new_mean":0.0177796}},{"type":"Polygon","arcs":[[474,475,-404]],"properties":{"name":"Badagary","gaul_code":22926,"targetarea":63.8828771,"totpop":266262.125,"country_id":"NGA","targetpop":211828.7344,"totalarea":699.7322624,"new_mean":0.0172545}},{"type":"Polygon","arcs":[[-89,476,-52]],"properties":{"name":"Ilorinwe","gaul_code":22918,"targetarea":226.8200719,"totpop":1149119.125,"country_id":"NGA","targetpop":1024882.5,"totalarea":757.3585996,"new_mean":0.018222}},{"type":"Polygon","arcs":[[477,478,-265,-328]],"properties":{"name":"Lagosisland","gaul_code":22932,"targetarea":71.0611518,"totpop":476946.75,"country_id":"NGA","targetpop":470222.5625,"totalarea":87.6634121,"new_mean":0.016826}},{"type":"Polygon","arcs":[[-375,479]],"properties":{"name":"Irepodun","gaul_code":22919,"targetarea":3.6088883,"totpop":316618.5313,"country_id":"NGA","targetpop":4462.713379,"totalarea":2367.378202,"new_mean":0.0189376}},{"type":"Polygon","arcs":[[-380,-269,-36,480,481]],"properties":{"name":"Njikoka","gaul_code":22650,"targetarea":60.4798935,"totpop":248476.8906,"country_id":"NGA","targetpop":110482.8359,"totalarea":152.3741971,"new_mean":0.0165486}},{"type":"Polygon","arcs":[[-423,-430,-222,-472,-33]],"properties":{"name":"Aguata","gaul_code":22643,"targetarea":95.954023,"totpop":464593.5313,"country_id":"NGA","targetpop":379189.4375,"totalarea":158.5564317,"new_mean":0.0166295}},{"type":"Polygon","arcs":[[-357,482,-309,-333,-37]],"properties":{"name":"Ibadansouth-west","gaul_code":23020,"targetarea":80.2607391,"totpop":395848.25,"country_id":"NGA","targetpop":385431.5,"totalarea":123.9440838,"new_mean":0.0150792}},{"type":"Polygon","arcs":[[-476,483,-478,-327,-96,-277,-405]],"properties":{"name":"Ojo","gaul_code":22935,"targetarea":303.914639,"totpop":2291695.5,"country_id":"NGA","targetpop":2275313,"totalarea":383.7712943,"new_mean":0.0170196}},{"type":"Polygon","arcs":[[484,-434,-353,485,-400]],"properties":{"name":"Odukpani","gaul_code":22723,"targetarea":34.0493745,"totpop":303108.5,"country_id":"NGA","targetpop":85649.875,"totalarea":1318.42571,"new_mean":0.0170303}},{"type":"Polygon","arcs":[[-205,-199,-204,486,-201,487,-348,-360,488]],"properties":{"name":"Obioma-n","gaul_code":22597,"targetarea":66.1012479,"totpop":703462.4375,"country_id":"NGA","targetpop":231687.6094,"totalarea":516.8079591,"new_mean":0.0159617}},{"type":"Polygon","arcs":[[-361,-350,489,-117,-433,490]],"properties":{"name":"Ikono","gaul_code":22625,"targetarea":28.4465255,"totpop":201641.2969,"country_id":"NGA","targetpop":84537.57031,"totalarea":276.4527944,"new_mean":0.016356}},{"type":"Polygon","arcs":[[491,-168,-448]],"properties":{"name":"Bade","gaul_code":23116,"targetarea":3.4095142,"totpop":321690.9375,"country_id":"NGA","targetpop":4715.385742,"totalarea":4916.291023,"new_mean":0.0136327}},{"type":"Polygon","arcs":[[-399,492]],"properties":{"name":"Akpabuyo","gaul_code":22715,"targetarea":2.3172214,"totpop":177725.4219,"country_id":"NGA","targetpop":6330.962891,"totalarea":743.7959566,"new_mean":0.0170805}},{"type":"Polygon","arcs":[[493,494]],"properties":{"name":"Ngala","gaul_code":22711,"targetarea":23.6438866,"totpop":215521.9063,"country_id":"NGA","targetpop":47501.38281,"totalarea":3643.890326,"new_mean":0.0137445}},{"type":"Polygon","arcs":[[-382,-155,-245,-325]],"properties":{"name":"Dala","gaul_code":22840,"targetarea":40.3629604,"totpop":706748.5625,"country_id":"NGA","targetpop":706748.5625,"totalarea":40.3629604,"new_mean":0.0144117}},{"type":"Polygon","arcs":[[495,496,-152]],"properties":{"name":"Dawakint","gaul_code":22843,"targetarea":0.0000433,"totpop":232558.9375,"country_id":"NGA","targetpop":0.2796622,"totalarea":350.3893518,"new_mean":0.0144539}},{"type":"Polygon","arcs":[[-135,-446,497,-104,498,-316,-393]],"properties":{"name":"Oriade","gaul_code":23011,"targetarea":27.9346313,"totpop":213643.4063,"country_id":"NGA","targetpop":54804.99609,"totalarea":596.2313064,"new_mean":0.0169658}},{"type":"Polygon","arcs":[[499,-340,-218,-19,-339,500,-436,-165]],"properties":{"name":"Igabi","gaul_code":22821,"targetarea":150.6838722,"totpop":844922.75,"country_id":"NGA","targetpop":531970.5625,"totalarea":3161.77224,"new_mean":0.0159011}},{"type":"Polygon","arcs":[[501,-464,502,-495]],"properties":{"name":"Bama","gaul_code":22700,"targetarea":24.9344966,"totpop":337182.8438,"country_id":"NGA","targetpop":42979.92188,"totalarea":5239.294128,"new_mean":0.0141724}},{"type":"Polygon","arcs":[[-173,-453,503,-439]],"properties":{"name":"Rimi","gaul_code":22881,"targetarea":3.6071164,"totpop":322699.8125,"country_id":"NGA","targetpop":7345.041504,"totalarea":783.9228109,"new_mean":0.0139153}},{"type":"Polygon","arcs":[[504,-180,-258]],"properties":{"name":"Ijebunorth","gaul_code":22961,"targetarea":25.2469916,"totpop":273686.125,"country_id":"NGA","targetpop":46714.75781,"totalarea":907.9143486,"new_mean":0.0167528}},{"type":"Polygon","arcs":[[-273,-98,-331,-458,-413]],"properties":{"name":"Shomolu","gaul_code":22936,"targetarea":107.007609,"totpop":1353827.875,"country_id":"NGA","targetpop":1353827.875,"totalarea":107.007609,"new_mean":0.0162103}},{"type":"Polygon","arcs":[[-377]],"properties":{"name":"Offa","gaul_code":22923,"targetarea":4.2849783,"totpop":52539.65625,"country_id":"NGA","targetpop":5298.429688,"totalarea":35.9547457,"new_mean":0.018345}},{"type":"Polygon","arcs":[[505,-291,-410,-470,506,-373]],"properties":{"name":"Odo0tin","gaul_code":23008,"targetarea":9.8416802,"totpop":169975.3594,"country_id":"NGA","targetpop":18415.13086,"totalarea":324.3256544,"new_mean":0.0181567}},{"type":"Polygon","arcs":[[507,-246,-240,-153,-497]],"properties":{"name":"Rimingad","gaul_code":22856,"targetarea":12.6481957,"totpop":303447.7188,"country_id":"NGA","targetpop":77648.67969,"totalarea":628.9295882,"new_mean":0.0145893}},{"type":"Polygon","arcs":[[508,-323]],"properties":{"name":"Bungudu","gaul_code":23080,"targetarea":55.5544099,"totpop":375213.6875,"country_id":"NGA","targetpop":108920.2031,"totalarea":2504.623703,"new_mean":0.0146628}},{"type":"Polygon","arcs":[[509,-83,-305]],"properties":{"name":"Enugusou","gaul_code":22760,"targetarea":257.0124199,"totpop":860725.0625,"country_id":"NGA","targetpop":592347.625,"totalarea":582.2220754,"new_mean":0.0175346}},{"type":"Polygon","arcs":[[510,-318]],"properties":{"name":"Ijero","gaul_code":22979,"targetarea":25.2013663,"totpop":181056.3438,"country_id":"NGA","targetpop":68253.5625,"totalarea":364.0949186,"new_mean":0.018342}},{"type":"Polygon","arcs":[[-461,511,-11,512]],"properties":{"name":"Umuahia","gaul_code":22603,"targetarea":81.5832269,"totpop":397444.9063,"country_id":"NGA","targetpop":245814.8906,"totalarea":278.7578798,"new_mean":0.0168234}},{"type":"Polygon","arcs":[[-188,513,-425,-280,-266,-61]],"properties":{"name":"Ogbaru","gaul_code":22653,"targetarea":0.0273387,"totpop":284050.4063,"country_id":"NGA","targetpop":100.4494705,"totalarea":416.964862,"new_mean":0.0175676}},{"type":"Polygon","arcs":[[-146,-242,-248,514]],"properties":{"name":"Dawakink","gaul_code":22842,"targetarea":14.5150417,"totpop":408885.1563,"country_id":"NGA","targetpop":21886.72461,"totalarea":720.2162338,"new_mean":0.0146897}},{"type":"Polygon","arcs":[[515,-481,-35,-471]],"properties":{"name":"Awkasout","gaul_code":22647,"targetarea":54.846428,"totpop":243199.4375,"country_id":"NGA","targetpop":123567.4922,"totalarea":168.9021698,"new_mean":0.0171369}},{"type":"Polygon","arcs":[[-275,-100,-272,-412]],"properties":{"name":"Agege","gaul_code":22925,"targetarea":60.5305061,"totpop":836522.1875,"country_id":"NGA","targetpop":836522.1875,"totalarea":60.5305061,"new_mean":0.0162748}},{"type":"Polygon","arcs":[[-445,516,-226,517,-105,-498]],"properties":{"name":"Ileoluji/okeigbo","gaul_code":22984,"targetarea":7.0469614,"totpop":223896.0469,"country_id":"NGA","targetpop":17743.66797,"totalarea":875.1276601,"new_mean":0.0179046}}]}},"arcs":[[[4.0999999,7.54],[4.0900002,7.5500002],[4.0799999,7.5799999],[4.0599999,7.5900002]],[[4.0599999,7.5900002],[4.04,7.5900002],[3.98,7.5500002],[3.97,7.5300002],[3.97,7.5100002],[3.98,7.48],[3.9400001,7.4400001]],[[3.9400001,7.4400001],[3.95,7.4400001],[3.98,7.4099998],[3.98,7.4000001]],[[3.98,7.4000001],[4.04,7.4200001],[4.0700002,7.4200001],[4.0799999,7.4299998],[4.0999999,7.4299998]],[[4.0999999,7.4299998],[4.1100001,7.4299998],[4.1100001,7.4699998]],[[4.1100001,7.4699998],[4.1199999,7.4899998],[4.1199999,7.5100002],[4.0999999,7.5300002],[4.0999999,7.54]],[[9.6300001,10.5200005],[9.6400003,10.5],[9.6499996,10.46],[9.6499996,10.4099998],[9.6599998,10.3599997],[9.6599998,10.1999998],[9.6899996,10.1899996],[9.6999998,10.1499996],[9.6999998,10.0799999],[9.71,10.0299997],[9.7200003,10],[9.75,9.9399996],[9.8599997,9.8299999],[9.8699999,9.8100004],[9.8900003,9.8000002],[9.8900003,9.8500004],[9.8999996,9.8900003],[9.9899998,10.0100002],[10.0200005,10.0299997],[10.0600004,10.0200005],[10.1099997,10.0200005],[10.1700001,10.0100002],[10.2299995,10.0100002],[10.25,10.04],[10.2600002,10.0900002],[10.2600002,10.1199999],[10.2799997,10.1700001],[10.3000002,10.21],[10.29,10.25],[10.29,10.2799997],[10.2799997,10.3199997],[10.2600002,10.3699999],[10.2600002,10.3900003],[10.2299995,10.4499998],[10.1999998,10.4399996],[10.1400003,10.4399996],[10.0900002,10.4300003],[10.0100002,10.4099998],[9.9700003,10.3900003],[9.8999996,10.3699999],[9.8599997,10.4099998],[9.8400002,10.4399996],[9.8299999,10.4700003],[9.8000002,10.5100002],[9.7700014,10.5200005],[9.7399998,10.5200005],[9.6999998,10.5299997],[9.6400003,10.5299997],[9.6300001,10.5200005]],[[7.48,5.4400001],[7.48,5.4099998],[7.4699998,5.4000001],[7.48,5.3800001],[7.5100002,5.3499999],[7.4899998,5.3499999],[7.4899998,5.3299999],[7.5100002,5.3099999]],[[7.5100002,5.3099999],[7.52,5.3200002],[7.5500002,5.3200002],[7.5900002,5.3299999],[7.6199999,5.3299999],[7.6300001,5.3400002]],[[7.6300001,5.3400002],[7.6199999,5.3699999],[7.5900002,5.3800001],[7.5900002,5.4000001],[7.5999999,5.4200001],[7.6199999,5.4299998],[7.5900002,5.4899998],[7.5500002,5.5100002]],[[7.5500002,5.5100002],[7.5300002,5.5100002],[7.5100002,5.5],[7.5100002,5.48],[7.5,5.46],[7.5,5.4400001],[7.48,5.4400001]],[[3.1400001,8.21],[3.1600001,8.1999998],[3.1800001,8.1800003],[3.21,8.1599998],[3.24,8.1499996],[3.29,8.1499996],[3.29,8.1700001],[3.3099999,8.21],[3.3199999,8.2200003],[3.3399999,8.2200003],[3.3699999,8.1899996],[3.4300001,8.1899996],[3.45,8.1800003],[3.45,8.1499996],[3.4300001,8.1400003],[3.4100001,8.1199999],[3.4100001,8.1099997],[3.45,8.0900002],[3.45,8.0799999],[3.4000001,8.0600004],[3.4400001,8.04],[3.47,8.0100002],[3.45,7.9499998],[3.45,7.9000001],[3.4200001,7.8800001],[3.4000001,7.8499999],[3.3900001,7.8200002],[3.3599999,7.8099999],[3.3099999,7.8000002],[3.28,7.79],[3.25,7.79],[3.27,7.77],[3.27,7.75],[3.26,7.73],[3.27,7.6900001],[3.3099999,7.6700001],[3.4000001,7.6700001],[3.4100001,7.6900001],[3.4100001,7.7399998],[3.48,7.7399998],[3.5,7.73],[3.54,7.73],[3.54,7.77],[3.55,7.79],[3.5899999,7.77],[3.6199999,7.75],[3.6500001,7.7399998],[3.6800001,7.7199998]],[[3.6800001,7.7199998],[3.6900001,7.7199998]],[[3.6900001,7.7199998],[3.6900001,7.73],[3.72,7.7600002],[3.74,7.75],[3.74,7.7800002],[3.72,7.8099999],[3.72,7.8299999],[3.73,7.8400002]],[[3.73,7.8400002],[3.72,7.8400002],[3.72,7.9299998],[3.74,7.96],[3.74,7.98],[3.73,8.0200014],[3.73,8.1099997],[3.74,8.1199999],[3.74,8.1599998],[3.78,8.1999998],[3.78,8.21]],[[3.78,8.21],[3.76,8.2299995],[3.75,8.25],[3.75,8.2700014],[3.74,8.29],[3.6199999,8.3699999],[3.5999999,8.3900003],[3.5799999,8.3999996],[3.5599999,8.3999996],[3.52,8.3800001],[3.51,8.3599997],[3.48,8.3400002],[3.4400001,8.3000002],[3.4100001,8.2799997],[3.28,8.2799997],[3.25,8.29],[3.22,8.29],[3.2,8.2799997],[3.1800001,8.2600002],[3.1600001,8.25],[3.1400001,8.2299995],[3.1400001,8.21]],[[7.4699998,10.5600004],[7.46,10.5500002],[7.4400001,10.5100002],[7.4299998,10.4799995],[7.4000001,10.46]],[[7.4000001,10.46],[7.4000001,10.4399996],[7.3899999,10.4200001],[7.4000001,10.4099998],[7.4299998,10.4099998],[7.4499998,10.4300003],[7.4400001,10.46],[7.48,10.5]],[[7.48,10.5],[7.46,10.5100002],[7.46,10.54],[7.4699998,10.5600004]],[[6.6100001,7.8699999],[6.5500002,7.8899999],[6.5,7.8899999],[6.46,7.8699999],[6.4400001,7.8499999],[6.4200001,7.8400002],[6.4000001,7.8200002],[6.3499999,7.8200002],[6.3200002,7.8299999],[6.3000002,7.8200002],[6.29,7.79],[6.29,7.7399998],[6.27,7.73],[6.23,7.7199998],[6.1999998,7.7199998],[6.1700001,7.71],[6.0999999,7.6399999],[6.0999999,7.6100001],[6.0900002,7.5999999],[6.1100001,7.5799999],[6.1100001,7.5599999]],[[6.1100001,7.5599999],[6.1599998,7.5599999],[6.1700001,7.5700002],[6.1999998,7.5700002],[6.1999998,7.5799999]],[[6.1999998,7.5799999],[6.1900001,7.5900002],[6.1900001,7.6100001],[6.23,7.5999999],[6.2600002,7.5799999],[6.2800002,7.5799999],[6.3099999,7.5999999],[6.3299999,7.6500001],[6.3299999,7.6700001],[6.3400002,7.6799998],[6.3499999,7.71],[6.3899999,7.73],[6.4200001,7.75],[6.46,7.77],[6.5,7.8000002],[6.52,7.8200002],[6.5700002,7.8499999],[6.5900002,7.8499999],[6.6100001,7.8699999]],[[6.2199998,9.46],[6.2199998,9.4499998],[6.1900001,9.3900003],[6.1799998,9.3500004],[6.1799998,9.2299995],[6.1900001,9.21],[6.1900001,9.1599998],[6.1599998,9.1499996],[6.0999999,9.1099997],[6.0500002,9.0900002],[6.04,9.0699997],[6.0100002,9.0900002],[5.9899998,9.0900002],[5.98,9.0699997],[5.98,9.0200014]],[[5.98,9.0200014],[6,9],[6.0500002,9.0500002],[6.0700002,9.0600004],[6.1300001,9.0600004],[6.1399999,9.04],[6.0999999,9.0200014],[6.0799999,9],[6.0900002,8.9899998],[6.0900002,8.9200001],[6.0999999,8.8900003],[6.1100001,8.8800001],[6.1300001,8.8299999],[6.1300001,8.8000002],[6.1399999,8.7799997],[6.1700001,8.75],[6.1999998,8.7299995],[6.1999998,8.6999998],[6.2199998,8.6999998],[6.27,8.7200003],[6.2800002,8.71],[6.3000002,8.71],[6.3299999,8.6999998],[6.3600001,8.6700001],[6.3600001,8.6999998],[6.3400002,8.7299995],[6.3299999,8.7600002],[6.3400002,8.7799997],[6.3400002,8.8299999],[6.3299999,8.8400002],[6.3299999,8.8900003],[6.3200002,8.9200001],[6.3200002,8.9399996],[6.3099999,8.96],[6.3099999,8.9799995],[6.29,9.0200014],[6.29,9.1599998],[6.3299999,9.1800003],[6.3600001,9.1999998],[6.4299998,9.2200003],[6.48,9.2399998],[6.48,9.2600002],[6.5,9.29],[6.5100002,9.3299999],[6.4899998,9.3800001],[6.4699998,9.3900003],[6.4400001,9.4200001],[6.3899999,9.4200001],[6.3400002,9.4300003],[6.29,9.4499998],[6.25,9.46],[6.2199998,9.46]],[[9.9700003,11.7799997],[9.9899998,11.7600002],[10.0100002,11.75],[10.0200005,11.7299995],[10.0600004,11.7299995],[10.0799999,11.7200003],[10.0900002,11.6800003],[10.1000004,11.6599998],[10.1300001,11.6300001],[10.1599998,11.6199999],[10.1800003,11.6199999],[10.2399998,11.6400003],[10.2700005,11.6300001],[10.3199997,11.6499996],[10.3400002,11.6499996],[10.3500004,11.6199999],[10.3400002,11.6000004],[10.3400002,11.5699997],[10.3299999,11.54],[10.3500004,11.5299997],[10.3599997,11.5100002],[10.3900003,11.4899998],[10.4300003,11.4899998],[10.5,11.5100002],[10.5699997,11.5100002],[10.5699997,11.6000004],[10.5500002,11.6199999],[10.5299997,11.6700001],[10.5,11.6999998],[10.4700003,11.7600002],[10.4300003,11.8000002],[10.4099998,11.8100004],[10.3800001,11.8000002],[10.3599997,11.7799997],[10.3000002,11.8000002],[10.2600002,11.8100004],[10.25,11.8000002],[10.1899996,11.7799997],[10.1599998,11.7799997],[10.1000004,11.8000002],[10.0799999,11.8100004],[10.0200005,11.8100004],[10,11.8000002],[9.9799995,11.8000002],[9.9700003,11.7799997]],[[5.1900001,7.5700002],[5.1700001,7.5300002],[5.1500001,7.5],[5.1500001,7.48],[5.1199999,7.4499998]],[[5.1199999,7.4499998],[5.1300001,7.4400001],[5.1900001,7.4400001],[5.1900001,7.4299998]],[[5.1900001,7.4299998],[5.2399998,7.4299998],[5.3000002,7.4499998],[5.3099999,7.4499998]],[[5.3099999,7.4499998],[5.3099999,7.4899998],[5.3000002,7.5],[5.3000002,7.52]],[[5.3000002,7.52],[5.2800002,7.5300002],[5.2600002,7.5300002],[5.2399998,7.5500002],[5.1999998,7.5700002],[5.1900001,7.5700002]],[[6.9400001,6.1100001],[6.9499998,6.0999999],[6.9499998,6.0700002],[6.9400001,6.0500002],[6.9499998,6.0300002],[6.9499998,6.0100002]],[[6.9499998,6.0100002],[6.96,6.0100002]],[[6.96,6.0100002],[7,6.0300002],[7.02,6.0500002],[7.0300002,6.0500002]],[[7.0300002,6.0500002],[7.02,6.0599999],[7.0300002,6.0799999],[7.0500002,6.0999999],[7.0599999,6.0999999]],[[7.0599999,6.0999999],[7.04,6.1100001],[7.0100002,6.1399999],[7.0100002,6.1599998]],[[7.0100002,6.1599998],[6.98,6.1500001],[6.98,6.1300001],[6.9400001,6.1100001]],[[3.78,7.4000001],[3.8,7.3800001],[3.8199999,7.3699999],[3.8399999,7.3699999],[3.8699999,7.3499999]],[[3.8699999,7.3499999],[3.8499999,7.3699999],[3.8499999,7.4000001],[3.8299999,7.4200001],[3.8,7.4200001]],[[3.8,7.4200001],[3.78,7.4000001]],[[7.1100001,5.6100001],[7.0900002,5.5900002],[7.0599999,5.5700002],[7.0500002,5.5500002]],[[7.0500002,5.5500002],[7.0599999,5.54],[7.0700002,5.5100002],[7.0900002,5.4899998],[7.1199999,5.4699998]],[[7.1199999,5.4699998],[7.1399999,5.48],[7.1700001,5.48],[7.1799998,5.4899998],[7.1799998,5.52],[7.1900001,5.5300002],[7.1900001,5.5500002],[7.1999998,5.5599999],[7.1999998,5.5799999],[7.1799998,5.5900002],[7.1399999,5.5900002],[7.1300001,5.6100001],[7.1100001,5.6100001]],[[5.5700002,6],[5.5700002,5.98],[5.5599999,5.96],[5.54,5.9400001],[5.52,5.9299998],[5.54,5.9099998],[5.5700002,5.9000001]],[[5.5700002,5.9000001],[5.5900002,5.9000001],[5.5900002,5.9200001],[5.6100001,5.9200001],[5.6300001,5.9499998],[5.6500001,5.9499998],[5.6799998,5.9200001],[5.73,5.8899999],[5.73,5.8699999],[5.7399998,5.8600001],[5.7800002,5.8400002],[5.7800002,5.8200002]],[[5.7800002,5.8200002],[5.79,5.8099999],[5.8200002,5.8099999],[5.8200002,5.8000002],[5.8400002,5.7800002]],[[5.8400002,5.7800002],[5.8499999,5.79],[5.8800001,5.79],[5.8899999,5.8000002]],[[5.8899999,5.8000002],[5.8899999,5.8099999],[5.9299998,5.8499999],[5.9299998,5.8800001],[5.9000001,5.9000001],[5.8600001,5.9200001],[5.8400002,5.9400001],[5.8299999,5.96],[5.79,5.9899998],[5.77,5.9899998],[5.75,6.0100002]],[[5.75,6.0100002],[5.7199998,6.02],[5.6999998,6.04],[5.6799998,6.0500002],[5.6599998,6.0500002],[5.6100001,6.02],[5.5700002,6]],[[4.8600001,8.7200003],[4.8699999,8.75],[4.8499999,8.79],[4.8299999,8.8100004],[4.8200002,8.8400002],[4.8099999,8.8500004],[4.8099999,8.9499998],[4.8299999,8.9700003],[4.8499999,8.9799995],[4.8699999,9],[4.9000001,9.0600004],[4.9099998,9.0900002],[4.9000001,9.1199999],[4.9000001,9.1599998],[4.8899999,9.1599998],[4.8299999,9.1300001],[4.79,9.1300001],[4.77,9.1099997],[4.7399998,9.1000004],[4.73,9.0799999],[4.71,9.0699997],[4.6599998,9.0699997],[4.6300001,9.0799999],[4.5799999,9.0799999],[4.5500002,9.0699997],[4.5300002,9.0699997],[4.5100002,9.0500002],[4.46,9.0299997],[4.4000001,9.0100002],[4.3800001,9.0100002],[4.3299999,8.9799995]],[[4.3299999,8.9799995],[4.3299999,8.96],[4.27,8.9200001],[4.2600002,8.9200001],[4.2199998,8.8800001],[4.1999998,8.8400002],[4.1799998,8.8199997],[4.1799998,8.8000002],[4.1599998,8.79],[4.1599998,8.71]],[[4.1599998,8.71],[4.23,8.71],[4.27,8.6999998],[4.3099999,8.6999998],[4.3800001,8.6800003],[4.4200001,8.6599998],[4.46,8.6199999],[4.48,8.5900002],[4.5,8.5799999]],[[4.5,8.5799999],[4.52,8.5699997],[4.5500002,8.5699997],[4.5700002,8.5600004],[4.6599998,8.5600004],[4.6900001,8.5799999],[4.7199998,8.5900002],[4.73,8.6099997],[4.75,8.6300001],[4.8200002,8.6599998],[4.8200002,8.6700001],[4.8400002,8.71],[4.8600001,8.7200003]],[[8.0799999,6.6999998],[8.0500002,6.6999998],[8.0200014,6.6799998],[8.0100002,6.6500001],[8.0100002,6.5900002],[8,6.5700002],[8,6.5300002],[7.98,6.5100002],[7.9499998,6.5100002],[7.9099998,6.5500002],[7.8899999,6.5599999],[7.8800001,6.5500002],[7.8699999,6.52],[7.8699999,6.4499998],[7.8800001,6.4200001],[7.8800001,6.3600001],[7.9400001,6.3800001],[8,6.3600001]],[[8,6.3600001],[8.0200014,6.3899999],[8.0600004,6.4699998],[8.0900002,6.5100002],[8.1000004,6.5500002],[8.1000004,6.5799999],[8.0900002,6.6100001],[8.0900002,6.6399999],[8.0799999,6.6700001],[8.0799999,6.6999998]],[[4.4499998,7.54],[4.4299998,7.54],[4.3899999,7.52],[4.3499999,7.48],[4.3600001,7.4499998],[4.3600001,7.4099998],[4.3400002,7.3699999],[4.3499999,7.3499999],[4.3699999,7.3400002],[4.3600001,7.3099999],[4.3600001,7.29],[4.3699999,7.27],[4.3699999,7.2399998],[4.3499999,7.2199998],[4.3499999,7.1199999],[4.3400002,7.0900002],[4.3099999,7.0599999]],[[4.3099999,7.0599999],[4.3099999,7.0500002],[4.3400002,6.9899998],[4.3699999,6.9699998],[4.4000001,6.9699998],[4.4400001,6.98],[4.4499998,6.9899998],[4.5100002,6.9899998],[4.52,7],[4.5500002,7]],[[4.5500002,7],[4.5599999,7.0100002]],[[4.5599999,7.0100002],[4.5300002,7.0300002],[4.5100002,7.0500002],[4.5100002,7.0700002],[4.5,7.0900002],[4.4499998,7.0900002],[4.4200001,7.0999999],[4.4099998,7.1300001],[4.4299998,7.1599998],[4.4400001,7.1900001],[4.46,7.2199998],[4.4899998,7.3099999],[4.5100002,7.3499999],[4.52,7.3600001]],[[4.52,7.3600001],[4.5100002,7.3600001],[4.5300002,7.4200001],[4.5100002,7.4499998],[4.46,7.5],[4.4499998,7.54]],[[6.73,6.1900001],[6.7399998,6.1599998],[6.7399998,6.1300001],[6.73,6.0999999]],[[6.73,6.0999999],[6.75,6.0900002]],[[6.75,6.0900002],[6.77,6.0900002],[6.8000002,6.1100001],[6.8099999,6.1300001],[6.8000002,6.1500001],[6.8000002,6.1700001]],[[6.8000002,6.1700001],[6.7800002,6.1900001],[6.7600002,6.1900001],[6.75,6.1999998]],[[6.75,6.1999998],[6.73,6.1900001]],[[6.5300002,6.8000002],[6.5,6.7800002],[6.4400001,6.7800002],[6.4200001,6.77],[6.4299998,6.75],[6.4299998,6.73],[6.3600001,6.6999998],[6.3299999,6.6700001],[6.3099999,6.6700001],[6.2600002,6.6500001]],[[6.2600002,6.6500001],[6.2600002,6.6300001],[6.2800002,6.5799999],[6.2600002,6.5300002],[6.2600002,6.5100002],[6.2800002,6.4899998],[6.29,6.4699998],[6.2800002,6.4400001],[6.3000002,6.4200001],[6.2800002,6.3899999],[6.2600002,6.3899999]],[[6.2600002,6.3899999],[6.29,6.3499999]],[[6.29,6.3499999],[6.3099999,6.3499999],[6.3200002,6.3600001],[6.3800001,6.3899999],[6.4000001,6.4099998],[6.4200001,6.4200001],[6.4400001,6.4200001],[6.4699998,6.4400001],[6.5100002,6.46],[6.5300002,6.48],[6.5599999,6.4899998]],[[6.5599999,6.4899998],[6.6300001,6.4899998],[6.6599998,6.5]],[[6.6599998,6.5],[6.6900001,6.5],[6.6799998,6.54]],[[6.6799998,6.54],[6.6799998,6.6199999],[6.6599998,6.6500001],[6.6599998,6.6700001],[6.6500001,6.6900001],[6.6399999,6.73],[6.6500001,6.7800002],[6.6300001,6.79],[6.5599999,6.79],[6.5500002,6.8000002],[6.5300002,6.8000002]],[[4.5100002,7.79],[4.5,7.77],[4.5100002,7.75]],[[4.5100002,7.75],[4.52,7.7399998],[4.54,7.6999998]],[[4.54,7.6999998],[4.5799999,7.7199998]],[[4.5799999,7.7199998],[4.5900002,7.7399998]],[[4.5900002,7.7399998],[4.5799999,7.75],[4.5799999,7.7800002],[4.5700002,7.79]],[[4.5700002,7.79],[4.5599999,7.77],[4.5300002,7.77],[4.5100002,7.79]],[[4.52,7.3600001],[4.54,7.3499999],[4.5500002,7.3299999],[4.54,7.3099999],[4.54,7.29],[4.5500002,7.2800002],[4.5500002,7.2399998],[4.5599999,7.23],[4.5799999,7.25],[4.5799999,7.29],[4.5900002,7.3200002],[4.5799999,7.3499999],[4.5999999,7.3699999],[4.6399999,7.3899999]],[[4.6399999,7.3899999],[4.6199999,7.4200001],[4.5999999,7.46],[4.5799999,7.5100002],[4.5500002,7.52],[4.5300002,7.5599999],[4.5300002,7.5799999],[4.5100002,7.5900002]],[[4.5100002,7.5900002],[4.5,7.5900002],[4.48,7.5700002],[4.4699998,7.5500002],[4.4499998,7.54]],[[7.4499998,6.6199999],[7.4099998,6.6199999],[7.3800001,6.6300001],[7.3200002,6.6599998],[7.29,6.6799998],[7.27,6.6799998],[7.25,6.6900001],[7.1999998,6.6900001],[7.1700001,6.6599998],[7.1399999,6.6100001],[7.1399999,6.54],[7.1599998,6.5300002],[7.1999998,6.5300002],[7.23,6.5100002],[7.2600002,6.5],[7.2800002,6.48],[7.3299999,6.4499998],[7.3600001,6.4200001],[7.3699999,6.3899999],[7.3600001,6.3600001],[7.3400002,6.3400002],[7.27,6.3200002],[7.25,6.2800002],[7.2800002,6.25],[7.29,6.23],[7.3200002,6.21],[7.3699999,6.21],[7.3699999,6.2399998],[7.3899999,6.2600002],[7.4000001,6.29],[7.4200001,6.3200002],[7.4400001,6.3400002]],[[7.4400001,6.3400002],[7.4299998,6.3499999],[7.4200001,6.3800001],[7.4400001,6.4299998]],[[7.4400001,6.4299998],[7.4299998,6.4499998],[7.4400001,6.48],[7.4400001,6.5300002],[7.4499998,6.5700002],[7.4499998,6.6199999]],[[4.1599998,8.71],[4.1599998,8.6899996],[4.1700001,8.6599998]],[[4.1700001,8.6599998],[4.1900001,8.6300001],[4.23,8.5500002],[4.25,8.5299997],[4.25,8.5200014],[4.27,8.5],[4.27,8.4899998],[4.3000002,8.4300003],[4.3000002,8.4200001],[4.3200002,8.3999996],[4.3400002,8.3500004],[4.3499999,8.3500004],[4.3600001,8.3199997],[4.3800001,8.3100004]],[[4.3800001,8.3100004],[4.3899999,8.29],[4.4400001,8.2399998],[4.4499998,8.2399998],[4.48,8.21],[4.48,8.1899996],[4.5,8.1499996],[4.4899998,8.1400003],[4.5100002,8.1000004]],[[4.5100002,8.1000004],[4.5300002,8.1099997],[4.5500002,8.1300001],[4.5799999,8.1400003],[4.5900002,8.1499996],[4.5900002,8.1700001],[4.5700002,8.1999998],[4.5700002,8.2299995],[4.5799999,8.25],[4.6799998,8.3500004]],[[4.6799998,8.3500004],[4.6700001,8.3500004],[4.6599998,8.3800001],[4.6399999,8.3999996]],[[4.6399999,8.3999996],[4.5999999,8.3999996],[4.5900002,8.4099998],[4.5700002,8.3999996],[4.5500002,8.4099998],[4.5300002,8.4099998],[4.52,8.4200001],[4.4899998,8.4799995],[4.48,8.5100002],[4.48,8.54],[4.5,8.5699997],[4.5,8.5799999]],[[6.5300002,6.8000002],[6.52,6.8000002],[6.52,6.8699999],[6.5,6.9099998],[6.4899998,6.9200001],[6.4699998,6.9099998],[6.46,6.8899999],[6.4000001,6.8299999],[6.3699999,6.8099999],[6.3600001,6.7800002],[6.3299999,6.7600002],[6.29,6.7600002],[6.23,6.73],[6.23,6.71],[6.2399998,6.6900001],[6.2399998,6.6599998],[6.2600002,6.6500001]],[[9.0100002,10.04],[9.0100002,10.1400003],[8.9899998,10.1700001],[8.9899998,10.1899996],[8.9799995,10.1999998],[8.9799995,10.2799997],[8.9499998,10.3100004],[8.9300003,10.3199997],[8.8800001,10.3199997],[8.8500004,10.3299999],[8.8299999,10.3500004],[8.8100004,10.3400002],[8.8100004,10.2600002],[8.79,10.2200003],[8.75,10.1800003],[8.7399998,10.1800003],[8.6999998,10.1400003],[8.6999998,10.0799999],[8.71,10.0299997],[8.71,10],[8.6999998,9.9899998],[8.6999998,9.96],[8.6800003,9.9300003],[8.6800003,9.8999996],[8.6599998,9.8800001],[8.6599998,9.8599997],[8.6499996,9.8500004],[8.6499996,9.7399998],[8.6700001,9.7200003],[8.6999998,9.7200003]],[[8.6999998,9.7200003],[8.7299995,9.7299995],[8.7700014,9.7700014],[8.79,9.8000002],[8.79,9.8999996],[8.8000002,9.9099998],[8.8100004,9.9399996],[8.8299999,9.96],[8.8699999,9.9899998],[8.9300003,10.0100002],[8.9700003,10.0200005],[9.0100002,10.04]],[[7.3200002,11.7299995],[7.29,11.7200003],[7.2600002,11.6599998],[7.2600002,11.5799999],[7.2199998,11.5600004],[7.1799998,11.5600004],[7.1599998,11.5500002],[7.1399999,11.4799995],[7.1399999,11.3900003],[7.2600002,11.2700005],[7.29,11.2600002],[7.3000002,11.25],[7.3499999,11.25],[7.3600001,11.2700005],[7.3699999,11.3100004],[7.3899999,11.3500004],[7.4099998,11.3500004],[7.4400001,11.3599997]],[[7.4400001,11.3599997],[7.4200001,11.3800001],[7.4000001,11.4200001],[7.4200001,11.46],[7.4200001,11.4799995],[7.4299998,11.5100002],[7.4099998,11.5200005],[7.3899999,11.5100002],[7.3600001,11.5200005],[7.3499999,11.54],[7.3499999,11.5900002],[7.3400002,11.6099997],[7.3400002,11.6899996],[7.3200002,11.7299995]],[[3.3299999,6.5999999],[3.3199999,6.5900002],[3.3,6.5500002],[3.3,6.5300002]],[[3.3,6.5300002],[3.3199999,6.52],[3.3399999,6.5300002]],[[3.3399999,6.5300002],[3.3900001,6.5300002],[3.3900001,6.54]],[[3.3900001,6.54],[3.3800001,6.5500002],[3.3800001,6.5799999]],[[3.3800001,6.5799999],[3.3699999,6.5700002],[3.3499999,6.5900002],[3.3499999,6.5999999]],[[3.3499999,6.5999999],[3.3299999,6.5999999]],[[5.3000002,7.52],[5.3200002,7.52],[5.3400002,7.5300002],[5.3600001,7.5300002]],[[5.3600001,7.5300002],[5.3600001,7.54],[5.3899999,7.5999999],[5.3600001,7.6300001],[5.3699999,7.6500001],[5.3600001,7.6700001],[5.3200002,7.6799998],[5.29,7.6799998],[5.2600002,7.6700001],[5.25,7.6599998],[5.23,7.6599998],[5.1999998,7.6399999],[5.1300001,7.6199999],[5.0999999,7.5999999],[5.1700001,7.5799999],[5.1900001,7.5700002]],[[5.1199999,7.4499998],[5.0599999,7.4499998],[5.02,7.4299998],[5.0100002,7.4200001],[4.9899998,7.4200001],[4.9699998,7.4099998],[4.9499998,7.4200001]],[[4.9499998,7.4200001],[4.9499998,7.4000001]],[[4.9499998,7.4000001],[4.98,7.4000001],[5,7.3899999],[5.02,7.3899999],[5.0300002,7.3800001],[5.04,7.3499999],[5.04,7.3299999],[5.0500002,7.3000002],[5.0500002,7.25],[5.04,7.23]],[[5.04,7.23],[5.0799999,7.2399998]],[[5.0799999,7.2399998],[5.0999999,7.2800002],[5.1199999,7.3000002],[5.1500001,7.3200002],[5.1700001,7.3400002],[5.1799998,7.3600001],[5.1799998,7.3800001],[5.1900001,7.4299998]],[[13.1899996,11.6700001],[13.2399998,11.6800003],[13.2799997,11.71],[13.3100004,11.7399998],[13.3199997,11.7600002],[13.3299999,11.8000002],[13.3299999,11.8699999],[13.3100004,11.9200001],[13.2399998,11.9399996],[13.1700001,11.9399996],[13.1300001,11.9200001],[13.0900002,11.8800001],[13.0799999,11.8500004],[13.0600004,11.8299999],[13.0600004,11.79],[13.0799999,11.7200003],[13.1099997,11.6899996],[13.1499996,11.6700001],[13.1899996,11.6700001]],[[6.8299999,4.75],[6.8299999,4.7600002],[6.8000002,4.79],[6.77,4.79],[6.77,4.77],[6.75,4.77],[6.7399998,4.7600002]],[[6.7399998,4.7600002],[6.7399998,4.75],[6.7600002,4.71],[6.7800002,4.6900001],[6.8000002,4.6799998],[6.8299999,4.6799998],[6.8499999,4.6599998],[6.8699999,4.6599998],[6.8699999,4.6799998],[6.8299999,4.6999998],[6.8200002,4.71],[6.8200002,4.7399998],[6.8299999,4.75]],[[5.0799999,7.2399998],[5.0999999,7.23],[5.1199999,7.21],[5.1300001,7.1799998],[5.1500001,7.1700001],[5.1900001,7.1300001],[5.21,7.1199999],[5.25,7.1100001],[5.27,7.0999999],[5.3400002,7.0900002],[5.3699999,7.0900002],[5.3899999,7.0799999],[5.4200001,7.0799999],[5.4299998,7.0700002],[5.4499998,7.0700002]],[[5.4499998,7.0700002],[5.48,7.0799999],[5.5,7.1100001],[5.4899998,7.1199999],[5.4699998,7.1199999],[5.4499998,7.1100001],[5.4299998,7.1199999],[5.4299998,7.1500001],[5.4200001,7.1799998],[5.4299998,7.1999998],[5.4299998,7.2399998],[5.4099998,7.25],[5.3899999,7.27],[5.3899999,7.29]],[[5.3899999,7.29],[5.3600001,7.3000002],[5.3499999,7.3200002],[5.3499999,7.3899999],[5.3200002,7.4299998],[5.3099999,7.4499998]],[[7.7800002,5.0700002],[7.7800002,5.04],[7.79,5.04],[7.79,4.9899998],[7.7800002,4.98],[7.7800002,4.96],[7.77,4.9499998],[7.77,4.9099998],[7.7600002,4.8899999],[7.79,4.8899999],[7.79,4.96],[7.8000002,4.9699998],[7.8000002,4.9899998],[7.8200002,5.0100002],[7.8400002,5],[7.8800001,4.9200001],[7.8899999,4.9099998],[7.9699998,4.9099998]],[[7.9699998,4.9099998],[7.96,4.9299998],[7.96,4.98],[7.9899998,4.98],[7.9899998,5.0100002],[7.9400001,5.0599999],[7.9200001,5.0599999],[7.9000001,5.0700002]],[[7.9000001,5.0700002],[7.8800001,5.0500002],[7.8600001,5.04],[7.8400002,5.04],[7.8099999,5.0500002]],[[7.8099999,5.0500002],[7.7800002,5.0700002]],[[5.7199998,5.4200001],[5.73,5.4099998],[5.7399998,5.3800001],[5.7399998,5.3600001],[5.7600002,5.3400002],[5.7800002,5.3400002],[5.8200002,5.3600001],[5.8400002,5.3600001],[5.8499999,5.3699999],[5.8699999,5.3699999],[5.8800001,5.3800001],[5.9000001,5.3800001],[5.9099998,5.3899999],[5.9499998,5.3899999],[5.9499998,5.3699999],[5.9099998,5.3499999],[5.8200002,5.3499999],[5.8200002,5.3200002],[5.8000002,5.2800002],[5.8400002,5.3000002],[5.8699999,5.3000002],[5.8699999,5.27],[5.8600001,5.25],[5.8400002,5.23],[5.8200002,5.2199998],[5.8200002,5.1999998],[5.8800001,5.1999998],[5.9000001,5.21],[5.9299998,5.21],[5.9499998,5.1900001],[5.96,5.1999998],[5.98,5.1999998],[5.9899998,5.21],[6.0100002,5.21],[6.0300002,5.2199998],[6.0599999,5.2199998],[6.0700002,5.23]],[[6.0700002,5.23],[6.0599999,5.23],[6.0300002,5.2600002],[6.02,5.29],[6.0300002,5.3099999],[6.0300002,5.3400002],[6.0100002,5.4000001],[5.9899998,5.4200001],[5.9899998,5.4499998],[6,5.46],[6,5.48],[5.98,5.5],[5.98,5.52],[5.9499998,5.5100002],[5.9200001,5.5100002],[5.9099998,5.5300002],[5.9400001,5.5500002],[5.9099998,5.5700002],[5.9000001,5.5599999],[5.8800001,5.5599999],[5.8699999,5.5700002],[5.8400002,5.5700002]],[[5.8400002,5.5700002],[5.8400002,5.5500002],[5.8499999,5.54],[5.8600001,5.5100002],[5.8800001,5.5],[5.9000001,5.48],[5.9000001,5.4499998],[5.8800001,5.4400001],[5.8600001,5.4200001],[5.79,5.4200001],[5.7800002,5.4099998],[5.7600002,5.4099998],[5.75,5.4200001]],[[5.75,5.4200001],[5.7199998,5.4200001]],[[5.3899999,7.29],[5.4000001,7.3000002],[5.4200001,7.3000002],[5.4499998,7.3099999],[5.48,7.3099999],[5.5100002,7.3200002]],[[5.5100002,7.3200002],[5.54,7.3499999],[5.5599999,7.4000001],[5.5799999,7.4299998],[5.5900002,7.4699998],[5.5900002,7.4899998]],[[5.5900002,7.4899998],[5.5999999,7.52],[5.5900002,7.5300002]],[[5.5900002,7.5300002],[5.3899999,7.5300002],[5.3699999,7.52],[5.3600001,7.5300002]],[[3.8299999,7.6399999],[3.8199999,7.6300001],[3.8,7.6300001],[3.79,7.6100001],[3.77,7.5999999],[3.76,7.5799999],[3.77,7.5700002],[3.79,7.5300002],[3.8,7.5],[3.8199999,7.48],[3.8299999,7.4499998],[3.8399999,7.4499998]],[[3.8399999,7.4499998],[3.8599999,7.46],[3.9100001,7.46],[3.9400001,7.4400001]],[[4.0599999,7.5900002],[4.0599999,7.5999999],[4.0300002,7.6300001],[4.0100002,7.6399999]],[[4.0100002,7.6399999],[3.96,7.6399999],[3.95,7.6500001],[3.9200001,7.6599998],[3.8599999,7.6599998],[3.8299999,7.6500001],[3.8299999,7.6399999]],[[6.7399998,4.7600002],[6.73,4.6999998],[6.7399998,4.6700001],[6.7600002,4.6599998],[6.7800002,4.6300001],[6.7800002,4.5799999],[6.75,4.52],[6.7800002,4.4200001],[6.7800002,4.4000001],[6.8052926,4.3547072],[6.8592262,4.360168],[6.8563571,4.376482],[6.87045,4.3940639],[6.936357,4.3823271],[6.950634,4.3741431],[6.9755778,4.381906],[6.9962831,4.3728452],[7.0134764,4.4065499],[7.0014672,4.4184308],[6.9893131,4.4507871],[7,4.4645445],[7,4.5900002],[6.9850001,4.6350002]],[[6.9850001,4.6350002],[6.98,4.6500001]],[[6.98,4.6500001],[6.9699998,4.6500001],[6.9499998,4.6700001],[6.9499998,4.71],[6.9400001,4.7199998],[6.9099998,4.7199998],[6.8899999,4.7399998],[6.8899999,4.75]],[[6.8899999,4.75],[6.8299999,4.75]],[[4.6399999,7.6500001],[4.6100001,7.6500001],[4.6199999,7.6199999],[4.6500001,7.6100001],[4.6700001,7.5900002],[4.6900001,7.54],[4.6999998,7.5500002],[4.73,7.5500002],[4.7600002,7.5599999],[4.77,7.5700002]],[[4.77,7.5700002],[4.77,7.5900002],[4.75,7.6399999],[4.7399998,7.6500001],[4.7199998,7.6500001]],[[4.7199998,7.6500001],[4.6399999,7.6500001]],[[4.1599998,8.0100002],[4.1500001,8],[4.1399999,7.9699998],[4.1199999,7.9499998],[4.1100001,7.9200001]],[[4.1100001,7.9200001],[4.0999999,7.9099998],[4.0799999,7.8499999]],[[4.0799999,7.8499999],[4.0900002,7.8299999],[4.1199999,7.8299999],[4.1399999,7.8400002],[4.1599998,7.8400002],[4.1799998,7.8600001],[4.1700001,7.8699999],[4.1700001,7.8899999],[4.1900001,7.9099998],[4.21,7.9200001],[4.2199998,7.9400001],[4.2399998,7.9499998],[4.2600002,7.9499998],[4.2800002,7.9299998],[4.3099999,7.9299998],[4.3299999,7.9000001],[4.3299999,7.8800001],[4.3400002,7.8699999],[4.3400002,7.8400002],[4.3499999,7.8400002]],[[4.3499999,7.8400002],[4.3499999,7.8499999],[4.3800001,7.8800001],[4.3899999,7.8800001]],[[4.3899999,7.8800001],[4.3699999,7.9000001],[4.3499999,7.9400001],[4.3299999,7.9499998],[4.29,8.0299997]],[[4.29,8.0299997],[4.27,8.0200014],[4.2399998,8.0200014],[4.2199998,8.0299997],[4.1999998,8.0299997],[4.1599998,8.0100002]],[[8.6499996,12.0699997],[8.6400003,12.04],[8.6199999,12.0200005],[8.6000004,12.0200005],[8.5900002,12]],[[8.5900002,12],[8.5900002,11.96]],[[8.5900002,11.96],[8.6199999,11.9399996]],[[8.6199999,11.9399996],[8.6499996,11.9499998],[8.6800003,11.9799995],[8.6999998,11.9799995],[8.7200003,11.9700003],[8.7399998,11.9499998],[8.7600002,11.9499998],[8.79,11.9700003],[8.8199997,11.9799995]],[[8.8199997,11.9799995],[8.8000002,11.9899998],[8.8199997,12.0299997],[8.8100004,12.0500002],[8.7600002,12.0699997],[8.7600002,12.1199999],[8.7700014,12.1300001],[8.7600002,12.1499996],[8.71,12.1499996],[8.6999998,12.1400003],[8.6700001,12.1300001],[8.6499996,12.1000004],[8.6499996,12.0699997]],[[7.96,5.98],[7.9699998,5.9699998],[7.9699998,5.9400001],[7.9499998,5.8699999],[7.9299998,5.8499999],[7.9099998,5.8400002],[7.9299998,5.79],[7.9000001,5.7600002]],[[7.9000001,5.7600002],[7.9499998,5.7600002],[7.9699998,5.79],[8.04,5.79]],[[8.04,5.79],[8.0799999,5.8299999],[8.0900002,5.8600001],[8.0900002,5.9000001],[8.1700001,5.9000001],[8.1700001,5.9499998]],[[8.1700001,5.9499998],[8.1599998,5.9400001],[8.1400003,5.9400001],[8.1099997,5.9699998],[8.1000004,5.9899998],[8.0799999,6.0100002],[8.0500002,6.0100002],[8.0299997,6.02],[7.98,6.02],[7.96,6.0100002],[7.96,5.98]],[[8.5,12.1099997],[8.4799995,12.0799999],[8.4499998,12.0500002]],[[8.4499998,12.0500002],[8.4300003,12.04],[8.4099998,12],[8.4200001,11.9899998],[8.4300003,11.96],[8.4200001,11.9399996]],[[8.4200001,11.9399996],[8.4300003,11.9399996]],[[8.4300003,11.9399996],[8.4300003,11.9499998],[8.46,11.9799995],[8.4700003,12]],[[8.4700003,12],[8.46,12.0200005],[8.4899998,12.0299997],[8.5200014,12.0200005],[8.5600004,12],[8.5900002,12]],[[8.6499996,12.0699997],[8.5699997,12.0699997],[8.54,12.1000004],[8.5200014,12.1099997],[8.5,12.1099997]],[[6.9200001,4.7800002],[6.8899999,4.75]],[[6.98,4.6500001],[6.98,4.6700001],[6.9899998,4.6799998],[7.0300002,4.6999998],[7.0300002,4.73],[7.02,4.75],[7.02,4.77],[7.0300002,4.79]],[[7.0300002,4.79],[7,4.79],[7,4.7800002],[6.9699998,4.7800002],[6.9499998,4.79],[6.9299998,4.79],[6.9200001,4.7800002]],[[7.04,4.79],[7.04,4.7800002],[7.0700002,4.7199998],[7.0900002,4.6999998],[7.0900002,4.6799998],[7.1100001,4.6700001],[7.1199999,4.6799998],[7.1399999,4.6799998],[7.1500001,4.6900001],[7.1700001,4.6799998],[7.1999998,4.6500001],[7.21,4.6500001]],[[7.21,4.6500001],[7.23,4.6599998],[7.3000002,4.6599998],[7.3099999,4.6799998],[7.29,4.71],[7.29,4.7399998],[7.2399998,4.7600002],[7.1999998,4.7800002],[7.1500001,4.8099999],[7.1300001,4.8000002]],[[7.1300001,4.8000002],[7.0999999,4.79],[7.04,4.79]],[[7.6199999,11.0500002],[7.6100001,11.04],[7.6100001,11.0100002],[7.5900002,10.9799995]],[[7.5900002,10.9799995],[7.6100001,10.9499998],[7.6599998,10.9300003],[7.7800002,10.9300003]],[[7.7800002,10.9300003],[7.79,10.9399996],[7.79,10.9799995],[7.77,11.0100002],[7.77,11.0500002],[7.7600002,11.0600004]],[[7.7600002,11.0600004],[7.73,11.0100002],[7.71,11],[7.6500001,11.04],[7.6199999,11.0500002]],[[11.0799999,12.9200001],[11.0799999,12.8000002],[11.0500002,12.7600002],[11.0600004,12.7299995],[11.0900002,12.6999998],[11.1199999,12.6800003],[11.1400003,12.6499996],[11.1499996,12.6099997],[11.1400003,12.5900002],[11.1599998,12.5699997],[11.1800003,12.54],[11.1999998,12.4700003],[11.2200003,12.4300003],[11.2399998,12.4099998]],[[11.2399998,12.4099998],[11.2700005,12.3699999],[11.29,12.3299999],[11.3000002,12.3000002],[11.3199997,12.2700005],[11.3400002,12.2299995],[11.3599997,12.21],[11.4099998,12.1800003],[11.4300003,12.1599998],[11.4499998,12.1000004],[11.46,12.0600004],[11.4799995,12.0299997],[11.5,12.0100002],[11.5699997,12.0100002],[11.6000004,11.9899998],[11.6300001,11.96],[11.6499996,11.9200001],[11.6800003,11.8900003],[11.7399998,11.79],[11.7600002,11.75],[11.7799997,11.6800003],[11.7799997,11.6400003],[11.7700005,11.5900002],[11.7600002,11.5600004],[11.7600002,11.5],[11.8000002,11.5100002],[11.8500004,11.5299997],[11.96,11.5500002],[12.0100002,11.5699997],[12.1700001,11.6099997],[12.1999998,11.6300001],[12.1999998,11.6400003],[12.1599998,11.6800003],[12.1599998,11.6999998],[12.1700001,11.7200003],[12.1700001,11.7399998],[12.21,11.7799997],[12.2200003,11.8000002],[12.2200003,12.0200005],[12.2299995,12.0600004],[12.25,12.1000004],[12.2600002,12.1300001],[12.2600002,12.1499996],[12.2700005,12.2200003],[12.2700005,12.3000002],[12.2600002,12.3400002],[12.2399998,12.3699999],[12.2299995,12.3999996],[12.1999998,12.3800001],[12.1499996,12.3699999],[12.1000004,12.3699999],[11.9899998,12.3500004],[11.8800001,12.3500004],[11.8000002,12.3599997],[11.7600002,12.3699999],[11.6899996,12.3699999],[11.6800003,12.3800001],[11.6700001,12.4099998],[11.6700001,12.4399996],[11.6899996,12.4700003],[11.6899996,12.4899998],[11.7200003,12.5100002],[11.75,12.54],[11.7700005,12.5900002],[11.7700005,12.6499996],[11.7600002,12.6700001],[11.7600002,12.6899996],[11.75,12.7299995],[11.7299995,12.7600002],[11.7200003,12.8000002],[11.7200003,12.8299999],[11.71,12.8500004],[11.71,12.8800001],[11.7200003,12.9099998],[11.7200003,12.9300003],[11.6899996,12.9499998],[11.6499996,12.9700003],[11.6199999,12.9799995],[11.5799999,12.9799995],[11.5500002,12.9700003],[11.5,12.9799995],[11.46,12.9799995],[11.4099998,12.9899998],[11.3900003,12.9899998]],[[11.3900003,12.9899998],[11.3500004,12.9899998],[11.3100004,12.9700003],[11.21,12.9499998],[11.1300001,12.9499998],[11.1000004,12.9399996],[11.0799999,12.9200001]],[[7.5500002,13.04],[7.54,13.0200005],[7.5500002,12.9899998]],[[7.5500002,12.9899998],[7.5700002,12.9700003],[7.5700002,12.9499998],[7.52,12.9200001],[7.5100002,12.8999996],[7.5300002,12.8900003],[7.5500002,12.9099998],[7.5999999,12.9300003],[7.6100001,12.9200001],[7.5799999,12.8599997],[7.5599999,12.8000002],[7.54,12.79],[7.5300002,12.7700005],[7.5300002,12.71],[7.5799999,12.71]],[[7.5799999,12.71],[7.5900002,12.7200003],[7.5999999,12.75],[7.5999999,12.79],[7.6100001,12.8100004],[7.6100001,12.8500004],[7.6399999,12.8699999],[7.6500001,12.8900003],[7.6799998,12.9099998],[7.71,12.9700003],[7.6700001,13.0100002],[7.6700001,13.0299997]],[[7.6700001,13.0299997],[7.6500001,13.0299997],[7.6500001,13.0500002],[7.6599998,13.0799999],[7.6500001,13.1000004],[7.6300001,13.1000004],[7.6100001,13.0900002],[7.5900002,13.0699997],[7.5700002,13.0600004],[7.5500002,13.04]],[[4.5100002,7.5900002],[4.5100002,7.5999999]],[[4.5100002,7.5999999],[4.4699998,7.5999999],[4.4499998,7.5900002],[4.4200001,7.5900002],[4.3800001,7.5799999],[4.3400002,7.5799999],[4.3299999,7.5999999],[4.3299999,7.6199999],[4.3099999,7.6199999]],[[4.3099999,7.6199999],[4.3000002,7.5999999],[4.2600002,7.5700002],[4.2600002,7.5500002],[4.25,7.5300002],[4.25,7.4899998],[4.2199998,7.4499998],[4.23,7.4400001]],[[4.23,7.4400001],[4.25,7.4400001],[4.27,7.4099998],[4.27,7.3699999],[4.3000002,7.3200002],[4.3299999,7.3000002],[4.29,7.2600002],[4.2399998,7.2399998],[4.1900001,7.21],[4.1399999,7.21]],[[4.1399999,7.21],[4.1500001,7.1799998],[4.1500001,7.1599998],[4.1300001,7.1300001]],[[4.1300001,7.1300001],[4.1500001,7.0999999],[4.1500001,7.0700002],[4.1900001,7.0300002],[4.1999998,7.0300002]],[[4.1999998,7.0300002],[4.21,7.0300002],[4.25,7.0500002],[4.27,7.0700002],[4.29,7.0700002],[4.3099999,7.0599999]],[[5.5599999,5.8499999],[5.5300002,5.8499999],[5.5,5.8899999],[5.5,5.8400002],[5.48,5.8099999],[5.4699998,5.8200002],[5.4000001,5.8200002],[5.3699999,5.8000002],[5.3499999,5.8000002],[5.3400002,5.7800002],[5.3400002,5.7600002],[5.3499999,5.7399998],[5.3400002,5.7199998],[5.3099999,5.6999998],[5.2800002,5.73],[5.27,5.71],[5.27,5.6599998],[5.2800002,5.6300001],[5.2800002,5.5],[5.29,5.4699998],[5.3099999,5.46],[5.3499999,5.46],[5.3800001,5.4400001],[5.46,5.4099998],[5.4899998,5.4099998],[5.5100002,5.4200001],[5.5300002,5.4200001],[5.5799999,5.3899999],[5.6399999,5.3899999],[5.6700001,5.4000001],[5.6900001,5.4200001],[5.7199998,5.4200001]],[[5.75,5.4200001],[5.7800002,5.4499998],[5.7600002,5.48],[5.7600002,5.5],[5.77,5.5100002],[5.79,5.4899998],[5.8000002,5.5],[5.77,5.5599999],[5.7399998,5.5700002],[5.7199998,5.5900002],[5.6900001,5.5999999],[5.6700001,5.6199999],[5.6700001,5.6399999],[5.6799998,5.6500001],[5.7199998,5.6500001],[5.6999998,5.6799998],[5.6700001,5.6900001],[5.6599998,5.71]],[[5.6599998,5.71],[5.6500001,5.71],[5.6300001,5.73],[5.6100001,5.7600002],[5.6199999,5.77],[5.6100001,5.79],[5.5799999,5.79],[5.5799999,5.8099999],[5.5599999,5.8499999]],[[6.8800001,4.8699999],[6.8800001,4.8800001],[6.8499999,4.8800001],[6.8299999,4.9099998],[6.8099999,4.9099998],[6.8000002,4.9200001],[6.8000002,5],[6.7800002,5.0100002],[6.75,4.9899998],[6.73,4.9899998],[6.71,5.0100002],[6.6700001,5.0300002],[6.6700001,5],[6.6599998,4.9899998],[6.6599998,4.9299998],[6.6500001,4.9000001],[6.6500001,4.8800001],[6.6599998,4.8499999],[6.6900001,4.8299999],[6.6999998,4.8099999],[6.7199998,4.79],[6.7399998,4.7800002],[6.7399998,4.7600002]],[[6.9200001,4.7800002],[6.8899999,4.79],[6.8600001,4.8099999],[6.8699999,4.8299999],[6.8600001,4.8600001],[6.8800001,4.8699999]],[[6.5599999,6.4899998],[6.5599999,6.46],[6.5700002,6.4299998],[6.5700002,6.3899999],[6.5599999,6.3699999],[6.5599999,6.3400002],[6.5799999,6.3099999],[6.5999999,6.29],[6.6100001,6.27],[6.6100001,6.1900001],[6.5999999,6.1599998],[6.6100001,6.1300001],[6.6300001,6.0999999],[6.5799999,6.0999999],[6.5599999,6.0799999],[6.5700002,6.0500002],[6.5700002,6.0100002],[6.5999999,6.0100002],[6.6199999,6.0300002],[6.6500001,6.0300002],[6.6700001,6.02],[6.6999998,6.0300002]],[[6.6999998,6.0300002],[6.71,6.04],[6.71,6.0700002],[6.7199998,6.0999999],[6.73,6.0999999]],[[6.73,6.1900001],[6.7199998,6.23],[6.7199998,6.2800002],[6.6999998,6.3600001],[6.6900001,6.3800001],[6.6700001,6.4499998],[6.6700001,6.48],[6.6599998,6.5]],[[3.9200001,8.6000004],[3.9000001,8.5900002],[3.8599999,8.5799999],[3.8,8.5799999]],[[3.8,8.5799999],[3.8199999,8.54],[3.8299999,8.5],[3.8299999,8.4700003],[3.8099999,8.4700003],[3.79,8.4499998],[3.79,8.4300003],[3.8099999,8.3999996],[3.8,8.3699999],[3.8099999,8.3000002],[3.79,8.2700014],[3.79,8.2399998],[3.78,8.2399998],[3.78,8.21]],[[3.73,7.8400002],[3.79,7.8400002],[3.8399999,7.8299999],[3.8599999,7.8299999],[3.9200001,7.79],[3.9400001,7.79],[3.96,7.8099999],[3.99,7.8200002],[4.0300002,7.8400002],[4.04,7.8400002]],[[4.04,7.8400002],[4.04,7.8600001],[4.0700002,7.8600001],[4.0799999,7.8499999]],[[4.1100001,7.9200001],[4.0599999,7.9699998],[4.0500002,7.9899998],[4.0300002,8.0100002],[4.0300002,8.0699997],[4.04,8.0799999],[4.02,8.1099997],[4.04,8.1300001],[3.99,8.1800003],[3.98,8.21],[4,8.2600002],[4.02,8.29],[4.04,8.3100004],[4.0799999,8.3599997],[4.0799999,8.3800001],[4.0599999,8.3999996],[4.0300002,8.4099998],[4.02,8.4300003],[4.02,8.46],[4,8.5200014],[4,8.5299997],[3.97,8.5600004],[3.98,8.5900002]],[[3.98,8.5900002],[3.9200001,8.6000004]],[[7.8299999,5.96],[7.8000002,5.9699998],[7.7800002,5.9699998],[7.7800002,5.9499998],[7.75,5.9400001],[7.75,5.9099998],[7.7399998,5.9000001],[7.7199998,5.9000001],[7.6999998,5.9099998],[7.6799998,5.9000001],[7.6799998,5.8800001],[7.6399999,5.8400002],[7.6399999,5.8299999],[7.73,5.8299999],[7.75,5.8000002],[7.75,5.7600002],[7.8000002,5.71],[7.8200002,5.6999998],[7.8499999,5.6999998],[7.8699999,5.73],[7.8899999,5.75]],[[7.8899999,5.75],[7.8699999,5.7600002],[7.8499999,5.7800002],[7.8499999,5.8099999],[7.8400002,5.8600001],[7.8299999,5.8899999],[7.8299999,5.96]],[[8,6.3600001],[8.0100002,6.3400002],[8.0299997,6.3200002],[8.0500002,6.2800002],[8.0299997,6.21],[8.0699997,6.1799998],[8.0900002,6.1799998],[8.1300001,6.1999998],[8.1499996,6.1900001],[8.1899996,6.1900001],[8.2299995,6.1999998],[8.2799997,6.23],[8.29,6.2199998],[8.3199997,6.21],[8.3500004,6.21],[8.3800001,6.1999998],[8.3900003,6.2199998],[8.4099998,6.2399998],[8.4099998,6.25],[8.4300003,6.27],[8.4300003,6.2800002],[8.4700003,6.3000002],[8.5299997,6.3000002],[8.54,6.3200002],[8.54,6.3499999],[8.5299997,6.3499999],[8.5,6.3800001],[8.4799995,6.3699999],[8.4499998,6.3699999],[8.4399996,6.3600001],[8.4200001,6.3699999],[8.3900003,6.3600001],[8.3699999,6.3400002],[8.3400002,6.3299999],[8.3000002,6.3299999],[8.2600002,6.3400002],[8.1999998,6.3200002],[8.1800003,6.3099999],[8.1499996,6.3400002],[8.1499996,6.5599999],[8.1700001,6.6199999],[8.1599998,6.6599998],[8.1599998,6.7199998],[8.1099997,6.6999998],[8.0799999,6.6999998]],[[7.29,5.0599999],[7.3299999,5.0599999],[7.3400002,5.0700002],[7.3600001,5.0700002],[7.3699999,5.0900002],[7.3699999,5.1199999],[7.3400002,5.1500001]],[[7.3400002,5.1500001],[7.3000002,5.1300001],[7.3000002,5.1100001],[7.2800002,5.0999999],[7.2800002,5.0799999],[7.29,5.0599999]],[[7.27,4.9899998],[7.2800002,5],[7.27,5.02]],[[7.27,5.02],[7.23,4.98],[7.21,4.98],[7.1799998,4.96],[7.1799998,4.9400001],[7.1700001,4.9299998],[7.1700001,4.9099998],[7.1599998,4.8899999],[7.1999998,4.8499999],[7.2199998,4.8400002],[7.25,4.8400002],[7.27,4.8499999],[7.3099999,4.8499999],[7.3000002,4.8800001],[7.29,4.8899999],[7.29,4.9400001],[7.27,4.9699998],[7.27,4.9899998]],[[7.3600001,5.1999998],[7.3400002,5.2199998],[7.3400002,5.2399998],[7.3499999,5.25],[7.3499999,5.3000002],[7.3299999,5.3099999],[7.3000002,5.29],[7.2800002,5.25],[7.2600002,5.2399998],[7.2600002,5.1999998],[7.25,5.1799998],[7.27,5.1700001],[7.27,5.04]],[[7.27,5.04],[7.29,5.0599999]],[[7.3400002,5.1500001],[7.3400002,5.1599998],[7.3600001,5.1799998],[7.3600001,5.1999998]],[[5.8699999,6.8000002],[5.8000002,6.8000002],[5.79,6.8099999],[5.7600002,6.8099999],[5.75,6.8000002],[5.75,6.77],[5.71,6.73],[5.6900001,6.73],[5.6599998,6.7600002],[5.6199999,6.7399998],[5.5900002,6.71],[5.5700002,6.7199998],[5.5599999,6.7600002],[5.54,6.7800002],[5.5300002,6.8099999],[5.5300002,6.8299999],[5.5799999,6.8299999],[5.5799999,6.8400002],[5.5500002,6.8699999],[5.4299998,6.8699999],[5.4299998,6.8499999],[5.3899999,6.79],[5.3800001,6.7600002],[5.3800001,6.7399998],[5.3600001,6.7199998],[5.3400002,6.6900001],[5.3299999,6.6599998],[5.3499999,6.6199999],[5.3699999,6.5999999],[5.3800001,6.5799999],[5.4099998,6.5599999],[5.4499998,6.52],[5.4699998,6.4899998],[5.46,6.48],[5.46,6.4499998],[5.4400001,6.4299998],[5.4400001,6.3800001],[5.4299998,6.3499999],[5.4299998,6.3299999],[5.4499998,6.3200002],[5.48,6.3200002],[5.52,6.3400002]],[[5.52,6.3400002],[5.54,6.3499999],[5.5599999,6.3699999],[5.5700002,6.3899999],[5.6100001,6.4000001],[5.6300001,6.4200001]],[[5.6300001,6.4200001],[5.6399999,6.46],[5.6900001,6.5100002],[5.75,6.5500002],[5.77,6.5900002],[5.79,6.6100001],[5.8000002,6.6500001],[5.8200002,6.6700001],[5.8400002,6.7199998],[5.8600001,6.79],[5.8699999,6.8000002]],[[5.21,13.1000004],[5.1999998,13.0600004],[5.21,13.0299997],[5.25,13.0100002]],[[5.25,13.0100002],[5.27,13.0100002],[5.29,13.04],[5.29,13.0699997],[5.2800002,13.0900002],[5.2600002,13.1099997],[5.2199998,13.1099997],[5.21,13.1000004]],[[10.1099997,12.4799995],[10.1199999,12.4799995],[10.1599998,12.5],[10.2200003,12.5600004],[10.2399998,12.5900002],[10.25,12.6300001],[10.2399998,12.6499996],[10.21,12.6700001],[10.1400003,12.6499996],[10.1000004,12.6300001],[10.0600004,12.6199999],[10.0299997,12.6000004],[9.9899998,12.5799999],[9.96,12.5799999],[9.9499998,12.5699997],[9.8999996,12.5900002],[9.8999996,12.5699997],[9.8800001,12.5500002],[9.8699999,12.5299997],[9.8500004,12.5100002],[9.8299999,12.4799995],[9.8199997,12.4499998],[9.8199997,12.4200001],[9.8299999,12.3999996],[9.8800001,12.3800001],[9.8900003,12.3699999],[9.9099998,12.3299999],[9.9099998,12.3199997]],[[9.9099998,12.3199997],[9.9499998,12.3500004],[9.9799995,12.3800001],[9.9899998,12.4099998],[9.9799995,12.4300003],[9.9799995,12.46],[10,12.4799995],[10.04,12.5],[10.0699997,12.5],[10.1000004,12.4899998],[10.1099997,12.4799995]],[[4.3499999,7.8400002],[4.3400002,7.8099999],[4.3400002,7.7800002],[4.3200002,7.7399998],[4.3099999,7.73],[4.3299999,7.6900001],[4.3299999,7.6700001],[4.3400002,7.6599998],[4.3400002,7.6399999]],[[4.3400002,7.6399999],[4.3499999,7.6500001],[4.3499999,7.6700001],[4.3699999,7.71],[4.4000001,7.73],[4.4699998,7.73],[4.5100002,7.75]],[[4.5100002,7.79],[4.54,7.8200002],[4.52,7.8400002]],[[4.52,7.8400002],[4.5,7.8299999],[4.4499998,7.7800002],[4.4200001,7.8099999],[4.4200001,7.8299999],[4.4000001,7.8600001],[4.4000001,7.8800001]],[[4.4000001,7.8800001],[4.3899999,7.8800001]],[[7.4699998,10.5600004],[7.4699998,10.5799999],[7.46,10.6000004],[7.4299998,10.6000004],[7.4099998,10.5699997],[7.4099998,10.5500002],[7.3800001,10.4799995]],[[7.3800001,10.4799995],[7.4000001,10.46]],[[7.27,5.9499998],[7.27,5.9699998],[7.29,6.0100002],[7.3099999,6.02],[7.3499999,6.02],[7.3699999,6.04],[7.29,6.04],[7.27,6.0599999]],[[7.27,6.0599999],[7.2399998,6.0599999],[7.2199998,6.0500002],[7.1700001,6.0500002],[7.1500001,6.0300002],[7.1500001,6.02],[7.1300001,6],[7.1100001,6]],[[7.1100001,6],[7.1100001,5.9899998],[7.1300001,5.9499998],[7.1199999,5.9200001]],[[7.1199999,5.9200001],[7.1999998,5.9200001]],[[7.1999998,5.9200001],[7.2399998,5.9299998],[7.27,5.9499998]],[[4.5500002,7],[4.54,6.96],[4.54,6.9299998],[4.5300002,6.9200001],[4.5300002,6.8400002],[4.54,6.8200002],[4.6199999,6.8400002],[4.6900001,6.8499999],[4.73,6.8600001],[4.77,6.9000001],[4.8899999,6.9299998],[4.9099998,6.9200001],[4.9400001,6.9200001],[5,6.8899999],[5.0100002,6.9000001],[5.0100002,7.0700002],[5.0300002,7.0999999],[5.0300002,7.1199999],[5.04,7.1599998],[5.04,7.21]],[[5.04,7.21],[4.98,7.1700001],[4.9499998,7.1599998],[4.9099998,7.1399999],[4.8800001,7.1300001],[4.8400002,7.1300001],[4.8000002,7.1500001],[4.77,7.1599998],[4.7600002,7.1500001],[4.77,7.1199999],[4.77,7.0999999],[4.6500001,7.0599999],[4.5900002,7.02],[4.5599999,7.0100002]],[[3.1600001,7.3600001],[3.1600001,7.3699999],[3.03,7.3699999],[3.01,7.3800001],[3.02,7.3200002],[3.04,7.3000002],[3.05,7.2800002],[3.05,7.2600002],[3.0699999,7.21],[3.0899999,7.1900001],[3.0899999,7.1599998],[3.1099999,7.1399999],[3.1199999,7.1199999],[3.1199999,7.0700002]],[[3.1199999,7.0700002],[3.1500001,7.0700002],[3.1800001,7.0599999],[3.2,7.04],[3.22,7.04],[3.24,7.0500002],[3.26,7.0500002],[3.28,7.0700002]],[[3.28,7.0700002],[3.3,7.0900002],[3.3099999,7.1100001],[3.3499999,7.1100001],[3.4000001,7.1300001]],[[3.4000001,7.1300001],[3.4100001,7.1500001],[3.3900001,7.1900001],[3.3699999,7.1999998],[3.3599999,7.1900001],[3.3399999,7.2199998],[3.29,7.25],[3.26,7.25],[3.23,7.2600002],[3.22,7.2800002],[3.2,7.3000002],[3.1900001,7.3200002],[3.1500001,7.3499999],[3.1600001,7.3600001]],[[4.3400002,7.6399999],[4.3200002,7.6300001]],[[4.3200002,7.6300001],[4.3099999,7.6199999]],[[4.5100002,7.5999999],[4.54,7.6300001],[4.5500002,7.6500001],[4.54,7.6700001],[4.54,7.6999998]],[[11.5500002,10.5799999],[11.5100002,10.5600004],[11.4899998,10.54],[11.46,10.5299997],[11.4300003,10.5100002],[11.4099998,10.4799995],[11.3100004,10.4099998],[11.2799997,10.3800001],[11.2700005,10.3500004],[11.25,10.3400002],[11.21,10.3299999],[11.21,10.25],[11.2200003,10.2399998]],[[11.2200003,10.2399998],[11.2200003,10.2299995],[11.25,10.1999998],[11.2700005,10.1700001],[11.2700005,10.1199999],[11.29,10.0900002],[11.3299999,10.0600004],[11.3800001,10.04],[11.46,10],[11.4799995,9.9799995]],[[11.4799995,9.9799995],[11.4899998,10],[11.54,10.0200005],[11.5699997,10.04],[11.6099997,10.0500002],[11.6499996,10.0699997],[11.6899996,10.0799999],[11.75,10.1000004],[11.7399998,10.1199999],[11.7200003,10.1199999],[11.6999998,10.1400003],[11.6499996,10.1599998],[11.6300001,10.1800003],[11.6199999,10.2200003],[11.5799999,10.2600002],[11.5500002,10.2700005],[11.5500002,10.3000002],[11.5699997,10.3199997],[11.5699997,10.3299999],[11.6099997,10.3699999],[11.6599998,10.3999996],[11.6800003,10.3999996],[11.6999998,10.4099998],[11.7200003,10.4300003],[11.7200003,10.4499998],[11.6899996,10.4799995],[11.6800003,10.4799995],[11.6400003,10.5],[11.6099997,10.5100002],[11.6000004,10.5200005],[11.5699997,10.5200005],[11.5600004,10.54],[11.5600004,10.5600004],[11.5500002,10.5799999]],[[12.3000002,9.4899998],[12.3000002,9.4200001],[12.2799997,9.3500004],[12.2600002,9.3100004],[12.2299995,9.2700014],[12.1899996,9.2399998],[12.1599998,9.1999998],[12.1000004,9.1599998]],[[12.1000004,9.1599998],[12.1099997,9.1499996],[12.1400003,9.1599998],[12.2700005,9.1400003],[12.3100004,9.1300001],[12.3199997,9.1099997],[12.3299999,9.0699997],[12.3599997,9.0299997],[12.3900003,9],[12.4499998,8.9799995],[12.5,8.9700003],[12.5799999,8.9700003],[12.6099997,8.9799995],[12.6199999,9],[12.6099997,9.0299997],[12.6099997,9.0799999],[12.6000004,9.1199999],[12.6300001,9.2299995],[12.6300001,9.2600002]],[[12.6300001,9.2600002],[12.5600004,9.2399998],[12.5100002,9.2399998],[12.4799995,9.2600002],[12.4700003,9.2799997],[12.4200001,9.3299999],[12.3800001,9.4099998],[12.3599997,9.4300003],[12.3400002,9.46],[12.3000002,9.4899998]],[[8.4200001,11.9399996],[8.4099998,11.9300003],[8.4099998,11.8999996],[8.4200001,11.8900003],[8.4300003,11.8599997]],[[8.4300003,11.8599997],[8.4700003,11.8599997],[8.4899998,11.8500004],[8.5100002,11.8599997],[8.5299997,11.8500004]],[[8.5299997,11.8500004],[8.5500002,11.8599997],[8.5699997,11.8599997],[8.6000004,11.8699999],[8.6000004,11.8900003],[8.6199999,11.9200001],[8.6199999,11.9399996]],[[8.5900002,11.96],[8.5799999,11.9399996]],[[8.5799999,11.9399996],[8.5600004,11.9200001],[8.5299997,11.9200001],[8.5200014,11.9099998],[8.4899998,11.9099998],[8.4700003,11.9300003]],[[8.4700003,11.9300003],[8.4399996,11.9300003],[8.4300003,11.9399996]],[[8.4300003,11.8599997],[8.3699999,11.8299999],[8.3400002,11.8299999],[8.3199997,11.8100004]],[[8.3199997,11.8100004],[8.2700014,11.7600002],[8.2799997,11.7399998],[8.2799997,11.71],[8.3100004,11.6899996],[8.3100004,11.6599998],[8.3299999,11.6099997],[8.3699999,11.5699997],[8.4300003,11.54],[8.46,11.54],[8.46,11.6000004],[8.4499998,11.6099997],[8.4499998,11.6400003],[8.4399996,11.6599998],[8.4700003,11.6899996],[8.4899998,11.6999998],[8.5100002,11.7299995],[8.5299997,11.7799997],[8.5299997,11.8199997]],[[8.5299997,11.8199997],[8.5200014,11.8400002],[8.5299997,11.8500004]],[[3.53,7.4400001],[3.5,7.4400001],[3.4400001,7.4200001],[3.4100001,7.4499998],[3.3900001,7.4899998],[3.3599999,7.4899998],[3.3399999,7.4499998],[3.3399999,7.4299998],[3.3199999,7.3899999],[3.28,7.3499999],[3.25,7.3400002],[3.22,7.3400002],[3.2,7.3499999],[3.1800001,7.3499999],[3.1600001,7.3600001]],[[3.4000001,7.1300001],[3.4200001,7.1300001],[3.4400001,7.1199999],[3.51,7.1399999],[3.54,7.1399999],[3.5599999,7.1300001],[3.6199999,7.1300001],[3.6500001,7.1399999],[3.73,7.1399999]],[[3.73,7.1399999],[3.73,7.1900001],[3.72,7.1999998],[3.73,7.2199998],[3.73,7.2600002]],[[3.73,7.2600002],[3.73,7.2800002],[3.71,7.29],[3.6700001,7.3299999],[3.6700001,7.3600001],[3.6500001,7.4000001],[3.5699999,7.4400001],[3.53,7.4400001]],[[7.1100001,5.6100001],[7.0999999,5.6199999],[7.0799999,5.6199999],[7.0500002,5.6399999],[7.0300002,5.6399999],[7.02,5.6300001],[7,5.6300001],[6.98,5.6199999],[6.9200001,5.6199999],[6.9099998,5.5999999],[6.9200001,5.5799999],[6.9000001,5.54],[6.9000001,5.5300002]],[[6.9000001,5.5300002],[6.9699998,5.5300002],[7,5.5100002],[7.02,5.5100002],[7.0300002,5.5300002],[7.0500002,5.5500002]],[[4,7.3400002],[3.98,7.3200002],[3.98,7.3000002],[3.96,7.29]],[[3.96,7.29],[3.96,7.2800002],[3.9300001,7.2600002],[3.8900001,7.2399998]],[[3.8900001,7.2399998],[3.9000001,7.21],[3.9100001,7.1999998],[3.9000001,7.1799998],[3.9000001,7.1599998],[3.8900001,7.1500001],[3.8900001,7.1199999],[3.9000001,7.1100001],[3.9000001,7.0900002],[3.9100001,7.0799999]],[[3.9100001,7.0799999],[3.9300001,7.0900002],[3.9400001,7.0799999],[3.98,7.0999999],[4,7.1199999],[4.0100002,7.1199999],[4.0300002,7.1399999],[4.0700002,7.1599998],[4.0799999,7.1700001],[4.0999999,7.1700001],[4.1199999,7.1500001],[4.1300001,7.1300001]],[[4.1399999,7.21],[4.1100001,7.2600002],[4.0999999,7.29]],[[4.0999999,7.29],[4.04,7.3299999],[4.0300002,7.3400002],[4,7.3400002]],[[6.1100001,7.5599999],[6.1300001,7.54],[6.1500001,7.5500002],[6.1599998,7.54],[6.1599998,7.52],[6.1399999,7.5],[6.1399999,7.4499998],[6.1500001,7.4400001],[6.2199998,7.4400001],[6.2600002,7.4699998],[6.29,7.4699998],[6.3099999,7.46],[6.3800001,7.3899999],[6.4000001,7.3899999],[6.4099998,7.4000001],[6.4299998,7.3899999],[6.4299998,7.3499999],[6.4899998,7.3499999],[6.5,7.3600001],[6.4699998,7.4099998],[6.4299998,7.4499998],[6.4099998,7.5100002],[6.3899999,7.54]],[[6.3899999,7.54],[6.3800001,7.5300002],[6.29,7.5300002],[6.2600002,7.5500002],[6.25,7.5700002],[6.23,7.5799999],[6.1999998,7.5799999]],[[3.434835,6.4110761],[3.603658,6.4195809],[3.6426889,6.4188415],[3.6500001,6.46],[3.6700001,6.4699998],[3.6900001,6.4899998],[3.6500001,6.4899998],[3.6400001,6.5],[3.6400001,6.52],[3.6300001,6.5300002]],[[3.6300001,6.5300002],[3.6099999,6.5300002],[3.5999999,6.52],[3.5999999,6.5],[3.5699999,6.4899998],[3.55,6.4699998],[3.52,6.4699998],[3.51,6.46],[3.49,6.4699998],[3.47,6.46],[3.45,6.4699998]],[[3.45,6.4699998],[3.4300001,6.4499998],[3.434835,6.4110761]],[[6.75,6.0900002],[6.75,6.0599999],[6.77,6.0300002]],[[6.77,6.0300002],[6.8200002,6.0300002],[6.8499999,6.04],[6.8699999,6.0599999],[6.9200001,6.0100002]],[[6.9200001,6.0100002],[6.9499998,6.0100002]],[[6.9400001,6.1100001],[6.9299998,6.1399999],[6.9000001,6.1700001],[6.9000001,6.1799998]],[[6.9000001,6.1799998],[6.8699999,6.1599998],[6.8200002,6.1599998],[6.8000002,6.1700001]],[[8.6999998,9.7200003],[8.71,9.6999998],[8.6999998,9.6800003],[8.6999998,9.6599998],[8.71,9.6499996],[8.7399998,9.6499996],[8.7700014,9.6199999],[8.79,9.6199999],[8.8199997,9.6400003],[8.8500004,9.6300001],[8.8999996,9.71],[8.9399996,9.7399998],[8.9499998,9.7600002],[8.9499998,9.8000002],[8.9700003,9.8199997],[8.9899998,9.8000002],[8.9899998,9.7700014],[9,9.7399998],[9.0200014,9.6999998],[9.04,9.6899996],[9.0799999,9.6899996],[9.1000004,9.6999998],[9.1199999,9.7200003],[9.1800003,9.75],[9.21,9.7700014],[9.2200003,9.79],[9.2399998,9.8100004],[9.25,9.8500004],[9.25,9.8900003],[9.2299995,9.9200001],[9.2200003,9.9499998],[9.1800003,9.9899998],[9.1400003,10],[9.1000004,10],[9.0799999,9.9799995],[9.04,9.96],[9.0299997,9.9499998],[9.0100002,9.9700003],[9.0100002,10.04]],[[3.3699999,6.6599998],[3.3699999,6.6300001],[3.3499999,6.5999999]],[[3.3800001,6.5799999],[3.4000001,6.5999999],[3.4000001,6.6500001],[3.3900001,6.6700001]],[[3.3900001,6.6700001],[3.3699999,6.6599998]],[[3.3299999,6.5999999],[3.3099999,6.6300001],[3.3099999,6.6599998],[3.29,6.6700001],[3.29,6.71]],[[3.29,6.71],[3.23,6.71],[3.22,6.6900001],[3.22,6.6700001],[3.2,6.6399999],[3.1800001,6.5999999],[3.1700001,6.5700002],[3.1600001,6.5599999]],[[3.1600001,6.5599999],[3.1900001,6.5500002],[3.22,6.5300002],[3.25,6.52],[3.28,6.52],[3.3,6.5300002]],[[12.2700005,9.6199999],[12.25,9.6199999],[12.2299995,9.6099997],[12.1899996,9.6099997],[12.1599998,9.6199999],[12.0699997,9.6000004],[12.0299997,9.6000004],[11.9799995,9.5799999],[11.9399996,9.5699997],[11.8900003,9.5900002],[11.8000002,9.6800003],[11.7399998,9.6199999],[11.71,9.6099997],[11.6599998,9.5799999],[11.6300001,9.5799999],[11.6300001,9.5699997],[11.6000004,9.5699997],[11.5600004,9.5500002],[11.5,9.54],[11.4700003,9.54],[11.4399996,9.5299997],[11.4799995,9.4899998],[11.4899998,9.4700003],[11.4899998,9.4499998],[11.5,9.4300003],[11.5200005,9.4099998],[11.5200005,9.3900003],[11.5299997,9.3800001],[11.5900002,9.3500004],[11.6099997,9.3500004],[11.6999998,9.2600002],[11.6999998,9.2399998],[11.7200003,9.2200003],[11.7200003,9.1999998],[11.7299995,9.1899996],[11.7299995,9.1700001],[11.7600002,9.1400003],[11.8000002,9.1199999],[11.9099998,9.1199999],[11.9499998,9.1099997],[12.0200005,9.1300001],[12.1000004,9.1599998]],[[12.3000002,9.4899998],[12.2700005,9.6199999]],[[6.77,6.0300002],[6.7600002,6.02],[6.7800002,5.9899998],[6.7800002,5.96],[6.8000002,5.9299998]],[[6.8000002,5.9299998],[6.8299999,5.9200001]],[[6.8299999,5.9200001],[6.8299999,5.9299998],[6.8499999,5.9499998],[6.8699999,5.96],[6.8899999,5.98],[6.9099998,5.9899998],[6.9200001,6.0100002]],[[5.7800002,5.8200002],[5.75,5.7600002],[5.7199998,5.73],[5.6999998,5.7199998],[5.6599998,5.71]],[[5.8400002,5.5700002],[5.8400002,5.5900002],[5.8499999,5.5999999],[5.9000001,5.5999999]],[[5.9000001,5.5999999],[5.9200001,5.6399999],[5.9099998,5.6700001],[5.8800001,5.6799998],[5.8499999,5.71],[5.8600001,5.73],[5.8600001,5.75],[5.8400002,5.7600002],[5.8400002,5.7800002]],[[5.4499998,7.0700002],[5.4499998,7.0500002],[5.4699998,7.0500002],[5.48,7.04],[5.5,6.98],[5.5300002,6.9400001],[5.5300002,6.9200001],[5.54,6.9099998],[5.5500002,6.8800001],[5.5799999,6.8499999],[5.5799999,6.9299998],[5.5900002,6.9499998],[5.5900002,7],[5.6300001,7.02],[5.6500001,7.0799999],[5.6900001,7.0999999],[5.73,7.1100001],[5.8200002,7.1100001],[5.8600001,7.0900002],[5.8800001,7.0999999],[5.8899999,7.1399999],[5.8800001,7.1500001],[5.8600001,7.1500001],[5.8299999,7.1599998],[5.8099999,7.1599998],[5.79,7.1700001],[5.7600002,7.21],[5.73,7.21],[5.7199998,7.23],[5.7199998,7.25],[5.6799998,7.29],[5.6700001,7.3099999],[5.6399999,7.3099999],[5.5999999,7.3200002],[5.5100002,7.3200002]],[[6.3899999,7.54],[6.3899999,7.6300001],[6.4099998,7.6599998],[6.4699998,7.6999998],[6.5,7.71],[6.5599999,7.7399998],[6.6500001,7.77],[6.6700001,7.77],[6.6900001,7.7800002],[6.6999998,7.8000002],[6.6799998,7.8200002],[6.6599998,7.8299999],[6.6399999,7.8499999],[6.6100001,7.8699999]],[[4.5,7.9499998],[4.5,7.9400001],[4.52,7.9200001],[4.52,7.8400002]],[[4.5700002,7.79],[4.5700002,7.8099999]],[[4.5700002,7.8099999],[4.5799999,7.8400002],[4.5799999,7.8600001],[4.5900002,7.8699999],[4.5500002,7.9099998],[4.5300002,7.9200001]],[[4.5300002,7.9200001],[4.5300002,7.9400001],[4.52,7.96]],[[4.52,7.96],[4.5,7.9499998]],[[3.6900001,7.7199998],[3.72,7.71],[3.74,7.6900001],[3.73,7.6700001],[3.73,7.6500001],[3.75,7.6300001],[3.77,7.6199999],[3.8,7.6599998],[3.8299999,7.6399999]],[[4.0100002,7.6399999],[4,7.6500001],[4,7.6799998],[4.0100002,7.6999998],[4.0300002,7.7199998],[4.0300002,7.73]],[[4.0300002,7.73],[4.0300002,7.79]],[[4.0300002,7.79],[4.04,7.8400002]],[[7.8499999,11.3299999],[7.8099999,11.3000002],[7.77,11.2799997],[7.73,11.2399998],[7.7199998,11.2399998],[7.6700001,11.1899996],[7.6500001,11.1800003],[7.6199999,11.1800003]],[[7.6199999,11.1800003],[7.6100001,11.1700001]],[[7.6100001,11.1700001],[7.6300001,11.1499996],[7.6399999,11.1300001],[7.6599998,11.1199999],[7.6900001,11.1400003],[7.7199998,11.1400003],[7.7399998,11.1000004],[7.77,11.0799999]],[[7.77,11.0799999],[7.7800002,11.0799999],[7.8200002,11.1000004],[7.9099998,11.1199999],[7.9499998,11.1199999],[7.98,11.1099997]],[[7.98,11.1099997],[7.9899998,11.1199999],[8.0500002,11.1199999],[8.0799999,11.1300001],[8.0900002,11.1499996],[8.0900002,11.1700001],[8.0600004,11.1899996],[8.04,11.2200003],[8.0200014,11.2399998],[7.9899998,11.29],[7.96,11.3299999],[7.9400001,11.3500004],[7.9200001,11.3900003],[7.8800001,11.3500004],[7.8499999,11.3299999]],[[6,5.7600002],[6.0100002,5.75],[6.02,5.7199998],[6.04,5.6999998],[6.0500002,5.6799998],[6.0500002,5.6199999],[6.0100002,5.5999999],[5.9899998,5.5799999],[5.9699998,5.5700002],[5.9499998,5.5799999],[5.9299998,5.5799999],[5.9000001,5.5999999]],[[6.0700002,5.23],[6.0999999,5.23],[6.1199999,5.2399998],[6.1700001,5.2399998],[6.1900001,5.2600002],[6.1599998,5.27],[6.1399999,5.29],[6.1100001,5.3499999],[6.0900002,5.4200001],[6.0799999,5.52],[6.0999999,5.54],[6.1199999,5.5700002],[6.1300001,5.6100001],[6.1700001,5.6100001],[6.1900001,5.6199999],[6.21,5.6399999],[6.1700001,5.7199998],[6.1700001,5.7399998],[6.1500001,5.79],[6.1300001,5.8299999]],[[6.1300001,5.8299999],[6.1100001,5.8099999],[6.0900002,5.8000002],[6.0799999,5.7800002],[6.0599999,5.7800002],[6.02,5.7600002],[6,5.7600002]],[[7.6500001,6.6100001],[7.6399999,6.6100001],[7.6500001,6.5700002],[7.6500001,6.4699998],[7.6300001,6.46],[7.5799999,6.4099998],[7.5300002,6.3800001],[7.5100002,6.3800001],[7.48,6.3899999],[7.46,6.3899999],[7.4400001,6.4099998],[7.4400001,6.4299998]],[[7.4400001,6.3400002],[7.46,6.3099999],[7.4899998,6.2800002],[7.5100002,6.23],[7.54,6.1799998],[7.5700002,6.1599998],[7.5999999,6.1599998],[7.6300001,6.1500001],[7.6500001,6.1300001],[7.6500001,6.1100001],[7.6599998,6.0799999],[7.6599998,6.0500002],[7.6999998,6.02],[7.7199998,6.04],[7.7399998,6.0500002],[7.7600002,6.0900002],[7.7600002,6.1500001],[7.75,6.21],[7.7199998,6.21],[7.6799998,6.23],[7.6799998,6.2600002],[7.6700001,6.29],[7.6900001,6.3400002],[7.71,6.3600001],[7.71,6.3899999],[7.6999998,6.4299998],[7.6999998,6.46],[7.71,6.4899998],[7.6900001,6.5700002],[7.6799998,6.5999999],[7.6500001,6.6100001]],[[6.75,6.1999998],[6.75,6.27],[6.7600002,6.29],[6.8000002,6.29],[6.8200002,6.2800002],[6.8400002,6.2800002],[6.8699999,6.29],[6.8899999,6.3099999],[6.8899999,6.3299999],[6.8800001,6.3499999],[6.8600001,6.3699999],[6.8400002,6.3699999],[6.8200002,6.3899999],[6.8299999,6.4299998],[6.8499999,6.4699998],[6.8499999,6.5100002],[6.8699999,6.54],[6.8699999,6.5799999],[6.9000001,6.6300001],[6.9000001,6.7199998]],[[6.9000001,6.7199998],[6.8600001,6.6799998],[6.8499999,6.6799998],[6.8499999,6.6300001],[6.8400002,6.5999999],[6.8400002,6.5700002],[6.8200002,6.5500002],[6.8000002,6.5500002],[6.79,6.54],[6.75,6.54],[6.7199998,6.5300002],[6.6799998,6.54]],[[3.8800001,7.3400002],[3.8599999,7.3299999],[3.8699999,7.3099999],[3.8599999,7.3000002],[3.8599999,7.2600002],[3.8499999,7.25]],[[3.8499999,7.25],[3.8699999,7.25],[3.8900001,7.2399998]],[[3.96,7.29],[3.95,7.3099999],[3.9100001,7.3299999],[3.9000001,7.3400002],[3.8800001,7.3400002]],[[7.1300001,4.8000002],[7.1100001,4.8299999],[7.0900002,4.8499999],[7.0900002,4.8699999],[7.0500002,4.8899999],[7.0300002,4.8899999],[7.0100002,4.9000001],[6.9299998,4.8600001],[6.9000001,4.8600001],[6.8800001,4.8699999]],[[7.0300002,4.79],[7.04,4.79]],[[9.9099998,12.3199997],[9.8900003,12.3000002],[9.8599997,12.29],[9.8400002,12.2600002],[9.8599997,12.2299995],[9.9300003,12.2299995],[9.9499998,12.2200003],[9.9700003,12.2200003],[10.0200005,12.25],[10.0699997,12.3199997],[10.1099997,12.3299999],[10.1400003,12.3299999],[10.1700001,12.3199997],[10.1999998,12.3199997],[10.2200003,12.3599997],[10.2399998,12.3699999],[10.2700005,12.3999996],[10.29,12.4099998],[10.1999998,12.4099998],[10.1700001,12.3999996],[10.1400003,12.3999996],[10.1099997,12.3900003],[10.1099997,12.4799995]],[[4.9099998,7.8299999],[4.9000001,7.8200002],[4.9200001,7.77],[4.9200001,7.6999998],[4.9099998,7.6999998]],[[4.9099998,7.6999998],[4.9099998,7.5700002],[4.9200001,7.5599999],[4.9200001,7.54]],[[4.9200001,7.54],[4.9499998,7.54],[4.9699998,7.5300002],[5.04,7.5300002],[5.0599999,7.5500002],[5.0799999,7.5900002],[5.0799999,7.6199999],[5.0900002,7.6300001],[5.0900002,7.6700001]],[[5.0900002,7.6700001],[5.0300002,7.73],[5.02,7.75],[4.9699998,7.7800002],[4.9699998,7.8099999],[4.9499998,7.8499999],[4.9299998,7.8699999]],[[4.9299998,7.8699999],[4.9200001,7.8600001],[4.9099998,7.8299999]],[[10.9899998,10.3800001],[10.8999996,10.3800001],[10.8599997,10.3699999],[10.8199997,10.3699999],[10.8199997,10.2600002],[10.8299999,10.2299995],[10.8500004,10.21],[10.8299999,10.1800003],[10.8100004,10.1300001],[10.8100004,10.1099997],[10.79,10.1000004],[10.6999998,10.0699997],[10.6800003,10.0500002],[10.6899996,10.0200005],[10.7299995,10],[10.7799997,9.9700003],[10.8199997,9.9399996],[10.8800001,9.9099998],[10.9300003,9.8699999],[10.96,9.8299999],[10.9799995,9.8100004],[10.96,9.7799997],[11,9.8000002],[11.0299997,9.8500004],[11.0500002,9.8699999],[11.0699997,9.8999996],[11.0799999,9.9300003],[11.1099997,9.96],[11.1400003,9.9799995],[11.1700001,9.9899998],[11.2299995,10],[11.2700005,10],[11.3199997,9.9899998],[11.3500004,9.9899998],[11.3500004,9.9799995],[11.4200001,9.9499998],[11.46,9.9399996],[11.4799995,9.9499998],[11.4799995,9.9799995]],[[11.2200003,10.2399998],[11.21,10.2200003],[11.1899996,10.21],[11.1599998,10.21],[11.1400003,10.2200003],[11.1300001,10.2399998],[11.1199999,10.2799997],[11.04,10.3100004],[11,10.3199997],[10.9899998,10.3400002],[10.9899998,10.3800001]],[[3.8,8.5799999],[3.8099999,8.6199999],[3.79,8.6599998],[3.76,8.6800003],[3.72,8.6899996],[3.7,8.6999998],[3.6800001,8.7200003],[3.6600001,8.7700014],[3.6600001,8.8000002],[3.6300001,8.8900003],[3.6199999,8.9099998],[3.5899999,8.9300003],[3.5699999,8.9300003],[3.53,8.9200001],[3.52,8.9099998],[3.49,8.9099998],[3.48,8.8999996],[3.45,8.8900003],[3.4100001,8.8699999],[3.3800001,8.8400002],[3.3499999,8.8299999],[3.3099999,8.8299999],[3.29,8.8100004],[3.25,8.79],[3.1900001,8.79],[3.1900001,8.8000002],[3.1099999,8.8000002],[3.0799999,8.7700014],[3.04,8.75],[3.03,8.7299995],[3.01,8.7200003],[2.99,8.6999998],[2.98,8.6999998],[2.9000001,8.6199999],[2.8800001,8.6099997],[2.8699999,8.6199999],[2.8399999,8.6199999],[2.8199999,8.6300001],[2.79,8.6199999],[2.78,8.6000004],[2.7527262,8.5727264],[2.758764,8.5615835],[2.7494571,8.533143],[2.7618849,8.5225468],[2.7569292,8.4826155],[2.7348931,8.436307],[2.7069471,8.4203167],[2.714009,8.3872414],[2.6971011,8.3574476],[2.6981242,8.3071775],[2.7145979,8.2605391],[2.740314,8.2246637],[2.76,8.21],[2.79,8.2200003],[2.8299999,8.2200003],[2.8599999,8.2299995],[2.8900001,8.2299995],[2.95,8.2200003],[3.0699999,8.2200003],[3.0799999,8.2299995],[3.1099999,8.21],[3.1199999,8.2200003],[3.1400001,8.21]],[[6.9400001,12.2399998],[6.9299998,12.21],[6.9200001,12.1999998],[6.9000001,12.1499996],[6.9000001,12.0299997],[6.8800001,11.9899998],[6.8499999,11.9799995],[6.8000002,11.9799995],[6.7800002,12],[6.7600002,12.0299997],[6.7600002,12.0799999],[6.7399998,12.1700001],[6.7199998,12.1800003],[6.6700001,12.1599998],[6.6500001,12.1300001],[6.6500001,12.1099997],[6.6300001,12.04],[6.6500001,11.9899998],[6.6300001,11.9399996],[6.6300001,11.8999996],[6.5999999,11.8500004],[6.5900002,11.8199997],[6.5900002,11.7600002],[6.5999999,11.7200003],[6.5799999,11.6499996],[6.5599999,11.6199999],[6.54,11.5799999]],[[6.54,11.5799999],[6.5300002,11.54],[6.4699998,11.4799995],[6.4499998,11.4499998],[6.4299998,11.3800001],[6.4299998,11.3500004],[6.4400001,11.3199997],[6.4699998,11.3100004],[6.5100002,11.29],[6.54,11.29],[6.5799999,11.2799997],[6.6900001,11.2799997],[6.7199998,11.29],[6.75,11.29],[6.79,11.3100004],[6.8299999,11.3199997],[6.8499999,11.3299999],[6.8899999,11.3299999],[6.9099998,11.3400002],[6.9000001,11.3599997],[6.9000001,11.3999996],[6.9099998,11.4300003],[6.9299998,11.46],[6.9299998,11.4899998],[6.9200001,11.5100002],[6.9000001,11.5299997],[6.8899999,11.5500002],[6.8600001,11.5500002],[6.8499999,11.54],[6.8200002,11.5600004],[6.79,11.5900002],[6.77,11.6599998],[6.77,11.7399998],[6.79,11.8299999],[6.8099999,11.8699999],[6.8299999,11.8900003],[6.8400002,11.9099998],[6.8699999,11.9300003],[6.8800001,11.96],[6.9299998,11.9899998],[7.02,12.0200005],[7.1199999,12.0200005],[7.1300001,12.04],[7.1599998,12.0699997],[7.1700001,12.1000004],[7.1700001,12.1599998],[7.1599998,12.1700001],[7.1500001,12.1999998],[7.1500001,12.2200003],[7.1300001,12.25],[7.1300001,12.2700005],[7.1100001,12.29],[7.0599999,12.29],[7.0100002,12.2799997],[6.98,12.2700005],[6.9400001,12.2399998]],[[8.5100002,11.9700003],[8.4700003,11.9300003]],[[8.5799999,11.9399996],[8.5600004,11.9499998],[8.54,11.9499998],[8.5100002,11.9700003]],[[3.3399999,6.5300002],[3.3399999,6.5100002],[3.3299999,6.4899998]],[[3.3299999,6.4899998],[3.3699999,6.4899998],[3.3800001,6.5],[3.4000001,6.5],[3.4200001,6.4699998],[3.45,6.4699998]],[[3.6300001,6.5300002],[3.6500001,6.5599999]],[[3.6500001,6.5599999],[3.6400001,6.5700002],[3.5999999,6.5700002],[3.5799999,6.5500002],[3.5599999,6.54],[3.54,6.54],[3.52,6.5500002],[3.5,6.5500002],[3.49,6.5599999],[3.49,6.6100001],[3.48,6.6100001]],[[3.48,6.6100001],[3.48,6.5999999],[3.45,6.5700002],[3.4300001,6.5700002],[3.4300001,6.5500002],[3.4200001,6.54],[3.3900001,6.54]],[[3.8399999,7.4499998],[3.8199999,7.4400001],[3.8,7.4200001]],[[3.8699999,7.3499999],[3.8800001,7.3400002]],[[3.8800001,7.3400002],[3.9000001,7.3600001],[3.9200001,7.3600001],[3.9400001,7.3800001],[3.97,7.3899999],[3.98,7.4000001]],[[4.0300002,7.73],[4.0900002,7.73],[4.1399999,7.6999998],[4.1599998,7.6799998],[4.1999998,7.6500001],[4.2199998,7.6199999]],[[4.2199998,7.6199999],[4.2800002,7.6500001],[4.29,7.6500001]],[[4.29,7.6500001],[4.29,7.6599998],[4.27,7.6999998],[4.27,7.7399998],[4.2600002,7.7600002],[4.2399998,7.7800002],[4.23,7.8000002],[4.21,7.8099999],[4.1599998,7.8099999],[4.0999999,7.79],[4.0799999,7.7800002],[4.0500002,7.7800002],[4.0300002,7.79]],[[7.1799998,10.6800003],[7.1100001,10.6800003],[7.0799999,10.6899996],[7.0300002,10.6899996],[6.96,10.7299995],[6.9000001,10.7700005],[6.8600001,10.79],[6.8400002,10.79],[6.8400002,10.7600002],[6.8299999,10.7299995],[6.8000002,10.71],[6.79,10.6899996],[6.77,10.6300001],[6.8000002,10.6300001],[6.8200002,10.6199999],[6.8400002,10.6199999],[6.8600001,10.6000004],[6.8699999,10.5699997],[6.8600001,10.5600004],[6.8600001,10.5100002],[6.9400001,10.5100002],[6.96,10.4799995],[6.96,10.4200001],[6.9499998,10.4099998],[6.9499998,10.3900003],[6.9400001,10.3599997],[6.96,10.3400002],[7.0300002,10.3400002],[7.0700002,10.3000002],[7.0700002,10.2799997],[7.0599999,10.2700005],[7.0599999,10.25],[7.0100002,10.2200003],[6.9299998,10.1400003],[6.9099998,10.1099997],[6.9200001,10.1000004],[6.9200001,10.0799999],[6.9400001,10.0699997],[6.96,10.0500002],[6.9899998,10.0299997],[7.0500002,10.0299997],[7.0700002,10.0200005],[7.0999999,10.0200005],[7.1300001,10],[7.1700001,10],[7.1900001,10.0100002],[7.21,10.0100002],[7.23,10.0200005],[7.27,10.0200005],[7.3099999,10.04],[7.3299999,10.04],[7.3600001,10.0500002],[7.4000001,10.0699997],[7.4299998,10.0699997],[7.4699998,10.0799999],[7.5,10.0799999],[7.54,10.1000004],[7.5599999,10.1199999],[7.5900002,10.1199999],[7.6199999,10.1300001],[7.6500001,10.1099997],[7.73,10.0299997],[7.7600002,10.0100002],[7.79,10],[7.8200002,10],[7.8499999,10.0100002],[7.8800001,10.0299997],[7.9499998,10.0500002],[8,10.0600004],[8.04,10.0600004],[8.0699997,10.0699997],[8.1499996,10.0900002],[8.1899996,10.1099997],[8.1899996,10.1300001],[8.1700001,10.1599998],[8.1499996,10.1999998],[8.1400003,10.2299995],[8.1000004,10.2399998],[8.04,10.2600002],[8.0299997,10.2799997],[8.0299997,10.4399996],[7.9899998,10.5],[7.96,10.5299997],[7.96,10.54]],[[7.96,10.54],[7.9400001,10.54],[7.9099998,10.5299997],[7.8600001,10.5299997],[7.8499999,10.5],[7.8000002,10.4799995],[7.7800002,10.5],[7.75,10.4899998],[7.7199998,10.5],[7.7199998,10.5500002],[7.71,10.5699997],[7.6199999,10.54],[7.5799999,10.54],[7.5599999,10.5299997],[7.54,10.5299997],[7.48,10.5]],[[7.3800001,10.4799995],[7.3699999,10.4700003],[7.3200002,10.4700003],[7.29,10.46],[7.2800002,10.4200001],[7.2800002,10.3900003],[7.25,10.3800001],[7.23,10.3999996],[7.23,10.46],[7.2399998,10.4799995],[7.2399998,10.5],[7.23,10.5200005],[7.23,10.5500002],[7.25,10.6000004],[7.25,10.6300001],[7.2199998,10.6300001],[7.1999998,10.6499996],[7.1900001,10.6800003],[7.1799998,10.6800003]],[[8.3699999,7.79],[8.3699999,7.77],[8.3599997,7.7399998],[8.3599997,7.7199998],[8.3699999,7.6900001],[8.4399996,7.6500001],[8.46,7.6300001],[8.4799995,7.6199999],[8.54,7.6199999],[8.5799999,7.6399999],[8.6400003,7.6799998],[8.6599998,7.7199998],[8.6599998,7.8000002],[8.6400003,7.8400002],[8.6000004,7.8800001],[8.5500002,7.9000001],[8.4799995,7.9000001],[8.4300003,7.8699999],[8.4499998,7.8099999],[8.4700003,7.77],[8.46,7.75],[8.4399996,7.75],[8.3800001,7.79],[8.3699999,7.79]],[[4.29,8.0299997],[4.3099999,8.0500002],[4.3299999,8.0799999],[4.3299999,8.1000004],[4.3400002,8.1300001],[4.3499999,8.1300001],[4.3499999,8.1599998],[4.3400002,8.1899996],[4.3200002,8.21],[4.3099999,8.2299995],[4.3099999,8.25],[4.3200002,8.2600002]],[[4.3200002,8.2600002],[4.2399998,8.2200003],[4.2199998,8.1999998],[4.2199998,8.1800003],[4.1900001,8.1199999],[4.1900001,8.0799999],[4.1799998,8.0699997],[4.1599998,8.0100002]],[[6.2199998,9.46],[6.21,9.4799995],[6.2199998,9.5],[6.1999998,9.5299997],[6.1700001,9.5500002],[6.1199999,9.5500002],[6.0999999,9.54],[6.0100002,9.54],[5.96,9.5200014],[5.9400001,9.5],[5.9099998,9.4799995],[5.9099998,9.4499998],[5.9000001,9.4300003],[5.9000001,9.3999996],[5.8800001,9.3299999],[5.8699999,9.3100004],[5.8699999,9.29],[5.8600001,9.2799997],[5.8600001,9.2600002],[5.8499999,9.2399998],[5.8499999,9.0900002],[5.8400002,9.0600004],[5.8400002,9.0299997],[5.8299999,9],[5.8600001,8.9799995],[5.8800001,8.9799995],[5.9499998,9.0100002],[5.98,9.0100002],[5.98,9.0200014]],[[3.28,7.0700002],[3.29,7.0599999],[3.29,6.98],[3.3099999,6.9400001],[3.3099999,6.9000001],[3.3199999,6.8699999],[3.3499999,6.8499999],[3.3599999,6.8299999],[3.3800001,6.8200002],[3.4000001,6.79],[3.3900001,6.77],[3.3800001,6.73],[3.4000001,6.6900001],[3.4100001,6.6999998]],[[3.4100001,6.6999998],[3.4300001,6.6999998]],[[3.4300001,6.6999998],[3.4300001,6.7199998],[3.4400001,6.7399998],[3.45,6.7800002],[3.48,6.8200002],[3.48,6.8400002],[3.52,6.8600001],[3.55,6.8699999],[3.5599999,6.8899999],[3.5899999,6.9000001],[3.5899999,6.9200001],[3.6099999,6.9400001],[3.6199999,6.96],[3.6400001,6.9699998],[3.6400001,7.0100002],[3.6800001,7.0300002],[3.6900001,7.04],[3.6900001,7.0900002],[3.72,7.1199999],[3.73,7.1399999]],[[7.5100002,5.1599998],[7.52,5.1300001],[7.5100002,5.0999999]],[[7.5100002,5.0999999],[7.54,5.0700002],[7.5700002,5.0700002],[7.5799999,5.0599999],[7.5799999,5.04],[7.5999999,5.0300002],[7.6199999,5.0500002],[7.6500001,5.0500002],[7.6799998,5.0700002],[7.7199998,5.0700002],[7.7199998,5.0799999],[7.7600002,5.1199999]],[[7.7600002,5.1199999],[7.75,5.1399999],[7.73,5.1500001]],[[7.73,5.1500001],[7.7199998,5.1399999],[7.6900001,5.1399999],[7.6799998,5.1500001],[7.6500001,5.1500001],[7.6300001,5.1700001],[7.6300001,5.1799998],[7.6100001,5.1999998],[7.5900002,5.1700001],[7.5700002,5.1799998],[7.5500002,5.1700001],[7.5300002,5.1700001],[7.5100002,5.1599998]],[[7.9699998,4.9099998],[7.98,4.9000001],[8.0200014,4.9000001],[8.04,4.8899999],[8.0500002,4.8699999],[8.1000004,4.9200001],[8.1000004,4.9299998],[8.1199999,4.9499998],[8.1400003,4.96],[8.1400003,4.98],[8.1499996,4.9899998]],[[8.1499996,4.9899998],[8.0900002,5.0700002],[8.0699997,5.1100001],[8.0600004,5.1399999],[8.0699997,5.1599998]],[[8.0699997,5.1599998],[8.0500002,5.1599998],[8.04,5.1500001],[8.0200014,5.1500001],[8.0200014,5.1300001],[8.0100002,5.1199999],[7.9699998,5.1199999],[7.9499998,5.1100001],[7.9200001,5.0799999],[7.9000001,5.0700002]],[[3.6800001,7.7199998],[3.6400001,7.6999998],[3.6199999,7.6700001],[3.5799999,7.6500001],[3.54,7.6100001],[3.54,7.5799999],[3.55,7.5599999],[3.5699999,7.54],[3.5699999,7.52],[3.55,7.5100002],[3.55,7.4899998],[3.5599999,7.4699998],[3.54,7.46],[3.53,7.4400001]],[[3.73,7.2600002],[3.75,7.27],[3.76,7.29],[3.76,7.3099999],[3.77,7.3200002]],[[3.77,7.3200002],[3.76,7.3400002],[3.76,7.3699999],[3.78,7.4000001]],[[5.5700002,5.9000001],[5.5599999,5.8800001],[5.5599999,5.8499999]],[[7.5100002,5.3099999],[7.5100002,5.3000002]],[[7.5100002,5.3000002],[7.5300002,5.2800002],[7.5100002,5.23],[7.5100002,5.1599998]],[[7.73,5.1500001],[7.7199998,5.1500001],[7.7199998,5.1900001],[7.71,5.21],[7.6599998,5.2600002],[7.6500001,5.3000002]],[[7.6500001,5.3000002],[7.6399999,5.3299999],[7.6300001,5.3400002]],[[4.0999999,7.54],[4.1199999,7.5500002],[4.1399999,7.5700002],[4.1599998,7.5799999],[4.1799998,7.5999999],[4.2199998,7.6199999]],[[4,7.3400002],[4,7.3800001],[3.98,7.4000001]],[[7.5455778,13.1787093],[7.4263148,13.1104937],[7.3707523,13.0984974],[7.2445602,13.1108999],[7.2278872,13.1109266],[7.1516352,13.0323038],[7.136395,13.0231581],[7.0671096,13.0022428],[7.0599999,12.9499998],[7.0599999,12.8199997],[7.0700002,12.8299999],[7.0999999,12.8299999],[7.1199999,12.8500004],[7.1399999,12.8800001],[7.1700001,12.8599997],[7.21,12.8800001],[7.2399998,12.8699999],[7.27,12.8699999],[7.3000002,12.8900003],[7.29,12.9099998],[7.2600002,12.9399996],[7.2399998,12.9799995],[7.2399998,13],[7.2600002,13.0200005],[7.29,13],[7.3000002,12.9799995],[7.3499999,12.9300003],[7.3699999,12.9200001],[7.3899999,12.9200001]],[[7.3899999,12.9200001],[7.4099998,12.9200001],[7.4299998,12.9399996],[7.46,12.9499998],[7.48,12.9700003],[7.5100002,12.9799995],[7.5500002,12.9799995],[7.5500002,12.9899998]],[[7.5500002,13.04],[7.5500002,13.0500002],[7.5300002,13.0900002],[7.5300002,13.1099997],[7.5500002,13.1300001],[7.5599999,13.1499996],[7.5455778,13.1787093]],[[4.0999999,7.4299998],[4.0900002,7.4099998],[4.0900002,7.3800001],[4.0999999,7.3499999],[4.0999999,7.29]],[[4.23,7.4400001],[4.2199998,7.4299998],[4.1999998,7.4400001],[4.1799998,7.4699998],[4.1500001,7.48],[4.1100001,7.4699998]],[[5.52,6.3400002],[5.52,6.3200002],[5.5300002,6.3000002],[5.5100002,6.25],[5.48,6.1999998],[5.48,6.1599998],[5.4699998,6.1300001],[5.4400001,6.0700002],[5.4400001,6.0500002],[5.4299998,6.04],[5.4299998,6.02],[5.5100002,6.02],[5.5300002,6],[5.5300002,5.9899998],[5.5599999,5.9899998],[5.5700002,6]],[[5.75,6.0100002],[5.75,6.0300002],[5.7399998,6.04],[5.7199998,6.0900002],[5.73,6.1100001],[5.73,6.1300001],[5.75,6.1700001],[5.75,6.1999998],[5.79,6.2199998],[5.8200002,6.25],[5.8200002,6.2600002],[5.79,6.2800002],[5.77,6.3000002],[5.73,6.3200002],[5.71,6.3400002],[5.6999998,6.3600001],[5.6700001,6.3899999],[5.6500001,6.3899999],[5.6300001,6.4099998],[5.6300001,6.4200001]],[[4.5100002,8.1000004],[4.52,8.0799999],[4.5700002,8.0500002]],[[4.5700002,8.0500002],[4.71,8.0500002],[4.7199998,8.04],[4.75,8.0500002],[4.7600002,8.0600004]],[[4.7600002,8.0600004],[4.79,8.0600004],[4.79,8.0699997]],[[4.79,8.0699997],[4.79,8.0900002],[4.7800002,8.1099997],[4.7800002,8.1300001],[4.7600002,8.1800003],[4.7600002,8.21]],[[4.7600002,8.21],[4.75,8.21],[4.7399998,8.2399998],[4.7199998,8.2600002],[4.71,8.29],[4.71,8.3100004],[4.6999998,8.3299999],[4.6799998,8.3500004]],[[4.73,8.1099997],[4.6999998,8.1199999],[4.6900001,8.1400003],[4.6900001,8.1700001],[4.7199998,8.1899996],[4.7399998,8.1599998],[4.7399998,8.1300001],[4.73,8.1099997]],[[4.3200002,8.2600002],[4.3400002,8.2700014],[4.3499999,8.29],[4.3699999,8.3100004],[4.3800001,8.3100004]],[[4.1700001,8.6599998],[4.1300001,8.6199999],[4.0999999,8.6099997],[4.0700002,8.6099997],[4.04,8.6000004],[4.02,8.6000004],[3.99,8.5799999],[3.98,8.5900002]],[[6.9000001,6.1799998],[6.9000001,6.1900001],[6.9200001,6.21],[6.9200001,6.2800002],[6.9400001,6.3099999]],[[6.9400001,6.3099999],[6.9400001,6.3499999],[6.9299998,6.3699999],[6.9299998,6.4000001],[6.9899998,6.4400001],[7.04,6.4400001],[7.04,6.46],[7.0599999,6.4699998],[7.0500002,6.4899998],[7.0500002,6.5100002],[7.0599999,6.52],[7.0599999,6.54],[7.0700002,6.5500002],[7.0999999,6.5599999],[7.1199999,6.5799999],[7.1199999,6.6100001],[7.1399999,6.6300001],[7.1399999,6.6500001],[7.0999999,6.6799998],[7.0599999,6.6799998],[7.0500002,6.6900001],[7.0100002,6.71],[6.9699998,6.71],[6.96,6.6999998],[6.9400001,6.6999998],[6.9299998,6.71],[6.9299998,6.75],[6.9200001,6.75],[6.9000001,6.7199998]],[[8.4700003,12],[8.4899998,11.9899998],[8.5100002,11.9899998],[8.5100002,11.9700003]],[[13.2299995,10.4700003],[13.25,10.46],[13.2399998,10.4200001],[13.2399998,10.3800001],[13.2200003,10.29],[13.2399998,10.25],[13.25,10.2399998],[13.2299995,10.2200003],[13.1899996,10.21]],[[13.1899996,10.21],[13.1999998,10.1999998],[13.2700005,10.1700001],[13.3199997,10.1700001],[13.3199997,10.1199999],[13.3635654,10.1158524],[13.3820953,10.1251297],[13.4171209,10.1321726],[13.4288235,10.1639605],[13.4542875,10.1817713],[13.4639711,10.19837],[13.4622078,10.2305651],[13.4728107,10.2496967],[13.4968586,10.2762394],[13.5095072,10.3073397],[13.5070171,10.3478165],[13.5111008,10.3722134],[13.5231142,10.3892794],[13.5206451,10.4253855],[13.5272341,10.4629068],[13.5200005,10.4700003],[13.3500004,10.4700003],[13.2799997,10.4799995],[13.25,10.4899998],[13.2299995,10.4700003]],[[6.9850001,4.6350002],[7.02,4.5999999],[7.0599999,4.5799999],[7.0900002,4.5700002],[7.1599998,4.5900002],[7.1700001,4.5999999],[7.1999998,4.5999999],[7.21,4.6100001],[7.21,4.6500001]],[[12.8900003,9.9899998],[12.8699999,9.9700003],[12.8599997,9.9399996],[12.8299999,9.9099998],[12.8100004,9.9099998],[12.7799997,9.9200001],[12.7200003,9.96],[12.6700001,9.9799995],[12.6099997,9.9799995],[12.5900002,9.9899998],[12.5600004,9.9899998],[12.5299997,10],[12.4499998,10.0200005],[12.3999996,10.0299997],[12.3599997,10.0200005],[12.3299999,10],[12.3000002,10],[12.2600002,9.9899998],[12.2600002,9.96],[12.2299995,9.8500004],[12.2299995,9.6999998],[12.2399998,9.6499996],[12.2700005,9.6199999]],[[12.6300001,9.2600002],[12.6300001,9.3100004],[12.6199999,9.3500004],[12.6300001,9.3900003],[12.6400003,9.4099998],[12.6800003,9.4300003],[12.71,9.4399996],[12.7299995,9.46],[12.6999998,9.4799995],[12.6800003,9.5],[12.6800003,9.5299997],[12.6999998,9.5600004],[12.71,9.6099997],[12.7299995,9.6400003],[12.75,9.6599998],[12.8000002,9.6400003],[12.8100004,9.6199999],[12.8500004,9.6000004],[12.8800001,9.5699997],[12.8999996,9.54],[12.9300003,9.5200014],[12.96,9.5200014],[13.0299997,9.54],[13.0699997,9.5299997],[13.0712233,9.5135679],[13.1384497,9.5188715],[13.1400003,9.5500002],[13.1300001,9.5699997],[13.1199999,9.6099997],[13.1199999,9.6499996],[13.1099997,9.6899996],[13.1099997,9.7200003],[13.0900002,9.8100004],[13.1000004,9.8500004],[13.0900002,9.8699999],[13.0699997,9.96],[13.0699997,9.9799995],[13.1000004,10.0100002],[13.1099997,10.0500002]],[[13.1099997,10.0500002],[13.0900002,10.0500002],[13.0600004,10.0600004],[13.04,10.0500002],[12.9899998,10.0500002],[12.9300003,10.0299997],[12.8900003,9.9899998]],[[8.2600002,8.6999998],[8.2600002,8.7299995],[8.2700014,8.75],[8.2700014,8.7700014],[8.2799997,8.79],[8.2799997,8.8500004],[8.2600002,8.8999996],[8.2399998,8.9200001],[8.2200003,8.9700003],[8.21,9.0100002],[8.1999998,9.0100002],[8.1599998,8.9700003],[8.1400003,8.9700003],[8.1300001,9.0200014],[8.1400003,9.0699997],[8.1400003,9.1300001],[8.1300001,9.1400003],[8.1199999,9.1700001],[8.1000004,9.1899996],[8.1000004,9.1999998],[8.0799999,9.2200003],[8.0600004,9.2799997],[8.0500002,9.29],[8.0500002,9.3100004],[8.04,9.3299999],[8.0100002,9.3599997],[7.9699998,9.3599997],[7.96,9.3500004],[7.9299998,9.3500004],[7.9099998,9.3299999],[7.9099998,9.3199997],[7.8899999,9.3000002],[7.8499999,9.2799997],[7.8299999,9.29],[7.8099999,9.29],[7.79,9.3100004],[7.7399998,9.3100004],[7.7399998,9.3299999],[7.73,9.3400002],[7.6900001,9.3400002],[7.6900001,9.3299999],[7.6599998,9.3299999],[7.6500001,9.3199997],[7.6799998,9.3000002],[7.6700001,9.29],[7.6399999,9.2799997],[7.6300001,9.2600002],[7.6100001,9.25],[7.5999999,9.2299995],[7.5999999,9.1700001],[7.6100001,9.0699997],[7.5999999,9.0200014],[7.5999999,8.8500004],[7.5900002,8.8199997],[7.5900002,8.7700014],[7.5999999,8.7700014],[7.6199999,8.75],[7.6900001,8.6999998],[7.7199998,8.6899996],[7.77,8.6899996],[7.79,8.6800003],[7.8099999,8.6800003],[7.8499999,8.6700001],[7.9200001,8.6400003],[7.9499998,8.6400003],[7.96,8.6300001],[8,8.6199999],[8.0600004,8.6000004],[8.1599998,8.5500002],[8.1700001,8.54],[8.1999998,8.5299997],[8.1999998,8.5699997],[8.21,8.6000004],[8.2399998,8.6599998]],[[8.2399998,8.6599998],[8.2600002,8.6800003],[8.2600002,8.6999998]],[[4.8099999,7.8600001],[4.79,7.8499999],[4.75,7.8499999],[4.73,7.8600001],[4.6999998,7.8600001],[4.6700001,7.8499999],[4.6500001,7.8299999],[4.6300001,7.77],[4.5900002,7.7399998]],[[4.5799999,7.7199998],[4.5900002,7.7199998],[4.6300001,7.6799998],[4.6300001,7.6599998],[4.6399999,7.6500001]],[[4.7199998,7.6500001],[4.7800002,7.71],[4.8099999,7.7199998],[4.8299999,7.71],[4.8899999,7.71],[4.9099998,7.6999998]],[[4.9099998,7.8299999],[4.8899999,7.8299999],[4.8699999,7.8400002],[4.8499999,7.8400002],[4.8099999,7.8600001]],[[4.3299999,8.9799995],[4.3299999,8.9899998],[4.3000002,9.0200014],[4.27,9],[4.25,9],[4.2399998,8.9799995],[4.1999998,8.96],[4.1999998,8.9499998],[4.1799998,8.9300003],[4.1500001,8.9300003],[4.0900002,8.96],[4.0700002,8.9799995],[4.0700002,8.9899998],[4.0300002,9.0299997],[4,9.04],[3.98,9.0600004],[3.97,9.0799999],[3.98,9.1000004],[3.96,9.1199999],[3.96,9.1400003],[3.9200001,9.1700001],[3.9000001,9.1899996],[3.8299999,9.1899996],[3.79,9.1700001],[3.75,9.1300001],[3.74,9.1099997],[3.74,9.0500002],[3.73,9.0299997],[3.6800001,8.9799995],[3.7,8.9300003],[3.73,8.8999996],[3.76,8.8999996],[3.77,8.8900003],[3.8099999,8.8800001],[3.9100001,8.8800001],[3.95,8.8699999],[3.9400001,8.8299999],[3.8900001,8.75],[3.8699999,8.71],[3.8699999,8.6700001],[3.8900001,8.6499996],[3.9100001,8.6400003],[3.9100001,8.6199999],[3.9200001,8.6000004]],[[4.5,7.9499998],[4.4699998,7.9299998],[4.4299998,7.9299998],[4.4299998,7.9200001],[4.4099998,7.9000001],[4.4000001,7.8800001]],[[8.04,5.79],[8.04,5.77],[8.0500002,5.75],[8.0699997,5.73],[8.0900002,5.6999998],[8.1300001,5.6700001],[8.1400003,5.6500001],[8.1599998,5.6399999],[8.1800003,5.6399999],[8.2600002,5.6700001],[8.3000002,5.6900001],[8.3400002,5.7199998],[8.3699999,5.73],[8.3500004,5.7600002],[8.3199997,5.79],[8.3000002,5.8299999],[8.2799997,5.8400002],[8.2600002,5.8699999],[8.2399998,5.8600001],[8.2200003,5.8699999],[8.2200003,5.8899999],[8.2299995,5.9099998],[8.2200003,5.9400001],[8.1899996,5.96],[8.1700001,5.9499998]],[[8.2667437,4.8974061],[8.2846063,4.8514573],[8.3002434,4.85112],[8.3240108,4.82686],[8.3332911,4.8080449],[8.3708496,4.7790251],[8.3937445,4.7885718],[8.3982468,4.7753592]],[[8.3982468,4.7753592],[8.4099998,4.7800002],[8.4099998,4.8499999],[8.3900003,4.8699999],[8.3699999,4.8699999],[8.3599997,4.8899999],[8.3699999,4.9099998],[8.3900003,4.9200001],[8.3999996,4.9400001],[8.4300003,4.9499998],[8.4399996,4.96],[8.4300003,4.98],[8.3999996,4.9899998],[8.3999996,5.0500002],[8.4099998,5.0799999]],[[8.4099998,5.0799999],[8.3800001,5.0799999],[8.3500004,5.0500002],[8.3299999,5.0100002],[8.3000002,4.98],[8.3100004,4.9699998],[8.3100004,4.9499998],[8.29,4.9299998],[8.29,4.9200001],[8.2667437,4.8974061]],[[7.6100001,11.1700001],[7.5900002,11.1400003],[7.5700002,11.0799999],[7.5799999,11.0500002],[7.6199999,11.0500002]],[[7.7600002,11.0600004],[7.77,11.0799999]],[[3.0899999,6.75],[3.0699999,6.7399998],[3.05,6.7399998],[3.05,6.7199998],[3.03,6.6999998],[3.01,6.6700001],[2.96,6.6700001],[2.9300001,6.6599998],[2.9200001,6.6500001],[2.9300001,6.6199999],[2.9300001,6.5999999],[2.8900001,6.5599999],[2.8900001,6.5500002]],[[2.8900001,6.5500002],[2.9200001,6.54],[2.98,6.54],[3.01,6.5300002],[3.03,6.54],[3.05,6.5300002],[3.1199999,6.5300002],[3.1400001,6.54]],[[3.1400001,6.54],[3.1600001,6.5599999]],[[3.29,6.71],[3.27,6.75],[3.25,6.75],[3.24,6.7399998],[3.22,6.7399998],[3.2,6.73],[3.1800001,6.7399998],[3.1600001,6.7399998],[3.1400001,6.73],[3.1099999,6.73],[3.0899999,6.75]],[[8.6000004,6.8299999],[8.5900002,6.8099999],[8.6000004,6.8000002],[8.6199999,6.8000002],[8.6400003,6.8099999],[8.6599998,6.8000002],[8.6800003,6.7800002],[8.6800003,6.75],[8.6599998,6.7199998],[8.6199999,6.6999998],[8.5900002,6.6999998],[8.5900002,6.71],[8.5100002,6.71],[8.4499998,6.6900001],[8.3800001,6.6199999],[8.3599997,6.6199999],[8.3900003,6.5700002],[8.4300003,6.54],[8.4300003,6.5300002],[8.4499998,6.5100002],[8.46,6.4899998],[8.46,6.4699998],[8.4799995,6.4400001],[8.5,6.4400001],[8.5299997,6.4200001],[8.54,6.4299998],[8.54,6.46],[8.5100002,6.48],[8.5100002,6.5],[8.5200014,6.5100002],[8.5500002,6.52],[8.5799999,6.5],[8.6000004,6.5100002],[8.6000004,6.5300002],[8.6400003,6.5500002],[8.71,6.5999999],[8.7399998,6.6300001],[8.8599997,6.71],[8.9200001,6.77],[8.9200001,6.79],[8.9399996,6.8099999],[8.9499998,6.8299999]],[[8.9499998,6.8299999],[8.9300003,6.8299999],[8.8999996,6.8400002],[8.8800001,6.8400002],[8.8400002,6.8499999],[8.8299999,6.8600001],[8.8000002,6.8600001],[8.7700014,6.8699999],[8.71,6.8699999],[8.6899996,6.8800001],[8.6499996,6.8800001],[8.6499996,6.8699999],[8.6199999,6.8400002],[8.6000004,6.8299999]],[[4.5700002,7.8099999],[4.5900002,7.8200002],[4.5999999,7.8400002],[4.6199999,7.8400002],[4.6700001,7.8899999],[4.6999998,7.9400001]],[[4.6999998,7.9400001],[4.6900001,7.9499998],[4.6599998,7.9499998],[4.6199999,7.9299998],[4.5900002,7.9400001],[4.5700002,7.9400001],[4.5599999,7.9299998],[4.5300002,7.9200001]],[[3.1199999,7.0700002],[3.1199999,7.02],[3.0699999,6.9699998],[3.0699999,6.9299998],[3.0799999,6.8899999],[3.0699999,6.8600001],[3.05,6.8499999],[3.0599999,6.8200002],[3.0799999,6.79],[3.0899999,6.75]],[[3.29,6.71],[3.3099999,6.71],[3.3299999,6.6799998],[3.3499999,6.6599998],[3.3699999,6.6599998]],[[3.3900001,6.6700001],[3.4100001,6.6700001]],[[3.4100001,6.6700001],[3.4100001,6.6999998]],[[5.8899999,5.8000002],[5.9099998,5.79],[5.9099998,5.7600002],[5.9499998,5.7399998],[5.9699998,5.75],[6,5.75],[6,5.7600002]],[[6.1300001,5.8299999],[6.1300001,5.8400002],[6.1599998,5.8699999],[6.1900001,5.8800001],[6.21,5.9000001],[6.21,5.9099998],[6.23,5.9299998],[6.23,5.9400001],[6.25,5.9699998],[6.27,6.0100002],[6.2600002,6.0300002],[6.2399998,6.0300002],[6.2199998,6.04],[6.1999998,6.0599999],[6.1999998,6.0700002],[6.1500001,6.1199999],[6.1399999,6.1399999],[6.1399999,6.1599998],[6.1300001,6.1900001],[6.1300001,6.2199998],[6.1199999,6.2399998],[6.0900002,6.25],[6.0799999,6.27],[6.0999999,6.3299999],[6.1199999,6.3499999],[6.1700001,6.3499999],[6.1999998,6.3299999],[6.21,6.3000002],[6.23,6.2800002],[6.2399998,6.3000002],[6.29,6.3499999]],[[6.2600002,6.3899999],[6.23,6.4099998],[6.1599998,6.4099998],[6.1300001,6.4000001],[6.1199999,6.4400001],[6.0999999,6.46],[6.0799999,6.5],[6.0599999,6.5599999],[6.0799999,6.6300001],[6.0799999,6.6599998],[6.0700002,6.6999998],[6.0599999,6.7199998],[6.04,6.7399998],[6.02,6.75],[6.0100002,6.77],[5.98,6.77],[5.8699999,6.8000002]],[[13.2299995,10.4700003],[13.2200003,10.4499998],[13.1899996,10.4399996],[13.1700001,10.4399996],[13.1099997,10.4499998],[13.0699997,10.4499998],[13.04,10.46],[13,10.4799995],[12.9799995,10.5],[12.96,10.5],[12.9399996,10.5100002],[12.8999996,10.5500002],[12.8699999,10.5600004],[12.8299999,10.5600004],[12.8000002,10.5500002],[12.7700005,10.5200005],[12.7600002,10.5200005],[12.71,10.4700003],[12.6899996,10.4399996],[12.6700001,10.4300003],[12.6899996,10.3800001],[12.71,10.3400002],[12.7299995,10.2700005],[12.75,10.25],[12.7700005,10.2200003],[12.79,10.1599998],[12.8299999,10.1099997],[12.8500004,10.0799999],[12.8699999,10.04],[12.8699999,10.0200005],[12.8900003,10],[12.8900003,9.9899998]],[[13.1099997,10.0500002],[13.1300001,10.0799999],[13.1599998,10.1700001],[13.1700001,10.1899996],[13.1899996,10.21]],[[6.8299999,5.9200001],[6.8400002,5.9200001],[6.8800001,5.9000001],[6.9099998,5.8899999],[6.9299998,5.9000001]],[[6.9299998,5.9000001],[6.9499998,5.9099998],[6.98,5.9099998]],[[6.98,5.9099998],[6.9899998,5.9200001],[7.0300002,5.9200001]],[[7.0300002,5.9200001],[7.0300002,5.9400001],[7.04,5.9499998],[7.02,5.9699998],[6.9699998,5.9899998],[6.96,6.0100002]],[[4.29,7.6500001],[4.3000002,7.6500001],[4.3200002,7.6300001]],[[6.8000002,5.9299998],[6.8000002,5.9099998],[6.79,5.8899999],[6.79,5.8699999],[6.7600002,5.8200002],[6.77,5.79]],[[6.77,5.79],[6.8000002,5.79],[6.8299999,5.77],[6.8600001,5.7600002],[6.8800001,5.7600002],[6.8899999,5.7800002],[6.9200001,5.8000002],[6.9400001,5.8200002],[6.9499998,5.8600001],[6.9299998,5.9000001]],[[8.2399998,8.6599998],[8.2600002,8.6199999],[8.25,8.5799999],[8.2200003,8.5299997],[8.2600002,8.4899998],[8.3400002,8.4700003],[8.3699999,8.4700003],[8.4099998,8.4499998],[8.4700003,8.4300003],[8.5100002,8.3500004],[8.5,8.3199997],[8.5,8.3000002],[8.5200014,8.2700014],[8.5200014,8.2299995],[8.5799999,8.2299995],[8.6300001,8.2399998],[8.6800003,8.2399998],[8.7399998,8.25],[8.8299999,8.2700014],[8.8800001,8.2600002],[8.9300003,8.2600002],[8.96,8.2700014],[8.9799995,8.2700014],[9,8.29],[9.0100002,8.3199997],[9.0100002,8.3699999],[8.9799995,8.4300003],[8.9799995,8.4700003],[9,8.4899998],[8.9899998,8.5],[9,8.5200014],[9,8.5600004],[8.9799995,8.5799999],[8.96,8.5799999],[8.9399996,8.6199999],[8.9300003,8.6499996],[8.9099998,8.6700001],[8.8999996,8.6899996],[8.8999996,8.7200003],[8.9200001,8.75],[8.96,8.7799997],[8.96,8.8000002],[8.9700003,8.8299999],[8.9899998,8.8299999],[9.0100002,8.8400002],[9.04,8.8699999],[9.04,8.8800001],[9.0699997,8.9399996],[9.0799999,8.9700003],[9.0699997,8.9899998],[9.0699997,9.0200014],[8.9799995,9.0200014],[8.96,9.0100002],[8.9300003,9.0100002],[8.9300003,8.9899998],[8.8999996,8.9300003],[8.8800001,8.8699999],[8.8500004,8.8400002],[8.8000002,8.8299999],[8.7799997,8.8299999],[8.7399998,8.8199997],[8.6800003,8.8299999],[8.6800003,8.8000002],[8.7299995,8.7799997],[8.75,8.7600002],[8.7600002,8.7399998],[8.7399998,8.71],[8.6999998,8.6700001],[8.6499996,8.6599998],[8.6199999,8.6499996],[8.5900002,8.6499996],[8.5600004,8.6400003],[8.54,8.6400003],[8.5,8.6099997],[8.4799995,8.6000004],[8.3400002,8.6000004],[8.3299999,8.5799999],[8.3100004,8.5600004],[8.2799997,8.5600004],[8.2799997,8.6499996],[8.2700014,8.6700001],[8.2700014,8.6899996],[8.2600002,8.6999998]],[[6.98,5.9099998],[7,5.8899999],[7.0100002,5.8899999],[7.0300002,5.8699999],[7.0300002,5.8200002],[7.0900002,5.8200002],[7.1300001,5.8400002],[7.1500001,5.8400002],[7.1700001,5.8299999]],[[7.1700001,5.8299999],[7.1900001,5.8499999],[7.1900001,5.8800001],[7.1999998,5.9000001],[7.1999998,5.9200001]],[[7.1199999,5.9200001],[7.0900002,5.9299998],[7.0700002,5.9299998],[7.0300002,5.9200001]],[[7.96,5.98],[7.9299998,5.98],[7.9200001,5.9699998],[7.9000001,5.9699998],[7.8800001,5.96],[7.8299999,5.96]],[[7.8899999,5.75],[7.9000001,5.7600002]],[[7.77,5.29],[7.7800002,5.2800002],[7.8200002,5.2600002],[7.8200002,5.21],[7.8099999,5.21],[7.8099999,5.1199999],[7.8200002,5.1100001],[7.8200002,5.0599999],[7.8099999,5.0500002]],[[8.0699997,5.1599998],[8.0799999,5.1999998],[8.0799999,5.2199998],[8.0600004,5.25],[8.04,5.2600002],[7.9499998,5.2600002],[7.9000001,5.2800002],[7.8899999,5.29],[7.8499999,5.3099999],[7.8200002,5.3299999]],[[7.8200002,5.3299999],[7.8000002,5.3099999],[7.79,5.3099999],[7.77,5.29]],[[7.7800002,10.9300003],[7.7800002,10.8999996],[7.8099999,10.8800001],[7.8200002,10.8500004],[7.8000002,10.8000002],[7.7800002,10.7600002],[7.7800002,10.7200003],[7.8099999,10.6899996],[7.8299999,10.6300001],[7.8800001,10.6099997],[7.9099998,10.6099997],[7.9400001,10.5900002]],[[7.9400001,10.5900002],[7.96,10.6099997],[7.98,10.6099997],[8,10.6300001],[8.0200014,10.6800003],[8.04,10.71],[8.0900002,10.7200003],[8.1099997,10.7299995],[8.1599998,10.7700005],[8.1800003,10.8000002],[8.21,10.8299999],[8.2399998,10.8500004],[8.2399998,10.8800001],[8.2299995,10.8900003],[8.1899996,10.8999996],[8.1700001,10.9099998],[8.1199999,10.96],[8.1099997,10.9799995],[8.1099997,11.0200005],[8.1199999,11.04],[8.1099997,11.0500002],[8.0600004,11.0699997],[8.0200014,11.1000004],[7.98,11.1099997]],[[7.7800002,13.0799999],[7.8499999,13.1499996],[7.8600001,13.1899996],[7.8600001,13.2200003],[7.8699999,13.25],[7.9000001,13.3000002],[7.860013,13.3331591],[7.8248801,13.3395681],[7.8040991,13.33424],[7.5845881,13.2000504],[7.5455778,13.1787093]],[[7.6700001,13.0299997],[7.6900001,13.0299997],[7.7199998,13.0500002],[7.7399998,13.0900002],[7.77,13.1000004],[7.7800002,13.0799999]],[[11.5500002,10.5799999],[11.5500002,10.6300001],[11.5299997,10.6300001],[11.5100002,10.6199999],[11.4899998,10.6199999],[11.46,10.6099997],[11.4300003,10.6099997],[11.3900003,10.6000004],[11.3500004,10.6000004],[11.3100004,10.6099997],[11.2700005,10.5900002],[11.21,10.6199999],[11.1599998,10.6400003],[11.1300001,10.6599998],[11.04,10.6300001],[11.0200005,10.6099997],[11.0200005,10.54],[11.0100002,10.5],[11.0200005,10.46],[11.0100002,10.4200001],[10.9899998,10.3800001]],[[8.6099997,7.4400001],[8.6000004,7.4400001],[8.5699997,7.4099998],[8.5500002,7.3800001],[8.5200014,7.3499999],[8.4899998,7.3099999],[8.4700003,7.27],[8.4700003,7.1799998],[8.46,7.1399999],[8.46,7.0999999],[8.4300003,7.04],[8.4700003,6.98],[8.4799995,6.9499998],[8.5200014,6.8899999],[8.5299997,6.8699999],[8.5500002,6.8600001],[8.5799999,6.8299999],[8.6000004,6.8299999]],[[8.9499998,6.8299999],[8.9499998,6.8499999],[8.9700003,6.8800001],[8.9700003,6.9200001],[8.9399996,6.98],[8.8999996,7.02],[8.8800001,7.0500002],[8.8500004,7.0500002],[8.8299999,7.0599999],[8.75,7.1399999],[8.75,7.1500001]],[[8.75,7.1500001],[8.7299995,7.1599998],[8.6499996,7.2199998],[8.6300001,7.2800002],[8.6199999,7.3200002],[8.6199999,7.3899999],[8.6099997,7.4200001],[8.6099997,7.4400001]],[[4.6399999,7.3899999],[4.6599998,7.3600001],[4.6599998,7.25],[4.6799998,7.23],[4.6999998,7.2199998],[4.7199998,7.1999998]],[[4.7199998,7.1999998],[4.7399998,7.2199998],[4.7800002,7.2199998],[4.8000002,7.23],[4.8200002,7.23],[4.8299999,7.25],[4.8299999,7.2800002],[4.8200002,7.3000002],[4.8200002,7.3499999]],[[4.8200002,7.3499999],[4.8099999,7.3400002],[4.79,7.3400002],[4.79,7.3600001],[4.8099999,7.4099998],[4.8099999,7.4699998],[4.8000002,7.5100002],[4.7800002,7.54],[4.77,7.5700002]],[[11.3900003,12.9899998],[11.3900003,13],[11.4099998,13.0299997],[11.3999996,13.0699997],[11.3699999,13.1000004],[11.3400002,13.1199999],[11.3199997,13.1599998],[11.29,13.1899996],[11.2799997,13.25],[11.2799997,13.29],[11.2600002,13.3599997],[11.2613299,13.3743497],[11.1440773,13.376133],[11.0808003,13.3742561],[11.0799999,13.3599997],[11.0600004,13.3500004],[10.9700003,13.29],[10.9399996,13.2600002],[10.9200001,13.25],[10.8599997,13.25],[10.8500004,13.1999998],[10.8299999,13.1800003],[10.8299999,13.1300001],[10.8500004,13.0799999],[10.8500004,13.0500002],[10.8400002,13.0299997],[10.8000002,12.9799995],[10.7700005,12.9700003],[10.75,12.9700003],[10.7200003,12.9799995],[10.6899996,12.9799995],[10.6700001,12.96],[10.6400003,12.9399996],[10.6099997,12.9099998],[10.5900002,12.8800001],[10.5699997,12.8299999]],[[10.5699997,12.8299999],[10.5799999,12.8299999],[10.6400003,12.8599997],[10.6999998,12.8599997],[10.75,12.8699999],[10.8400002,12.8699999],[10.8800001,12.8599997],[10.96,12.8599997],[10.9799995,12.8699999],[11.0100002,12.8699999],[11.0299997,12.8800001],[11.0699997,12.9200001],[11.0799999,12.9200001]],[[5.1599998,13.1999998],[5.1399999,13.1700001],[5.0700002,13.1499996],[5.04,13.1499996],[5.0100002,13.1300001],[4.9899998,13.1099997],[4.9699998,13.0699997],[4.9899998,13.0600004],[5.0100002,13.0200005],[5.0100002,12.8999996],[5.0300002,12.8999996],[5.0500002,12.8900003],[5.0700002,12.8900003],[5.0999999,12.8800001],[5.1199999,12.8800001],[5.1399999,12.9200001],[5.1599998,12.9399996],[5.1900001,12.9499998],[5.21,12.9300003],[5.23,12.9300003]],[[5.23,12.9300003],[5.23,12.96],[5.25,13],[5.25,13.0100002]],[[5.21,13.1000004],[5.21,13.1999998],[5.1999998,13.21],[5.1799998,13.1999998],[5.1599998,13.1999998]],[[7.3899999,12.9200001],[7.4000001,12.8900003],[7.4000001,12.8299999],[7.3800001,12.79],[7.3800001,12.75],[7.3499999,12.7200003],[7.3699999,12.6899996],[7.3699999,12.6599998],[7.3800001,12.6300001],[7.3800001,12.6099997],[7.3699999,12.5799999],[7.3899999,12.54],[7.4000001,12.5],[7.4200001,12.4700003],[7.46,12.3900003],[7.46,12.3299999],[7.4499998,12.3199997],[7.4400001,12.29],[7.4400001,12.25],[7.4499998,12.2299995],[7.5,12.2299995],[7.52,12.2200003],[7.52,12.2600002],[7.5100002,12.29],[7.5,12.3000002],[7.4899998,12.3299999],[7.5,12.3500004],[7.5599999,12.3500004],[7.5900002,12.3400002],[7.6399999,12.3400002],[7.6399999,12.3999996],[7.6500001,12.4099998]],[[7.6500001,12.4099998],[7.6399999,12.4200001],[7.6500001,12.4399996],[7.6500001,12.4700003],[7.6300001,12.5100002],[7.6300001,12.5299997],[7.6199999,12.5500002],[7.5900002,12.5699997],[7.5999999,12.6000004],[7.5999999,12.6199999],[7.5900002,12.6499996],[7.5799999,12.6599998],[7.5799999,12.71]],[[7.4400001,11.3599997],[7.4899998,11.3599997],[7.5100002,11.3500004],[7.54,11.3199997],[7.5500002,11.3199997],[7.5799999,11.29],[7.5900002,11.29],[7.6100001,11.2600002],[7.6100001,11.1899996],[7.6199999,11.1800003]],[[7.8499999,11.3299999],[7.77,11.3299999],[7.7399998,11.3500004],[7.7399998,11.3699999],[7.7199998,11.3800001],[7.71,11.4099998],[7.6900001,11.4300003],[7.6799998,11.4200001],[7.6300001,11.4200001],[7.6100001,11.4300003],[7.5799999,11.4300003],[7.54,11.4499998],[7.5300002,11.4799995],[7.54,11.5100002],[7.5599999,11.5200005],[7.5799999,11.54],[7.5700002,11.5500002],[7.5799999,11.5799999],[7.54,11.6199999],[7.54,11.6400003],[7.5300002,11.6599998],[7.4899998,11.6999998],[7.4699998,11.71],[7.4499998,11.7299995],[7.4299998,11.7399998],[7.3899999,11.7399998],[7.3600001,11.7299995],[7.3400002,11.7399998],[7.3299999,11.7600002],[7.3099999,11.7399998],[7.3200002,11.7299995]],[[5.9499998,7.6700001],[5.9499998,7.6799998],[5.9299998,7.6999998],[5.9400001,7.7399998],[5.9499998,7.7600002],[5.9299998,7.7800002],[5.9099998,7.77],[5.8600001,7.77],[5.8400002,7.7600002],[5.8000002,7.7600002],[5.8000002,7.7399998],[5.79,7.7199998],[5.7199998,7.6999998],[5.6700001,7.6799998],[5.6100001,7.6199999],[5.6100001,7.5799999]],[[5.6100001,7.5799999],[5.6399999,7.5700002],[5.6599998,7.5700002],[5.6900001,7.5599999],[5.71,7.5599999],[5.7399998,7.5500002],[5.77,7.5599999],[5.8499999,7.5799999],[5.8800001,7.5900002],[5.9000001,7.6100001],[5.9099998,7.6300001],[5.9499998,7.6700001]],[[3.4100001,6.6700001],[3.4300001,6.6700001],[3.47,6.6500001],[3.47,6.6300001],[3.48,6.6100001]],[[3.6500001,6.5599999],[3.6800001,6.5799999],[3.71,6.6300001],[3.7,6.6399999],[3.7,6.6999998],[3.4300001,6.6999998]],[[7.1700001,5.8299999],[7.1700001,5.8099999],[7.1500001,5.7800002],[7.1500001,5.75],[7.1399999,5.7399998],[7.1399999,5.7199998],[7.1700001,5.7199998],[7.1999998,5.7399998],[7.27,5.7399998],[7.29,5.7199998],[7.3099999,5.6900001],[7.3699999,5.6900001],[7.3899999,5.6999998]],[[7.3899999,5.6999998],[7.4099998,5.6900001],[7.4200001,5.6999998]],[[7.4200001,5.6999998],[7.4200001,5.8499999],[7.4099998,5.8600001],[7.4099998,5.8800001],[7.3899999,5.9000001],[7.3600001,5.9099998],[7.3299999,5.9099998],[7.3099999,5.9200001],[7.29,5.9400001],[7.27,5.9499998]],[[13.7600002,11.71],[13.7600002,11.7399998],[13.79,11.7600002],[13.8100004,11.7799997],[13.8100004,11.8100004],[13.8199997,11.8299999],[13.8400002,11.9200001],[13.8299999,11.9799995],[13.8299999,12.0299997],[13.8400002,12.0600004],[13.8599997,12.0699997],[13.8800001,12.1000004],[13.8599997,12.1300001],[13.8400002,12.1400003],[13.8199997,12.1599998],[13.7399998,12.1599998],[13.6899996,12.1400003],[13.6800003,12.1199999],[13.6400003,12.0900002],[13.6099997,12.0900002],[13.5900002,12.1000004],[13.5900002,12.1400003],[13.6000004,12.1700001],[13.5799999,12.1899996],[13.5600004,12.1800003],[13.5299997,12.1800003],[13.5200005,12.21],[13.5,12.2399998],[13.4799995,12.25],[13.4399996,12.2399998],[13.4099998,12.2399998],[13.3999996,12.2299995],[13.3699999,12.2299995],[13.3400002,12.2399998],[13.3100004,12.2600002],[13.29,12.2799997],[13.2700005,12.3100004],[13.2299995,12.3400002],[13.1999998,12.3500004],[13.1899996,12.3800001],[13.1700001,12.3599997],[13.1599998,12.3400002],[13.1300001,12.3100004],[13.1300001,12.2600002],[13.1199999,12.2200003],[13.0799999,12.1400003],[13.0299997,12.0699997],[13,12.0500002],[12.9799995,12.0100002],[12.9799995,11.9799995],[12.9700003,11.9399996],[12.9399996,11.8999996],[12.8999996,11.8699999],[12.8199997,11.8299999],[12.7700005,11.8100004],[12.7299995,11.79],[12.6899996,11.75],[12.6899996,11.6999998],[12.71,11.6499996],[12.7200003,11.6000004],[12.7200003,11.4899998],[12.6999998,11.4499998],[12.6300001,11.3999996],[12.6000004,11.3699999],[12.6199999,11.3400002],[12.6599998,11.3199997],[12.6700001,11.29],[12.6700001,11.2700005],[12.6899996,11.25],[12.7399998,11.2600002],[12.79,11.25],[12.8299999,11.2200003],[12.8800001,11.2200003],[12.9300003,11.25],[12.9799995,11.3000002],[13.0100002,11.3400002],[13.0200005,11.3800001],[13.0500002,11.4200001],[13.1000004,11.4300003],[13.1700001,11.4499998],[13.2200003,11.4700003],[13.3000002,11.4799995],[13.3500004,11.4700003],[13.4200001,11.4700003]],[[13.4200001,11.4700003],[13.4499998,11.4700003],[13.5200005,11.4899998],[13.54,11.4899998],[13.5699997,11.5],[13.6099997,11.4799995],[13.6400003,11.4799995],[13.6599998,11.5200005],[13.6599998,11.5699997],[13.6800003,11.6000004],[13.6899996,11.6400003],[13.71,11.6800003],[13.7299995,11.71],[13.7600002,11.71]],[[5.6100001,7.5799999],[5.5900002,7.5300002]],[[5.5900002,7.4899998],[5.7199998,7.4899998],[5.7800002,7.5100002],[5.8299999,7.5100002],[5.8800001,7.52],[5.96,7.52],[5.98,7.5100002],[6,7.52],[6.0300002,7.52],[6.04,7.5500002],[6.0599999,7.5599999],[5.9499998,7.6700001]],[[5.23,12.9300003],[5.2399998,12.9099998],[5.27,12.8900003],[5.2800002,12.8999996],[5.3000002,12.9399996],[5.3200002,12.9700003],[5.3400002,12.9700003],[5.3600001,12.9399996],[5.3899999,12.9399996],[5.4699998,12.9700003],[5.5100002,12.9499998],[5.5300002,12.9499998],[5.5799999,12.9799995],[5.5799999,13.0100002],[5.5700002,13.0299997],[5.5300002,13.0500002],[5.4899998,13.0500002],[5.4400001,13.0299997],[5.4099998,13.0299997],[5.3800001,13.0200005],[5.3800001,13.04],[5.4000001,13.0600004],[5.4099998,13.0799999],[5.3699999,13.1199999],[5.3600001,13.1400003],[5.3299999,13.1599998],[5.3200002,13.1800003],[5.3499999,13.1899996],[5.4099998,13.1899996],[5.4200001,13.1999998],[5.4200001,13.25],[5.3800001,13.2700005],[5.1799998,13.2700005],[5.1799998,13.2399998],[5.1599998,13.1999998]],[[6.9000001,5.5300002],[6.8699999,5.52],[6.8600001,5.5100002],[6.8600001,5.48],[6.8699999,5.46],[6.8899999,5.4000001],[6.9000001,5.3800001],[6.9200001,5.3600001],[6.9400001,5.3600001],[7,5.3899999],[7.02,5.4099998],[7.0500002,5.4200001],[7.0700002,5.4200001],[7.0799999,5.4099998],[7.0999999,5.4099998],[7.1199999,5.4200001],[7.1300001,5.4400001],[7.1300001,5.46],[7.1199999,5.4699998]],[[4.8099999,7.8600001],[4.8499999,7.8800001],[4.8299999,7.9200001],[4.79,7.9099998],[4.75,7.9099998],[4.7399998,7.9299998]],[[4.7399998,7.9299998],[4.71,7.9299998],[4.6999998,7.9400001]],[[7.1199999,6.2199998],[7.1199999,6.1700001],[7.1100001,6.1500001],[7.0599999,6.0999999]],[[7.0300002,6.0500002],[7.0599999,6.04],[7.0799999,6.04],[7.1100001,6]],[[7.27,6.0599999],[7.23,6.1399999],[7.23,6.1799998],[7.21,6.1900001],[7.21,6.23],[7.1599998,6.23],[7.1599998,6.2399998],[7.1300001,6.2399998],[7.1199999,6.2199998]],[[8.75,7.1500001],[8.8000002,7.1999998],[8.8299999,7.2199998],[8.8699999,7.2600002],[8.9099998,7.2800002],[8.9399996,7.3000002],[8.96,7.3000002],[8.9899998,7.2800002],[9.04,7.23],[9.0500002,7.21],[9.0699997,7.2199998],[9.0699997,7.2399998],[9.1000004,7.27],[9.1199999,7.3000002],[9.1899996,7.3699999],[9.1899996,7.4000001],[9.1700001,7.4000001],[9.1499996,7.4200001],[9.1400003,7.4499998],[9.0900002,7.5],[9.0600004,7.52],[9.0100002,7.5300002],[8.9399996,7.5300002],[8.8999996,7.52],[8.8900003,7.5300002],[8.8900003,7.6399999],[8.8999996,7.6700001],[8.8999996,7.6900001],[8.9099998,7.71],[8.9300003,7.73],[8.9099998,7.7399998],[8.8299999,7.7600002],[8.8000002,7.75],[8.75,7.75],[8.75,7.73],[8.7399998,7.71],[8.7399998,7.6500001],[8.7299995,7.6199999],[8.71,7.5900002],[8.6599998,7.5500002],[8.6400003,7.5100002],[8.6099997,7.46],[8.6099997,7.4400001]],[[2.8900001,6.5500002],[2.8599999,6.5500002],[2.8499999,6.5300002],[2.8099999,6.5100002],[2.79,6.4899998],[2.77,6.5],[2.73,6.5],[2.719777,6.4948873],[2.7062812,6.4256048],[2.709604,6.3688202],[2.7825112,6.377522],[2.844388,6.3882718],[2.90488,6.3918881],[3.0297692,6.3928928],[3.119581,6.3910604]],[[3.119581,6.3910604],[3.1199999,6.52],[3.1400001,6.54]],[[4.6399999,8.3999996],[4.6799998,8.3900003],[4.73,8.3900003],[4.75,8.4099998],[4.73,8.4499998],[4.6900001,8.4899998],[4.6900001,8.5100002],[4.6999998,8.5200014],[4.7600002,8.5500002],[4.7800002,8.5500002],[4.8000002,8.5600004],[4.8299999,8.5600004],[4.9299998,8.6000004],[4.9499998,8.6199999],[5,8.6499996],[5,8.6700001],[4.9299998,8.6700001],[4.9200001,8.6800003],[4.9000001,8.6800003],[4.8899999,8.6999998],[4.8699999,8.7200003],[4.8600001,8.7200003]],[[3.3299999,6.4899998],[3.3299999,6.4699998],[3.3499999,6.4499998],[3.3599999,6.4499998],[3.3734451,6.3935987]],[[3.3734451,6.3935987],[3.390861,6.390985],[3.4092882,6.4088941],[3.434835,6.4110761]],[[4.79,8.0699997],[4.8299999,8.0699997],[4.8499999,8.0600004],[4.8699999,8.0699997],[4.8899999,8.0900002],[4.9299998,8.0900002],[4.9400001,8.0799999],[4.96,8.0799999],[4.9699998,8.0600004],[4.9899998,8.04],[5.0100002,8.0299997],[5.04,8.04],[5.0700002,8.04],[5.0999999,8.0200014],[5.1300001,8.0200014],[5.1399999,8.04],[5.1599998,8.0500002],[5.1900001,8.0500002],[5.1999998,8.0299997],[5.2399998,7.9899998],[5.2600002,7.9899998],[5.29,7.9699998],[5.3400002,7.9699998],[5.3600001,7.98],[5.3899999,8.0100002],[5.3899999,8.0600004],[5.4099998,8.0799999],[5.4400001,8.0900002],[5.4899998,8.0900002],[5.5,8.0799999],[5.52,8.0799999],[5.54,8.0500002],[5.5599999,8.0500002],[5.5599999,8.0699997],[5.5700002,8.0799999],[5.5700002,8.1400003],[5.5599999,8.1499996],[5.54,8.1499996],[5.52,8.1400003],[5.48,8.1400003],[5.46,8.1599998],[5.46,8.21],[5.4499998,8.2299995],[5.4000001,8.2299995],[5.3800001,8.2600002],[5.3800001,8.2799997],[5.3699999,8.29],[5.3600001,8.3199997],[5.3600001,8.3400002],[5.2800002,8.2600002],[5.25,8.25],[5.2399998,8.2399998],[5.1999998,8.2200003],[5.1799998,8.2399998],[5.1900001,8.2700014],[5.1900001,8.29],[5.1799998,8.3199997],[5.1599998,8.3599997],[5.1399999,8.3699999],[5.0999999,8.3699999],[5.0599999,8.3500004],[5,8.3299999],[4.98,8.3299999],[4.96,8.3500004],[4.9099998,8.3699999],[4.8400002,8.3699999],[4.8200002,8.3500004],[4.8099999,8.3299999],[4.8099999,8.3100004],[4.8200002,8.2799997],[4.8099999,8.25],[4.77,8.2299995],[4.7600002,8.21]],[[7.0100002,6.1599998],[7.0100002,6.1799998],[7,6.1900001],[7,6.2399998]],[[7,6.2399998],[6.98,6.2399998],[6.9699998,6.25],[6.9699998,6.27],[6.96,6.29],[6.9400001,6.3099999]],[[3.77,7.3200002],[3.79,7.29],[3.8199999,7.2600002],[3.8499999,7.25]],[[3.119581,6.3910604],[3.2077911,6.3965631],[3.3552191,6.3963351],[3.3734451,6.3935987]],[[8.4099998,5.0799999],[8.4099998,5.1199999],[8.3900003,5.1399999],[8.3699999,5.1500001],[8.3500004,5.1500001],[8.3299999,5.1999998],[8.3100004,5.21],[8.29,5.21],[8.2600002,5.1999998],[8.2299995,5.21],[8.1999998,5.23],[8.1800003,5.25],[8.1199999,5.2800002],[8.1300001,5.29],[8.0699997,5.29],[8.0100002,5.3099999],[8.0100002,5.3299999],[8,5.3600001],[8.0100002,5.3800001],[8.0100002,5.4499998],[7.9899998,5.5],[7.9899998,5.5300002],[7.8899999,5.5300002],[7.9000001,5.4899998],[7.9200001,5.46],[7.9200001,5.4299998],[7.9400001,5.4000001],[7.9200001,5.3800001],[7.9000001,5.3800001],[7.8699999,5.4000001],[7.8400002,5.3800001],[7.8600001,5.3600001],[7.8600001,5.3400002],[7.8200002,5.3400002],[7.8200002,5.3299999]],[[8.1499996,4.9899998],[8.1599998,4.9899998],[8.1899996,4.9699998],[8.2200003,4.96],[8.2200003,4.9499998],[8.2667437,4.8974061]],[[7.27,5.04],[7.27,5.02]],[[7.27,4.9899998],[7.3200002,4.9899998],[7.3299999,5],[7.4499998,5],[7.4499998,5.0100002],[7.4899998,5.0500002],[7.5100002,5.0999999]],[[7.5100002,5.3000002],[7.48,5.3000002],[7.4699998,5.3099999],[7.4400001,5.25],[7.4200001,5.23],[7.4099998,5.21],[7.3899999,5.1999998],[7.3600001,5.1999998]],[[7.7600002,5.1199999],[7.7800002,5.0999999],[7.7800002,5.0700002]],[[7.77,5.29],[7.7600002,5.3099999],[7.6700001,5.3099999],[7.6500001,5.3000002]],[[10.5699997,12.8299999],[10.5600004,12.8100004],[10.5600004,12.79],[10.5799999,12.7399998],[10.5699997,12.7399998],[10.5699997,12.6999998],[10.5799999,12.6599998],[10.5799999,12.6300001],[10.5900002,12.5699997],[10.6000004,12.5299997],[10.5900002,12.5100002],[10.6199999,12.5],[10.6499996,12.4700003],[10.6599998,12.4700003],[10.71,12.4200001],[10.71,12.3999996],[10.7299995,12.3699999],[10.7299995,12.2700005],[10.7399998,12.2399998],[10.7399998,12.1700001],[10.7600002,12.1300001],[10.7700005,12.0900002],[10.79,12.0600004],[10.79,11.9300003],[10.8100004,11.8800001],[10.8299999,11.8800001],[10.8900003,11.96],[10.9300003,12],[10.9700003,12.0299997],[11.0299997,12.0699997],[11.0600004,12.0799999],[11.0799999,12.1199999],[11.1000004,12.1499996],[11.1499996,12.25],[11.1800003,12.29],[11.25,12.3599997],[11.2399998,12.3900003],[11.2399998,12.4099998]],[[8.3982468,4.7753592],[8.3884077,4.7565699],[8.3972378,4.735682],[8.4204588,4.7268281],[8.4509211,4.7368741],[8.4650517,4.7551169],[8.4784565,4.7365508],[8.4663582,4.7247591],[8.4598303,4.7008018],[8.4844294,4.6912627],[8.5096455,4.695529],[8.5324965,4.7131248],[8.5258865,4.7510061],[8.5390787,4.793684],[8.5558796,4.8159089],[8.5812302,4.8020773],[8.5984077,4.8058958],[8.6294527,4.8261638],[8.6239796,4.8509722],[8.6045561,4.8694558],[8.6048927,4.8848763],[8.6285543,4.909811],[8.6496544,4.9124432],[8.649765,4.9361362],[8.668045,4.952095],[8.6704979,4.9663682],[8.6899996,4.9899998],[8.6599998,5],[8.6099997,4.98],[8.5600004,4.9699998],[8.5100002,4.9699998],[8.4899998,5],[8.4899998,5.02],[8.4799995,5.0500002],[8.4499998,5.0799999],[8.4300003,5.0900002],[8.4099998,5.0799999]],[[14.5557068,11.7123811],[14.5534096,11.7264719],[14.5928726,11.755228],[14.6101561,11.7803049],[14.6103868,11.8185015],[14.6054792,11.8405924],[14.6138897,11.8534765],[14.6073465,11.8698139],[14.6435013,11.9109325],[14.6389694,11.9300671],[14.657855,11.9550104],[14.623024,12.0178633],[14.6239357,12.0428429],[14.6519966,12.0674524],[14.6398373,12.0890865],[14.6527004,12.1067991],[14.6578493,12.1355581],[14.678668,12.1511955],[14.6782045,12.1654615],[14.6585579,12.1958427],[14.6200151,12.1805849],[14.5968609,12.2134304],[14.5499716,12.2326345],[14.5579863,12.2410936],[14.5502815,12.2763557],[14.5167551,12.3009834],[14.5247984,12.3131237],[14.4719315,12.3514566],[14.4352465,12.3611383],[14.385582,12.355711],[14.3521299,12.3591471],[14.3313608,12.3694029],[14.292141,12.3491659],[14.2749357,12.368371],[14.2311096,12.359889],[14.1991806,12.3840084],[14.1885071,12.4006386],[14.1730804,12.4050989],[14.1952457,12.4321241],[14.1805668,12.4446354],[14.1747885,12.4708271],[14.1979218,12.5021467],[14.1838245,12.5297375],[14.1680283,12.6230621],[14.0900002,12.4300003],[14.0799999,12.4099998],[14.0799999,12.3800001],[14.0699997,12.3299999],[14.0500002,12.3000002],[14.04,12.2600002],[14.0200005,12.2200003],[13.9899998,12.1800003],[13.9899998,12.1400003],[14.0100002,12.1300001],[14.0299997,12.1099997],[14.04,12.0799999],[14.0799999,12.0200005],[14.0900002,12],[14.1099997,11.9799995],[14.1199999,11.96],[14.1899996,11.9799995],[14.2299995,12],[14.2600002,12.0100002],[14.3000002,12.0100002],[14.3100004,11.9899998],[14.3100004,11.9300003],[14.3000002,11.8900003],[14.3000002,11.8199997]],[[14.3000002,11.8199997],[14.3199997,11.8100004],[14.3400002,11.79],[14.3800001,11.7600002],[14.4200001,11.7399998],[14.46,11.7299995],[14.5557068,11.7123811]],[[8.5,12.1099997],[8.5100002,12.1300001],[8.5,12.1499996],[8.5100002,12.1800003],[8.5,12.21],[8.5100002,12.2399998],[8.4700003,12.25],[8.4700003,12.2299995],[8.46,12.21],[8.3999996,12.2299995],[8.3800001,12.1899996],[8.3599997,12.1700001],[8.3199997,12.1599998],[8.2700014,12.1400003],[8.2200003,12.1400003],[8.1899996,12.1499996],[8.1800003,12.1400003],[8.1999998,12.1099997]],[[8.1999998,12.1099997],[8.2200003,12.1099997],[8.2399998,12.1000004],[8.29,12.1000004],[8.3199997,12.0799999],[8.3400002,12.0799999],[8.3699999,12.1000004],[8.4099998,12.0799999],[8.4200001,12.0600004],[8.4499998,12.0500002]],[[4.8200002,7.3499999],[4.8400002,7.3699999],[4.9200001,7.3699999],[4.9499998,7.3800001],[4.9499998,7.4000001]],[[4.9499998,7.4200001],[4.9400001,7.4200001],[4.9299998,7.4499998],[4.9299998,7.4699998],[4.9200001,7.5],[4.9200001,7.54]],[[7.5900002,10.9799995],[7.5799999,10.9700003],[7.4699998,10.9700003],[7.4400001,10.9799995],[7.3800001,10.9799995],[7.3600001,10.96],[7.3400002,10.8999996],[7.3299999,10.8599997],[7.3099999,10.8299999],[7.29,10.8100004],[7.2600002,10.8000002],[7.2199998,10.8000002],[7.1900001,10.79],[7.1599998,10.8000002],[7.1399999,10.8000002],[7.1500001,10.7700005],[7.1500001,10.7399998],[7.1799998,10.6999998],[7.1799998,10.6800003]],[[7.96,10.54],[7.9400001,10.5600004],[7.9400001,10.5900002]],[[14.3000002,11.8199997],[14.3000002,11.8100004],[14.2700005,11.8000002],[14.2399998,11.8000002],[14.2299995,11.79],[14.1599998,11.7799997],[14.1300001,11.7799997],[14.1000004,11.7700005],[14.0799999,11.75],[14.0500002,11.71],[14.0200005,11.6899996],[13.9700003,11.6800003],[13.9200001,11.6899996],[13.8699999,11.6899996],[13.8400002,11.6999998],[13.8000002,11.6999998],[13.7600002,11.71]],[[13.4200001,11.4700003],[13.4300003,11.4399996],[13.4700003,11.4200001],[13.5200005,11.3800001],[13.5299997,11.3599997],[13.5500002,11.3400002],[13.5799999,11.3000002],[13.6099997,11.2700005],[13.6899996,11.2200003],[13.7200003,11.21],[13.8199997,11.1700001],[13.9108319,11.1720285],[13.9230528,11.1925192],[13.927618,11.2208014],[13.9611368,11.2583752],[13.974329,11.3029966],[13.9894648,11.3115396],[14.0149155,11.2968626],[14.0557327,11.2898026],[14.0996389,11.2519093],[14.1371708,11.252655],[14.2091589,11.2835798],[14.2480288,11.3324013],[14.3256359,11.3745785],[14.3680735,11.3861103],[14.4240332,11.4093771],[14.4347553,11.4201956],[14.4515276,11.4586267],[14.4669199,11.465764],[14.5140457,11.4729042],[14.5763359,11.5009727],[14.6169367,11.5138493],[14.6372395,11.5287981],[14.640276,11.5794191],[14.6472797,11.6033459],[14.6400452,11.6376343],[14.5938168,11.6806765],[14.5727997,11.6903439],[14.5557068,11.7123811]],[[7.6500001,12.4099998],[7.6599998,12.3999996],[7.6599998,12.3599997],[7.71,12.3900003],[7.71,12.4099998],[7.7199998,12.4399996],[7.7199998,12.4700003],[7.71,12.5],[7.6999998,12.5500002],[7.6700001,12.5699997],[7.6700001,12.5900002],[7.6900001,12.6000004],[7.71,12.6000004],[7.71,12.6499996],[7.73,12.6999998],[7.73,12.7299995],[7.7199998,12.75],[7.7199998,12.8100004],[7.7399998,12.8699999],[7.75,12.8900003],[7.75,12.9799995],[7.77,13],[7.7800002,13.0299997],[7.7800002,13.0799999]],[[3.9100001,7.0799999],[3.8900001,7.0799999],[3.8900001,7.0599999],[3.8800001,7.0500002],[3.8099999,7.0500002],[3.79,7.02],[3.79,7],[3.78,6.9699998],[3.76,6.9299998],[3.79,6.9099998],[3.8099999,6.8899999],[3.8299999,6.8800001],[3.8800001,6.8800001],[3.9200001,6.8899999],[3.96,6.8899999],[4.0100002,6.9099998],[4.0500002,6.9299998],[4.0900002,6.9299998],[4.1399999,6.9499998],[4.1599998,6.9699998],[4.1700001,6.9899998],[4.1900001,7],[4.1900001,7.02],[4.1999998,7.0300002]],[[4.5700002,8.0500002],[4.5599999,8.0500002],[4.54,8.0299997],[4.5300002,8.0100002],[4.5300002,7.96],[4.52,7.96]],[[4.7399998,7.9299998],[4.7600002,7.9400001],[4.77,7.96],[4.77,8.0500002],[4.7600002,8.0600004]],[[8.1999998,12.1099997],[8.2200003,12.0799999],[8.2399998,12.0600004],[8.2200003,12],[8.1999998,11.9799995],[8.1599998,11.96],[8.1400003,11.96],[8.1400003,11.9399996],[8.1599998,11.9399996],[8.1899996,11.9200001],[8.2200003,11.8900003],[8.2600002,11.9099998],[8.2799997,11.8900003],[8.2799997,11.8199997],[8.3000002,11.8199997],[8.3199997,11.8100004]],[[6.9400001,12.2399998],[6.8800001,12.2399998],[6.8400002,12.25],[6.8099999,12.25],[6.73,12.2600002],[6.6799998,12.2700005],[6.6300001,12.2700005],[6.5700002,12.2799997],[6.5300002,12.29],[6.4899998,12.3199997],[6.4499998,12.3400002],[6.4299998,12.3400002],[6.46,12.2700005],[6.46,12.21],[6.4400001,12.1899996],[6.4299998,12.1599998],[6.4000001,12.1400003],[6.3800001,12.1099997],[6.3699999,12.0799999],[6.3699999,12.0600004],[6.3899999,11.96],[6.4000001,11.9200001],[6.4000001,11.8800001],[6.4099998,11.8400002],[6.4099998,11.7799997],[6.3499999,11.7799997],[6.3299999,11.7299995],[6.3299999,11.6899996],[6.3099999,11.6599998],[6.3899999,11.6300001],[6.46,11.6099997],[6.54,11.5799999]],[[7.6500001,6.6100001],[7.6300001,6.6300001],[7.6100001,6.6399999],[7.5900002,6.6599998],[7.5300002,6.6599998],[7.54,6.6399999],[7.5300002,6.6300001],[7.46,6.6300001],[7.4499998,6.6199999]],[[5.0900002,7.6700001],[5.1100001,7.7199998],[5.1100001,7.7399998],[5.1199999,7.7600002],[5.1199999,7.79],[5.0999999,7.8299999],[5.0999999,7.8499999],[5.0900002,7.8800001],[5.0900002,7.9000001],[5.0500002,7.9200001],[5.02,7.9499998],[4.96,7.9200001],[4.96,7.9099998],[4.9299998,7.8899999],[4.9299998,7.8699999]],[[7.3899999,5.6999998],[7.3899999,5.6900001],[7.4099998,5.6700001],[7.4099998,5.6599998],[7.4299998,5.6399999],[7.4400001,5.6199999],[7.4400001,5.5999999],[7.4299998,5.5599999],[7.4099998,5.54],[7.4099998,5.5300002],[7.3800001,5.4699998],[7.3800001,5.4499998],[7.4499998,5.4499998],[7.46,5.4400001],[7.48,5.4400001]],[[7.5500002,5.5100002],[7.5500002,5.5700002],[7.5300002,5.5900002],[7.5100002,5.5999999],[7.4899998,5.5999999],[7.46,5.6300001],[7.46,5.6500001],[7.4499998,5.6599998],[7.4499998,5.6799998],[7.4200001,5.6999998]],[[6.6999998,6.0300002],[6.6999998,6],[6.6700001,5.9099998],[6.6399999,5.8699999],[6.6399999,5.8400002],[6.6300001,5.8000002],[6.6300001,5.75],[6.6700001,5.7399998],[6.6900001,5.77],[6.7199998,5.7800002],[6.77,5.7800002],[6.77,5.79]],[[8.5299997,11.8199997],[8.5600004,11.8000002],[8.5900002,11.79],[8.6099997,11.7700005],[8.6199999,11.7399998],[8.6499996,11.6800003],[8.6599998,11.6499996],[8.6800003,11.6499996],[8.6800003,11.6999998],[8.6999998,11.7399998],[8.7200003,11.7399998],[8.7399998,11.7299995],[8.7799997,11.75],[8.8100004,11.7600002],[8.8299999,11.79],[8.8299999,11.8100004],[8.8400002,11.8299999],[8.8400002,11.8500004],[8.8599997,11.8800001],[8.8500004,11.8999996],[8.8500004,11.9300003],[8.8400002,11.96],[8.8199997,11.9799995]],[[7.1199999,6.2199998],[7.0599999,6.25],[7.0500002,6.2600002],[7.0300002,6.2600002],[7.0100002,6.2399998],[7,6.2399998]],[[4.7199998,7.1999998],[4.71,7.1999998],[4.6500001,7.1399999],[4.6300001,7.1300001],[4.5999999,7.0999999],[4.5900002,7.0700002],[4.5700002,7.04],[4.5599999,7.0100002]],[[5.04,7.21],[5.04,7.23]]],"bbox":[2.6971011,4.3547072,14.678668,13.376133]}