{"type":"Topology","objects":{"foo":{"type":"GeometryCollection","geometries":[{"type":"MultiPolygon","arcs":[[[0]],[[1,2,3]],[[4,5]],[[6,7]],[[8,9,10,11]]],"properties":{"name":"Esteban Echeverria","gaul_code":4418,"targetarea":129.7760365,"totpop":606634.612863,"country_id":"ARG","targetpop":457441.534271,"totalarea":388.7832308,"new_mean":0}},{"type":"MultiPolygon","arcs":[[[12]],[[13]],[[14]]],"properties":{"name":"General Manuel Belgrano","gaul_code":4726,"targetarea":10.9944967,"totpop":83011.963944,"country_id":"ARG","targetpop":30450.6733398,"totalarea":3466.3271236,"new_mean":0.0123565}},{"type":"Polygon","arcs":[[15]],"properties":{"name":"Ayacucho","gaul_code":4387,"targetarea":1.6224351,"totpop":20951.9606708,"country_id":"ARG","targetpop":3567.0714111,"totalarea":6751.2940173,"new_mean":0}},{"type":"Polygon","arcs":[[16]],"properties":{"name":"Yavi","gaul_code":4660,"targetarea":3.7458061,"totpop":20933.1893051,"country_id":"ARG","targetpop":8410.2797852,"totalarea":3076.1933481,"new_mean":0.0000034433467}},{"type":"Polygon","arcs":[[17]],"properties":{"name":"Las Colonias","gaul_code":4835,"targetarea":2.1949298,"totpop":114047.463762,"country_id":"ARG","targetpop":4949.8118897,"totalarea":6315.9280652,"new_mean":0.0001221}},{"type":"Polygon","arcs":[[18]],"properties":{"name":"Union","gaul_code":4593,"targetarea":1.4782512,"totpop":109935.07574,"country_id":"ARG","targetpop":3792.0566406,"totalarea":10693.5575251,"new_mean":0.001118}},{"type":"Polygon","arcs":[[19]],"properties":{"name":"Leales","gaul_code":4882,"targetarea":1.0425249,"totpop":57953.3624772,"country_id":"ARG","targetpop":3081.2423096,"totalarea":1910.9555909,"new_mean":0.0067701}},{"type":"Polygon","arcs":[[20]],"properties":{"name":"Huiliches","gaul_code":4742,"targetarea":1.7698616,"totpop":17391.0617375,"country_id":"ARG","targetpop":4269.8828125,"totalarea":3896.4864437,"new_mean":0.0000056038704}},{"type":"MultiPolygon","arcs":[[[21]],[[22]],[[23]],[[24]],[[25]],[[26]],[[27]],[[28,29]]],"properties":{"name":"Rosario","gaul_code":4836,"targetarea":268.6450197,"totpop":1266410.76391,"country_id":"ARG","targetpop":973748.238838,"totalarea":1978.2817524,"new_mean":0}},{"type":"MultiPolygon","arcs":[[[30]],[[31,32]]],"properties":{"name":"Lujan","gaul_code":4709,"targetarea":7.8103296,"totpop":149030.671182,"country_id":"ARG","targetpop":12843.644043,"totalarea":4850.9875399,"new_mean":0.0000055148028}},{"type":"MultiPolygon","arcs":[[[33]],[[34]]],"properties":{"name":"Cainguas","gaul_code":4721,"targetarea":4.4755154,"totpop":61330.9562738,"country_id":"ARG","targetpop":9696.5341797,"totalarea":1552.6196975,"new_mean":0.0132884}},{"type":"MultiPolygon","arcs":[[[35]],[[36]],[[37]],[[38]],[[39,40]],[[41]],[[42]]],"properties":{"name":"General Roca","gaul_code":4759,"targetarea":60.8246812,"totpop":370265.760302,"country_id":"ARG","targetpop":140083.15686,"totalarea":14544.0096439,"new_mean":0}},{"type":"MultiPolygon","arcs":[[[43]],[[44]],[[45]]],"properties":{"name":"Rio Cuarto","gaul_code":4581,"targetarea":35.3807802,"totpop":265034.353675,"country_id":"ARG","targetpop":78408.1760254,"totalarea":18426.8204157,"new_mean":0.0005053}},{"type":"Polygon","arcs":[[46,47]],"properties":{"name":"Patagones","gaul_code":4468,"targetarea":2.2156084,"totpop":33799.8635093,"country_id":"ARG","targetpop":5051.1474609,"totalarea":13635.0558949,"new_mean":0}},{"type":"Polygon","arcs":[[48]],"properties":{"name":"Quitilipi","gaul_code":4545,"targetarea":5.1392376,"totpop":35593.9997138,"country_id":"ARG","targetpop":15569.9733887,"totalarea":1550.7174091,"new_mean":0.0107338}},{"type":"MultiPolygon","arcs":[[[49,50,51,52]],[[53,54,55,56,57,58,59,60,61,62,63,64,65]]],"properties":{"name":"General Sarmiento","gaul_code":4435,"targetarea":183.6780538,"totpop":981079.436462,"country_id":"ARG","targetpop":962330.553955,"totalarea":204.360304,"new_mean":0}},{"type":"Polygon","arcs":[[66,67]],"properties":{"name":"Capital","gaul_code":4850,"targetarea":47.8228619,"totpop":230464.28174,"country_id":"ARG","targetpop":169623.349365,"totalarea":2136.3309217,"new_mean":0.003961}},{"type":"Polygon","arcs":[[68,69,70]],"properties":{"name":"Berazategui","gaul_code":4394,"targetarea":81.6041214,"totpop":399627.96373,"country_id":"ARG","targetpop":342613.077637,"totalarea":215.5508405,"new_mean":6.7819964e-8}},{"type":"Polygon","arcs":[[71]],"properties":{"name":"Constitucion","gaul_code":4829,"targetarea":5.4618689,"totpop":87635.5742173,"country_id":"ARG","targetpop":11334.69104,"totalarea":3173.5867113,"new_mean":0.0003637}},{"type":"Polygon","arcs":[[72,73]],"properties":{"name":"Capital","gaul_code":4516,"targetarea":46.0062425,"totpop":184089.828807,"country_id":"ARG","targetpop":142577.085144,"totalarea":439.6501676,"new_mean":0.001591}},{"type":"Polygon","arcs":[[74]],"properties":{"name":"Goya","gaul_code":4603,"targetarea":16.8330021,"totpop":92413.288249,"country_id":"ARG","targetpop":53623.0906982,"totalarea":4841.8299247,"new_mean":0.0029204}},{"type":"MultiPolygon","arcs":[[[75]],[[76]]],"properties":{"name":"La Costa","gaul_code":4442,"targetarea":6.7499886,"totpop":78810.6601008,"country_id":"ARG","targetpop":12403.997345,"totalarea":310.7677544,"new_mean":0}},{"type":"MultiPolygon","arcs":[[[77,78]],[[79]]],"properties":{"name":"San Martin","gaul_code":4714,"targetarea":10.3124543,"totpop":112891.139352,"country_id":"ARG","targetpop":24889.4674072,"totalarea":1490.903364,"new_mean":0}},{"type":"MultiPolygon","arcs":[[[80]],[[81]]],"properties":{"name":"Pirane","gaul_code":4643,"targetarea":3.8215917,"totpop":63199.3732299,"country_id":"ARG","targetpop":13776.3933105,"totalarea":8598.9776968,"new_mean":0.0087172}},{"type":"Polygon","arcs":[[82]],"properties":{"name":"Biedma","gaul_code":4550,"targetarea":21.2745984,"totpop":115334.157646,"country_id":"ARG","targetpop":74227.7894287,"totalarea":12901.8109107,"new_mean":0}},{"type":"MultiPolygon","arcs":[[[83,84]],[[85]],[[86]]],"properties":{"name":"Punilla","gaul_code":4580,"targetarea":8.2336328,"totpop":178829.01441,"country_id":"ARG","targetpop":17696.9853516,"totalarea":2614.7276171,"new_mean":0.0003256}},{"type":"MultiPolygon","arcs":[[[87,88,89]],[[90]],[[91]]],"properties":{"name":"Las Heras","gaul_code":4707,"targetarea":39.8965892,"totpop":227595.04502,"country_id":"ARG","targetpop":114603.487549,"totalarea":8874.362641,"new_mean":0.0000097439918}},{"type":"Polygon","arcs":[[92]],"properties":{"name":"Pilcomayo","gaul_code":4642,"targetarea":9.5042873,"totpop":90616.2200716,"country_id":"ARG","targetpop":18851.2956543,"totalarea":5383.7625424,"new_mean":0.0099622}},{"type":"Polygon","arcs":[[92]],"properties":{"name":"Pilcomayo","gaul_code":4642,"targetarea":9.5042873,"totpop":90616.2200716,"country_id":"ARG","targetpop":18851.2956543,"totalarea":5383.7625424,"new_mean":0.0107568}},{"type":"Polygon","arcs":[[93]],"properties":{"name":"Chacabuco","gaul_code":4532,"targetarea":5.1235751,"totpop":33397.7734873,"country_id":"ARG","targetpop":12695.9991455,"totalarea":1359.6926461,"new_mean":0.0087444}},{"type":"Polygon","arcs":[[94]],"properties":{"name":"Guarani","gaul_code":4727,"targetarea":8.5017362,"totpop":80778.493672,"country_id":"ARG","targetpop":25342.2406006,"totalarea":3286.6362121,"new_mean":0.0133955}},{"type":"Polygon","arcs":[[95]],"properties":{"name":"Chicligasta","gaul_code":4877,"targetarea":11.2641234,"totpop":85167.1748366,"country_id":"ARG","targetpop":33019.4572754,"totalarea":1290.6109124,"new_mean":0.0042031}},{"type":"Polygon","arcs":[[96,97,98]],"properties":{"name":"Berisso","gaul_code":4395,"targetarea":27.8714516,"totpop":106245.5711,"country_id":"ARG","targetpop":80025.597229,"totalarea":151.7087826,"new_mean":0.0000033324111}},{"type":"MultiPolygon","arcs":[[[99]],[[100]],[[101]],[[102]]],"properties":{"name":"Oran","gaul_code":4781,"targetarea":17.3739297,"totpop":156257.91243,"country_id":"ARG","targetpop":49005.6991577,"totalarea":11883.6326343,"new_mean":0.0093847}},{"type":"Polygon","arcs":[[103]],"properties":{"name":"Maraco","gaul_code":4675,"targetarea":13.7812663,"totpop":63747.4890654,"country_id":"ARG","targetpop":30071.3560791,"totalarea":2492.6723653,"new_mean":7.0462741e-7}},{"type":"MultiPolygon","arcs":[[[104]],[[105,106]],[[107,108]],[[109,110]],[[111]],[[112,113]]],"properties":{"name":"Colon","gaul_code":4570,"targetarea":34.317538,"totpop":316718.165224,"country_id":"ARG","targetpop":82016.8427124,"totalarea":2346.5815355,"new_mean":0.0005961}},{"type":"Polygon","arcs":[[114,115,116,117,118]],"properties":{"name":"San Isidro","gaul_code":4491,"targetarea":51.9906481,"totpop":297292.921753,"country_id":"ARG","targetpop":297292.921753,"totalarea":51.9906481,"new_mean":0}},{"type":"Polygon","arcs":[[119]],"properties":{"name":"Bolivar","gaul_code":4396,"targetarea":3.0497345,"totpop":36210.3625054,"country_id":"ARG","targetpop":6473.2156982,"totalarea":4913.820022,"new_mean":0}},{"type":"Polygon","arcs":[[120]],"properties":{"name":"Ger Aike","gaul_code":4818,"targetarea":23.677804,"totpop":139046.008829,"country_id":"ARG","targetpop":63619.8145447,"totalarea":33707.405496,"new_mean":0}},{"type":"Polygon","arcs":[[121,122]],"properties":{"name":"Caldera","gaul_code":4768,"targetarea":4.1057313,"totpop":29859.2270842,"country_id":"ARG","targetpop":16469.6119385,"totalarea":1104.2143629,"new_mean":0.0075057}},{"type":"Polygon","arcs":[[123,124]],"properties":{"name":"Cerrillos","gaul_code":4771,"targetarea":3.4518731,"totpop":56160.5389523,"country_id":"ARG","targetpop":4614.5775147,"totalarea":502.4591673,"new_mean":0.0034073}},{"type":"Polygon","arcs":[[125,126,127,128]],"properties":{"name":"Chimbas","gaul_code":4794,"targetarea":12.9859639,"totpop":54865.4170914,"country_id":"ARG","targetpop":34366.8942871,"totalarea":56.025034,"new_mean":0}},{"type":"Polygon","arcs":[[129,130,-9,131,-2,132,133,134]],"properties":{"name":"Almirante Brown","gaul_code":4384,"targetarea":99.6161702,"totpop":563177.247604,"country_id":"ARG","targetpop":544399.600281,"totalarea":127.8339191,"new_mean":0}},{"type":"Polygon","arcs":[[135]],"properties":{"name":"San Javier","gaul_code":4734,"targetarea":1.0348427,"totpop":22909.2767205,"country_id":"ARG","targetpop":3230.4765625,"totalarea":678.0280742,"new_mean":0.0099446}},{"type":"Polygon","arcs":[[136]],"properties":{"name":"9 De Julio","gaul_code":4380,"targetarea":5.9671568,"totpop":49597.5439198,"country_id":"ARG","targetpop":13394.3060303,"totalarea":4284.5071753,"new_mean":0}},{"type":"Polygon","arcs":[[137]],"properties":{"name":"25 De Mayo","gaul_code":4528,"targetarea":4.1573964,"totpop":31272.1765583,"country_id":"ARG","targetpop":10649.4569092,"totalarea":2229.615279,"new_mean":0.0103}},{"type":"Polygon","arcs":[[138]],"properties":{"name":"Belgrano","gaul_code":4826,"targetarea":0.9851251,"totpop":44706.6070862,"country_id":"ARG","targetpop":2446.763916,"totalarea":2300.941645,"new_mean":0.0031494}},{"type":"MultiPolygon","arcs":[[[139]],[[140]],[[141]],[[142]],[[143]],[[144]],[[145]],[[146]],[[147]]],"properties":{"name":"La Capital","gaul_code":4834,"targetarea":108.9779523,"totpop":570612.131368,"country_id":"ARG","targetpop":319018.934235,"totalarea":3053.7645491,"new_mean":5.6899395e-8}},{"type":"Polygon","arcs":[[148]],"properties":{"name":"Federal","gaul_code":4623,"targetarea":1.9760571,"totpop":26732.379051,"country_id":"ARG","targetpop":4403.5924072,"totalarea":5288.7719295,"new_mean":0}},{"type":"MultiPolygon","arcs":[[[149]],[[150,151,-84,152]],[[153]],[[154,155,-106,156]]],"properties":{"name":"Santa Maria","gaul_code":4588,"targetarea":12.1994082,"totpop":149751.040183,"country_id":"ARG","targetpop":25670.3515625,"totalarea":3263.9631963,"new_mean":0.0003539}},{"type":"Polygon","arcs":[[157,-116,158]],"properties":{"name":"San Fernando","gaul_code":4490,"targetarea":23.5426635,"totpop":186514.059541,"country_id":"ARG","targetpop":171020.552246,"totalarea":920.7564018,"new_mean":0}},{"type":"Polygon","arcs":[[159]],"properties":{"name":"Mayor Luis J. Fonta","gaul_code":4542,"targetarea":6.877336,"totpop":57195.594541,"country_id":"ARG","targetpop":18956.395752,"totalarea":3781.7216044,"new_mean":0.01177}},{"type":"Polygon","arcs":[[160]],"properties":{"name":"Colon","gaul_code":4409,"targetarea":2.6765761,"totpop":27039.0937693,"country_id":"ARG","targetpop":4442.3155518,"totalarea":1012.4174145,"new_mean":0.0001635}},{"type":"Polygon","arcs":[[161]],"properties":{"name":"Olavarria","gaul_code":4467,"targetarea":17.1009947,"totpop":120910.00875,"country_id":"ARG","targetpop":36466.7629395,"totalarea":7754.6949425,"new_mean":0}},{"type":"MultiPolygon","arcs":[[[162]],[[163]]],"properties":{"name":"Capital","gaul_code":4596,"targetarea":69.5066887,"totpop":392925.379927,"country_id":"ARG","targetpop":309539.716736,"totalarea":535.7201088,"new_mean":0.0108401}},{"type":"MultiPolygon","arcs":[[[164]],[[165]]],"properties":{"name":"Iguazu","gaul_code":4728,"targetarea":14.450012,"totpop":103225.997053,"country_id":"ARG","targetpop":36823.836792,"totalarea":2671.8328901,"new_mean":0.0119215}},{"type":"MultiPolygon","arcs":[[[166,167,168]],[[169,170,171]]],"properties":{"name":"General Rodriguez","gaul_code":4433,"targetarea":17.9640049,"totpop":97020.1754847,"country_id":"ARG","targetpop":30257.4542236,"totalarea":361.8046175,"new_mean":0}},{"type":"MultiPolygon","arcs":[[[172,-67]],[[173]]],"properties":{"name":"Banda","gaul_code":4848,"targetarea":44.4720542,"totpop":216975.930605,"country_id":"ARG","targetpop":125404.510681,"totalarea":3543.778755,"new_mean":0.0049068}},{"type":"Polygon","arcs":[[174]],"properties":{"name":"Ischilin","gaul_code":4574,"targetarea":1.7137587,"totpop":32375.8094277,"country_id":"ARG","targetpop":4238.204956,"totalarea":5037.9770542,"new_mean":0.0034337}},{"type":"Polygon","arcs":[[175]],"properties":{"name":"Saladillo","gaul_code":4484,"targetarea":4.5988188,"totpop":35035.8211959,"country_id":"ARG","targetpop":9898.0911865,"totalarea":2698.5799587,"new_mean":0}},{"type":"MultiPolygon","arcs":[[[176,177,-51]],[[178,179,-64,180,181,-117,-158],[182]],[[183]]],"properties":{"name":"Tigre","gaul_code":4498,"targetarea":137.7127113,"totpop":530825.378871,"country_id":"ARG","targetpop":477472.384033,"totalarea":362.839817,"new_mean":0}},{"type":"Polygon","arcs":[[184]],"properties":{"name":"Anta","gaul_code":4765,"targetarea":2.6161574,"totpop":62593.2305005,"country_id":"ARG","targetpop":5225.2261963,"totalarea":22154.742824,"new_mean":0.0084652}},{"type":"Polygon","arcs":[[185]],"properties":{"name":"Rio Chico","gaul_code":4885,"targetarea":8.7467717,"totpop":63294.2301384,"country_id":"ARG","targetpop":22366.6538086,"totalarea":606.6151304,"new_mean":0.0082466}},{"type":"Polygon","arcs":[[186]],"properties":{"name":"Campana","gaul_code":4399,"targetarea":11.7510555,"totpop":111905.388272,"country_id":"ARG","targetpop":23211.5458374,"totalarea":996.4380048,"new_mean":0}},{"type":"Polygon","arcs":[[187,-119,188,189]],"properties":{"name":"Vicente Lopez","gaul_code":4505,"targetarea":33.4580166,"totpop":274712.667969,"country_id":"ARG","targetpop":274712.667969,"totalarea":33.4580166,"new_mean":0}},{"type":"MultiPolygon","arcs":[[[190,191]],[[192]],[[193,194,-57]],[[195]],[[196,197,-66]],[[-55,198,199]],[[200]],[[201,202,203]]],"properties":{"name":"Pilar","gaul_code":4474,"targetarea":100.1819648,"totpop":383732.482645,"country_id":"ARG","targetpop":222084.392151,"totalarea":378.2012749,"new_mean":0}},{"type":"Polygon","arcs":[[204]],"properties":{"name":"Rio Hondo","gaul_code":4864,"targetarea":9.3770438,"totpop":60136.4227524,"country_id":"ARG","targetpop":24746.2816772,"totalarea":2157.2025377,"new_mean":0.0055679}},{"type":"Polygon","arcs":[[204]],"properties":{"name":"Rio Hondo","gaul_code":4864,"targetarea":9.3770438,"totpop":60136.4227524,"country_id":"ARG","targetpop":24746.2816772,"totalarea":2157.2025377,"new_mean":0}},{"type":"Polygon","arcs":[[205]],"properties":{"name":"Tandil","gaul_code":4496,"targetarea":26.9465213,"totpop":144069.556856,"country_id":"ARG","targetpop":68687.8646851,"totalarea":4850.813233,"new_mean":0}},{"type":"Polygon","arcs":[[206]],"properties":{"name":"Salto","gaul_code":4486,"targetarea":3.9063831,"totpop":37044.43999,"country_id":"ARG","targetpop":7787.019165,"totalarea":1614.1794545,"new_mean":0.0000229}},{"type":"Polygon","arcs":[[-118,-182,207,-177,-50,208,209,-189]],"properties":{"name":"General San Martin","gaul_code":4434,"targetarea":55.8285777,"totpop":444700.160767,"country_id":"ARG","targetpop":444700.160767,"totalarea":56.2267576,"new_mean":0}},{"type":"Polygon","arcs":[[210]],"properties":{"name":"Mercedes","gaul_code":4458,"targetarea":11.8341482,"totpop":66863.5828954,"country_id":"ARG","targetpop":27875.3421631,"totalarea":1050.98519,"new_mean":0}},{"type":"Polygon","arcs":[[211]],"properties":{"name":"Tunuyan","gaul_code":4717,"targetarea":7.3670935,"totpop":62010.5296556,"country_id":"ARG","targetpop":19378.0349121,"totalarea":3269.6832438,"new_mean":0.0000254}},{"type":"Polygon","arcs":[[212]],"properties":{"name":"Tercero Arriba","gaul_code":4590,"targetarea":5.1819617,"totpop":111499.285652,"country_id":"ARG","targetpop":11577.1610107,"totalarea":5036.4218459,"new_mean":0.0006921}},{"type":"Polygon","arcs":[[213]],"properties":{"name":"Bragado","gaul_code":4397,"targetarea":4.2138794,"totpop":42138.7903451,"country_id":"ARG","targetpop":8433.5675049,"totalarea":2194.2964368,"new_mean":0}},{"type":"Polygon","arcs":[[214]],"properties":{"name":"Libertador General San Ma","gaul_code":4540,"targetarea":5.9966233,"totpop":66457.4745925,"country_id":"ARG","targetpop":15746.618042,"totalarea":7387.8520258,"new_mean":0.0099541}},{"type":"MultiPolygon","arcs":[[[215]],[[216,-203,217,-197,-65,-180,218]]],"properties":{"name":"Escobar","gaul_code":4417,"targetarea":72.3756071,"totpop":280769.539213,"country_id":"ARG","targetpop":182234.748962,"totalarea":294.2518475,"new_mean":0}},{"type":"Polygon","arcs":[[219,-61,220,221,222]],"properties":{"name":"Moron","gaul_code":4463,"targetarea":127.1882847,"totpop":758288.982544,"country_id":"ARG","targetpop":757259.456787,"totalarea":127.6715188,"new_mean":0}},{"type":"Polygon","arcs":[[223]],"properties":{"name":"Ganeral Paz","gaul_code":4601,"targetarea":1.0359313,"totpop":14944.7418876,"country_id":"ARG","targetpop":2452.4555664,"totalarea":2588.1626412,"new_mean":0.0111625}},{"type":"Polygon","arcs":[[224,225]],"properties":{"name":"Pocito","gaul_code":4797,"targetarea":9.9627923,"totpop":88333.4362437,"country_id":"ARG","targetpop":26674.9810791,"totalarea":555.6720672,"new_mean":0}},{"type":"Polygon","arcs":[[226]],"properties":{"name":"Leandro N. Alem","gaul_code":4729,"targetarea":5.8692083,"totpop":49393.9508964,"country_id":"ARG","targetpop":15539.619812,"totalarea":1068.1185078,"new_mean":0.0113007}},{"type":"Polygon","arcs":[[227]],"properties":{"name":"San Javier","gaul_code":4586,"targetarea":6.2492546,"totpop":58710.2083211,"country_id":"ARG","targetpop":11802.6130371,"totalarea":1582.3054804,"new_mean":0.0003248}},{"type":"Polygon","arcs":[[228]],"properties":{"name":"Loreto","gaul_code":4858,"targetarea":1.7713606,"totpop":22507.995777,"country_id":"ARG","targetpop":5926.6035156,"totalarea":3311.8038777,"new_mean":0.0016108}},{"type":"Polygon","arcs":[[229]],"properties":{"name":"San Pedro","gaul_code":4735,"targetarea":3.5198866,"totpop":42003.2798619,"country_id":"ARG","targetpop":8874.4014893,"totalarea":3614.3882832,"new_mean":0.0135198}},{"type":"Polygon","arcs":[[229]],"properties":{"name":"San Pedro","gaul_code":4735,"targetarea":3.5198866,"totpop":42003.2798619,"country_id":"ARG","targetpop":8874.4014893,"totalarea":3614.3882832,"new_mean":0.0122621}},{"type":"Polygon","arcs":[[230]],"properties":{"name":"Las Flores","gaul_code":4447,"targetarea":4.167643,"totpop":24232.2090175,"country_id":"ARG","targetpop":7553.4663086,"totalarea":3366.9019035,"new_mean":6.9609756e-7}},{"type":"Polygon","arcs":[[231]],"properties":{"name":"Chilecito","gaul_code":4686,"targetarea":3.3964868,"totpop":58817.1710584,"country_id":"ARG","targetpop":8471.97229,"totalarea":5238.7790502,"new_mean":0.0000871}},{"type":"MultiPolygon","arcs":[[[232,-29]],[[233]],[[234]],[[235]]],"properties":{"name":"San Lorenzo","gaul_code":4841,"targetarea":14.3935749,"totpop":190088.353843,"country_id":"ARG","targetpop":31614.755127,"totalarea":2076.1941955,"new_mean":0.0003957}},{"type":"Polygon","arcs":[[236,237,-225,238,239,240]],"properties":{"name":"Rawson","gaul_code":4798,"targetarea":32.3773954,"totpop":146663.256283,"country_id":"ARG","targetpop":104025.105225,"totalarea":298.5338642,"new_mean":0}},{"type":"MultiPolygon","arcs":[[[241]],[[242]],[[243]],[[244,-99,245,246,247,248]]],"properties":{"name":"La Plata","gaul_code":4444,"targetarea":161.0561215,"totpop":745300.362741,"country_id":"ARG","targetpop":530424.702515,"totalarea":867.6374705,"new_mean":0}},{"type":"Polygon","arcs":[[249]],"properties":{"name":"Lujan","gaul_code":4453,"targetarea":13.1365839,"totpop":119769.666488,"country_id":"ARG","targetpop":28428.8144531,"totalarea":769.4599443,"new_mean":0}},{"type":"Polygon","arcs":[[250,-74]],"properties":{"name":"Valle Viejo","gaul_code":4525,"targetarea":3.0042171,"totpop":36244.8113112,"country_id":"ARG","targetpop":5078.1893921,"totalarea":612.4309044,"new_mean":0.0024778}},{"type":"Polygon","arcs":[[251]],"properties":{"name":"Alberdi","gaul_code":4874,"targetarea":4.2401828,"totpop":31795.1162418,"country_id":"ARG","targetpop":11715.6273193,"totalarea":766.9647259,"new_mean":0.007324}},{"type":"MultiPolygon","arcs":[[[252]],[[253,-90,254,255,256]]],"properties":{"name":"Guaymallen","gaul_code":4704,"targetarea":51.7294911,"totpop":232939.456263,"country_id":"ARG","targetpop":153540.686462,"totalarea":175.1256432,"new_mean":0}},{"type":"Polygon","arcs":[[257],[258]],"properties":{"name":"San Fernando","gaul_code":4546,"targetarea":98.9233136,"totpop":421484.812193,"country_id":"ARG","targetpop":337143.987854,"totalarea":3558.3156738,"new_mean":0.0111117}},{"type":"MultiPolygon","arcs":[[[259]],[[260]],[[261]]],"properties":{"name":"General Pueyrredon","gaul_code":4432,"targetarea":117.7930874,"totpop":650059.593319,"country_id":"ARG","targetpop":465241.48616,"totalarea":1453.2522589,"new_mean":0}},{"type":"Polygon","arcs":[[262]],"properties":{"name":"Monte Caseros","gaul_code":4609,"targetarea":2.7862786,"totpop":37875.1369321,"country_id":"ARG","targetpop":4132.8530273,"totalarea":2601.6156597,"new_mean":0.0013163}},{"type":"Polygon","arcs":[[263]],"properties":{"name":"San Nicolas","gaul_code":4492,"targetarea":32.9431141,"totpop":152095.991954,"country_id":"ARG","targetpop":89293.3895874,"totalarea":666.0722089,"new_mean":0.0000061628829}},{"type":"MultiPolygon","arcs":[[[264]],[[265]]],"properties":{"name":"La Capital","gaul_code":4813,"targetarea":47.0683269,"totpop":251912.157299,"country_id":"ARG","targetpop":122671.970398,"totalarea":13280.8150715,"new_mean":2.7582178e-7}},{"type":"MultiPolygon","arcs":[[[266,267]],[[268,269,270,-223,271,272,273,274,-6,275,-7,276,-11]]],"properties":{"name":"La Matanza","gaul_code":4443,"targetarea":235.1851707,"totpop":2415358.38888,"country_id":"ARG","targetpop":2361469.92072,"totalarea":324.3564837,"new_mean":0}},{"type":"MultiPolygon","arcs":[[[277,278]],[[279]],[[280]]],"properties":{"name":"San Justo","gaul_code":4587,"targetarea":15.8086927,"totpop":222609.866259,"country_id":"ARG","targetpop":37567.1429443,"totalarea":16161.8878546,"new_mean":0.0000743}},{"type":"Polygon","arcs":[[281]],"properties":{"name":"Esquina","gaul_code":4600,"targetarea":2.8265927,"totpop":31257.116369,"country_id":"ARG","targetpop":7590.5656738,"totalarea":3846.9248172,"new_mean":0.0013559}},{"type":"Polygon","arcs":[[282]],"properties":{"name":"Rio Grande","gaul_code":4871,"targetarea":13.8927638,"totpop":85927.4033285,"country_id":"ARG","targetpop":34380.268692,"totalarea":11987.0646802,"new_mean":0}},{"type":"Polygon","arcs":[[283]],"properties":{"name":"Juarez Celman","gaul_code":4575,"targetarea":2.5549271,"totpop":68830.9152817,"country_id":"ARG","targetpop":5469.845581,"totalarea":7773.033802,"new_mean":0.0012093}},{"type":"Polygon","arcs":[[284]],"properties":{"name":"San Rafael","gaul_code":4715,"targetarea":29.1571079,"totpop":208572.339894,"country_id":"ARG","targetpop":78200.9453735,"totalarea":31794.2467123,"new_mean":0.0000089630234}},{"type":"Polygon","arcs":[[285]],"properties":{"name":"Balcarce","gaul_code":4390,"targetarea":3.971941,"totpop":45891.8044365,"country_id":"ARG","targetpop":8442.6784668,"totalarea":4099.4121623,"new_mean":0}},{"type":"MultiPolygon","arcs":[[[286]],[[287]]],"properties":{"name":"Bahia Blanca","gaul_code":4389,"targetarea":76.956602,"totpop":319895.756466,"country_id":"ARG","targetpop":203598.987488,"totalarea":2284.9632285,"new_mean":0}},{"type":"Polygon","arcs":[[288]],"properties":{"name":"Cruz Del Eje","gaul_code":4571,"targetarea":7.859252,"totpop":65662.7744703,"country_id":"ARG","targetpop":18720.2879028,"totalarea":6537.1509498,"new_mean":0.0018131}},{"type":"Polygon","arcs":[[-237,289,-127,290]],"properties":{"name":"Rivadavia","gaul_code":4799,"targetarea":26.0238522,"totpop":105536.479908,"country_id":"ARG","targetpop":73738.5452881,"totalarea":117.0566665,"new_mean":0}},{"type":"Polygon","arcs":[[291]],"properties":{"name":"General Belgrano","gaul_code":4535,"targetarea":1.7702693,"totpop":13940.4412572,"country_id":"ARG","targetpop":4204.1473389,"totalarea":1284.8913775,"new_mean":0.0108502}},{"type":"MultiPolygon","arcs":[[[292]],[[293]]],"properties":{"name":"Federacion","gaul_code":4622,"targetarea":8.5676888,"totpop":81002.1701827,"country_id":"ARG","targetpop":21189.0274658,"totalarea":3666.2158435,"new_mean":0.0000197}},{"type":"MultiPolygon","arcs":[[[294]],[[295]]],"properties":{"name":"Santo Tome","gaul_code":4617,"targetarea":7.9601889,"totpop":71093.5689021,"country_id":"ARG","targetpop":18902.6264648,"totalarea":7369.4211281,"new_mean":0.0107024}},{"type":"Polygon","arcs":[[296]],"properties":{"name":"Necochea","gaul_code":4466,"targetarea":20.2393507,"totpop":94273.9686647,"country_id":"ARG","targetpop":42482.1378174,"totalarea":4512.9794762,"new_mean":0}},{"type":"MultiPolygon","arcs":[[[-60,297,-168,298,299,-221]],[[300,-191]],[[-58,-195,301]]],"properties":{"name":"Moreno","gaul_code":4462,"targetarea":132.4333759,"totpop":538365.11079,"country_id":"ARG","targetpop":486061.003662,"totalarea":183.9819355,"new_mean":0}},{"type":"Polygon","arcs":[[302]],"properties":{"name":"Metan","gaul_code":4779,"targetarea":2.9438409,"totpop":46426.678376,"country_id":"ARG","targetpop":7757.4777832,"totalarea":5472.3684889,"new_mean":0.0076604}},{"type":"Polygon","arcs":[[303]],"properties":{"name":"Chivilcoy","gaul_code":4408,"targetarea":10.901609,"totpop":68312.7362572,"country_id":"ARG","targetpop":23525.2260132,"totalarea":2078.0106215,"new_mean":0}},{"type":"Polygon","arcs":[[304]],"properties":{"name":"San Antonio De Areco","gaul_code":4488,"targetarea":1.9059028,"totpop":25170.5840803,"country_id":"ARG","targetpop":3498.1662598,"totalarea":869.6179623,"new_mean":0}},{"type":"Polygon","arcs":[[305]],"properties":{"name":"Maipu","gaul_code":4541,"targetarea":1.5389597,"totpop":25671.9517963,"country_id":"ARG","targetpop":5022.7264404,"totalarea":2813.9856052,"new_mean":0.0104368}},{"type":"Polygon","arcs":[[306]],"properties":{"name":"San Justo","gaul_code":4840,"targetarea":1.6147016,"totpop":41567.0388601,"country_id":"ARG","targetpop":2394.3803711,"totalarea":5583.2850224,"new_mean":0.0007162}},{"type":"Polygon","arcs":[[307]],"properties":{"name":"Obera","gaul_code":4732,"targetarea":17.7978528,"totpop":122500.297692,"country_id":"ARG","targetpop":45885.1125488,"totalarea":1578.7738556,"new_mean":0.0118481}},{"type":"Polygon","arcs":[[308]],"properties":{"name":"Gualeguay","gaul_code":4625,"targetarea":6.6415819,"totpop":53789.0292524,"country_id":"ARG","targetpop":14975.8432617,"totalarea":6686.1364268,"new_mean":0}},{"type":"Polygon","arcs":[[309,-113]],"properties":{"name":"Totoral","gaul_code":4591,"targetarea":0.9172385,"totpop":26025.5969402,"country_id":"ARG","targetpop":3006.078125,"totalarea":3186.6334732,"new_mean":0.0005939}},{"type":"MultiPolygon","arcs":[[[310]],[[311]]],"properties":{"name":"Marcos Juarez","gaul_code":4576,"targetarea":5.0702521,"totpop":111501.4849,"country_id":"ARG","targetpop":9631.9311523,"totalarea":9493.4252631,"new_mean":0.0022707}},{"type":"Polygon","arcs":[[312]],"properties":{"name":"Villa Gesell","gaul_code":4506,"targetarea":10.4351934,"totpop":40189.8876669,"country_id":"ARG","targetpop":20612.2577209,"totalarea":181.9568966,"new_mean":0}},{"type":"Polygon","arcs":[[313]],"properties":{"name":"Presidente De La Plaza","gaul_code":4544,"targetarea":1.8098253,"totpop":13176.4553673,"country_id":"ARG","targetpop":4127.1531982,"totalarea":2337.3877138,"new_mean":0.0111074}},{"type":"Polygon","arcs":[[314]],"properties":{"name":"Lavalle","gaul_code":4606,"targetarea":2.0147574,"totpop":32382.4485907,"country_id":"ARG","targetpop":4837.4606934,"totalarea":1517.6935054,"new_mean":0.0046171}},{"type":"Polygon","arcs":[[315,316,-33,317,318,-256]],"properties":{"name":"Godoy Cruz","gaul_code":4703,"targetarea":38.2788042,"totpop":195776.362385,"country_id":"ARG","targetpop":183729.581299,"totalarea":75.1152424,"new_mean":0}},{"type":"MultiPolygon","arcs":[[[319]],[[320]]],"properties":{"name":"Futaleufu","gaul_code":4557,"targetarea":7.1304614,"totpop":49906.9306288,"country_id":"ARG","targetpop":15493.1339111,"totalarea":9120.0279475,"new_mean":0}},{"type":"Polygon","arcs":[[321]],"properties":{"name":"Marcos Paz","gaul_code":4457,"targetarea":4.0323378,"totpop":66367.3795438,"country_id":"ARG","targetpop":6058.7884522,"totalarea":430.1985841,"new_mean":0}},{"type":"MultiPolygon","arcs":[[[322]],[[323]],[[324,-133,-4]]],"properties":{"name":"San Vicente","gaul_code":4494,"targetarea":27.6310073,"totpop":168838.006096,"country_id":"ARG","targetpop":78336.8192749,"totalarea":740.2343019,"new_mean":2.1936507e-7}},{"type":"Polygon","arcs":[[325]],"properties":{"name":"Capital","gaul_code":4723,"targetarea":89.8892195,"totpop":377140.260648,"country_id":"ARG","targetpop":302349.846252,"totalarea":977.8144651,"new_mean":0.0101279}},{"type":"Polygon","arcs":[[326]],"properties":{"name":"Caseros","gaul_code":4827,"targetarea":3.4059259,"totpop":81610.6680308,"country_id":"ARG","targetpop":7423.7001953,"totalarea":3252.2940793,"new_mean":0.0021256}},{"type":"Polygon","arcs":[[327]],"properties":{"name":"Feliciano","gaul_code":4624,"targetarea":1.7534152,"totpop":15261.4964443,"country_id":"ARG","targetpop":3661.4284668,"totalarea":2929.711065,"new_mean":1.3676794e-7}},{"type":"Polygon","arcs":[[328,329,-269,-10,-131,330]],"properties":{"name":"Lomas De Zamora","gaul_code":4452,"targetarea":87.4363875,"totpop":630498.979553,"country_id":"ARG","targetpop":629619.317017,"totalarea":87.918762,"new_mean":0}},{"type":"MultiPolygon","arcs":[[[331]],[[332]]],"properties":{"name":"El Carmen","gaul_code":4647,"targetarea":7.0278157,"totpop":110730.260455,"country_id":"ARG","targetpop":17719.1282959,"totalarea":934.3207813,"new_mean":0.0077077}},{"type":"Polygon","arcs":[[-300,333,-267,334,-274,335,-272,-222]],"properties":{"name":"Merlo","gaul_code":4459,"targetarea":108.6929867,"totpop":561850.527546,"country_id":"ARG","targetpop":512072.481842,"totalarea":172.103974,"new_mean":0}},{"type":"Polygon","arcs":[[336]],"properties":{"name":"Rosario Vera Penaloza","gaul_code":4698,"targetarea":1.0004726,"totpop":15582.7607719,"country_id":"ARG","targetpop":2368.133667,"totalarea":5031.2234694,"new_mean":0.000078}},{"type":"Polygon","arcs":[[337]],"properties":{"name":"Tres Arroyos","gaul_code":4502,"targetarea":4.5273931,"totpop":56856.400406,"country_id":"ARG","targetpop":9139.2807617,"totalarea":5983.3968977,"new_mean":0}},{"type":"Polygon","arcs":[[338]],"properties":{"name":"Canuelas","gaul_code":4400,"targetarea":1.6656118,"totpop":61091.870169,"country_id":"ARG","targetpop":3411.8334961,"totalarea":1194.7356816,"new_mean":0}},{"type":"MultiPolygon","arcs":[[[339]],[[340]],[[341]],[[342]]],"properties":{"name":"Escalante","gaul_code":4553,"targetarea":54.0543779,"totpop":248203.640041,"country_id":"ARG","targetpop":147330.905182,"totalarea":14353.41,"new_mean":0}},{"type":"Polygon","arcs":[[343,344,345,346,347]],"properties":{"name":"Capital","gaul_code":4876,"targetarea":77.7365994,"totpop":504663.963593,"country_id":"ARG","targetpop":498633.006836,"totalarea":84.3772734,"new_mean":0.0059893}},{"type":"Polygon","arcs":[[-319,348,-257]],"properties":{"name":"Maipu","gaul_code":4710,"targetarea":29.5881594,"totpop":203032.645805,"country_id":"ARG","targetpop":61748.0508423,"totalarea":658.6164918,"new_mean":0}},{"type":"Polygon","arcs":[[349]],"properties":{"name":"Rivadavia","gaul_code":4712,"targetarea":3.4824719,"totpop":62013.2509202,"country_id":"ARG","targetpop":5205.5343018,"totalarea":2111.7118858,"new_mean":0}},{"type":"Polygon","arcs":[[350,351,352,-345]],"properties":{"name":"Yerba Buena","gaul_code":4890,"targetarea":20.638498,"totpop":85432.6581354,"country_id":"ARG","targetpop":55249.6481934,"totalarea":148.6907133,"new_mean":0.0074083}},{"type":"Polygon","arcs":[[353]],"properties":{"name":"Bella Vista","gaul_code":4594,"targetarea":6.2948353,"totpop":40035.437855,"country_id":"ARG","targetpop":15885.2487793,"totalarea":1896.036333,"new_mean":0.0059047}},{"type":"MultiPolygon","arcs":[[[354]],[[355]],[[356]]],"properties":{"name":"General Lopez","gaul_code":4831,"targetarea":16.8674829,"totpop":206586.075926,"country_id":"ARG","targetpop":36098.1003418,"totalarea":11438.4819087,"new_mean":0.0005422}},{"type":"MultiPolygon","arcs":[[[357,358]],[[359,360]]],"properties":{"name":"Palpala","gaul_code":4650,"targetarea":9.592924,"totpop":52626.4674811,"country_id":"ARG","targetpop":25679.5328369,"totalarea":459.7300171,"new_mean":0.0042988}},{"type":"Polygon","arcs":[[361]],"properties":{"name":"Junin","gaul_code":4441,"targetarea":16.1317297,"totpop":92355.4288858,"country_id":"ARG","targetpop":37026.4678955,"totalarea":2265.1151035,"new_mean":0.0000126}},{"type":"Polygon","arcs":[[-48,362]],"properties":{"name":"Adolfo Alsina","gaul_code":4754,"targetarea":12.1394168,"totpop":65717.8128143,"country_id":"ARG","targetpop":28888.2779541,"totalarea":9047.6657265,"new_mean":0}},{"type":"Polygon","arcs":[[363]],"properties":{"name":"General Alvear","gaul_code":4702,"targetarea":5.4159657,"totpop":45930.7908856,"country_id":"ARG","targetpop":10883.7004395,"totalarea":14374.2601067,"new_mean":0}},{"type":"Polygon","arcs":[[364]],"properties":{"name":"San Pedro","gaul_code":4493,"targetarea":9.0659018,"totpop":63497.5947141,"country_id":"ARG","targetpop":19571.6008911,"totalarea":1367.0053404,"new_mean":0.0000055973752}},{"type":"Polygon","arcs":[[365]],"properties":{"name":"Formosa","gaul_code":4637,"targetarea":53.3054766,"totpop":264082.179603,"country_id":"ARG","targetpop":174409.936462,"totalarea":6517.4660806,"new_mean":0.0049754}},{"type":"Polygon","arcs":[[366]],"properties":{"name":"Nogoya","gaul_code":4630,"targetarea":2.5658524,"totpop":36731.2182955,"country_id":"ARG","targetpop":4523.5507812,"totalarea":4209.4182961,"new_mean":0}},{"type":"Polygon","arcs":[[367]],"properties":{"name":"La Cocha","gaul_code":4881,"targetarea":1.035776,"totpop":22119.4233266,"country_id":"ARG","targetpop":2824.4501953,"totalarea":957.6933988,"new_mean":0.0076294}},{"type":"MultiPolygon","arcs":[[[368]],[[369]],[[370]],[[371]]],"properties":{"name":"Parana","gaul_code":4631,"targetarea":62.8478834,"totpop":365785.119235,"country_id":"ARG","targetpop":172414.323425,"totalarea":5193.5150694,"new_mean":6.5791075e-8}},{"type":"Polygon","arcs":[[-79,372]],"properties":{"name":"Junin","gaul_code":4705,"targetarea":2.5576503,"totpop":53077.1377254,"country_id":"ARG","targetpop":8269.2456055,"totalarea":257.6629864,"new_mean":0}},{"type":"MultiPolygon","arcs":[[[373]],[[374]],[[375,-41]],[[376]]],"properties":{"name":"Confluencia","gaul_code":4741,"targetarea":90.0698456,"totpop":422680.961301,"country_id":"ARG","targetpop":242311.534607,"totalarea":7520.5160467,"new_mean":0}},{"type":"Polygon","arcs":[[377]],"properties":{"name":"Dolores","gaul_code":4415,"targetarea":3.8376279,"totpop":29240.0124407,"country_id":"ARG","targetpop":8046.8919678,"totalarea":1971.1025681,"new_mean":0}},{"type":"Polygon","arcs":[[378,-190,-210,379,-270,-330,380,381]],"properties":{"name":"Capital Federal","gaul_code":4378,"targetarea":184.6582539,"totpop":2843055.00757,"country_id":"ARG","targetpop":2843055.00757,"totalarea":184.6582541,"new_mean":0}},{"type":"Polygon","arcs":[[378,-190,-210,379,-270,-330,380,381]],"properties":{"name":"Capital Federal","gaul_code":4378,"targetarea":184.6582539,"totpop":2843055.00757,"country_id":"ARG","targetpop":2843055.00757,"totalarea":184.6582541,"new_mean":0}},{"type":"Polygon","arcs":[[382]],"properties":{"name":"San Pedro","gaul_code":4653,"targetarea":10.5385599,"totpop":78898.2676046,"country_id":"ARG","targetpop":28029.6524658,"totalarea":2013.435483,"new_mean":0.0092936}},{"type":"Polygon","arcs":[[383]],"properties":{"name":"Cafayate","gaul_code":4767,"targetarea":1.5424125,"totpop":17331.2522184,"country_id":"ARG","targetpop":4326.6274414,"totalarea":1376.3952399,"new_mean":0.0013398}},{"type":"MultiPolygon","arcs":[[[384,-279]],[[385]],[[386]]],"properties":{"name":"Castellanos","gaul_code":4828,"targetarea":26.3523492,"totpop":201737.479703,"country_id":"ARG","targetpop":53952.5943604,"totalarea":6706.1990494,"new_mean":0.0000883}},{"type":"Polygon","arcs":[[387]],"properties":{"name":"General Belgrano","gaul_code":4424,"targetarea":1.8715128,"totpop":19598.1091043,"country_id":"ARG","targetpop":3886.3609619,"totalarea":1832.302848,"new_mean":0}},{"type":"Polygon","arcs":[[388]],"properties":{"name":"Diamante","gaul_code":4621,"targetarea":0.9928333,"totpop":48128.0447049,"country_id":"ARG","targetpop":2599.2818603,"totalarea":2524.2117505,"new_mean":9.3891098e-7}},{"type":"MultiPolygon","arcs":[[[389]],[[-346,-353,390]]],"properties":{"name":"Lules","gaul_code":4883,"targetarea":3.1132936,"totpop":66761.093236,"country_id":"ARG","targetpop":6221.6954346,"totalarea":520.5356176,"new_mean":0.0071192}},{"type":"Polygon","arcs":[[391]],"properties":{"name":"General Alvarado","gaul_code":4421,"targetarea":5.2519556,"totpop":44031.3627409,"country_id":"ARG","targetpop":10913.1096802,"totalarea":1639.7241933,"new_mean":0}},{"type":"Polygon","arcs":[[392]],"properties":{"name":"General Pedernera","gaul_code":4810,"targetarea":19.4100307,"totpop":144736.789356,"country_id":"ARG","targetpop":43182.1847534,"totalarea":13873.9438854,"new_mean":0.0000169}},{"type":"Polygon","arcs":[[393]],"properties":{"name":"General Guemes","gaul_code":4537,"targetarea":5.4173966,"totpop":72869.0634823,"country_id":"ARG","targetpop":13024.7811279,"totalarea":26447.5067482,"new_mean":0.0114898}},{"type":"Polygon","arcs":[[-123,394,-124,395]],"properties":{"name":"Capital","gaul_code":4770,"targetarea":123.6471727,"totpop":583270.732624,"country_id":"ARG","targetpop":452565.862122,"totalarea":1566.4324645,"new_mean":0.0050212}},{"type":"MultiPolygon","arcs":[[[396]],[[397]],[[398]]],"properties":{"name":"General Obligado","gaul_code":4832,"targetarea":21.1245081,"totpop":188583.977439,"country_id":"ARG","targetpop":56647.0274658,"totalarea":11110.1694022,"new_mean":0.0035286}},{"type":"MultiPolygon","arcs":[[[399,-248]],[[-98,400,-246]]],"properties":{"name":"Ensenada","gaul_code":4416,"targetarea":11.2428825,"totpop":53782.7930775,"country_id":"ARG","targetpop":19562.6691895,"totalarea":101.9443581,"new_mean":0}},{"type":"Polygon","arcs":[[401,-359,402,-360]],"properties":{"name":"Capital","gaul_code":4645,"targetarea":65.1329459,"totpop":302200.006475,"country_id":"ARG","targetpop":228427.224731,"totalarea":2038.1986795,"new_mean":0.0093359}},{"type":"Polygon","arcs":[[403]],"properties":{"name":"Libertador General San Ma","gaul_code":4730,"targetarea":2.9698892,"totpop":52493.4648,"country_id":"ARG","targetpop":7164.5876465,"totalarea":1425.7633384,"new_mean":0.0114876}},{"type":"Polygon","arcs":[[403]],"properties":{"name":"Libertador General San Ma","gaul_code":4730,"targetarea":2.9698892,"totpop":52493.4648,"country_id":"ARG","targetpop":7164.5876465,"totalarea":1425.7633384,"new_mean":0.016347}},{"type":"Polygon","arcs":[[404]],"properties":{"name":"Uruguay","gaul_code":4633,"targetarea":14.7547397,"totpop":108969.0813,"country_id":"ARG","targetpop":33086.7545166,"totalarea":5149.0833932,"new_mean":0}},{"type":"Polygon","arcs":[[405]],"properties":{"name":"Caucete","gaul_code":4793,"targetarea":4.3747259,"totpop":44287.6372169,"country_id":"ARG","targetpop":11355.2866211,"totalarea":7798.9358463,"new_mean":0}},{"type":"Polygon","arcs":[[405]],"properties":{"name":"Caucete","gaul_code":4793,"targetarea":4.3747259,"totpop":44287.6372169,"country_id":"ARG","targetpop":11355.2866211,"totalarea":7798.9358463,"new_mean":3.1096218e-9}},{"type":"MultiPolygon","arcs":[[[406]],[[407]],[[408]]],"properties":{"name":"Rawson","gaul_code":4563,"targetarea":34.9316368,"totpop":150083.266537,"country_id":"ARG","targetpop":85631.0202637,"totalarea":4129.320267,"new_mean":0}},{"type":"Polygon","arcs":[[-53,409,-62,-220,-271,-380,-209]],"properties":{"name":"Tres De Febrero","gaul_code":4503,"targetarea":45.549458,"totpop":364329.069702,"country_id":"ARG","targetpop":364329.069702,"totalarea":45.5498455,"new_mean":0}},{"type":"Polygon","arcs":[[410]],"properties":{"name":"Comandante Fernandez","gaul_code":4533,"targetarea":27.0108518,"totpop":107772.276345,"country_id":"ARG","targetpop":71122.1519165,"totalarea":1474.9039501,"new_mean":0.0118071}},{"type":"Polygon","arcs":[[411]],"properties":{"name":"Chascomus","gaul_code":4407,"targetarea":3.615714,"totpop":46742.3366502,"country_id":"ARG","targetpop":6171.4765625,"totalarea":4204.8846762,"new_mean":0}},{"type":"MultiPolygon","arcs":[[[412]],[[413]]],"properties":{"name":"Rio Segundo","gaul_code":4584,"targetarea":4.1485731,"totpop":112095.586191,"country_id":"ARG","targetpop":10190.9958496,"totalarea":4892.3659788,"new_mean":0.0000654}},{"type":"Polygon","arcs":[[-381,-329,414,415]],"properties":{"name":"Lanus","gaul_code":4445,"targetarea":49.461158,"totpop":462044.441406,"country_id":"ARG","targetpop":462044.441406,"totalarea":49.4611578,"new_mean":0}},{"type":"Polygon","arcs":[[416,-129,417,-240]],"properties":{"name":"Santa Lucia","gaul_code":4801,"targetarea":8.6075582,"totpop":44665.2440872,"country_id":"ARG","targetpop":19579.4384766,"totalarea":55.0461084,"new_mean":0}},{"type":"Polygon","arcs":[[418]],"properties":{"name":"Eldorado","gaul_code":4725,"targetarea":12.14811,"totpop":92066.3563999,"country_id":"ARG","targetpop":26163.0935059,"totalarea":1874.8382116,"new_mean":0.0114234}},{"type":"Polygon","arcs":[[419]],"properties":{"name":"Paso De Los Libres","gaul_code":4610,"targetarea":6.4343294,"totpop":51353.219316,"country_id":"ARG","targetpop":12879.3354492,"totalarea":5005.2199259,"new_mean":0.0050681}},{"type":"Polygon","arcs":[[420]],"properties":{"name":"Coronel Suarez","gaul_code":4413,"targetarea":2.4240296,"totpop":39611.0692696,"country_id":"ARG","targetpop":4786.6599121,"totalarea":5971.1320814,"new_mean":0}},{"type":"Polygon","arcs":[[421]],"properties":{"name":"General Viamonte","gaul_code":4436,"targetarea":1.5411214,"totpop":18376.9984339,"country_id":"ARG","targetpop":2383.8448486,"totalarea":2157.7359914,"new_mean":0}},{"type":"Polygon","arcs":[[422,423,-415,-331,-130,424,-70]],"properties":{"name":"Quilmes","gaul_code":4477,"targetarea":87.8965303,"totpop":683134.417725,"country_id":"ARG","targetpop":682371.531616,"totalarea":88.7300114,"new_mean":0}},{"type":"Polygon","arcs":[[425]],"properties":{"name":"Trenque Lauquen","gaul_code":4501,"targetarea":7.6126044,"totpop":46840.6848161,"country_id":"ARG","targetpop":15554.8594971,"totalarea":5460.2264829,"new_mean":0}},{"type":"MultiPolygon","arcs":[[[426]],[[427]]],"properties":{"name":"Concordia","gaul_code":4620,"targetarea":28.8305822,"totpop":189623.560238,"country_id":"ARG","targetpop":78629.7921753,"totalarea":3579.9952049,"new_mean":3.1836164e-7}},{"type":"MultiPolygon","arcs":[[[428]],[[429]]],"properties":{"name":"Ledesma","gaul_code":4649,"targetarea":10.8758946,"totpop":88512.8941824,"country_id":"ARG","targetpop":28508.6690674,"totalarea":2794.8872925,"new_mean":0.0093422}},{"type":"Polygon","arcs":[[430]],"properties":{"name":"San Luis Del Palmar","gaul_code":4613,"targetarea":1.7840973,"totpop":19228.1367253,"country_id":"ARG","targetpop":4756.2027588,"totalarea":2612.155637,"new_mean":0.0094624}},{"type":"Polygon","arcs":[[431]],"properties":{"name":"Vera","gaul_code":4843,"targetarea":1.7694523,"totpop":51688.6688164,"country_id":"ARG","targetpop":4478.3795166,"totalarea":20782.1371737,"new_mean":0.0060044}},{"type":"Polygon","arcs":[[432]],"properties":{"name":"Coronel De Mariana Leonar","gaul_code":4410,"targetarea":9.9859022,"totpop":63019.7760432,"country_id":"ARG","targetpop":29533.2909546,"totalarea":1354.4157368,"new_mean":0}},{"type":"Polygon","arcs":[[433]],"properties":{"name":"Mercedes","gaul_code":4608,"targetarea":4.1518722,"totpop":42643.3315027,"country_id":"ARG","targetpop":10434.456543,"totalarea":9977.8350872,"new_mean":0.0075144}},{"type":"MultiPolygon","arcs":[[[434]],[[435]]],"properties":{"name":"Gualeguaychu","gaul_code":4626,"targetarea":15.269294,"totpop":118768.401284,"country_id":"ARG","targetpop":34585.5159912,"totalarea":7226.0297948,"new_mean":3.930728e-7}},{"type":"MultiPolygon","arcs":[[[436]],[[437]]],"properties":{"name":"Barioche","gaul_code":4756,"targetarea":25.0576156,"totpop":163802.306145,"country_id":"ARG","targetpop":65891.0836182,"totalarea":5457.8483561,"new_mean":8.9430095e-8}},{"type":"Polygon","arcs":[[438]],"properties":{"name":"Chacabuco","gaul_code":4406,"targetarea":6.4805993,"totpop":52464.0824627,"country_id":"ARG","targetpop":15853.571167,"totalarea":2280.5654586,"new_mean":0.0000221}},{"type":"Polygon","arcs":[[439]],"properties":{"name":"San Andres De Giles","gaul_code":4487,"targetarea":1.6777001,"totpop":25768.3472511,"country_id":"ARG","targetpop":3691.144043,"totalarea":1123.8705224,"new_mean":0}},{"type":"Polygon","arcs":[[440]],"properties":{"name":"Baradero","gaul_code":4391,"targetarea":4.1404949,"totpop":36751.2938999,"country_id":"ARG","targetpop":8139.2370606,"totalarea":1533.4405925,"new_mean":0}},{"type":"Polygon","arcs":[[441]],"properties":{"name":"9 De Julio","gaul_code":4529,"targetarea":4.5787343,"totpop":30572.6332869,"country_id":"ARG","targetpop":9870.3131103,"totalarea":2307.2197259,"new_mean":0.0103248}},{"type":"Polygon","arcs":[[442]],"properties":{"name":"Apostoles","gaul_code":4720,"targetarea":5.5109819,"totpop":47909.2034153,"country_id":"ARG","targetpop":12390.4493408,"totalarea":1042.8001367,"new_mean":0.0105052}},{"type":"MultiPolygon","arcs":[[[443]],[[444]],[[445]]],"properties":{"name":"Deseado","gaul_code":4816,"targetarea":26.1605792,"totpop":165434.85574,"country_id":"ARG","targetpop":57280.4661846,"totalarea":63133.4948098,"new_mean":0}},{"type":"MultiPolygon","arcs":[[[446]],[[447]]],"properties":{"name":"San Ignacio","gaul_code":4733,"targetarea":4.5937724,"totpop":60792.4661741,"country_id":"ARG","targetpop":11480.151123,"totalarea":1647.0797064,"new_mean":0.0113289}},{"type":"MultiPolygon","arcs":[[[446]],[[447]]],"properties":{"name":"San Ignacio","gaul_code":4733,"targetarea":4.5937724,"totpop":60792.4661741,"country_id":"ARG","targetpop":11480.151123,"totalarea":1647.0797064,"new_mean":0.0111173}},{"type":"MultiPolygon","arcs":[[[448,-351,-344,449]],[[450]]],"properties":{"name":"Tafi Viejo","gaul_code":4888,"targetarea":39.879587,"totpop":212149.710105,"country_id":"ARG","targetpop":146707.845642,"totalarea":1156.4798469,"new_mean":0.0064199}},{"type":"Polygon","arcs":[[451]],"properties":{"name":"Zarate","gaul_code":4509,"targetarea":15.9546883,"totpop":131434.526708,"country_id":"ARG","targetpop":34746.5307617,"totalarea":1225.6119191,"new_mean":0}},{"type":"MultiPolygon","arcs":[[[452]],[[-71,-425,-135,453]]],"properties":{"name":"Florencio Varela","gaul_code":4420,"targetarea":84.4818138,"totpop":482510.103298,"country_id":"ARG","targetpop":419487.100708,"totalarea":203.8303964,"new_mean":0}},{"type":"MultiPolygon","arcs":[[[454]],[[455]]],"properties":{"name":"Ushuaia","gaul_code":4872,"targetarea":12.5129478,"totpop":59867.040334,"country_id":"ARG","targetpop":28643.8502808,"totalarea":8850.7108515,"new_mean":5.2682197e-7}},{"type":"Polygon","arcs":[[456]],"properties":{"name":"Curuzu Cuatia","gaul_code":4598,"targetarea":5.8943367,"totpop":46783.2463499,"country_id":"ARG","targetpop":14486.4274902,"totalarea":8217.2852101,"new_mean":0.006382}},{"type":"Polygon","arcs":[[457]],"properties":{"name":"Gobernador Gordillo","gaul_code":4696,"targetarea":1.0105773,"totpop":15040.9727459,"country_id":"ARG","targetpop":2837.7425537,"totalarea":5554.7474169,"new_mean":0.0026508}},{"type":"Polygon","arcs":[[458]],"properties":{"name":"Azul","gaul_code":4388,"targetarea":8.4337255,"totpop":68154.7488516,"country_id":"ARG","targetpop":19657.0769043,"totalarea":6563.0282558,"new_mean":0}},{"type":"Polygon","arcs":[[459]],"properties":{"name":"General San Martin","gaul_code":4573,"targetarea":19.0404189,"totpop":141027.998583,"country_id":"ARG","targetpop":38004.1832275,"totalarea":4896.8608506,"new_mean":0.0002854}},{"type":"Polygon","arcs":[[460]],"properties":{"name":"Gral. Martin M. Guemes","gaul_code":4774,"targetarea":5.6380557,"totpop":55746.9545261,"country_id":"ARG","targetpop":11802.0092773,"totalarea":2314.7994227,"new_mean":0.0085537}},{"type":"Polygon","arcs":[[460]],"properties":{"name":"Gral. Martin M. Guemes","gaul_code":4774,"targetarea":5.6380557,"totpop":55746.9545261,"country_id":"ARG","targetpop":11802.0092773,"totalarea":2314.7994227,"new_mean":0.0063903}},{"type":"Polygon","arcs":[[461]],"properties":{"name":"Rauch","gaul_code":4479,"targetarea":1.5941119,"totpop":16008.9683383,"country_id":"ARG","targetpop":3886.5001221,"totalarea":4269.9974062,"new_mean":0}},{"type":"Polygon","arcs":[[462]],"properties":{"name":"Choya","gaul_code":4851,"targetarea":4.5154071,"totpop":35807.6984551,"country_id":"ARG","targetpop":9001.677124,"totalarea":6095.0103671,"new_mean":0.0026066}},{"type":"Polygon","arcs":[[463]],"properties":{"name":"General Taboada","gaul_code":4854,"targetarea":2.0246892,"totpop":40120.5124395,"country_id":"ARG","targetpop":4409.3236084,"totalarea":6058.3511533,"new_mean":0.006291}},{"type":"Polygon","arcs":[[464,-382,-416,-424]],"properties":{"name":"Avellaneda","gaul_code":4386,"targetarea":51.5100289,"totpop":364433.492493,"country_id":"ARG","targetpop":364433.492493,"totalarea":51.9432529,"new_mean":0}},{"type":"MultiPolygon","arcs":[[[465]],[[466]],[[467]]],"properties":{"name":"Colon","gaul_code":4619,"targetarea":6.7081482,"totpop":87774.0573661,"country_id":"ARG","targetpop":15832.2486572,"totalarea":3357.3591921,"new_mean":2.7613063e-7}},{"type":"Polygon","arcs":[[468]],"properties":{"name":"Lincoln","gaul_code":4449,"targetarea":2.6464109,"totpop":42732.6814442,"country_id":"ARG","targetpop":3696.9146728,"totalarea":5756.848345,"new_mean":0}},{"type":"Polygon","arcs":[[-171,469]],"properties":{"name":"Name Unknown","gaul_code":4464,"targetarea":4.2782806,"totpop":16375.4147339,"country_id":"ARG","targetpop":0,"totalarea":10.1744794,"new_mean":0}},{"type":"Polygon","arcs":[[-89,470,-316,-255]],"properties":{"name":"Capital","gaul_code":4701,"targetarea":41.8765261,"totpop":208298.10228,"country_id":"ARG","targetpop":193610.953613,"totalarea":72.7925822,"new_mean":0}},{"type":"Polygon","arcs":[[471]],"properties":{"name":"Bartolome Mitre","gaul_code":4392,"targetarea":2.6714297,"totpop":31071.6038595,"country_id":"ARG","targetpop":4962.3193359,"totalarea":1232.7703701,"new_mean":0.0000078365308}},{"type":"Polygon","arcs":[[-418,-128,-290,-241]],"properties":{"name":"Capital","gaul_code":4792,"targetarea":28.1515738,"totpop":122128.454796,"country_id":"ARG","targetpop":109404.766968,"totalarea":184.3155209,"new_mean":0}},{"type":"Polygon","arcs":[[-109,472,-111,473,-155,474]],"properties":{"name":"Capital","gaul_code":4569,"targetarea":317.4966168,"totpop":1361138.80637,"country_id":"ARG","targetpop":1224800.43945,"totalarea":576.7120166,"new_mean":2.3353157e-7}},{"type":"Polygon","arcs":[[475]],"properties":{"name":"Pergamino","gaul_code":4472,"targetarea":18.6853685,"totpop":111264.080372,"country_id":"ARG","targetpop":43705.3954468,"totalarea":3046.3807652,"new_mean":0.0003414}},{"type":"Polygon","arcs":[[476]],"properties":{"name":"Zapala","gaul_code":4751,"targetarea":5.2096837,"totpop":37373.180989,"country_id":"ARG","targetpop":11908.1629639,"totalarea":5234.1944701,"new_mean":0}},{"type":"Polygon","arcs":[[477]],"properties":{"name":"Famailla","gaul_code":4879,"targetarea":5.1310571,"totpop":38320.2125604,"country_id":"ARG","targetpop":12404.2496338,"totalarea":414.0836809,"new_mean":0.0076729}},{"type":"Polygon","arcs":[[478]],"properties":{"name":"Capital","gaul_code":4684,"targetarea":55.5836367,"totpop":227190.656975,"country_id":"ARG","targetpop":149932.972839,"totalarea":13494.7202215,"new_mean":0.0040264}},{"type":"Polygon","arcs":[[479]],"properties":{"name":"Capital","gaul_code":4663,"targetarea":27.206456,"totpop":115158.44341,"country_id":"ARG","targetpop":68616.437439,"totalarea":2519.2992636,"new_mean":0}},{"type":"Polygon","arcs":[[480]],"properties":{"name":"Villaguay","gaul_code":4635,"targetarea":4.0667257,"totpop":51591.9317299,"country_id":"ARG","targetpop":10128.5357666,"totalarea":7238.4258948,"new_mean":0}},{"type":"Polygon","arcs":[[-450,-348,481]],"properties":{"name":"Cruz Alta","gaul_code":4878,"targetarea":32.4691544,"totpop":216579.894056,"country_id":"ARG","targetpop":92171.1206055,"totalarea":1166.3440917,"new_mean":0.0071647}},{"type":"MultiPolygon","arcs":[[[482]],[[483]],[[484]],[[485]],[[486]],[[487]]],"properties":{"name":"General Jose De San Marti","gaul_code":4773,"targetarea":22.415256,"totpop":180118.239067,"country_id":"ARG","targetpop":56742.067688,"totalarea":15922.5984382,"new_mean":0.0104271}},{"type":"Polygon","arcs":[[488]],"properties":{"name":"Monteros","gaul_code":4884,"targetarea":4.8988133,"totpop":68610.457036,"country_id":"ARG","targetpop":9535.1916504,"totalarea":1192.6200933,"new_mean":0.0068823}}]}},"arcs":[[[-58.608993,-34.8892347],[-58.62863,-34.899513],[-58.6166672,-34.9087496],[-58.608993,-34.8892347]],[[-58.3974075,-34.9120941],[-58.4167252,-34.8858261],[-58.4170572,-34.8719712]],[[-58.4170572,-34.8719712],[-58.4212082,-34.8796155],[-58.4039067,-34.9043877],[-58.4045796,-34.9156914]],[[-58.4045796,-34.9156914],[-58.3974075,-34.9120941]],[[-58.6374619,-34.862575],[-58.6290044,-34.8547457],[-58.6111132,-34.816827]],[[-58.6111132,-34.816827],[-58.6311035,-34.855423],[-58.6374619,-34.862575]],[[-58.5508384,-34.7563585],[-58.5669212,-34.7607574],[-58.5689267,-34.7675615]],[[-58.5689267,-34.7675615],[-58.5540125,-34.7630872],[-58.5508384,-34.7563585]],[[-58.4334841,-34.8495926],[-58.4485283,-34.8290977],[-58.4312325,-34.8204422]],[[-58.4312325,-34.8204422],[-58.5019951,-34.7263374]],[[-58.5019951,-34.7263374],[-58.5135231,-34.7436829],[-58.5272284,-34.7474002]],[[-58.5272284,-34.7474002],[-58.5015223,-34.7595309],[-58.5083338,-34.792083],[-58.5264165,-34.7728366],[-58.5372645,-34.7964856],[-58.5460698,-34.804347],[-58.551742,-34.8210136],[-58.5206792,-34.8041354],[-58.5127365,-34.8248141],[-58.5470545,-34.8466403],[-58.5455734,-34.8714775],[-58.5877609,-34.8793551],[-58.5867681,-34.8960381],[-58.610645,-34.9173678],[-58.6175216,-34.929347],[-58.5413091,-34.9020032],[-58.5209152,-34.8791761],[-58.5043543,-34.8881767],[-58.4907313,-34.8873629],[-58.4787196,-34.8612073],[-58.4456222,-34.8631767],[-58.4334841,-34.8495926]],[[-53.6194667,-26.2532158],[-53.6457362,-26.2399264],[-53.6528,-26.2637708],[-53.6166672,-26.267083],[-53.6194667,-26.2532158]],[[-53.7195273,-26.0715325],[-53.7290993,-26.0592403],[-53.7365077,-26.0766615],[-53.7250005,-26.0837497],[-53.7195273,-26.0715325]],[[-54.0389816,-25.6646986],[-54.0612066,-25.6717949],[-54.0333338,-25.6754163],[-54.0389816,-25.6646986]],[[-58.4854253,-37.1397311],[-58.4946213,-37.154526],[-58.4750005,-37.1587496],[-58.4854253,-37.1397311]],[[-65.5916671,-22.0967921],[-65.6083338,-22.0963404],[-65.6083338,-22.117083],[-65.5916671,-22.117083],[-65.5916671,-22.0967921]],[[-60.9290044,-31.4401543],[-60.9446212,-31.4479993],[-60.9250005,-31.4587497],[-60.9290044,-31.4401543]],[[-62.6866704,-32.6148125],[-62.6941655,-32.629111],[-62.6833338,-32.6337497],[-62.6866704,-32.6148125]],[[-65.303337,-27.0231458],[-65.3108322,-27.0374443],[-65.3000005,-27.042083],[-65.303337,-27.0231458]],[[-71.0723719,-39.9388033],[-71.0870366,-39.9529228],[-71.0666671,-39.9587496],[-71.0723719,-39.9388033]],[[-60.8307052,-33.23047],[-60.8453699,-33.2445895],[-60.8250005,-33.2504163],[-60.8307052,-33.23047]],[[-60.4640386,-33.18047],[-60.4787033,-33.1945895],[-60.4583338,-33.2004163],[-60.4640386,-33.18047]],[[-60.5166671,-33.1254163],[-60.5260421,-33.1635999],[-60.4882655,-33.1642754],[-60.5110356,-33.1293063],[-60.5166671,-33.1254163]],[[-60.7987147,-33.1146172],[-60.8200688,-33.1347913],[-60.7916671,-33.142083],[-60.7987147,-33.1146172]],[[-60.5538742,-33.097275],[-60.5781743,-33.1132337],[-60.5416671,-33.117083],[-60.5538742,-33.097275]],[[-60.6166671,-33.1004163],[-60.6166671,-33.0837496],[-60.6416671,-33.0837496],[-60.6416671,-33.1004163],[-60.6166671,-33.1004163]],[[-60.8755539,-33.0078463],[-60.8944666,-33.0219088],[-60.8666671,-33.0254163],[-60.8755539,-33.0078463]],[[-60.8510138,-32.9083615],[-60.859583,-32.9237573]],[[-60.859583,-32.9237573],[-60.8370366,-32.9374524],[-60.8294601,-32.9469251],[-60.7843104,-32.9340345],[-60.729631,-32.9424329],[-60.7463872,-32.9709485],[-60.7452641,-32.9800224],[-60.779631,-32.9874524],[-60.7926437,-33.0037041],[-60.7620366,-33.0124524],[-60.7541671,-33.0311373],[-60.7399419,-32.9973727],[-60.7254725,-32.9857842],[-60.7018641,-32.988722],[-60.6841639,-33.0307223],[-60.6705327,-33.0290296],[-60.654631,-33.0383802],[-60.6202641,-33.0458102],[-60.6217778,-33.0580172],[-60.5720545,-33.0882256],[-60.554631,-33.091733],[-60.5833338,-33.042083],[-60.5895106,-33.0626071],[-60.6118169,-33.051108],[-60.5916671,-33.0337497],[-60.6129643,-32.9883802],[-60.6216802,-32.948097],[-60.6732373,-32.9056563],[-60.6795888,-32.888475],[-60.6953699,-32.8457858],[-60.7009308,-32.839212],[-60.7155308,-32.838596],[-60.7403081,-32.8695325],[-60.7369308,-32.896681],[-60.7727869,-32.9069349],[-60.8098882,-32.9023125],[-60.8323654,-32.9155286],[-60.8510138,-32.9083615]],[[-68.871143,-33.0225192],[-68.8947677,-33.0381035],[-68.8666671,-33.042083],[-68.871143,-33.0225192]],[[-68.8764628,-32.956236],[-68.8460616,-32.9715996],[-68.8353276,-32.970737],[-68.8238516,-32.9574114]],[[-68.8238516,-32.9574114],[-68.8764628,-32.956236]],[[-54.9783371,-27.1981458],[-54.9858322,-27.2124443],[-54.9750005,-27.217083],[-54.9783371,-27.1981458]],[[-54.8921229,-27.0802992],[-54.9039312,-27.1023857],[-54.8833338,-27.1087497],[-54.8921229,-27.0802992]],[[-67.08016,-39.1119235],[-67.0635503,-39.101694],[-67.0926193,-39.0889091],[-67.1031743,-39.1048597],[-67.08016,-39.1119235]],[[-67.5299321,-39.0218193],[-67.5715988,-39.0136813],[-67.5797286,-39.0019056],[-67.6080164,-39.0082451],[-67.6005131,-39.041733],[-67.5666671,-39.0504163],[-67.5496912,-39.0361178],[-67.5368657,-39.0389905],[-67.5299321,-39.0218193]],[[-67.81495,-38.97068],[-67.85127,-38.9642835],[-67.8433273,-38.9805432],[-67.8083338,-38.9837496],[-67.81495,-38.97068]],[[-67.9148279,-38.947804],[-67.9447677,-38.9550143],[-67.9083338,-38.9587496],[-67.9148279,-38.947804]],[[-68.0156673,-38.9575845],[-68.0116948,-38.9529716],[-67.9808435,-38.9554537],[-67.9628097,-38.9399101],[-67.9722335,-38.9065524],[-68.0063481,-38.9217786],[-68.0270838,-38.9458346],[-68.0339595,-38.9427663]],[[-68.0339595,-38.9427663],[-68.0156673,-38.9575845]],[[-68.0653162,-38.813901],[-68.07863,-38.8288831],[-68.0500004,-38.8337496],[-68.0653162,-38.813901]],[[-67.7777104,-37.8709648],[-67.794784,-37.8591809],[-67.8117355,-37.8869316],[-67.7916671,-37.892083],[-67.7777104,-37.8709648]],[[-64.3859624,-33.9074069],[-64.4018234,-33.9227226],[-64.3833338,-33.9254163],[-64.3859624,-33.9074069]],[[-64.3151779,-33.0905937],[-64.3375005,-33.0975436],[-64.3465011,-33.0947441],[-64.3531743,-33.1055758],[-64.3897221,-33.1121513],[-64.3781743,-33.1285901],[-64.3694666,-33.1541679],[-64.3500005,-33.1587496],[-64.3468266,-33.1535901],[-64.3193201,-33.1386162],[-64.3247238,-33.1212496],[-64.3151779,-33.0905937]],[[-64.3366704,-32.7481458],[-64.3441655,-32.7624443],[-64.3333338,-32.767083],[-64.3366704,-32.7481458]],[[-62.977642,-40.8086417],[-62.9657964,-40.7904472],[-62.9965854,-40.797352]],[[-62.9965854,-40.797352],[-62.977642,-40.8086417]],[[-60.2114588,-26.8581963],[-60.23606,-26.8624036],[-60.2266525,-26.8801689],[-60.2083338,-26.8837497],[-60.2114588,-26.8581963]],[[-58.6193237,-34.551899],[-58.6080322,-34.5402374]],[[-58.6080322,-34.5402374],[-58.6161635,-34.5333132]],[[-58.6161635,-34.5333132],[-58.6304615,-34.5544945]],[[-58.6304615,-34.5544945],[-58.6193237,-34.551899]],[[-58.8153922,-34.4256976],[-58.8214089,-34.4265868]],[[-58.8214089,-34.4265868],[-58.8218403,-34.4575212]],[[-58.8218403,-34.4575212],[-58.8140793,-34.4563733],[-58.8123782,-34.4872801]],[[-58.8123782,-34.4872801],[-58.8234787,-34.5133934]],[[-58.8234787,-34.5133934],[-58.7864774,-34.5520261]],[[-58.7864774,-34.5520261],[-58.7819218,-34.5567826]],[[-58.7819218,-34.5567826],[-58.7774315,-34.5630951],[-58.7143631,-34.6104889]],[[-58.7143631,-34.6104889],[-58.6975136,-34.6007576],[-58.6589127,-34.5712776],[-58.6467018,-34.5679512]],[[-58.6467018,-34.5679512],[-58.6395836,-34.5607147],[-58.6353111,-34.5589447],[-58.6336441,-34.5590973],[-58.6310387,-34.5570068],[-58.6307521,-34.554925]],[[-58.6307521,-34.554925],[-58.6333338,-34.5587496],[-58.6624761,-34.5510592],[-58.6853765,-34.5346448],[-58.6514328,-34.5131035],[-58.6420701,-34.5112526]],[[-58.6420701,-34.5112526],[-58.6787224,-34.4800415],[-58.7064323,-34.4454117]],[[-58.7064323,-34.4454117],[-58.7367325,-34.4616508]],[[-58.7367325,-34.4616508],[-58.7455635,-34.469902],[-58.7705231,-34.4824448],[-58.8153922,-34.4256976]],[[-64.227928,-27.8147889],[-64.2383194,-27.81003],[-64.2818832,-27.7671757],[-64.3027224,-27.7535831]],[[-64.3027224,-27.7535831],[-64.2951176,-27.7796644],[-64.3107101,-27.8193291],[-64.2869634,-27.8290459],[-64.2713709,-27.8551201],[-64.2630376,-27.8540459],[-64.2214441,-27.8370212],[-64.227928,-27.8147889]],[[-58.194886,-34.8808692],[-58.1872645,-34.8876803],[-58.175798,-34.9126722],[-58.1627365,-34.8929375],[-58.1795496,-34.8460787],[-58.1622645,-34.8381523],[-58.1472254,-34.8053805],[-58.1355148,-34.794915],[-58.1794764,-34.7556328],[-58.1791242,-34.7497278],[-58.1992371,-34.7412296]],[[-58.1992371,-34.7412296],[-58.2684479,-34.7772675]],[[-58.2684479,-34.7772675],[-58.2537346,-34.7939644],[-58.2264748,-34.8098564],[-58.2031822,-34.816082],[-58.1962471,-34.8245316],[-58.1811523,-34.8690186],[-58.194886,-34.8808692]],[[-60.3200688,-33.228818],[-60.3354334,-33.2182142],[-60.3534022,-33.2326592],[-60.3166671,-33.242083],[-60.3200688,-33.228818]],[[-65.7341105,-28.44945],[-65.7477218,-28.4470065],[-65.7620366,-28.4291191],[-65.7820236,-28.4217135],[-65.8216232,-28.471152],[-65.8119471,-28.4876152],[-65.8135014,-28.5001234],[-65.7833338,-28.5087497],[-65.754631,-28.4707858],[-65.7408796,-28.4678134]],[[-65.7408796,-28.4678134],[-65.7341105,-28.44945]],[[-59.2555343,-29.1698825],[-59.2444666,-29.1642835],[-59.2388677,-29.1345065],[-59.256869,-29.1142835],[-59.2858403,-29.1719495],[-59.2583338,-29.1754163],[-59.2555343,-29.1698825]],[[-56.6719774,-36.7276648],[-56.6719693,-36.7168661],[-56.6810145,-36.7059502],[-56.6944666,-36.729819],[-56.6750005,-36.7337496],[-56.6719774,-36.7276648]],[[-56.6837163,-36.5326673],[-56.7115077,-36.538193],[-56.6916672,-36.5504163],[-56.6837163,-36.5326673]],[[-68.4501391,-33.0912853],[-68.4537032,-33.0707858],[-68.4822514,-33.0587578],[-68.492526,-33.0804161]],[[-68.492526,-33.0804161],[-68.4501391,-33.0912853]],[[-68.5444666,-33.0532158],[-68.563241,-33.0437187],[-68.5694666,-33.0552422],[-68.5444666,-33.0532158]],[[-59.3734503,-26.313829],[-59.3583338,-26.317083],[-59.3687586,-26.2980645],[-59.376363,-26.3102988],[-59.3734503,-26.313829]],[[-59.1057052,-25.7221367],[-59.1203699,-25.7362562],[-59.1000005,-25.742083],[-59.1057052,-25.7221367]],[[-65.0178452,-42.7871246],[-65.0327911,-42.7751923],[-65.0380859,-42.7636642],[-65.0368169,-42.720566],[-65.0494227,-42.7135999],[-65.0759933,-42.7883883],[-65.0178452,-42.7871246]],[[-64.5101399,-31.4392092],[-64.4974442,-31.4157677],[-64.4890034,-31.4068025]],[[-64.4890034,-31.4068025],[-64.5142013,-31.4140068],[-64.5101399,-31.4392092]],[[-64.4640385,-31.23047],[-64.4787033,-31.2445895],[-64.4583338,-31.2504163],[-64.4640385,-31.23047]],[[-64.4797368,-31.0808607],[-64.4952967,-31.093084],[-64.4750005,-31.1087497],[-64.4797368,-31.0808607]],[[-68.7846138,-32.8563183],[-68.7705245,-32.8465589],[-68.7788579,-32.8382256],[-68.7968103,-32.8459404],[-68.7948165,-32.821095],[-68.8311609,-32.8132256],[-68.8528162,-32.8383558],[-68.8705652,-32.8369316],[-68.8788579,-32.8465589],[-68.9057311,-32.8598073]],[[-68.9057311,-32.8598073],[-68.82621,-32.8609619],[-68.8170395,-32.8728676]],[[-68.8170395,-32.8728676],[-68.7846138,-32.8563183]],[[-68.828337,-32.7898125],[-68.8358322,-32.804111],[-68.8250004,-32.8087497],[-68.828337,-32.7898125]],[[-69.3450037,-32.5814791],[-69.3524988,-32.5957776],[-69.3416671,-32.6004163],[-69.3450037,-32.5814791]],[[-57.70516,-25.281943],[-57.7252039,-25.2720879],[-57.7533289,-25.2863376],[-57.7283289,-25.2954115],[-57.7166672,-25.3087497],[-57.70516,-25.281943]],[[-61.1781255,-27.2081963],[-61.2027267,-27.2124036],[-61.1933192,-27.2301689],[-61.1750005,-27.2337497],[-61.1781255,-27.2081963]],[[-54.4716314,-26.9716159],[-54.5039312,-27.0037692],[-54.4666672,-27.0087497],[-54.4716314,-26.9716159]],[[-65.579395,-27.3302829],[-65.6202234,-27.3415703],[-65.6035568,-27.3539727],[-65.5964441,-27.3635267],[-65.5750005,-27.367083],[-65.579395,-27.3302829]],[[-57.8667271,-34.9387192],[-57.9083094,-34.9054131],[-57.8849207,-34.8866793],[-57.8640304,-34.8892835],[-57.8379644,-34.8774264],[-57.8712977,-34.8633802],[-57.8871994,-34.8540296],[-57.8958899,-34.8550968]],[[-57.8958899,-34.8550968],[-57.9070663,-34.8747025],[-57.9359894,-34.9004402]],[[-57.9359894,-34.9004402],[-57.8997498,-34.928791],[-57.8667271,-34.9387192]],[[-64.4192957,-23.3824069],[-64.4351567,-23.3977227],[-64.4166671,-23.4004164],[-64.4192957,-23.3824069]],[[-64.2114507,-23.3125095],[-64.2172287,-23.305348],[-64.2367355,-23.3285983],[-64.2166671,-23.3337497],[-64.2114507,-23.3125095]],[[-64.2770919,-23.2313978],[-64.2862879,-23.2461927],[-64.2666671,-23.2504164],[-64.2770919,-23.2313978]],[[-64.3051111,-23.131821],[-64.3286788,-23.1137546],[-64.3366622,-23.1537611],[-64.3166671,-23.1587497],[-64.3051111,-23.131821]],[[-63.7717453,-35.6786715],[-63.7304122,-35.6710218],[-63.7504887,-35.6417005],[-63.7789393,-35.6497002],[-63.786589,-35.6763359],[-63.7717453,-35.6786715]],[[-64.0606416,-31.3771939],[-64.0500005,-31.3837497],[-64.0420496,-31.3660006],[-64.0607739,-31.3697236],[-64.0606416,-31.3771939]],[[-64.3458621,-31.3583723],[-64.3212257,-31.3478028]],[[-64.3212257,-31.3478028],[-64.3375005,-31.3289157],[-64.3473149,-31.3403089],[-64.3458621,-31.3583723]],[[-64.1681264,-31.3148276],[-64.176034,-31.2965589],[-64.1841533,-31.3147498]],[[-64.1841533,-31.3147498],[-64.1681264,-31.3148276]],[[-64.249222,-31.3144341],[-64.2990402,-31.2754163],[-64.3138514,-31.3086113],[-64.3134082,-31.3141226]],[[-64.3134082,-31.3141226],[-64.249222,-31.3144341]],[[-64.1616704,-31.2648125],[-64.1691655,-31.279111],[-64.1583338,-31.2837497],[-64.1616704,-31.2648125]],[[-64.0858364,-30.971047],[-64.1022548,-30.9731936]],[[-64.1022548,-30.9731936],[-64.1117355,-30.9931247],[-64.0833338,-31.0004163],[-64.0774012,-30.9762708],[-64.0858364,-30.971047]],[[-58.478896,-34.4944072],[-58.4791107,-34.4860916],[-58.4930267,-34.4723587],[-58.519753,-34.4537738]],[[-58.519753,-34.4537738],[-58.5998688,-34.4923248]],[[-58.5998688,-34.4923248],[-58.6007156,-34.4946594]],[[-58.6007156,-34.4946594],[-58.5543098,-34.5352211]],[[-58.5543098,-34.5352211],[-58.5319405,-34.5182381],[-58.478896,-34.4944072]],[[-61.1016362,-36.2286145],[-61.1190434,-36.2226168],[-61.1278,-36.2381523],[-61.1083338,-36.242083],[-61.1016362,-36.2286145]],[[-69.2049321,-51.6454846],[-69.1864181,-51.6385591],[-69.1978149,-51.6283035],[-69.1913253,-51.6166679],[-69.2420496,-51.59769],[-69.2784021,-51.6224703],[-69.2437667,-51.6463879],[-69.2083338,-51.6504162],[-69.2049321,-51.6454846]],[[-65.3840412,-24.7142563],[-65.424976,-24.7087741],[-65.4235454,-24.7202736]],[[-65.4235454,-24.7202736],[-65.3957901,-24.7231827],[-65.3840412,-24.7142563]],[[-65.422854,-24.8644038],[-65.4511948,-24.8565025],[-65.4750184,-24.8545391]],[[-65.4750184,-24.8545391],[-65.4704188,-24.8654554],[-65.439299,-24.8615817],[-65.422854,-24.8644038]],[[-68.5038855,-31.4921982],[-68.5338383,-31.4759046],[-68.5869633,-31.4967868],[-68.6139336,-31.5024768]],[[-68.6139336,-31.5024768],[-68.5556488,-31.501606]],[[-68.5556488,-31.501606],[-68.5393906,-31.49827],[-68.5109406,-31.4968853]],[[-68.5109406,-31.4968853],[-68.5038855,-31.4921982]],[[-58.3107986,-34.7968712],[-58.3372574,-34.7585869]],[[-58.3372574,-34.7585869],[-58.3628044,-34.7711029],[-58.359581,-34.7749901],[-58.411377,-34.8018265],[-58.4059982,-34.8080406],[-58.4312325,-34.8204422]],[[-58.4334841,-34.8495926],[-58.4298426,-34.8455172],[-58.4088791,-34.8569104],[-58.4170572,-34.8719712]],[[-58.3974075,-34.9120941],[-58.3461591,-34.8891783]],[[-58.3461591,-34.8891783],[-58.3455734,-34.8793958],[-58.3548752,-34.8622815],[-58.3533371,-34.8365084],[-58.3228411,-34.8225149]],[[-58.3228411,-34.8225149],[-58.3336716,-34.8091583],[-58.3107986,-34.7968712]],[[-55.1366704,-27.8564792],[-55.1441655,-27.8707777],[-55.1333338,-27.8754163],[-55.1366704,-27.8564792]],[[-60.8669357,-35.4421969],[-60.8891606,-35.4308769],[-60.9028732,-35.4551282],[-60.8750005,-35.4587496],[-60.8669357,-35.4421969]],[[-60.0341476,-26.9220798],[-60.0704513,-26.9181735],[-60.0416671,-26.942083],[-60.0341476,-26.9220798]],[[-61.6033371,-32.7731458],[-61.6108322,-32.7874443],[-61.6000005,-32.792083],[-61.6033371,-32.7731458]],[[-60.7800786,-31.6953382],[-60.7549891,-31.6865084],[-60.7467453,-31.6579277],[-60.7842534,-31.6471611],[-60.7978195,-31.6683607],[-60.7946619,-31.679583],[-60.7994227,-31.6965182],[-60.7800786,-31.6953382]],[[-60.5916671,-31.617083],[-60.6101242,-31.6208102],[-60.6166671,-31.6337497],[-60.5982101,-31.6300224],[-60.5916671,-31.617083]],[[-60.5916671,-31.617083],[-60.5632736,-31.6097995],[-60.5778081,-31.5970146],[-60.5916671,-31.617083]],[[-60.6844162,-31.5718926],[-60.7272873,-31.5538343],[-60.7607264,-31.5579928],[-60.7259852,-31.617083],[-60.7379643,-31.6374525],[-60.7453699,-31.6591891],[-60.7166671,-31.6754163],[-60.7060552,-31.6621595],[-60.6954595,-31.6634778],[-60.6817794,-31.6464043],[-60.6524012,-31.6380058],[-60.6723882,-31.629583],[-60.6685633,-31.598862],[-60.6844162,-31.5718926]],[[-60.6673263,-31.5059013],[-60.6869634,-31.5161797],[-60.6750005,-31.5254163],[-60.6673263,-31.5059013]],[[-60.7297368,-31.4808607],[-60.7452967,-31.493084],[-60.7250005,-31.5087497],[-60.7297368,-31.4808607]],[[-60.6470464,-31.2918795],[-60.6781743,-31.3048597],[-60.6583338,-31.317083],[-60.6470464,-31.2918795]],[[-60.7616704,-31.2564791],[-60.7691655,-31.2707777],[-60.7583338,-31.2754163],[-60.7616704,-31.2564791]],[[-60.7450037,-31.1731458],[-60.7524988,-31.1874443],[-60.7416671,-31.192083],[-60.7450037,-31.1731458]],[[-58.7807052,-30.9388034],[-58.79537,-30.9529228],[-58.7750005,-30.9587497],[-58.7807052,-30.9388034]],[[-64.5083338,-31.4504163],[-64.5153923,-31.4524015],[-64.516477,-31.4552858],[-64.5083338,-31.4504163]],[[-64.5083338,-31.4504163],[-64.5037033,-31.4467135],[-64.4666671,-31.4004163]],[[-64.4666671,-31.4004163],[-64.4890034,-31.4068025]],[[-64.5101399,-31.4392092],[-64.5083338,-31.4504163]],[[-64.4666671,-31.4004163],[-64.4631662,-31.3909045],[-64.4641962,-31.3916309],[-64.4666671,-31.4004163]],[[-64.3173601,-31.3616314],[-64.3174108,-31.3522302]],[[-64.3174108,-31.3522302],[-64.3212257,-31.3478028]],[[-64.3458621,-31.3583723],[-64.3454188,-31.3638847],[-64.3173601,-31.3616314]],[[-58.5225364,-34.4518383],[-58.5416718,-34.4387894],[-58.5620995,-34.4364738],[-58.5810204,-34.4505768],[-58.5960426,-34.4541283],[-58.5992851,-34.4771614],[-58.6072655,-34.4861679],[-58.5998688,-34.4923248]],[[-58.519753,-34.4537738],[-58.5225364,-34.4518383]],[[-60.7059656,-27.5605156],[-60.7257899,-27.564959],[-60.7367355,-27.5795749],[-60.7000005,-27.5837497],[-60.7059656,-27.5605156]],[[-61.0978276,-33.8888115],[-61.1205978,-33.8998141],[-61.0916671,-33.9087496],[-61.0978276,-33.8888115]],[[-60.3083338,-36.917083],[-60.2950688,-36.8970146],[-60.2882655,-36.8797701],[-60.3438644,-36.8720146],[-60.3346929,-36.9129244],[-60.3083338,-36.917083]],[[-58.7187586,-27.4813978],[-58.7279546,-27.4961927],[-58.7083338,-27.5004163],[-58.7187586,-27.4813978]],[[-58.7583338,-27.4504163],[-58.7868332,-27.4434176],[-58.7950688,-27.455348],[-58.8510408,-27.4627378],[-58.8535248,-27.4642297],[-58.8594813,-27.4907809],[-58.8299321,-27.5136813],[-58.8034022,-27.5204847],[-58.7952723,-27.5322604],[-58.7735031,-27.5273776],[-58.7583338,-27.5337497],[-58.7670822,-27.4981214],[-58.7504318,-27.4866305],[-58.7727056,-27.4712497],[-58.7617355,-27.4636813],[-58.7583338,-27.4504163]],[[-54.5588872,-25.9578464],[-54.5778,-25.9719089],[-54.5500005,-25.9754163],[-54.5588872,-25.9578464]],[[-54.5617355,-25.6136813],[-54.5549321,-25.5970147],[-54.5702757,-25.5935653],[-54.5906799,-25.5945701],[-54.5831548,-25.6281182],[-54.5750005,-25.6337497],[-54.5617355,-25.6136813]],[[-58.9083338,-34.617083],[-58.881481,-34.6391968]],[[-58.881481,-34.6391968],[-58.8845139,-34.6314812],[-58.8647118,-34.6216011],[-58.8777139,-34.6019297]],[[-58.8777139,-34.6019297],[-58.8833338,-34.6087496],[-58.8833338,-34.617083],[-58.9083338,-34.617083]],[[-58.9083338,-34.617083],[-58.9040369,-34.604526],[-58.9451258,-34.5796644],[-58.9790858,-34.6117607],[-58.9676084,-34.6126241]],[[-58.9676084,-34.6126241],[-58.9573784,-34.5993423],[-58.9360962,-34.6060791],[-58.922812,-34.6159939]],[[-58.922812,-34.6159939],[-58.9083338,-34.617083]],[[-64.227928,-27.8147889],[-64.2381434,-27.779762],[-64.2358484,-27.7642347],[-64.2098637,-27.7211602],[-64.2538579,-27.7118747],[-64.2724126,-27.7230644],[-64.2674484,-27.7566582],[-64.3062749,-27.7413994],[-64.3027224,-27.7535831]],[[-64.1283371,-27.5648125],[-64.1358322,-27.579111],[-64.1250005,-27.5837497],[-64.1283371,-27.5648125]],[[-64.345671,-30.4151543],[-64.3612879,-30.4229993],[-64.3416671,-30.4337497],[-64.345671,-30.4151543]],[[-59.7650314,-35.6303642],[-59.7810145,-35.6226168],[-59.7944666,-35.6464856],[-59.7750005,-35.6504163],[-59.7650314,-35.6303642]],[[-58.6080322,-34.5402374],[-58.6029071,-34.5203043]],[[-58.6029071,-34.5203043],[-58.6161635,-34.5333132]],[[-58.5225364,-34.4518383],[-58.5413933,-34.4370766],[-58.5412837,-34.4312111],[-58.5872645,-34.404347],[-58.6210698,-34.3964856],[-58.6397873,-34.3863131],[-58.6868657,-34.3891207],[-58.6960454,-34.3788506],[-58.7059077,-34.3794378]],[[-58.7059077,-34.3794378],[-58.7163162,-34.3986473],[-58.7351151,-34.4086761],[-58.7064323,-34.4454117]],[[-58.6420701,-34.5112526],[-58.5992991,-34.5027973]],[[-58.5992991,-34.5027973],[-58.6007156,-34.4946594]],[[-58.6528,-34.4239026],[-58.6466558,-34.4103447],[-58.6267176,-34.4204358],[-58.6333338,-34.4337496],[-58.6528,-34.4239026]],[[-58.6926969,-34.3544822],[-58.6822759,-34.379762],[-58.67863,-34.3566256],[-58.6898601,-34.3518421],[-58.6926969,-34.3544822]],[[-64.1223719,-25.1054701],[-64.1370366,-25.1195895],[-64.1166671,-25.1254163],[-64.1223719,-25.1054701]],[[-65.5990646,-27.4283379],[-65.6227299,-27.4136813],[-65.6367355,-27.4431247],[-65.6083338,-27.4504163],[-65.5990646,-27.4283379]],[[-58.9452967,-34.1623792],[-58.9807785,-34.147861],[-58.9759933,-34.1802015],[-58.9333338,-34.192083],[-58.9452967,-34.1623792]],[[-58.4675521,-34.5398101],[-58.4721146,-34.5295868],[-58.478896,-34.4944072]],[[-58.5543098,-34.5352211],[-58.5381699,-34.5492668],[-58.5242157,-34.5566025],[-58.5102959,-34.574501]],[[-58.5102959,-34.574501],[-58.500515,-34.5540886],[-58.4675521,-34.5398101]],[[-58.863386,-34.5687355],[-58.8452027,-34.5501511]],[[-58.8452027,-34.5501511],[-58.8527023,-34.5476168],[-58.863386,-34.5687355]],[[-58.8723719,-34.4721367],[-58.8870366,-34.4862562],[-58.8666672,-34.492083],[-58.8723719,-34.4721367]],[[-58.8123782,-34.4872801],[-58.821257,-34.4885918],[-58.8342371,-34.4717868],[-58.8528081,-34.4829033],[-58.8548589,-34.4967461],[-58.82863,-34.5040459],[-58.8253723,-34.5157438]],[[-58.8253723,-34.5157438],[-58.8234787,-34.5133934]],[[-58.9700688,-34.4371513],[-58.9958338,-34.4193698],[-59.0034022,-34.4304537],[-58.9666672,-34.4504163],[-58.9700688,-34.4371513]],[[-58.7367325,-34.4616508],[-58.7744179,-34.4106674],[-58.7843058,-34.4069538]],[[-58.7843058,-34.4069538],[-58.7904709,-34.4220146],[-58.8153922,-34.4256976]],[[-58.8214089,-34.4265868],[-58.8551193,-34.4315687],[-58.8500005,-34.4004163]],[[-58.8500005,-34.4004163],[-58.8695317,-34.4054293],[-58.8833338,-34.4254163],[-58.9213709,-34.4373792],[-58.937175,-34.446917],[-58.9532964,-34.4445325],[-58.9548589,-34.4550794],[-58.92863,-34.4623792],[-58.9184005,-34.4873792],[-58.8952967,-34.4801201],[-58.8804448,-34.4608818],[-58.8625005,-34.4635348],[-58.8218403,-34.4575212]],[[-58.9617355,-34.4121513],[-58.9794683,-34.3939466],[-58.9867355,-34.4181246],[-58.9583338,-34.4254163],[-58.9617355,-34.4121513]],[[-58.8500005,-34.4004163],[-58.8357347,-34.3964434]],[[-58.8357347,-34.3964434],[-58.8446269,-34.3934523]],[[-58.8446269,-34.3934523],[-58.8500005,-34.4004163]],[[-64.8467778,-27.4962822],[-64.8447514,-27.4872409],[-64.8693364,-27.480348],[-64.8784022,-27.5076592],[-64.8416671,-27.517083],[-64.8467778,-27.4962822]],[[-59.1058273,-37.2978528],[-59.1694259,-37.2884534],[-59.1740321,-37.3056735],[-59.1620285,-37.3038994],[-59.1483322,-37.3373548],[-59.1250005,-37.3504163],[-59.1177414,-37.3410087],[-59.0963709,-37.324513],[-59.1058273,-37.2978528]],[[-60.2384933,-34.3035901],[-60.2261072,-34.2959648],[-60.254688,-34.2862236],[-60.2615076,-34.2965263],[-60.2416671,-34.3087496],[-60.2384933,-34.3035901]],[[-58.5992991,-34.5027973],[-58.6029071,-34.5203043]],[[-58.6193237,-34.551899],[-58.5621376,-34.5962677],[-58.5229874,-34.6018677]],[[-58.5229874,-34.6018677],[-58.5102959,-34.574501]],[[-59.4028,-34.6532158],[-59.4200933,-34.6314466],[-59.4516444,-34.64686],[-59.4432866,-34.6639661],[-59.4000005,-34.667083],[-59.4028,-34.6532158]],[[-69.0119308,-33.5644137],[-69.0446945,-33.5816175],[-69.0083338,-33.6004163],[-69.0119308,-33.5644137]],[[-64.1016362,-32.1702812],[-64.1190434,-32.1642835],[-64.1277999,-32.179819],[-64.1083338,-32.1837497],[-64.1016362,-32.1702812]],[[-60.4750005,-35.1254163],[-60.4750005,-35.1087496],[-60.5000005,-35.1087496],[-60.5000005,-35.1254163],[-60.4750005,-35.1254163]],[[-59.3314132,-26.5254163],[-59.356633,-26.5310723],[-59.3532964,-26.5459567],[-59.3250005,-26.5504163],[-59.3314132,-26.5254163]],[[-58.8250005,-34.3337496],[-58.8250005,-34.3254163],[-58.8500005,-34.3254163],[-58.8500005,-34.3337496],[-58.8250005,-34.3337496]],[[-58.8250005,-34.3337496],[-58.8189295,-34.3707288],[-58.8446269,-34.3934523]],[[-58.8357347,-34.3964434],[-58.8215093,-34.3924817],[-58.7993332,-34.3637545],[-58.7594487,-34.3800794],[-58.7797043,-34.3957125],[-58.7843058,-34.4069538]],[[-58.7059077,-34.3794378],[-58.7199631,-34.3802747],[-58.7678472,-34.360361],[-58.7789311,-34.3412936],[-58.7539311,-34.329819],[-58.7460698,-34.3217461],[-58.8250005,-34.3337496]],[[-58.5567627,-34.6388245],[-58.5729256,-34.6329498],[-58.5889587,-34.6105156],[-58.5930099,-34.6123734],[-58.6467018,-34.5679512]],[[-58.7143631,-34.6104889],[-58.7296944,-34.6393547]],[[-58.7296944,-34.6393547],[-58.6577263,-34.6980896],[-58.6415176,-34.7084198]],[[-58.6415176,-34.7084198],[-58.5837364,-34.6546478],[-58.5827065,-34.6470985],[-58.5567627,-34.6388245]],[[-57.6200037,-27.7398125],[-57.6274989,-27.754111],[-57.6166672,-27.7587497],[-57.6200037,-27.7398125]],[[-68.523147,-31.5984399],[-68.5226059,-31.5863781],[-68.5795121,-31.5694018]],[[-68.5795121,-31.5694018],[-68.578158,-31.5822685],[-68.5345301,-31.6001234],[-68.523147,-31.5984399]],[[-55.3147466,-27.592083],[-55.3399663,-27.5977389],[-55.3366297,-27.6126234],[-55.3083338,-27.617083],[-55.3147466,-27.592083]],[[-65.156991,-31.9392835],[-65.2111333,-31.9455254],[-65.1928309,-31.9592217],[-65.179159,-31.9525403],[-65.1666671,-31.9587497],[-65.156991,-31.9392835]],[[-64.177629,-28.2907402],[-64.19349,-28.306056],[-64.1750005,-28.3087497],[-64.177629,-28.2907402]],[[-54.0970464,-26.6085462],[-54.1281743,-26.6215264],[-54.1083338,-26.6337497],[-54.0970464,-26.6085462]],[[-59.0833338,-36.0254163],[-59.0833338,-36.0087496],[-59.1083338,-36.0087496],[-59.1083338,-36.0254163],[-59.0833338,-36.0254163]],[[-67.4944666,-29.1532158],[-67.5111333,-29.152817],[-67.4974614,-29.18082],[-67.4944666,-29.1532158]],[[-60.8510138,-32.9083615],[-60.8627934,-32.9038343],[-60.8703699,-32.9172051],[-60.859583,-32.9237573]],[[-60.9033371,-32.8898125],[-60.9108322,-32.904111],[-60.9000005,-32.9087497],[-60.9033371,-32.8898125]],[[-60.7187586,-32.8063978],[-60.7279546,-32.8211927],[-60.7083338,-32.8254163],[-60.7187586,-32.8063978]],[[-60.7295008,-32.7295911],[-60.7281662,-32.7129977],[-60.7424972,-32.7048922],[-60.7369878,-32.7734225],[-60.7250005,-32.7837497],[-60.7295008,-32.7295911]],[[-68.546257,-31.5442429],[-68.5533066,-31.5542984],[-68.5680847,-31.5510273],[-68.6053676,-31.5360708]],[[-68.6053676,-31.5360708],[-68.5773523,-31.5548109],[-68.5795121,-31.5694018]],[[-68.523147,-31.5984399],[-68.50245,-31.5953789],[-68.505396,-31.5754163],[-68.5019129,-31.5518405],[-68.466781,-31.5570325],[-68.474606,-31.5440578]],[[-68.474606,-31.5440578],[-68.5049896,-31.5407944]],[[-68.5049896,-31.5407944],[-68.5102615,-31.5472717],[-68.5289764,-31.5493183],[-68.546257,-31.5442429]],[[-58.0859624,-34.9740735],[-58.1018234,-34.9893893],[-58.0833338,-34.992083],[-58.0859624,-34.9740735]],[[-58.0470464,-35.0033704],[-58.0322352,-34.9952487],[-58.0377039,-34.9724622],[-58.0612879,-35.0025647],[-58.0470464,-35.0033704]],[[-58.1166672,-34.8837496],[-58.1352625,-34.8877535],[-58.1274175,-34.9033704],[-58.1166672,-34.8837496]],[[-58.1166672,-34.8837496],[-58.095964,-34.8881686],[-58.0798019,-34.8872083],[-58.0546392,-34.9008883],[-58.0217697,-34.9159681],[-58.0540207,-34.9447929],[-58.0583338,-34.9587496],[-58.037533,-34.953639],[-58.0201502,-34.9534925],[-58.0166672,-34.967083],[-57.9878504,-34.9854179],[-57.9629644,-34.9707858],[-57.9199142,-34.9614759],[-57.8966558,-34.964373],[-57.8629644,-34.941733],[-57.8667271,-34.9387192]],[[-57.9359894,-34.9004402],[-57.9715031,-34.8770729]],[[-57.9715031,-34.8770729],[-57.9814533,-34.8749221]],[[-57.9814533,-34.8749221],[-57.9948349,-34.8792381],[-58.0115653,-34.8673502]],[[-58.0115653,-34.8673502],[-58.0287033,-34.8624524],[-58.0666672,-34.8587496],[-58.0728358,-34.8465589],[-58.0884531,-34.8412883],[-58.1000955,-34.8506668],[-58.1166672,-34.8837496]],[[-59.0817306,-34.5637627],[-59.1216151,-34.5437269],[-59.1312586,-34.5627942],[-59.1224045,-34.5809339],[-59.0916672,-34.5837496],[-59.0817306,-34.5637627]],[[-65.7408796,-28.4678134],[-65.7203699,-28.4633802],[-65.7341105,-28.44945]],[[-65.6131596,-27.5719984],[-65.6369633,-27.5924411],[-65.6083338,-27.6004163],[-65.6131596,-27.5719984]],[[-68.6950037,-32.8898125],[-68.7024988,-32.904111],[-68.6916671,-32.9087497],[-68.6950037,-32.8898125]],[[-68.7115182,-32.9543515],[-68.7145675,-32.9163343],[-68.746143,-32.8965589],[-68.7538579,-32.8792737],[-68.7705245,-32.8626071],[-68.7846138,-32.8563183]],[[-68.8170395,-32.8728676],[-68.8263931,-32.9076157]],[[-68.8263931,-32.9076157],[-68.7952042,-32.9157066]],[[-68.7952042,-32.9157066],[-68.7229156,-32.9351387],[-68.7115182,-32.9543515]],[[-58.9925867,-27.3911309],[-59.0123784,-27.4132744],[-59.0373784,-27.4043063],[-59.0622645,-27.4070081],[-59.03405,-27.4322279],[-59.0489181,-27.459596],[-58.9539311,-27.5126803],[-58.9333338,-27.5254163],[-58.9294032,-27.504347],[-58.9114263,-27.4712741],[-58.9528325,-27.4584893],[-58.9622645,-27.4363783],[-58.9452967,-27.421209],[-58.9925867,-27.3911309]],[[-58.9859624,-27.4074069],[-58.9833338,-27.4254163],[-59.0018234,-27.4227227],[-58.9859624,-27.4074069]],[[-57.6932134,-38.0034355],[-57.72627,-37.9976168],[-57.7185959,-38.0133313],[-57.7000005,-38.017083],[-57.6932134,-38.0034355]],[[-57.6528,-38.0032158],[-57.6710291,-37.9939954],[-57.6861333,-38.0054375],[-57.6500005,-38.0087496],[-57.6528,-38.0032158]],[[-57.5342064,-37.9372749],[-57.5862065,-37.937013],[-57.6121912,-37.9465589],[-57.6467127,-37.9544039],[-57.6188237,-37.9784274],[-57.6294764,-37.9876071],[-57.6421147,-38.0159192],[-57.603451,-38.0331718],[-57.6046066,-38.0476005],[-57.562061,-38.0865654],[-57.5635096,-38.1046806],[-57.5512466,-38.1083743],[-57.5479355,-38.0964088],[-57.5387459,-38.0852203],[-57.5401878,-38.057354],[-57.5252953,-38.0273094],[-57.547554,-38.0002556],[-57.5532265,-37.9792519],[-57.5422554,-37.9468002],[-57.5342064,-37.9372749]],[[-57.6394943,-30.2388115],[-57.6622645,-30.2498141],[-57.6333338,-30.2587497],[-57.6394943,-30.2388115]],[[-60.1697159,-33.3545424],[-60.2397384,-33.3048922],[-60.2468022,-33.3133965],[-60.244312,-33.344386],[-60.2572189,-33.3675224],[-60.2198003,-33.3537773],[-60.2044764,-33.3715589],[-60.1750005,-33.3837496],[-60.1738369,-33.3784155],[-60.1712437,-33.3665275],[-60.1692755,-33.3575048],[-60.1697159,-33.3545424]],[[-66.2666671,-33.292083],[-66.2500005,-33.292083],[-66.2500005,-33.2837496],[-66.2666671,-33.2837496],[-66.2666671,-33.292083]],[[-66.2959314,-33.2598564],[-66.3250005,-33.2641452],[-66.3440434,-33.2613375],[-66.3619633,-33.3051201],[-66.37863,-33.3179863],[-66.3699305,-33.3325289],[-66.3355392,-33.3274427],[-66.3083338,-33.3337496],[-66.3047042,-33.3040459],[-66.2880376,-33.2911797],[-66.2959314,-33.2598564]],[[-58.7101521,-34.7773854],[-58.727133,-34.7641332]],[[-58.727133,-34.7641332],[-58.7427333,-34.786796],[-58.7419727,-34.7873875],[-58.7101521,-34.7773854]],[[-58.5019951,-34.7263374],[-58.4848022,-34.7310295],[-58.4616623,-34.7090492]],[[-58.4616623,-34.7090492],[-58.5289307,-34.6595345]],[[-58.5289307,-34.6595345],[-58.5567627,-34.6388245]],[[-58.6415176,-34.7084198],[-58.6366348,-34.7188492],[-58.6501846,-34.7302589],[-58.6627556,-34.7323523]],[[-58.6627556,-34.7323523],[-58.6716548,-34.7393179]],[[-58.6716548,-34.7393179],[-58.6756172,-34.7431221],[-58.6589546,-34.756279],[-58.6741104,-34.7695465],[-58.6852388,-34.765032]],[[-58.6852388,-34.765032],[-58.6630539,-34.786484],[-58.6617436,-34.8195325],[-58.6873377,-34.8630791],[-58.7027349,-34.8773369],[-58.7140087,-34.8986469],[-58.7061868,-34.9046691],[-58.6806808,-34.9056816],[-58.6374619,-34.862575]],[[-58.6111132,-34.816827],[-58.5986089,-34.7903252],[-58.5755157,-34.7726147],[-58.5722597,-34.7701176],[-58.5689267,-34.7675615]],[[-58.5508384,-34.7563585],[-58.5430832,-34.7399183],[-58.5272284,-34.7474002]],[[-62.0647762,-31.4142897],[-62.1063888,-31.422511],[-62.1033289,-31.4379814],[-62.073586,-31.4406927]],[[-62.073586,-31.4406927],[-62.0647762,-31.4142897]],[[-63.0486496,-31.4055677],[-63.0619634,-31.4205498],[-63.0333338,-31.4254163],[-63.0486496,-31.4055677]],[[-62.0005539,-30.699513],[-62.0194666,-30.7135755],[-61.9916671,-30.717083],[-62.0005539,-30.699513]],[[-59.5205815,-29.9977796],[-59.5364344,-30.0208997],[-59.5166671,-30.0254163],[-59.5205815,-29.9977796]],[[-67.6954082,-53.8021133],[-67.6922607,-53.7887993],[-67.6975632,-53.7752953],[-67.7284956,-53.7542454],[-67.7380457,-53.7713554],[-67.7284998,-53.7795829],[-67.7455245,-53.7942558],[-67.7294113,-53.804941],[-67.6954082,-53.8021133]],[[-63.7756596,-32.747568],[-63.7952967,-32.7578463],[-63.7833338,-32.767083],[-63.7756596,-32.747568]],[[-68.2859461,-34.6298353],[-68.3010747,-34.6181572],[-68.3239995,-34.5884534],[-68.3692794,-34.6065361],[-68.3740727,-34.6390149],[-68.3536951,-34.6360039],[-68.3166671,-34.642083],[-68.3130376,-34.6373792],[-68.2859461,-34.6298353]],[[-58.2444666,-37.8448824],[-58.2634852,-37.8352633],[-58.2694666,-37.8552421],[-58.2416672,-37.8587496],[-58.2444666,-37.8448824]],[[-62.2333338,-38.692083],[-62.2218266,-38.7055758],[-62.2056238,-38.7119235],[-62.1968266,-38.6890882],[-62.2299728,-38.6777926],[-62.2333338,-38.692083]],[[-62.2333338,-38.692083],[-62.3007736,-38.6777763],[-62.3174077,-38.7184176],[-62.3023849,-38.7300061],[-62.3048426,-38.7466728],[-62.2948572,-38.7543876],[-62.3116378,-38.7822034],[-62.2709084,-38.7962685],[-62.2615075,-38.7964319],[-62.2463709,-38.7846529],[-62.2630376,-38.7717867],[-62.2702967,-38.7583916],[-62.2090337,-38.7413261],[-62.2297042,-38.7134534],[-62.2333338,-38.692083]],[[-64.7901372,-30.7238864],[-64.8116948,-30.7090101],[-64.8200688,-30.7257825],[-64.7833338,-30.7504163],[-64.7901372,-30.7238864]],[[-68.546257,-31.5442429],[-68.5498962,-31.5379963],[-68.5639648,-31.5366154],[-68.5668716,-31.5207443],[-68.5556488,-31.501606]],[[-68.6139336,-31.5024768],[-68.6213709,-31.5040459],[-68.6344405,-31.5209811],[-68.6083338,-31.5254163],[-68.6053676,-31.5360708]],[[-60.9623377,-26.9484876],[-60.9779546,-26.9563327],[-60.9583338,-26.967083],[-60.9623377,-26.9484876]],[[-57.9214035,-30.9725273],[-57.9369634,-30.9847506],[-57.9166672,-31.0004163],[-57.9214035,-30.9725273]],[[-57.9697352,-30.7456393],[-57.9848638,-30.7386813],[-58.0034022,-30.7626071],[-57.9750005,-30.767083],[-57.9697352,-30.7456393]],[[-56.0333338,-28.567083],[-56.0333338,-28.542083],[-56.0500005,-28.542083],[-56.0500005,-28.567083],[-56.0333338,-28.567083]],[[-56.0069097,-28.0474622],[-56.020313,-28.0392835],[-56.0278,-28.0614515],[-56.0166672,-28.067083],[-56.0069097,-28.0474622]],[[-58.7083338,-38.5587496],[-58.7151372,-38.5488863],[-58.7336431,-38.5361178],[-58.7593511,-38.5358167],[-58.7784022,-38.5423108],[-58.7437749,-38.5662203],[-58.7468918,-38.5801445],[-58.7358862,-38.5877398],[-58.7202454,-38.5793343],[-58.6889735,-38.5721204],[-58.7083338,-38.5587496]],[[-58.7819218,-34.5567826],[-58.7771326,-34.5891777],[-58.8348719,-34.5977063],[-58.8802902,-34.5844658],[-58.8777139,-34.6019297]],[[-58.881481,-34.6391968],[-58.8709966,-34.6464124],[-58.8380376,-34.6619642],[-58.8377477,-34.6899762],[-58.821581,-34.6884998],[-58.8101591,-34.6825161],[-58.8077925,-34.6812638],[-58.7897945,-34.6745824]],[[-58.7897945,-34.6745824],[-58.7541046,-34.6620636],[-58.7322807,-34.6469345],[-58.7296944,-34.6393547]],[[-58.863386,-34.5687355],[-58.8333338,-34.5754163],[-58.8361333,-34.5532158],[-58.8452027,-34.5501511]],[[-58.8253723,-34.5157438],[-58.8124028,-34.5623141],[-58.796257,-34.5646985],[-58.7864774,-34.5520261]],[[-64.9705815,-25.481113],[-64.9864344,-25.5042331],[-64.9666671,-25.5087497],[-64.9705815,-25.481113]],[[-59.9950688,-34.9121513],[-60.0030604,-34.8765312],[-60.0280685,-34.8821383],[-60.0367355,-34.9055188],[-59.9950688,-34.9121513]],[[-59.4640386,-34.2388034],[-59.4787033,-34.2529228],[-59.4583338,-34.2587496],[-59.4640386,-34.2388034]],[[-60.4223149,-26.3313652],[-60.4445399,-26.3384616],[-60.4166671,-26.342083],[-60.4223149,-26.3313652]],[[-60.583993,-30.7809014],[-60.60363,-30.7911797],[-60.5916671,-30.8004163],[-60.583993,-30.7809014]],[[-55.0894292,-27.4801364],[-55.1184494,-27.4601006],[-55.1413335,-27.4750013],[-55.1353195,-27.5018242],[-55.1083338,-27.5087497],[-55.0894292,-27.4801364]],[[-59.2992762,-33.1405286],[-59.3151535,-33.1226168],[-59.3319259,-33.1557711],[-59.3083338,-33.1587496],[-59.2992762,-33.1405286]],[[-64.0858364,-30.971047],[-64.09773,-30.9636813],[-64.1022548,-30.9731936]],[[-62.4533371,-32.9064791],[-62.4608322,-32.9207776],[-62.4500005,-32.9254163],[-62.4533371,-32.9064791]],[[-62.0896326,-32.6798597],[-62.1205978,-32.6903414],[-62.1000005,-32.7087497],[-62.0896326,-32.6798597]],[[-56.9914284,-37.2999687],[-56.9645106,-37.2593193],[-56.9769536,-37.2470146],[-57.0117355,-37.2865572],[-56.9914284,-37.2999687]],[[-59.8437586,-26.9897311],[-59.8529546,-27.004526],[-59.8333338,-27.0087497],[-59.8437586,-26.9897311]],[[-59.0973719,-28.9721367],[-59.1120366,-28.9862562],[-59.0916672,-28.992083],[-59.0973719,-28.9721367]],[[-68.8263931,-32.9076157],[-68.8613892,-32.9079895],[-68.876915,-32.9050903],[-68.8976856,-32.9095926]],[[-68.8976856,-32.9095926],[-68.8869715,-32.9188245],[-68.8860356,-32.9519625],[-68.8764628,-32.956236]],[[-68.8238516,-32.9574114],[-68.8212278,-32.9543647]],[[-68.8212278,-32.9543647],[-68.8224487,-32.9477081],[-68.8107147,-32.9371414],[-68.7952042,-32.9157066]],[[-71.4618982,-43.0729586],[-71.4695398,-43.0945162],[-71.4583338,-43.1004163],[-71.4618982,-43.0729586]],[[-71.3132654,-42.9204846],[-71.2884282,-42.911191],[-71.3172286,-42.8970146],[-71.3367355,-42.9202649],[-71.3132654,-42.9204846]],[[-58.8235438,-34.7634697],[-58.8540858,-34.7853528],[-58.8333338,-34.792083],[-58.8235438,-34.7634697]],[[-58.4137944,-35.0134616],[-58.4373377,-35.0250257],[-58.4083338,-35.042083],[-58.4137944,-35.0134616]],[[-58.36648,-34.9832695],[-58.3777023,-34.9642835],[-58.3917078,-34.991969],[-58.3750005,-35.0004163],[-58.36648,-34.9832695]],[[-58.4045796,-34.9156914],[-58.4048833,-34.9207939],[-58.3830327,-34.9520683],[-58.3588058,-34.9249443],[-58.3455734,-34.9131279],[-58.3461591,-34.8891783]],[[-55.8602137,-27.4272962],[-55.8850835,-27.410125],[-55.8753342,-27.366668],[-55.9055262,-27.3470146],[-55.9555262,-27.3609551],[-55.9635503,-27.3967624],[-55.9519211,-27.442083],[-55.9291672,-27.4369805],[-55.9166672,-27.4397881],[-55.8940191,-27.43471],[-55.8734705,-27.4488864],[-55.8627772,-27.4643812],[-55.8382655,-27.480348],[-55.8299321,-27.4720146],[-55.8367355,-27.453818],[-55.8465988,-27.4470146],[-55.8602137,-27.4272962]],[[-61.1640386,-33.03047],[-61.1787033,-33.0445895],[-61.1583338,-33.0504163],[-61.1640386,-33.03047]],[[-58.752092,-30.3730644],[-58.7612879,-30.3878594],[-58.7416672,-30.392083],[-58.752092,-30.3730644]],[[-58.3477325,-34.743103],[-58.3677406,-34.7493286],[-58.381916,-34.7419968],[-58.4143295,-34.7364845],[-58.4472427,-34.693222]],[[-58.4472427,-34.693222],[-58.4616623,-34.7090492]],[[-58.3372574,-34.7585869],[-58.3477325,-34.743103]],[[-65.1623377,-24.431821],[-65.1779546,-24.439666],[-65.1583338,-24.4504164],[-65.1623377,-24.431821]],[[-65.1169357,-24.3632744],[-65.1290044,-24.386541],[-65.1000005,-24.392083],[-65.1169357,-24.3632744]],[[-58.7897945,-34.6745824],[-58.7956711,-34.7047457],[-58.8123377,-34.7201836],[-58.8052876,-34.7432536],[-58.796959,-34.7484526],[-58.7597254,-34.7095879],[-58.7126632,-34.7399834],[-58.727133,-34.7641332]],[[-58.7101521,-34.7773854],[-58.6919764,-34.7577568],[-58.6852388,-34.765032]],[[-58.6716548,-34.7393179],[-58.7035568,-34.7216321],[-58.6557541,-34.7149345],[-58.6627556,-34.7323523]],[[-66.5866704,-31.3314791],[-66.5941655,-31.3457777],[-66.5833338,-31.3504163],[-66.5866704,-31.3314791]],[[-60.2697921,-38.3665296],[-60.2943934,-38.3707369],[-60.2849858,-38.3885022],[-60.2666671,-38.392083],[-60.2697921,-38.3665296]],[[-58.7604253,-35.0397311],[-58.7696213,-35.054526],[-58.7500005,-35.0587496],[-58.7604253,-35.0397311]],[[-67.5460434,-45.9341229],[-67.5394943,-45.9209485],[-67.5705245,-45.9142835],[-67.5777999,-45.9385754],[-67.5500004,-45.9420829],[-67.5460434,-45.9341229]],[[-67.5583338,-45.9004163],[-67.5943689,-45.9041109],[-67.5651128,-45.9118502],[-67.5583338,-45.9004163]],[[-67.5583338,-45.9004163],[-67.511941,-45.8970296],[-67.4889679,-45.8742027],[-67.4698486,-45.862175],[-67.4534021,-45.8220146],[-67.4465988,-45.7955172],[-67.5034021,-45.7952649],[-67.4697433,-45.8038993],[-67.4746587,-45.8258313],[-67.5069666,-45.8379163],[-67.484701,-45.8462496],[-67.5137212,-45.8571139],[-67.5534835,-45.8481946],[-67.5636398,-45.8877779],[-67.5583338,-45.9004163]],[[-67.4166671,-45.8004163],[-67.4166671,-45.7837496],[-67.4416671,-45.7837496],[-67.4416671,-45.8004163],[-67.4166671,-45.8004163]],[[-65.1656647,-26.8079319],[-65.1748734,-26.8018131],[-65.1989365,-26.808115],[-65.2277832,-26.7980518],[-65.2569199,-26.7928829]],[[-65.2569199,-26.7928829],[-65.2723846,-26.8301983],[-65.2769089,-26.8470707]],[[-65.2769089,-26.8470707],[-65.2759131,-26.8555211]],[[-65.2759131,-26.8555211],[-65.2631841,-26.8635999],[-65.2418869,-26.8718193],[-65.2378008,-26.8775161],[-65.2331148,-26.8840491],[-65.2166671,-26.892083],[-65.2024001,-26.8795843]],[[-65.2024001,-26.8795843],[-65.1841278,-26.8539028],[-65.1817322,-26.8465881],[-65.1658554,-26.8263893],[-65.1656647,-26.8079319]],[[-68.8212278,-32.9543647],[-68.7948654,-32.954998],[-68.7974939,-32.987721],[-68.7755131,-32.9959404],[-68.780811,-32.9299166],[-68.7115182,-32.9543515]],[[-68.4485437,-33.171803],[-68.4790857,-33.1936862],[-68.4583338,-33.2004163],[-68.4485437,-33.171803]],[[-65.2569199,-26.7928829],[-65.2610317,-26.7908027]],[[-65.2610317,-26.7908027],[-65.2791671,-26.7970716],[-65.3112391,-26.794028],[-65.3178878,-26.827695],[-65.3000005,-26.8312269],[-65.276091,-26.8265068],[-65.2799855,-26.846236]],[[-65.2799855,-26.846236],[-65.2769089,-26.8470707]],[[-59.0233159,-28.5059746],[-59.0444748,-28.4970146],[-59.0534022,-28.5256442],[-59.0416672,-28.5337497],[-59.0233159,-28.5059746]],[[-62.7057052,-34.25547],[-62.7203699,-34.2695895],[-62.7000005,-34.2754163],[-62.7057052,-34.25547]],[[-61.95516,-33.7619235],[-61.944841,-33.7555758],[-61.9384933,-33.7390882],[-61.9792485,-33.7252047],[-61.9865076,-33.752223],[-61.9583338,-33.767083],[-61.95516,-33.7619235]],[[-61.4873377,-33.4484876],[-61.5029546,-33.4563327],[-61.4833338,-33.467083],[-61.4873377,-33.4484876]],[[-65.2228746,-24.2713762],[-65.2000005,-24.2754164],[-65.1800379,-24.2587497],[-65.2034266,-24.2419854],[-65.2211832,-24.2454934]],[[-65.2211832,-24.2454934],[-65.2077255,-24.2560062],[-65.2228746,-24.2713762]],[[-65.2522882,-24.2083994],[-65.2613449,-24.2154808],[-65.2481891,-24.223939]],[[-65.2481891,-24.223939],[-65.2522882,-24.2083994]],[[-60.9465988,-34.603818],[-60.9284022,-34.5970146],[-60.9215988,-34.5748385],[-60.9604253,-34.5636813],[-60.9784022,-34.601458],[-60.9500005,-34.6087496],[-60.9465988,-34.603818]],[[-62.9965854,-40.797352],[-63.0212082,-40.802874],[-63.0284022,-40.8202975],[-62.9750005,-40.8337496],[-62.9695724,-40.8208264],[-62.977642,-40.8086417]],[[-67.7045466,-34.9845033],[-67.6750004,-34.992083],[-67.6796879,-34.9738213],[-67.7011235,-34.9636813],[-67.7080354,-34.9760421],[-67.7045466,-34.9845033]],[[-59.6631108,-33.6956393],[-59.6383875,-33.6858086],[-59.6729009,-33.6635267],[-59.6868901,-33.6949313],[-59.6666671,-33.7004163],[-59.6631108,-33.6956393]],[[-58.1569249,-26.1842563],[-58.1620366,-26.1750664],[-58.14537,-26.1467135],[-58.1444829,-26.1217135],[-58.19537,-26.1324395],[-58.1779546,-26.1463962],[-58.2113774,-26.1604749],[-58.2527837,-26.2121839],[-58.1565109,-26.2002129],[-58.1503473,-26.1925161],[-58.1569249,-26.1842563]],[[-59.7880701,-32.3808607],[-59.80363,-32.393084],[-59.7833338,-32.4087497],[-59.7880701,-32.3808607]],[[-65.5866704,-27.7564792],[-65.5941655,-27.7707777],[-65.5833338,-27.7754163],[-65.5866704,-27.7564792]],[[-60.2968918,-32.0134372],[-60.3205246,-32.0368177],[-60.2916671,-32.042083],[-60.2968918,-32.0134372]],[[-60.508993,-31.8142347],[-60.52863,-31.824513],[-60.5166671,-31.8337497],[-60.508993,-31.8142347]],[[-60.4462977,-31.7683932],[-60.4686284,-31.7505058],[-60.4954432,-31.7123467],[-60.55398,-31.7196302],[-60.5620366,-31.7340996],[-60.5359949,-31.7549573],[-60.5380701,-31.7716566],[-60.5000005,-31.792083],[-60.473674,-31.7693454],[-60.4539067,-31.771803],[-60.4462977,-31.7683932]],[[-60.0673263,-31.572568],[-60.0869634,-31.5828463],[-60.0750005,-31.592083],[-60.0673263,-31.572568]],[[-68.492526,-33.0804161],[-68.4953699,-33.0864108],[-68.4501391,-33.0912853]],[[-68.2143641,-38.9456881],[-68.2360356,-38.9309501],[-68.2525558,-38.963608],[-68.2250004,-38.967083],[-68.2143641,-38.9456881]],[[-69.2043299,-38.9460869],[-69.171143,-38.9304293],[-69.2416346,-38.9214124],[-69.2540043,-38.9441744],[-69.2083338,-38.9504163],[-69.2043299,-38.9460869]],[[-68.0339595,-38.9427663],[-68.0685714,-38.9273206],[-68.0823003,-38.8965589],[-68.1087732,-38.9113131],[-68.0794764,-38.9243828],[-68.0958012,-38.9299899],[-68.1331629,-38.9197604],[-68.1549484,-38.9294853],[-68.137826,-38.9442395],[-68.1723149,-38.9546236],[-68.1371912,-38.962607],[-68.1126958,-38.9715996],[-68.0883061,-38.9696383],[-68.0794764,-38.9798922],[-68.0593061,-38.9835722],[-68.0577184,-38.9830356],[-68.0272954,-38.9710869],[-68.0156673,-38.9575845]],[[-68.120671,-38.8268567],[-68.146143,-38.8071953],[-68.1619633,-38.8321709],[-68.1166671,-38.8504163],[-68.120671,-38.8268567]],[[-57.6745285,-36.2971774],[-57.6952967,-36.3205498],[-57.6666672,-36.3254163],[-57.6745285,-36.2971774]],[[-58.3578326,-34.6457227],[-58.3553352,-34.637619],[-58.3634377,-34.6063423],[-58.3824501,-34.5795937],[-58.4174461,-34.5802345],[-58.4359093,-34.5705948],[-58.4378357,-34.5563927],[-58.4569893,-34.5509529],[-58.4675521,-34.5398101]],[[-58.5229874,-34.6018677],[-58.5312691,-34.6194725],[-58.5289307,-34.6595345]],[[-58.4472427,-34.693222],[-58.4269447,-34.6691933],[-58.403801,-34.6646538]],[[-58.403801,-34.6646538],[-58.3948402,-34.6676331],[-58.3749733,-34.6624107],[-58.3578326,-34.6457227]],[[-64.8638676,-24.2448825],[-64.8527999,-24.2392835],[-64.847201,-24.2213962],[-64.8734868,-24.2142835],[-64.8902592,-24.2474378],[-64.8666671,-24.2504164],[-64.8638676,-24.2448825]],[[-65.9723149,-26.0646986],[-65.9945398,-26.0717949],[-65.9666671,-26.0754163],[-65.9723149,-26.0646986]],[[-62.073586,-31.4406927],[-62.0583338,-31.442083],[-62.0647762,-31.4142897]],[[-61.4850916,-31.2275322],[-61.5061772,-31.2276624],[-61.519841,-31.2605563],[-61.4916671,-31.2754163],[-61.4884933,-31.2702568],[-61.459408,-31.2603528],[-61.4659591,-31.2393242],[-61.4850916,-31.2275322]],[[-61.5433029,-30.9369479],[-61.5607101,-30.9309502],[-61.5694666,-30.9464857],[-61.5500005,-30.9504163],[-61.5433029,-30.9369479]],[[-58.4890386,-35.75547],[-58.5037033,-35.7695895],[-58.4833338,-35.7754163],[-58.4890386,-35.75547]],[[-60.6366704,-32.0564791],[-60.6441655,-32.0707776],[-60.6333338,-32.0754163],[-60.6366704,-32.0564791]],[[-65.3307052,-26.9138034],[-65.3453699,-26.9279229],[-65.3250005,-26.9337497],[-65.3307052,-26.9138034]],[[-65.2799855,-26.846236],[-65.2759131,-26.8555211]],[[-57.8222091,-38.2613782],[-57.8456873,-38.2476168],[-57.8528,-38.2739026],[-57.8387163,-38.2810269],[-57.8350067,-38.2703438],[-57.8222091,-38.2613782]],[[-65.4369633,-33.6957125],[-65.4475916,-33.6404391],[-65.4886072,-33.6708427],[-65.4750411,-33.6933281],[-65.4369633,-33.6957125]],[[-60.6062993,-25.9298597],[-60.6372645,-25.9403415],[-60.6166671,-25.9587497],[-60.6062993,-25.9298597]],[[-65.4235454,-24.7202736],[-65.4183436,-24.7620863],[-65.4333338,-24.7639499],[-65.4633549,-24.7602227],[-65.4619471,-24.771502],[-65.4839035,-24.8223565],[-65.4379643,-24.8166436],[-65.4453699,-24.8300469],[-65.5287033,-24.8421725],[-65.5068736,-24.8555413],[-65.5048558,-24.8554843],[-65.4788335,-24.8454847],[-65.4750184,-24.8545391]],[[-65.422854,-24.8644038],[-65.4149663,-24.8545586],[-65.3718592,-24.8452243],[-65.3629643,-24.8041191],[-65.3517339,-24.7850192],[-65.3882247,-24.7895602],[-65.3859461,-24.7712497],[-65.388534,-24.7504164],[-65.3840412,-24.7142563]],[[-59.6336837,-29.1428968],[-59.6585617,-29.130348],[-59.6726323,-29.1507256],[-59.6680262,-29.1712578],[-59.6416671,-29.1754163],[-59.6336837,-29.1428968]],[[-59.643783,-29.1108656],[-59.6771164,-29.1105726],[-59.6648605,-29.1232679],[-59.6416671,-29.1254163],[-59.643783,-29.1108656]],[[-59.2557052,-28.3388034],[-59.2703699,-28.3529228],[-59.2500005,-28.3587497],[-59.2557052,-28.3388034]],[[-57.9814533,-34.8749221],[-58.0115653,-34.8673502]],[[-57.8958899,-34.8550968],[-57.9208338,-34.8519951],[-57.9294194,-34.8916598],[-57.9715031,-34.8770729]],[[-65.2522882,-24.2083994],[-65.2577234,-24.1877943],[-65.2798507,-24.1719333],[-65.2880213,-24.1605482],[-65.3041671,-24.1637383],[-65.3255701,-24.1595065],[-65.3520431,-24.1763115],[-65.3368169,-24.1872328],[-65.3298507,-24.1969333],[-65.2868169,-24.2205661],[-65.2781173,-24.2535332],[-65.2451502,-24.2622328],[-65.2228746,-24.2713762]],[[-65.2211832,-24.2454934],[-65.2414474,-24.2494968],[-65.2481891,-24.223939]],[[-55.0197433,-26.8010348],[-55.0361333,-26.8155693],[-55.0166672,-26.8254163],[-55.0197433,-26.8010348]],[[-58.213534,-32.4748222],[-58.2485763,-32.4639092],[-58.2762782,-32.4906588],[-58.2541672,-32.4975436],[-58.2407394,-32.4933688],[-58.2250005,-32.5004163],[-58.213534,-32.4748222]],[[-68.2710535,-31.6478854],[-68.2942876,-31.6389824],[-68.2861739,-31.6626234],[-68.2666671,-31.667083],[-68.2710535,-31.6478854]],[[-65.0544586,-43.3377495],[-65.0358274,-43.3091864],[-65.0567957,-43.2970146],[-65.0532313,-43.3129163],[-65.0544586,-43.3377495]],[[-65.1273686,-43.2813814],[-65.1104334,-43.3049085],[-65.0833338,-43.3087496],[-65.077686,-43.2964042],[-65.0817632,-43.2845146],[-65.1000005,-43.2907809],[-65.1273686,-43.2813814]],[[-65.2878097,-43.2792737],[-65.2718266,-43.2655042],[-65.2846277,-43.2298922],[-65.3556157,-43.2493176],[-65.3705245,-43.2595797],[-65.3205245,-43.2709404],[-65.2916671,-43.2837496],[-65.2878097,-43.2792737]],[[-58.6304615,-34.5544945],[-58.6307521,-34.554925]],[[-60.4131515,-26.8048271],[-60.4085291,-26.7735609],[-60.451034,-26.7568454],[-60.4670171,-26.7975029],[-60.4545903,-26.8135918],[-60.4414149,-26.8116468],[-60.4083338,-26.817083],[-60.4131515,-26.8048271]],[[-58.0087896,-35.5552991],[-58.0205978,-35.5773857],[-58.0000005,-35.5837496],[-58.0087896,-35.5552991]],[[-63.6790044,-31.9068209],[-63.6946212,-31.914666],[-63.6750005,-31.9254163],[-63.6790044,-31.9068209]],[[-63.9057052,-31.6388034],[-63.9203699,-31.6529228],[-63.9000005,-31.6587497],[-63.9057052,-31.6388034]],[[-58.3477325,-34.743103],[-58.3341141,-34.7305527]],[[-58.3341141,-34.7305527],[-58.3789062,-34.6925468],[-58.3979645,-34.6789436],[-58.403801,-34.6646538]],[[-68.474606,-31.5440578],[-68.4880376,-31.5217868],[-68.4952967,-31.4957125],[-68.5038855,-31.4921982]],[[-68.5109406,-31.4968853],[-68.5044327,-31.5082092],[-68.5011444,-31.5286922],[-68.5049896,-31.5407944]],[[-54.5774907,-26.403167],[-54.6352137,-26.3902194],[-54.6395676,-26.409653],[-54.6125005,-26.4157158],[-54.5955978,-26.4119316],[-54.5833338,-26.417083],[-54.5774907,-26.403167]],[[-57.097201,-29.7282158],[-57.0817957,-29.7204277],[-57.0915532,-29.700457],[-57.1150233,-29.7119154],[-57.1057948,-29.73082],[-57.097201,-29.7282158]],[[-61.9319829,-37.4472343],[-61.9452967,-37.4622164],[-61.9166671,-37.467083],[-61.9319829,-37.4472343]],[[-61.0256597,-34.9892347],[-61.0452967,-34.999513],[-61.0333338,-35.0087496],[-61.0256597,-34.9892347]],[[-58.1992371,-34.7412296],[-58.2132248,-34.7376233],[-58.212433,-34.7242959],[-58.2371635,-34.7073517],[-58.2830363,-34.6852731]],[[-58.2830363,-34.6852731],[-58.3341141,-34.7305527]],[[-58.3107986,-34.7968712],[-58.2993698,-34.7871132],[-58.2729568,-34.7720413],[-58.2684479,-34.7772675]],[[-62.7144943,-35.9626152],[-62.7455246,-35.9559502],[-62.7527999,-35.9802422],[-62.7250005,-35.9837496],[-62.7144943,-35.9626152]],[[-58.0750005,-31.4004163],[-58.094019,-31.4108411],[-58.0792241,-31.4200371],[-58.0750005,-31.4004163]],[[-57.9878511,-31.3941399],[-57.985061,-31.3897687],[-58.0048345,-31.3632744],[-58.0011805,-31.3385674],[-58.02863,-31.3551201],[-58.05363,-31.3653496],[-58.0394373,-31.3942233],[-58.0173263,-31.4075615],[-57.9878511,-31.3941399]],[[-64.7973719,-23.9304701],[-64.8120366,-23.9445895],[-64.7916671,-23.9504164],[-64.7973719,-23.9304701]],[[-64.777214,-23.796502],[-64.791659,-23.7884535],[-64.80363,-23.8280938],[-64.7833338,-23.8337497],[-64.777214,-23.796502]],[[-58.5526291,-27.4990736],[-58.5684901,-27.5143893],[-58.5500005,-27.517083],[-58.5526291,-27.4990736]],[[-60.2104253,-29.4480644],[-60.2196212,-29.4628594],[-60.2000005,-29.467083],[-60.2104253,-29.4480644]],[[-62.0537033,-38.8707858],[-62.0712977,-38.8633802],[-62.0910242,-38.8387382],[-62.084937,-38.8877128],[-62.0500005,-38.892083],[-62.0537033,-38.8707858]],[[-58.0745285,-29.1638441],[-58.0952967,-29.1872165],[-58.0666672,-29.192083],[-58.0745285,-29.1638441]],[[-58.53016,-33.0285901],[-58.4987228,-33.0178805],[-58.5052332,-32.9969902],[-58.5345789,-32.9889092],[-58.5478846,-33.0105075],[-58.5423752,-33.0281751],[-58.53016,-33.0285901]],[[-58.8866704,-32.6731458],[-58.8941655,-32.6874443],[-58.8833338,-32.692083],[-58.8866704,-32.6731458]],[[-71.5271163,-41.9608655],[-71.5389653,-41.9486096],[-71.543783,-41.9810152],[-71.5250004,-41.9837496],[-71.5271163,-41.9608655]],[[-71.2980148,-41.1634453],[-71.2546554,-41.144093],[-71.2732263,-41.1281018],[-71.3159103,-41.1315279],[-71.3443689,-41.1645683],[-71.3083338,-41.1754163],[-71.2980148,-41.1634453]],[[-60.4631841,-34.6538994],[-60.4467046,-34.642083],[-60.4689539,-34.6261406],[-60.4868169,-34.6443128],[-60.4666671,-34.6587496],[-60.4631841,-34.6538994]],[[-59.4437586,-34.4313978],[-59.4529546,-34.4461927],[-59.4333338,-34.4504163],[-59.4437586,-34.4313978]],[[-59.5055343,-33.8198825],[-59.4891037,-33.8115735],[-59.5119796,-33.7976168],[-59.5194666,-33.8197848],[-59.5055343,-33.8198825]],[[-61.0750005,-27.1004163],[-61.0750005,-27.0837497],[-61.1000005,-27.0837497],[-61.1000005,-27.1004163],[-61.0750005,-27.1004163]],[[-55.7400314,-27.9053643],[-55.7560145,-27.8976169],[-55.7694666,-27.9214857],[-55.7500005,-27.9254163],[-55.7400314,-27.9053643]],[[-67.9477869,-46.7807955],[-67.9817387,-46.7935966],[-67.9773279,-46.8053072],[-67.9333338,-46.8087496],[-67.9477869,-46.7807955]],[[-68.9169601,-46.5415377],[-68.9420821,-46.5307223],[-68.9530278,-46.5442639],[-68.9250004,-46.5587496],[-68.9169601,-46.5415377]],[[-67.5132654,-46.4621513],[-67.4947514,-46.4552258],[-67.5052189,-46.4359033],[-67.5224939,-46.4239758],[-67.5553064,-46.4453463],[-67.5524907,-46.457887],[-67.5166671,-46.4670829],[-67.5132654,-46.4621513]],[[-55.5256597,-27.247568],[-55.5452967,-27.2578464],[-55.5333338,-27.267083],[-55.5256597,-27.247568]],[[-55.2211431,-27.0308525],[-55.2447678,-27.0464368],[-55.2166672,-27.0504163],[-55.2211431,-27.0308525]],[[-65.1692565,-26.7864773],[-65.1786219,-26.7703219],[-65.1875005,-26.7720716],[-65.2400802,-26.7615736],[-65.2610317,-26.7908027]],[[-65.1656647,-26.8079319],[-65.1692565,-26.7864773]],[[-65.2476242,-26.7272067],[-65.2592615,-26.7136813],[-65.2784022,-26.7462415],[-65.2416671,-26.7504163],[-65.2476242,-26.7272067]],[[-59.0119634,-34.1040459],[-59.0363856,-34.0711113],[-59.0452153,-34.079583],[-59.0491053,-34.1058932],[-59.0083338,-34.1337496],[-59.0119634,-34.1040459]],[[-58.2436668,-34.9229615],[-58.2436121,-34.9149671],[-58.2766281,-34.947747],[-58.2583338,-34.9504163],[-58.243783,-34.9399671],[-58.2437113,-34.9294789],[-58.2436668,-34.9229615]],[[-58.3228411,-34.8225149],[-58.3098149,-34.8165377],[-58.2864832,-34.8673678],[-58.2658778,-34.879347],[-58.2541672,-34.8538343],[-58.2206222,-34.8543226],[-58.194886,-34.8808692]],[[-68.2916671,-54.8004162],[-68.3068364,-54.7940442],[-68.3333094,-54.7999768],[-68.3700444,-54.8284517],[-68.3388595,-54.8371513],[-68.3145348,-54.8213125],[-68.3339615,-54.80653],[-68.3152695,-54.8007431],[-68.2916671,-54.8004162]],[[-68.2916671,-54.8004162],[-68.262454,-54.80177],[-68.2424646,-54.7972912],[-68.2606857,-54.7847098],[-68.2845057,-54.7900484],[-68.2916671,-54.8004162]],[[-58.045256,-29.7847181],[-58.0776209,-29.7723157],[-58.0693201,-29.7965019],[-58.0416672,-29.8004163],[-58.045256,-29.7847181]],[[-66.3116704,-30.3481458],[-66.3191655,-30.3624443],[-66.3083338,-30.367083],[-66.3116704,-30.3481458]],[[-59.8750005,-36.792083],[-59.8444666,-36.7892835],[-59.8440679,-36.7559502],[-59.8721766,-36.769679],[-59.8750005,-36.792083]],[[-63.2346847,-32.4298434],[-63.2077886,-32.4212497],[-63.2144129,-32.4036797],[-63.2518559,-32.3890556],[-63.2646245,-32.4114515],[-63.2562016,-32.4337985],[-63.2416671,-32.442083],[-63.2346847,-32.4298434]],[[-65.0340337,-24.6683932],[-65.0529953,-24.6559502],[-65.0611333,-24.6739027],[-65.0416671,-24.6837497],[-65.0340337,-24.6683932]],[[-59.0873377,-36.7651543],[-59.1029546,-36.7729993],[-59.0833338,-36.7837496],[-59.0873377,-36.7651543]],[[-65.1166671,-28.642083],[-65.1166671,-28.6254163],[-65.1416671,-28.6254163],[-65.1416671,-28.642083],[-65.1166671,-28.642083]],[[-62.8307052,-28.4471367],[-62.8453699,-28.4612562],[-62.8250005,-28.467083],[-62.8307052,-28.4471367]],[[-58.2830363,-34.6852731],[-58.3124761,-34.672332],[-58.3367882,-34.6518898],[-58.3356476,-34.6371422],[-58.3578326,-34.6457227]],[[-58.1378097,-32.2141859],[-58.1614344,-32.2297702],[-58.1333338,-32.2337497],[-58.1378097,-32.2141859]],[[-58.2140386,-32.1971367],[-58.2287033,-32.2112562],[-58.2083338,-32.217083],[-58.2140386,-32.1971367]],[[-58.5033371,-31.6148125],[-58.5108322,-31.629111],[-58.5000005,-31.6337497],[-58.5033371,-31.6148125]],[[-61.5228276,-34.8554782],[-61.5455978,-34.8664808],[-61.5166671,-34.8754163],[-61.5228276,-34.8554782]],[[-58.9676084,-34.6126241],[-58.922812,-34.6159939]],[[-68.9057311,-32.8598073],[-68.9000004,-32.8754163],[-68.9186772,-32.8915052],[-68.8976856,-32.9095926]],[[-60.0978276,-34.0554782],[-60.1205978,-34.0664808],[-60.0916671,-34.0754163],[-60.0978276,-34.0554782]],[[-64.1841533,-31.3147498],[-64.1930913,-31.334775],[-64.210455,-31.3146222],[-64.2217088,-31.3145676],[-64.2198735,-31.3374199],[-64.249222,-31.3144341]],[[-64.3134082,-31.3141226],[-64.3110112,-31.3439303],[-64.3174108,-31.3522302]],[[-64.3173601,-31.3616314],[-64.3138025,-31.3613457],[-64.2763758,-31.3906588],[-64.2801681,-31.4379163],[-64.2621424,-31.4459648],[-64.2594243,-31.4970065],[-64.2221847,-31.4940117],[-64.2128097,-31.5048922],[-64.1926844,-31.5126071],[-64.1750005,-31.492083],[-64.1512863,-31.4877536],[-64.1210617,-31.4708997],[-64.1039393,-31.4708997],[-64.0874598,-31.4800875],[-64.071143,-31.4681002],[-64.096143,-31.4465589],[-64.1062505,-31.4129814],[-64.0773279,-31.3880628],[-64.1044764,-31.3798922],[-64.1347905,-31.3583997],[-64.1455246,-31.3459404],[-64.1628097,-31.3382256],[-64.1681264,-31.3148276]],[[-60.55516,-33.9119235],[-60.5441004,-33.8961764],[-60.5664474,-33.8685885],[-60.5841151,-33.8740898],[-60.5976242,-33.913722],[-60.569841,-33.9202568],[-60.5583338,-33.9254163],[-60.55516,-33.9119235]],[[-70.0547042,-38.9040459],[-70.0446049,-38.8962496],[-70.0616297,-38.8831067],[-70.0869633,-38.9007744],[-70.0583338,-38.9087496],[-70.0547042,-38.9040459]],[[-65.3947921,-27.0415296],[-65.4193934,-27.045737],[-65.4099858,-27.0635023],[-65.3916671,-27.067083],[-65.3947921,-27.0415296]],[[-66.7879643,-29.3993747],[-66.8270105,-29.3800469],[-66.8703699,-29.3967135],[-66.9202885,-29.4075127],[-66.8950769,-29.427695],[-66.894548,-29.4524508],[-66.8583338,-29.4587497],[-66.836117,-29.4392998],[-66.8143885,-29.4121595],[-66.8038172,-29.4134779],[-66.7879643,-29.3993747]],[[-64.2799321,-36.653818],[-64.260938,-36.6407076],[-64.2635584,-36.6290214],[-64.2525232,-36.6214043],[-64.291895,-36.5803479],[-64.3059656,-36.6007255],[-64.3031417,-36.6133395],[-64.3225102,-36.6383395],[-64.3034022,-36.6454847],[-64.2833338,-36.6587496],[-64.2799321,-36.653818]],[[-59.021493,-31.8469984],[-59.0452967,-31.8674411],[-59.0166672,-31.8754163],[-59.021493,-31.8469984]],[[-65.2024001,-26.8795843],[-65.1878585,-26.8703545],[-65.1619796,-26.8754652],[-65.1465174,-26.8538994],[-65.1272303,-26.8464531],[-65.142424,-26.8355645],[-65.1215174,-26.8026462],[-65.1322107,-26.7917656],[-65.157048,-26.8075371],[-65.1692565,-26.7864773]],[[-64.0950037,-23.1981458],[-64.1024988,-23.2124444],[-64.0916671,-23.217083],[-64.0950037,-23.1981458]],[[-63.800383,-22.5910007],[-63.8281743,-22.5965264],[-63.8083338,-22.6087497],[-63.800383,-22.5910007]],[[-63.7855799,-22.5173109],[-63.7893885,-22.500335],[-63.8149663,-22.5060723],[-63.8078292,-22.5379326],[-63.7916671,-22.542083],[-63.7855799,-22.5173109]],[[-63.7307052,-22.2304701],[-63.7453699,-22.2445895],[-63.7250005,-22.2504164],[-63.7307052,-22.2304701]],[[-63.6718999,-22.031528],[-63.7034022,-22.0535983],[-63.6833338,-22.0587497],[-63.6718999,-22.031528]],[[-63.665243,-22.0057956],[-63.6804969,-22.0030961],[-63.6861333,-22.0197849],[-63.6750005,-22.0254164],[-63.665243,-22.0057956]],[[-65.4963709,-27.1790459],[-65.4798019,-27.1662611],[-65.5003585,-27.1551201],[-65.5119633,-27.174513],[-65.4963709,-27.1790459]]],"bbox":[-71.543783,-54.8371513,-53.6166672,-22.0030961]}