{"type":"Topology","objects":{"foo":{"type":"GeometryCollection","geometries":[{"type":"Polygon","arcs":[[0]],"properties":{"name":"Muang Trang","gaul_code":27119,"targetarea":16.4677881,"totpop":150537.585551,"country_id":"THA","targetpop":47852.4243164,"totalarea":442.7141086,"new_mean":0.0233352}},{"type":"MultiPolygon","arcs":[[[1]],[[2]],[[3]]],"properties":{"name":"Singha Nakhon","gaul_code":27051,"targetarea":15.5381433,"totpop":104352.670532,"country_id":"THA","targetpop":30517.9110413,"totalarea":154.2035746,"new_mean":0.0291736}},{"type":"MultiPolygon","arcs":[[[4]],[[5]]],"properties":{"name":"Langu","gaul_code":27010,"targetarea":1.6325836,"totpop":67155.073853,"country_id":"THA","targetpop":3269.6138458,"totalarea":377.8089488,"new_mean":0.0290536}},{"type":"MultiPolygon","arcs":[[[6]],[[7]],[[8]],[[9]],[[10,11]],[[12,13]],[[14,15]]],"properties":{"name":"Hat Yai","gaul_code":27040,"targetarea":67.0421244,"totpop":475152.861189,"country_id":"THA","targetpop":241980.050171,"totalarea":1059.4224002,"new_mean":0.0283699}},{"type":"MultiPolygon","arcs":[[[16]],[[17]],[[18]],[[19]]],"properties":{"name":"Sadao","gaul_code":27049,"targetarea":5.6177868,"totpop":147011.11342,"country_id":"THA","targetpop":18196.3133545,"totalarea":1068.4230503,"new_mean":0.027286}},{"type":"Polygon","arcs":[[20,21]],"properties":{"name":"Sungai Kolok","gaul_code":26777,"targetarea":2.7722403,"totpop":33678.8535881,"country_id":"THA","targetpop":11383.1687012,"totalarea":100.7473137,"new_mean":0.0404584}},{"type":"Polygon","arcs":[[22]],"properties":{"name":"Kantang","gaul_code":27118,"targetarea":1.0778319,"totpop":74893.9281607,"country_id":"THA","targetpop":3499.3509522,"totalarea":586.3138247,"new_mean":0.0260761}},{"type":"Polygon","arcs":[[23]],"properties":{"name":"Mayo","gaul_code":26817,"targetarea":0.5808525,"totpop":53386.3952179,"country_id":"THA","targetpop":1795.6137695,"totalarea":207.3552011,"new_mean":0.0325795}},{"type":"MultiPolygon","arcs":[[[24]],[[25]]],"properties":{"name":"Yan Ta Khao","gaul_code":27125,"targetarea":1.1601664,"totpop":64969.6353655,"country_id":"THA","targetpop":3828.3594971,"totalarea":439.994884,"new_mean":0.0254741}},{"type":"MultiPolygon","arcs":[[[26]],[[27,28]],[[29,30,31]]],"properties":{"name":"Muang Yala","gaul_code":27183,"targetarea":17.3913153,"totpop":186948.363289,"country_id":"THA","targetpop":65411.7312012,"totalarea":465.7519597,"new_mean":0.0266626}},{"type":"MultiPolygon","arcs":[[[32,33]],[[34]],[[35,36,37]]],"properties":{"name":"Kathu","gaul_code":26914,"targetarea":30.8601166,"totpop":158333.131783,"country_id":"THA","targetpop":120948.025208,"totalarea":82.204607,"new_mean":0.0255635}},{"type":"Polygon","arcs":[[38]],"properties":{"name":"Bannang Sata","gaul_code":27181,"targetarea":0.5814063,"totpop":47685.9699993,"country_id":"THA","targetpop":1413.4729004,"totalarea":530.3377255,"new_mean":0.0405023}},{"type":"Polygon","arcs":[[38]],"properties":{"name":"Bannang Sata","gaul_code":27181,"targetarea":0.5814063,"totpop":47685.9699993,"country_id":"THA","targetpop":1413.4729004,"totalarea":530.3377255,"new_mean":0.0278371}},{"type":"Polygon","arcs":[[-12,39]],"properties":{"name":"Bang Klam","gaul_code":27038,"targetarea":5.2987098,"totpop":49954.2953491,"country_id":"THA","targetpop":13900.6673584,"totalarea":132.0451062,"new_mean":0.0282094}},{"type":"Polygon","arcs":[[40]],"properties":{"name":"Sai Buri","gaul_code":26821,"targetarea":0.5809107,"totpop":60618.2116203,"country_id":"THA","targetpop":2124.8850098,"totalarea":198.7156984,"new_mean":0.0336211}},{"type":"Polygon","arcs":[[41]],"properties":{"name":"Betong","gaul_code":27182,"targetarea":2.2865702,"totpop":55580.0687293,"country_id":"THA","targetpop":6956.2194824,"totalarea":1327.8080247,"new_mean":0.0269557}},{"type":"MultiPolygon","arcs":[[[42]],[[43,-37,44,45,46]],[[47]],[[48]],[[49]],[[50]],[[51]]],"properties":{"name":"Thalang","gaul_code":26916,"targetarea":44.593016,"totpop":263692.01421,"country_id":"THA","targetpop":118602.296936,"totalarea":287.0136177,"new_mean":0.0252281}},{"type":"Polygon","arcs":[[52]],"properties":{"name":"Na Thawi","gaul_code":27045,"targetarea":1.9680949,"totpop":76404.9332452,"country_id":"THA","targetpop":5535.4477539,"totalarea":796.8933004,"new_mean":0.0274712}},{"type":"Polygon","arcs":[[53]],"properties":{"name":"Muang Phattalung","gaul_code":26843,"targetarea":8.5699974,"totpop":137648.438978,"country_id":"THA","targetpop":21862.3060303,"totalarea":641.7016965,"new_mean":0.0280349}},{"type":"Polygon","arcs":[[54]],"properties":{"name":"Huai Yot","gaul_code":27117,"targetarea":0.5795526,"totpop":92668.695343,"country_id":"THA","targetpop":1493.8688965,"totalarea":764.6685027,"new_mean":0.0259023}},{"type":"MultiPolygon","arcs":[[[55,-31]],[[56]]],"properties":{"name":"Yarang","gaul_code":26823,"targetarea":0.7350912,"totpop":79709.8770218,"country_id":"THA","targetpop":1385.6602783,"totalarea":222.8854426,"new_mean":0.0296554}},{"type":"Polygon","arcs":[[57]],"properties":{"name":"Muang Narathiwat","gaul_code":26772,"targetarea":8.4906278,"totpop":104968.964539,"country_id":"THA","targetpop":21866.1444702,"totalarea":308.7872468,"new_mean":0.040303}},{"type":"MultiPolygon","arcs":[[[58]],[[59]]],"properties":{"name":"Panare","gaul_code":26820,"targetarea":0.5998482,"totpop":38960.1800156,"country_id":"THA","targetpop":1407.720459,"totalarea":142.6198423,"new_mean":0.0303687}},{"type":"Polygon","arcs":[[60,61]],"properties":{"name":"Muang Pattani","gaul_code":26818,"targetarea":17.749681,"totpop":97375.4712448,"country_id":"THA","targetpop":56160.6580811,"totalarea":85.2484728,"new_mean":0.0284727}},{"type":"Polygon","arcs":[[62]],"properties":{"name":"Rangae","gaul_code":26773,"targetarea":2.5635262,"totpop":69636.502821,"country_id":"THA","targetpop":6359.182312,"totalarea":308.3890452,"new_mean":0.0404432}},{"type":"Polygon","arcs":[[-22,63]],"properties":{"name":"Waeng","gaul_code":26780,"targetarea":3.5302715,"totpop":66617.3403101,"country_id":"THA","targetpop":14999.7479248,"totalarea":321.5117832,"new_mean":0.0404578}},{"type":"Polygon","arcs":[[64]],"properties":{"name":"Tamot","gaul_code":26847,"targetarea":0.5801201,"totpop":25487.9649544,"country_id":"THA","targetpop":1627.7470703,"totalarea":275.3410798,"new_mean":0.0277116}},{"type":"Polygon","arcs":[[65]],"properties":{"name":"Ranot","gaul_code":27046,"targetarea":1.1440014,"totpop":107696.818002,"country_id":"THA","targetpop":4600.3991699,"totalarea":411.4380962,"new_mean":0.0299312}},{"type":"Polygon","arcs":[[66]],"properties":{"name":"Khuan Niang","gaul_code":27041,"targetarea":0.5803194,"totpop":44141.6949224,"country_id":"THA","targetpop":2043.2283935,"totalarea":200.7884522,"new_mean":0.028527}},{"type":"MultiPolygon","arcs":[[[67]],[[68,-46,69,-33]]],"properties":{"name":"Muang Phuket","gaul_code":26915,"targetarea":121.9600772,"totpop":639340.33791,"country_id":"THA","targetpop":590209.593994,"totalarea":194.3084235,"new_mean":0.0243282}},{"type":"Polygon","arcs":[[70]],"properties":{"name":"Cha-uat","gaul_code":26739,"targetarea":1.156772,"totpop":80775.8656855,"country_id":"THA","targetpop":4133.2293701,"totalarea":778.8212443,"new_mean":0.0279697}},{"type":"Polygon","arcs":[[71]],"properties":{"name":"Yaring","gaul_code":26824,"targetarea":0.5807248,"totpop":69918.3495331,"country_id":"THA","targetpop":2051.3603516,"totalarea":202.0843595,"new_mean":0.0296723}},{"type":"Polygon","arcs":[[72]],"properties":{"name":"Sathing Phra","gaul_code":27050,"targetarea":1.158083,"totpop":74633.5370641,"country_id":"THA","targetpop":2092.1756592,"totalarea":206.1273349,"new_mean":0.0292005}},{"type":"Polygon","arcs":[[73]],"properties":{"name":"Muang Satun","gaul_code":27011,"targetarea":4.0127477,"totpop":110996.470568,"country_id":"THA","targetpop":12063.411499,"totalarea":817.7318922,"new_mean":0.0291474}},{"type":"Polygon","arcs":[[74]],"properties":{"name":"Na Yong","gaul_code":27120,"targetarea":0.5773354,"totpop":40729.8546581,"country_id":"THA","targetpop":1647.5362549,"totalarea":239.7683203,"new_mean":0.0256627}},{"type":"MultiPolygon","arcs":[[[75]],[[76]]],"properties":{"name":"Chana","gaul_code":27039,"targetarea":1.7400162,"totpop":121948.187338,"country_id":"THA","targetpop":5417.9017334,"totalarea":608.7309388,"new_mean":0.0280198}},{"type":"MultiPolygon","arcs":[[[77]],[[78]],[[-62,79]]],"properties":{"name":"Nong Chik","gaul_code":26819,"targetarea":1.5760971,"totpop":74973.8015518,"country_id":"THA","targetpop":4599.9822998,"totalarea":229.1976887,"new_mean":0.0291629}},{"type":"MultiPolygon","arcs":[[[80]],[[81]]],"properties":{"name":"Khok Pho","gaul_code":26814,"targetarea":1.1618213,"totpop":64815.2890911,"country_id":"THA","targetpop":3914.0484619,"totalarea":302.8597722,"new_mean":0.029255}},{"type":"MultiPolygon","arcs":[[[82]],[[83]],[[84]],[[85,-15,86,-13]]],"properties":{"name":"Muang Songkhla","gaul_code":27043,"targetarea":35.4890846,"totpop":183200.206802,"country_id":"THA","targetpop":108017.255783,"totalarea":176.1856946,"new_mean":0.0290591}},{"type":"Polygon","arcs":[[87]],"properties":{"name":"Muang Buri Ram","gaul_code":26440,"targetarea":8.9745916,"totpop":192564.398249,"country_id":"THA","targetpop":26868.2581787,"totalarea":1166.496402,"new_mean":0.0337507}},{"type":"Polygon","arcs":[[88]],"properties":{"name":"Tha Yang","gaul_code":26873,"targetarea":1.1256494,"totpop":93330.2796435,"country_id":"THA","targetpop":3857.0843506,"totalarea":877.8857533,"new_mean":0.0284158}},{"type":"MultiPolygon","arcs":[[[89]],[[90]]],"properties":{"name":"Kap Choeng","gaul_code":27093,"targetarea":1.0766119,"totpop":74652.7222672,"country_id":"THA","targetpop":1580.3172607,"totalarea":919.4983832,"new_mean":0.0332931}},{"type":"Polygon","arcs":[[91]],"properties":{"name":"Nong Song Hong","gaul_code":26594,"targetarea":0.5634596,"totpop":78339.8329239,"country_id":"THA","targetpop":1757.973999,"totalarea":515.9025284,"new_mean":0.0295683}},{"type":"Polygon","arcs":[[91]],"properties":{"name":"Nong Song Hong","gaul_code":26594,"targetarea":0.5634596,"totpop":78339.8329239,"country_id":"THA","targetpop":1757.973999,"totalarea":515.9025284,"new_mean":0.0291816}},{"type":"MultiPolygon","arcs":[[[92]],[[93]],[[94]],[[95]],[[96]],[[97]]],"properties":{"name":"Muang Nakhon Ratchasima","gaul_code":26712,"targetarea":60.1589912,"totpop":417427.951042,"country_id":"THA","targetpop":176323.153442,"totalarea":769.3904744,"new_mean":0.0267191}},{"type":"Polygon","arcs":[[98]],"properties":{"name":"Khao Saming","gaul_code":27112,"targetarea":0.5715588,"totpop":51472.0513064,"country_id":"THA","targetpop":1465.282959,"totalarea":605.1693691,"new_mean":0.0262704}},{"type":"Polygon","arcs":[[99]],"properties":{"name":"Taphan Hin","gaul_code":26880,"targetarea":2.6594886,"totpop":69681.0689468,"country_id":"THA","targetpop":7927.4906006,"totalarea":466.0409273,"new_mean":0.0286378}},{"type":"MultiPolygon","arcs":[[[100]],[[101]]],"properties":{"name":"Khlong Hat","gaul_code":26963,"targetarea":3.2065834,"totpop":62387.0362911,"country_id":"THA","targetpop":19066.671875,"totalarea":516.9139929,"new_mean":0.0322612}},{"type":"MultiPolygon","arcs":[[[102]],[[103]],[[104]]],"properties":{"name":"Muang Lamphun","gaul_code":26628,"targetarea":5.948072,"totpop":143023.014444,"country_id":"THA","targetpop":15255.612793,"totalarea":510.3735157,"new_mean":0.0208574}},{"type":"Polygon","arcs":[[105]],"properties":{"name":"Rattanaburi","gaul_code":27097,"targetarea":0.5645484,"totpop":89156.7958736,"country_id":"THA","targetpop":1344.3255615,"totalarea":756.1484795,"new_mean":0.0319355}},{"type":"Polygon","arcs":[[106,107,108,109,110,111]],"properties":{"name":"Phra Pradaeng","gaul_code":26987,"targetarea":58.2630318,"totpop":646224.447754,"country_id":"THA","targetpop":646224.447754,"totalarea":58.2630316,"new_mean":0.0281993}},{"type":"MultiPolygon","arcs":[[[112]],[[113]]],"properties":{"name":"Mae Chan","gaul_code":26519,"targetarea":1.0997391,"totpop":126593.955399,"country_id":"THA","targetpop":3159.7706299,"totalarea":788.1153822,"new_mean":0.0174953}},{"type":"Polygon","arcs":[[114,115]],"properties":{"name":"Na Yai Am","gaul_code":26490,"targetarea":0.0618113,"totpop":47167.7466707,"country_id":"THA","targetpop":0,"totalarea":426.5234869,"new_mean":0.0267179}},{"type":"Polygon","arcs":[[116,117]],"properties":{"name":"Mae Ramat","gaul_code":27104,"targetarea":0.2854362,"totpop":55800.8156757,"country_id":"THA","targetpop":0,"totalarea":1658.5173977,"new_mean":0.0193654}},{"type":"MultiPolygon","arcs":[[[118,119,120]],[[121,122,123]]],"properties":{"name":"Bang Lamung","gaul_code":26532,"targetarea":64.7023726,"totpop":334476.736531,"country_id":"THA","targetpop":168496.328613,"totalarea":538.2542251,"new_mean":0.0248533}},{"type":"Polygon","arcs":[[124]],"properties":{"name":"Muang Chaiyaphum","gaul_code":26477,"targetarea":5.9536004,"totpop":142516.515551,"country_id":"THA","targetpop":15529.1237793,"totalarea":1254.5947673,"new_mean":0.0321878}},{"type":"Polygon","arcs":[[125,126,127,128]],"properties":{"name":"Nongkham","gaul_code":26418,"targetarea":46.5975735,"totpop":298667.924438,"country_id":"THA","targetpop":298667.924438,"totalarea":46.5975736,"new_mean":0.0265316}},{"type":"Polygon","arcs":[[129]],"properties":{"name":"Bang Pahan","gaul_code":26894,"targetarea":1.1186984,"totpop":40675.3728409,"country_id":"THA","targetpop":2910.2137451,"totalarea":130.5920221,"new_mean":0.0274784}},{"type":"Polygon","arcs":[[130]],"properties":{"name":"Bang Mun Nak","gaul_code":26874,"targetarea":0.5626417,"totpop":64718.2181492,"country_id":"THA","targetpop":2296.9221191,"totalarea":614.5946794,"new_mean":0.0292701}},{"type":"Polygon","arcs":[[131]],"properties":{"name":"Ban Na San","gaul_code":27073,"targetarea":1.1411006,"totpop":86515.0509024,"country_id":"THA","targetpop":3377.6608887,"totalarea":738.7947147,"new_mean":0.0268401}},{"type":"Polygon","arcs":[[132]],"properties":{"name":"Muang Loei","gaul_code":26633,"targetarea":2.8918031,"totpop":88911.4819479,"country_id":"THA","targetpop":5328.6907959,"totalarea":1264.3537447,"new_mean":0.027603}},{"type":"Polygon","arcs":[[133]],"properties":{"name":"Prathai","gaul_code":26720,"targetarea":0.5639963,"totpop":75427.3199596,"country_id":"THA","targetpop":1372.7590332,"totalarea":552.6891599,"new_mean":0.0301701}},{"type":"Polygon","arcs":[[134]],"properties":{"name":"Wang Chan","gaul_code":26944,"targetarea":0.5703412,"totpop":57380.6118784,"country_id":"THA","targetpop":1575.036499,"totalarea":432.4010294,"new_mean":0.0265932}},{"type":"MultiPolygon","arcs":[[[135,136,137]],[[138]]],"properties":{"name":"Muang Samut Songkhram","gaul_code":26995,"targetarea":13.0220218,"totpop":84328.8997905,"country_id":"THA","targetpop":28681.5391846,"totalarea":169.5180376,"new_mean":0.0290072}},{"type":"Polygon","arcs":[[139,140,141,142,143,144]],"properties":{"name":"Bang Khen","gaul_code":26397,"targetarea":83.6411698,"totpop":567603.340698,"country_id":"THA","targetpop":567603.340698,"totalarea":83.6411695,"new_mean":0.0240089}},{"type":"MultiPolygon","arcs":[[[145]],[[146]],[[147]]],"properties":{"name":"Muang Nakhon Si Thammarat","gaul_code":26746,"targetarea":25.8652072,"totpop":282715.704114,"country_id":"THA","targetpop":78371.4379883,"totalarea":687.6641345,"new_mean":0.0271916}},{"type":"MultiPolygon","arcs":[[[148]],[[149]]],"properties":{"name":"Wihan Daeng","gaul_code":27007,"targetarea":1.134151,"totpop":45736.2353783,"country_id":"THA","targetpop":3110.7550049,"totalarea":193.5783866,"new_mean":0.0286897}},{"type":"Polygon","arcs":[[150]],"properties":{"name":"Pua","gaul_code":26763,"targetarea":0.553144,"totpop":60846.3689489,"country_id":"THA","targetpop":1359.7441406,"totalarea":936.0198772,"new_mean":0.0144411}},{"type":"Polygon","arcs":[[151]],"properties":{"name":"Trakan Phutphon","gaul_code":27144,"targetarea":1.112832,"totpop":152113.184151,"country_id":"THA","targetpop":4251.6765137,"totalarea":1290.8479039,"new_mean":0.0319199}},{"type":"MultiPolygon","arcs":[[[152,153]],[[154,155]],[[156]]],"properties":{"name":"Muang Lop Buri","gaul_code":26648,"targetarea":25.8439165,"totpop":265193.747297,"country_id":"THA","targetpop":79674.0877686,"totalarea":722.3987003,"new_mean":0.0263995}},{"type":"Polygon","arcs":[[157]],"properties":{"name":"Phran Kratai","gaul_code":26569,"targetarea":1.1199227,"totpop":83147.3483906,"country_id":"THA","targetpop":3147.2878418,"totalarea":1128.4418736,"new_mean":0.029989}},{"type":"MultiPolygon","arcs":[[[158]],[[159,160]],[[161,162,163,164,165]]],"properties":{"name":"Sam Khok","gaul_code":26811,"targetarea":41.855505,"totpop":169078.916077,"country_id":"THA","targetpop":109277.926575,"totalarea":115.091098,"new_mean":0.0243608}},{"type":"MultiPolygon","arcs":[[[166,167,168]],[[169,170,171,-127,172,173,174,175]]],"properties":{"name":"Krathum Baen","gaul_code":26991,"targetarea":102.2350245,"totpop":608469.764557,"country_id":"THA","targetpop":572717.287354,"totalarea":137.4270778,"new_mean":0.0283304}},{"type":"MultiPolygon","arcs":[[[176,177]],[[178,179,180]],[[181]],[[182,183]],[[184,185,186,187,188,189,190,191,192,193,194,195]]],"properties":{"name":"Bang Bua Thong","gaul_code":26800,"targetarea":85.4648483,"totpop":348807.153534,"country_id":"THA","targetpop":297832.791138,"totalarea":130.5431614,"new_mean":0.0234946}},{"type":"MultiPolygon","arcs":[[[196,197,198,199]],[[200,201,202,203,204,205,206,207,-145,208,209,210,211,212,213],[214]],[[215,216,217,218]]],"properties":{"name":"Minburi","gaul_code":26416,"targetarea":126.4355435,"totpop":585157.533813,"country_id":"THA","targetpop":535595.53064,"totalarea":184.4632544,"new_mean":0.024605}},{"type":"MultiPolygon","arcs":[[[219,-123],[220]],[[221]],[[222]],[[223]]],"properties":{"name":"Si Racha","gaul_code":26540,"targetarea":48.5179366,"totpop":344676.316724,"country_id":"THA","targetpop":131437.174011,"totalarea":609.1692639,"new_mean":0.0255567}},{"type":"Polygon","arcs":[[224]],"properties":{"name":"Dan Khun Thot","gaul_code":26705,"targetarea":1.1278894,"totpop":147668.63339,"country_id":"THA","targetpop":3046.3405762,"totalarea":1855.006268,"new_mean":0.0304138}},{"type":"MultiPolygon","arcs":[[[225]],[[226]]],"properties":{"name":"U Thong","gaul_code":27071,"targetarea":4.6429341,"totpop":119639.518204,"country_id":"THA","targetpop":12038.5374756,"totalarea":623.8055309,"new_mean":0.0298012}},{"type":"Polygon","arcs":[[227,228,229,230]],"properties":{"name":"Bangkapi","gaul_code":26401,"targetarea":44.9797974,"totpop":691469.581543,"country_id":"THA","targetpop":691469.581543,"totalarea":44.9797975,"new_mean":0.0242853}},{"type":"Polygon","arcs":[[231,232,233,234]],"properties":{"name":"Bang Pa-in","gaul_code":26893,"targetarea":3.3763345,"totpop":79006.3818703,"country_id":"THA","targetpop":4084.034668,"totalarea":237.9672138,"new_mean":0.0274683}},{"type":"Polygon","arcs":[[235]],"properties":{"name":"Khlong Yai","gaul_code":27113,"targetarea":0.8940248,"totpop":21222.6641464,"country_id":"THA","targetpop":1947.3066406,"totalarea":81.7810338,"new_mean":0.0259626}},{"type":"MultiPolygon","arcs":[[[236,237]],[[238]],[[239]]],"properties":{"name":"Si Maha Phot","gaul_code":26830,"targetarea":1.9852811,"totpop":89253.2379417,"country_id":"THA","targetpop":5163.267334,"totalarea":408.0985086,"new_mean":0.0295316}},{"type":"Polygon","arcs":[[240,241,242,243,-126,244,245,246,247,248],[249]],"properties":{"name":"Taling Chan","gaul_code":26430,"targetarea":91.1685596,"totpop":475491.236206,"country_id":"THA","targetpop":467549.623047,"totalarea":95.4689466,"new_mean":0.0262536}},{"type":"MultiPolygon","arcs":[[[250]],[[251]],[[252]],[[253]],[[254]],[[-116,255]],[[256]],[[257]],[[258]]],"properties":{"name":"Klaeng","gaul_code":26941,"targetarea":15.4832983,"totpop":285862.633249,"country_id":"THA","targetpop":51132.1766357,"totalarea":663.3661288,"new_mean":0.026158}},{"type":"MultiPolygon","arcs":[[[259]],[[260]],[[261]],[[262,263],[264]],[[265]],[[266]],[[267]]],"properties":{"name":"Muang Rayong","gaul_code":26942,"targetarea":93.106729,"totpop":453901.324111,"country_id":"THA","targetpop":265339.654724,"totalarea":678.274035,"new_mean":0.0259728}},{"type":"MultiPolygon","arcs":[[[268]],[[269]]],"properties":{"name":"Muang Nakhon Phanom","gaul_code":26690,"targetarea":3.5857587,"totpop":124025.252927,"country_id":"THA","targetpop":9937.1202393,"totalarea":807.1085764,"new_mean":0.0298761}},{"type":"MultiPolygon","arcs":[[[270]],[[271]]],"properties":{"name":"Aranyaprathet","gaul_code":26962,"targetarea":8.9938161,"totpop":144368.066586,"country_id":"THA","targetpop":37390.2558594,"totalarea":765.5827203,"new_mean":0.0338674}},{"type":"MultiPolygon","arcs":[[[270]],[[271]]],"properties":{"name":"Aranyaprathet","gaul_code":26962,"targetarea":8.9938161,"totpop":144368.066586,"country_id":"THA","targetpop":37390.2558594,"totalarea":765.5827203,"new_mean":0.0287692}},{"type":"MultiPolygon","arcs":[[[272]],[[273]],[[274]]],"properties":{"name":"Muang Nan","gaul_code":26760,"targetarea":3.2871534,"totpop":108380.670081,"country_id":"THA","targetpop":8796.6541748,"totalarea":1418.3348322,"new_mean":0.0157198}},{"type":"MultiPolygon","arcs":[[[275,276,277,278,279]],[[280]],[[281]],[[282]],[[283]]],"properties":{"name":"Photharam","gaul_code":26935,"targetarea":5.1340459,"totpop":129277.212605,"country_id":"THA","targetpop":14489.2298584,"totalarea":461.5213967,"new_mean":0.0298482}},{"type":"Polygon","arcs":[[284]],"properties":{"name":"Ban Mi","gaul_code":26643,"targetarea":1.1157778,"totpop":91553.2035484,"country_id":"THA","targetpop":3859.8458252,"totalarea":552.8475098,"new_mean":0.0283745}},{"type":"Polygon","arcs":[[285]],"properties":{"name":"Muang Phichit","gaul_code":26875,"targetarea":6.2413548,"totpop":126458.722626,"country_id":"THA","targetpop":18187.3065186,"totalarea":706.3870188,"new_mean":0.0284888}},{"type":"MultiPolygon","arcs":[[[286]],[[287]],[[288]],[[289]]],"properties":{"name":"Ban Khai","gaul_code":26939,"targetarea":3.5420213,"totpop":210250.221883,"country_id":"THA","targetpop":8749.1002197,"totalarea":682.3535535,"new_mean":0.0263659}},{"type":"MultiPolygon","arcs":[[[290]],[[291]]],"properties":{"name":"Nong Rua","gaul_code":26593,"targetarea":1.6694368,"totpop":93313.6789336,"country_id":"THA","targetpop":5383.4477539,"totalarea":535.6906824,"new_mean":0.0307316}},{"type":"Polygon","arcs":[[292]],"properties":{"name":"Wang Nam Yen","gaul_code":26966,"targetarea":2.9466008,"totpop":112203.861707,"country_id":"THA","targetpop":5687.086792,"totalarea":910.2841715,"new_mean":0.0324135}},{"type":"MultiPolygon","arcs":[[[293]],[[294]],[[295]],[[296]],[[297]]],"properties":{"name":"Sikhiu","gaul_code":26721,"targetarea":3.379508,"totpop":116831.902749,"country_id":"THA","targetpop":8950.6043701,"totalarea":1150.9323192,"new_mean":0.0296029}},{"type":"MultiPolygon","arcs":[[[298]],[[299]]],"properties":{"name":"Phanom Thuan","gaul_code":26577,"targetarea":1.687576,"totpop":104760.40476,"country_id":"THA","targetpop":5295.5432129,"totalarea":1003.4484179,"new_mean":0.0306991}},{"type":"Polygon","arcs":[[300,301,-128,-172,302,303]],"properties":{"name":"Bang Khun Thian","gaul_code":26398,"targetarea":76.3617725,"totpop":435477.961841,"country_id":"THA","targetpop":420482.615753,"totalarea":140.4222101,"new_mean":0.0257406}},{"type":"MultiPolygon","arcs":[[[304]],[[305]],[[306]],[[307]]],"properties":{"name":"Phanat Nikhom","gaul_code":26538,"targetarea":13.647885,"totpop":317050.744848,"country_id":"THA","targetpop":43223.1063232,"totalarea":711.5227407,"new_mean":0.0275588}},{"type":"Polygon","arcs":[[308]],"properties":{"name":"Muang Uttaradit","gaul_code":27175,"targetarea":7.4675297,"totpop":135978.201595,"country_id":"THA","targetpop":20644.7716675,"totalarea":762.6749708,"new_mean":0.0315935}},{"type":"Polygon","arcs":[[309]],"properties":{"name":"Wichian Buri","gaul_code":26865,"targetarea":1.1125669,"totpop":122802.403913,"country_id":"THA","targetpop":3496.8093262,"totalarea":1697.9306895,"new_mean":0.0328893}},{"type":"Polygon","arcs":[[310]],"properties":{"name":"Khlong Khlung","gaul_code":26564,"targetarea":0.5620648,"totpop":116725.167404,"country_id":"THA","targetpop":1334.9006348,"totalarea":842.2349443,"new_mean":0.0293242}},{"type":"Polygon","arcs":[[311,312,313,314]],"properties":{"name":"Bangkok Yai","gaul_code":26404,"targetarea":5.4343009,"totpop":167567.755859,"country_id":"THA","targetpop":0,"totalarea":5.4343009,"new_mean":0.0236185}},{"type":"MultiPolygon","arcs":[[[315]],[[316]]],"properties":{"name":"Muang Kamphaeng Phet","gaul_code":26567,"targetarea":17.9531124,"totpop":324086.006912,"country_id":"THA","targetpop":51064.1290894,"totalarea":1748.6283394,"new_mean":0.0286855}},{"type":"Polygon","arcs":[[317]],"properties":{"name":"Khok Samrong","gaul_code":26646,"targetarea":2.2209393,"totpop":94330.2022629,"country_id":"THA","targetpop":6526.9949951,"totalarea":779.9579292,"new_mean":0.0295621}},{"type":"MultiPolygon","arcs":[[[318]],[[319,320,321,-111,322,323],[324]]],"properties":{"name":"Samut Prakan","gaul_code":26989,"targetarea":155.7901993,"totpop":1323769.93687,"country_id":"THA","targetpop":1299608.70825,"totalarea":184.6892974,"new_mean":0.0287793}},{"type":"MultiPolygon","arcs":[[[325]],[[326]]],"properties":{"name":"Song Phi Nong","gaul_code":27070,"targetarea":1.1346625,"totpop":120183.999985,"country_id":"THA","targetpop":2990.5471191,"totalarea":695.7200571,"new_mean":0.0296451}},{"type":"Polygon","arcs":[[327]],"properties":{"name":"Non Thai","gaul_code":26715,"targetarea":0.564876,"totpop":120876.976986,"country_id":"THA","targetpop":1587.1330566,"totalarea":885.3255976,"new_mean":0.0297738}},{"type":"MultiPolygon","arcs":[[[328,329]],[[330]],[[331,332]]],"properties":{"name":"Kanchanadit","gaul_code":27078,"targetarea":0.6383032,"totpop":118094.413175,"country_id":"THA","targetpop":1383.4146728,"totalarea":1085.385736,"new_mean":0.0272558}},{"type":"Polygon","arcs":[[333]],"properties":{"name":"Lahan Sai","gaul_code":26438,"targetarea":0.5668695,"totpop":59992.2445546,"country_id":"THA","targetpop":1552.0124512,"totalarea":857.824701,"new_mean":0.0329322}},{"type":"Polygon","arcs":[[334]],"properties":{"name":"Nang Rong","gaul_code":26442,"targetarea":2.2252858,"totpop":90614.9886036,"country_id":"THA","targetpop":5384.0435791,"totalarea":902.4920079,"new_mean":0.0329833}},{"type":"Polygon","arcs":[[335]],"properties":{"name":"Kumphawapi","gaul_code":27149,"targetarea":1.8959444,"totpop":113022.353829,"country_id":"THA","targetpop":4490.8476562,"totalarea":808.4957441,"new_mean":0.0321531}},{"type":"MultiPolygon","arcs":[[[336,-160]],[[-165,-234,337]]],"properties":{"name":"Bang Sai","gaul_code":26895,"targetarea":1.3833453,"totpop":73743.6412888,"country_id":"THA","targetpop":2398.965332,"totalarea":400.1336914,"new_mean":0.0274912}},{"type":"Polygon","arcs":[[338]],"properties":{"name":"Bang Rakam","gaul_code":26883,"targetarea":0.5606029,"totpop":119176.871076,"country_id":"THA","targetpop":1655.7602539,"totalarea":946.6738718,"new_mean":0.0290025}},{"type":"Polygon","arcs":[[338]],"properties":{"name":"Bang Rakam","gaul_code":26883,"targetarea":0.5606029,"totpop":119176.871076,"country_id":"THA","targetpop":1655.7602539,"totalarea":946.6738718,"new_mean":0.0300436}},{"type":"MultiPolygon","arcs":[[[339]],[[340]]],"properties":{"name":"Det Udom","gaul_code":27127,"targetarea":1.6820851,"totpop":166740.763351,"country_id":"THA","targetpop":5895.1608887,"totalarea":1234.3048197,"new_mean":0.0319182}},{"type":"MultiPolygon","arcs":[[[341]],[[342]]],"properties":{"name":"Pran Buri","gaul_code":26922,"targetarea":1.1525162,"totpop":111796.356663,"country_id":"THA","targetpop":4594.9903565,"totalarea":1526.3325891,"new_mean":0.0299576}},{"type":"Polygon","arcs":[[343,-231,344,345,346,347,348,349]],"properties":{"name":"Prawet","gaul_code":26425,"targetarea":82.6500276,"totpop":551426.023438,"country_id":"THA","targetpop":551426.023438,"totalarea":82.7186778,"new_mean":0.0255582}},{"type":"MultiPolygon","arcs":[[[350]],[[351]]],"properties":{"name":"Don Chedi","gaul_code":27065,"targetarea":1.1326151,"totpop":42901.9868355,"country_id":"THA","targetpop":2852.8277588,"totalarea":292.6582601,"new_mean":0.0301363}},{"type":"MultiPolygon","arcs":[[[352]],[[353]],[[354,355,356,357,358],[359],[360]]],"properties":{"name":"Muang Chon Buri","gaul_code":26535,"targetarea":134.2222667,"totpop":491270.254917,"country_id":"THA","targetpop":409052.208679,"totalarea":251.6391316,"new_mean":0.0237424}},{"type":"Polygon","arcs":[[361]],"properties":{"name":"Borabu","gaul_code":26661,"targetarea":1.90622,"totpop":111092.826971,"country_id":"THA","targetpop":5699.6035156,"totalarea":1018.1334385,"new_mean":0.0308932}},{"type":"Polygon","arcs":[[362]],"properties":{"name":"Phyuha Khiri","gaul_code":26734,"targetarea":0.5641738,"totpop":52370.6787434,"country_id":"THA","targetpop":1536.2160644,"totalarea":645.096653,"new_mean":0.0293649}},{"type":"Polygon","arcs":[[363]],"properties":{"name":"Si Chomphu","gaul_code":26600,"targetarea":0.5604829,"totpop":76887.7837501,"country_id":"THA","targetpop":1392.3637695,"totalarea":521.1662139,"new_mean":0.0310843}},{"type":"Polygon","arcs":[[364,365]],"properties":{"name":"Bang Khla","gaul_code":26453,"targetarea":1.413261,"totpop":53407.7229614,"country_id":"THA","targetpop":3093.4602051,"totalarea":214.7947696,"new_mean":0.0245593}},{"type":"MultiPolygon","arcs":[[[366]],[[367]]],"properties":{"name":"Muang Sukhothai","gaul_code":27056,"targetarea":9.0825148,"totpop":122403.660973,"country_id":"THA","targetpop":24419.3394775,"totalarea":556.612029,"new_mean":0.0315149}},{"type":"Polygon","arcs":[[-346,368,-112,-322,369]],"properties":{"name":"Phra Khanong","gaul_code":26422,"targetarea":28.7586932,"totpop":334930.783936,"country_id":"THA","targetpop":334930.783936,"totalarea":28.7586932,"new_mean":0.0245546}},{"type":"Polygon","arcs":[[370]],"properties":{"name":"Chonnabot","gaul_code":26586,"targetarea":1.1231492,"totpop":50510.553009,"country_id":"THA","targetpop":3062.897583,"totalarea":318.9262572,"new_mean":0.0302751}},{"type":"MultiPolygon","arcs":[[[371]],[[372]]],"properties":{"name":"Nong Phai","gaul_code":26862,"targetarea":1.1252601,"totpop":109978.254069,"country_id":"THA","targetpop":3876.8596191,"totalarea":1360.3088921,"new_mean":0.0329267}},{"type":"Polygon","arcs":[[-144,373,-229,374,-209]],"properties":{"name":"Lat Phrao","gaul_code":26414,"targetarea":28.8761499,"totpop":289028.403809,"country_id":"THA","targetpop":289028.403809,"totalarea":28.8761499,"new_mean":0.0241566}},{"type":"MultiPolygon","arcs":[[[375,376]],[[377]]],"properties":{"name":"San Sai","gaul_code":26513,"targetarea":13.7529025,"totpop":116730.874784,"country_id":"THA","targetpop":29122.8882446,"totalarea":350.7480759,"new_mean":0.0200025}},{"type":"Polygon","arcs":[[378]],"properties":{"name":"Muang Prachuap Khiri Khan","gaul_code":26921,"targetarea":1.9749352,"totpop":84182.3130314,"country_id":"THA","targetpop":2835.7141724,"totalarea":844.1691143,"new_mean":0.0300215}},{"type":"MultiPolygon","arcs":[[[379,380]],[[381,382]]],"properties":{"name":"Tha Rua","gaul_code":26903,"targetarea":2.1921014,"totpop":46747.9734344,"country_id":"THA","targetpop":5505.923706,"totalarea":98.4961499,"new_mean":0.0274474}},{"type":"Polygon","arcs":[[383]],"properties":{"name":"Muang Ang Thong","gaul_code":26391,"targetarea":2.2256972,"totpop":43482.144928,"country_id":"THA","targetpop":5460.9177246,"totalarea":103.6202899,"new_mean":0.023024}},{"type":"MultiPolygon","arcs":[[[384]],[[385]],[[386,387]],[[388,389]],[[390,391]],[[392,393,394]],[[395,396,397]]],"properties":{"name":"Muang Chachoengsao","gaul_code":26457,"targetarea":17.4679213,"totpop":184171.682095,"country_id":"THA","targetpop":48237.6396484,"totalarea":379.4704147,"new_mean":0.0231972}},{"type":"Polygon","arcs":[[398,-301,399,400,401],[402]],"properties":{"name":"Chom Thong","gaul_code":26408,"targetarea":31.0702924,"totpop":276282.952606,"country_id":"THA","targetpop":268988.630005,"totalarea":37.8635879,"new_mean":0.024068}},{"type":"MultiPolygon","arcs":[[[403]],[[404]]],"properties":{"name":"Khanu Woralaksaburi","gaul_code":26563,"targetarea":2.5125781,"totpop":168643.913456,"country_id":"THA","targetpop":8509.6654053,"totalarea":1452.7119836,"new_mean":0.0297296}},{"type":"Polygon","arcs":[[405]],"properties":{"name":"Sichon","gaul_code":26752,"targetarea":3.8308347,"totpop":72330.8629665,"country_id":"THA","targetpop":9415.5202637,"totalarea":679.1942463,"new_mean":0.0278703}},{"type":"Polygon","arcs":[[406]],"properties":{"name":"Chom Thong","gaul_code":26496,"targetarea":1.1093704,"totpop":123043.4059,"country_id":"THA","targetpop":3372.8164062,"totalarea":1325.9364541,"new_mean":0.0208407}},{"type":"MultiPolygon","arcs":[[[407]],[[408]],[[409]]],"properties":{"name":"Kabin Buri","gaul_code":26826,"targetarea":8.6339039,"totpop":203337.607771,"country_id":"THA","targetpop":23942.2844238,"totalarea":1284.5996472,"new_mean":0.0311474}},{"type":"MultiPolygon","arcs":[[[407]],[[408]],[[409]]],"properties":{"name":"Kabin Buri","gaul_code":26826,"targetarea":8.6339039,"totpop":203337.607771,"country_id":"THA","targetpop":23942.2844238,"totalarea":1284.5996472,"new_mean":0.0301445}},{"type":"Polygon","arcs":[[410]],"properties":{"name":"Si Samrong","gaul_code":27059,"targetarea":1.1170272,"totpop":79992.0452995,"country_id":"THA","targetpop":4082.9030762,"totalarea":610.2436321,"new_mean":0.0314673}},{"type":"Polygon","arcs":[[411]],"properties":{"name":"Muang Yasothon","gaul_code":27192,"targetarea":4.8757056,"totpop":101268.602119,"country_id":"THA","targetpop":12555.8824463,"totalarea":666.1267729,"new_mean":0.0300278}},{"type":"MultiPolygon","arcs":[[[412]],[[413,414,415,416]],[[417,418,-235,-164,419,420,421,422,423,424],[425]],[[426]],[[427,428,429]]],"properties":{"name":"Khlong Luang","gaul_code":26806,"targetarea":126.2100299,"totpop":562904.943436,"country_id":"THA","targetpop":439427.491516,"totalarea":305.1618283,"new_mean":0.0229347}},{"type":"Polygon","arcs":[[430]],"properties":{"name":"Wattana Nakhon","gaul_code":26967,"targetarea":0.5684843,"totpop":104638.142819,"country_id":"THA","targetpop":1646.517456,"totalarea":1478.6356014,"new_mean":0.0322983}},{"type":"MultiPolygon","arcs":[[[431,432]],[[-173,-244,433,434]],[[435,436,437]],[[438,439]],[[440,441]]],"properties":{"name":"Sam Phran","gaul_code":26688,"targetarea":42.8523248,"totpop":215354.015587,"country_id":"THA","targetpop":101765.564514,"totalarea":214.9726855,"new_mean":0.0274742}},{"type":"Polygon","arcs":[[442]],"properties":{"name":"Muang Suphan Buri","gaul_code":27066,"targetarea":13.2469998,"totpop":157589.381344,"country_id":"THA","targetpop":36198.3551025,"totalarea":526.6803336,"new_mean":0.0293502}},{"type":"Polygon","arcs":[[443]],"properties":{"name":"Muang Kalasin","gaul_code":26555,"targetarea":7.2346018,"totpop":130411.909751,"country_id":"THA","targetpop":20679.076416,"totalarea":960.6375532,"new_mean":0.0331928}},{"type":"MultiPolygon","arcs":[[[444]],[[445]],[[446,447]]],"properties":{"name":"Hang Dong","gaul_code":26500,"targetarea":5.1671005,"totpop":89525.4914932,"country_id":"THA","targetpop":12382.7644043,"totalarea":273.5033224,"new_mean":0.0193218}},{"type":"Polygon","arcs":[[448]],"properties":{"name":"Mancha Khiri","gaul_code":26590,"targetarea":0.5623657,"totpop":103437.581593,"country_id":"THA","targetpop":1690.7399902,"totalarea":938.7853151,"new_mean":0.0306884}},{"type":"MultiPolygon","arcs":[[[449]],[[450]]],"properties":{"name":"Chum Phae","gaul_code":26587,"targetarea":4.5509638,"totpop":128148.058465,"country_id":"THA","targetpop":15388.8580322,"totalarea":667.8143467,"new_mean":0.0309515}},{"type":"Polygon","arcs":[[451]],"properties":{"name":"Chum Phuang","gaul_code":26704,"targetarea":1.1271469,"totpop":137716.893042,"country_id":"THA","targetpop":3086.8261719,"totalarea":1151.6536036,"new_mean":0.0308533}},{"type":"Polygon","arcs":[[452]],"properties":{"name":"Phimai","gaul_code":26719,"targetarea":3.1410164,"totpop":128113.380749,"country_id":"THA","targetpop":9295.1953125,"totalarea":914.5145366,"new_mean":0.0305396}},{"type":"Polygon","arcs":[[453,454]],"properties":{"name":"Satuk","gaul_code":26451,"targetarea":1.9139246,"totpop":96994.4782009,"country_id":"THA","targetpop":3060.7678223,"totalarea":882.6663158,"new_mean":0.0325661}},{"type":"MultiPolygon","arcs":[[[455]],[[-238,456]]],"properties":{"name":"Phanom Sarakham","gaul_code":26458,"targetarea":1.9511979,"totpop":105769.392937,"country_id":"THA","targetpop":7162.9350586,"totalarea":570.1565223,"new_mean":0.0286949}},{"type":"MultiPolygon","arcs":[[[455]],[[-238,456]]],"properties":{"name":"Phanom Sarakham","gaul_code":26458,"targetarea":1.9511979,"totpop":105769.392937,"country_id":"THA","targetpop":7162.9350586,"totalarea":570.1565223,"new_mean":0.0288812}},{"type":"Polygon","arcs":[[457]],"properties":{"name":"Muang Phayao","gaul_code":26853,"targetarea":0.5531714,"totpop":103111.968475,"country_id":"THA","targetpop":2461.6142578,"totalarea":1105.963853,"new_mean":0.0170459}},{"type":"Polygon","arcs":[[458]],"properties":{"name":"Pak Thong Chai","gaul_code":26718,"targetarea":1.130414,"totpop":114113.984958,"country_id":"THA","targetpop":3827.3339844,"totalarea":981.6902906,"new_mean":0.0295817}},{"type":"Polygon","arcs":[[459]],"properties":{"name":"Lan Krabu","gaul_code":26566,"targetarea":0.5610556,"totpop":47994.4018173,"country_id":"THA","targetpop":1438.9023438,"totalarea":392.2544284,"new_mean":0.0293388}},{"type":"MultiPolygon","arcs":[[[460]],[[461]],[[462,-280,463]]],"properties":{"name":"Muang Ratchaburi","gaul_code":26933,"targetarea":21.1051521,"totpop":192091.227413,"country_id":"THA","targetpop":58944.6638184,"totalarea":467.0712554,"new_mean":0.0302209}},{"type":"Polygon","arcs":[[464]],"properties":{"name":"Muang Prachin Buri","gaul_code":26827,"targetarea":13.9056615,"totpop":183532.395115,"country_id":"THA","targetpop":42138.3721924,"totalarea":459.0657578,"new_mean":0.0274452}},{"type":"Polygon","arcs":[[465,-416,466]],"properties":{"name":"Nong Sua","gaul_code":26810,"targetarea":0.8300103,"totpop":172977.377228,"country_id":"THA","targetpop":4608.2773438,"totalarea":329.9836006,"new_mean":0.0255059}},{"type":"Polygon","arcs":[[465,-416,466]],"properties":{"name":"Nong Sua","gaul_code":26810,"targetarea":0.8300103,"totpop":172977.377228,"country_id":"THA","targetpop":4608.2773438,"totalarea":329.9836006,"new_mean":0.0259417}},{"type":"Polygon","arcs":[[467]],"properties":{"name":"Bung Sam Phan","gaul_code":26855,"targetarea":1.1248336,"totpop":67749.8245296,"country_id":"THA","targetpop":3227.8309326,"totalarea":672.5427727,"new_mean":0.0331332}},{"type":"Polygon","arcs":[[468,469,470,471,472]],"properties":{"name":"Bangkho Laem","gaul_code":26402,"targetarea":8.1958168,"totpop":164687.696289,"country_id":"THA","targetpop":0,"totalarea":8.1958168,"new_mean":0.0234278}},{"type":"Polygon","arcs":[[473,474]],"properties":{"name":"Ban Lat","gaul_code":26867,"targetarea":0.0305588,"totpop":53079.7434998,"country_id":"THA","targetpop":0,"totalarea":291.7355415,"new_mean":0.0277444}},{"type":"Polygon","arcs":[[475,476,477,478,479,480]],"properties":{"name":"Dusit","gaul_code":26410,"targetarea":11.2457778,"totpop":154553.306152,"country_id":"THA","targetpop":154553.306152,"totalarea":11.2457778,"new_mean":0.0235246}},{"type":"Polygon","arcs":[[481]],"properties":{"name":"Suwannaphum","gaul_code":26960,"targetarea":0.5637958,"totpop":83151.3514576,"country_id":"THA","targetpop":2180.1276856,"totalarea":833.0887885,"new_mean":0.0310773}},{"type":"MultiPolygon","arcs":[[[482]],[[483,484]]],"properties":{"name":"Muak Lek","gaul_code":26999,"targetarea":1.5205077,"totpop":71096.8812981,"country_id":"THA","targetpop":4996.9117432,"totalarea":849.3004293,"new_mean":0.029986}},{"type":"MultiPolygon","arcs":[[[485,-441]],[[-242,486,487]]],"properties":{"name":"Phuthamonthon","gaul_code":26687,"targetarea":1.5227011,"totpop":35061.6219635,"country_id":"THA","targetpop":1405.6156006,"totalarea":78.3909399,"new_mean":0.0259157}},{"type":"Polygon","arcs":[[488]],"properties":{"name":"Nam Phong","gaul_code":26592,"targetarea":0.5606984,"totpop":111744.773465,"country_id":"THA","targetpop":1495.2900391,"totalarea":750.5985196,"new_mean":0.0311881}},{"type":"Polygon","arcs":[[489]],"properties":{"name":"Khemarat","gaul_code":27129,"targetarea":0.5627631,"totpop":125964.06478,"country_id":"THA","targetpop":1561.7983398,"totalarea":955.6940067,"new_mean":0.0319206}},{"type":"MultiPolygon","arcs":[[[490]],[[491]]],"properties":{"name":"Takhli","gaul_code":26736,"targetarea":2.2287218,"totpop":105430.4429,"country_id":"THA","targetpop":6755.2163086,"totalarea":785.5000705,"new_mean":0.0293276}},{"type":"Polygon","arcs":[[492]],"properties":{"name":"Sikhoraphum","gaul_code":27101,"targetarea":0.5655235,"totpop":99100.7930782,"country_id":"THA","targetpop":1346.4711914,"totalarea":739.3445337,"new_mean":0.0326108}},{"type":"Polygon","arcs":[[493,494,495,496,-107,-369,-345,497]],"properties":{"name":"Khlong Toei","gaul_code":26413,"targetarea":24.2524908,"totpop":392386.891602,"country_id":"THA","targetpop":392386.891602,"totalarea":24.2524908,"new_mean":0.0238107}},{"type":"Polygon","arcs":[[498,499]],"properties":{"name":"Buachet","gaul_code":27090,"targetarea":0.6528803,"totpop":28325.6951456,"country_id":"THA","targetpop":1569.9619141,"totalarea":469.6082766,"new_mean":0.0323746}},{"type":"MultiPolygon","arcs":[[[500,501]],[[502]],[[503]],[[504]]],"properties":{"name":"Muang Phrae","gaul_code":26908,"targetarea":5.8374955,"totpop":131636.245793,"country_id":"THA","targetpop":16485.0206299,"totalarea":764.8879022,"new_mean":0.0266798}},{"type":"MultiPolygon","arcs":[[[505,506]],[[507]],[[508,509,510,-186,511,-180,512,-177,513]]],"properties":{"name":"Bang Yai","gaul_code":26802,"targetarea":33.1230697,"totpop":146219.093796,"country_id":"THA","targetpop":100792.273437,"totalarea":90.1017403,"new_mean":0.0233179}},{"type":"Polygon","arcs":[[514]],"properties":{"name":"Kham Khuan Kaeo","gaul_code":27187,"targetarea":0.5636616,"totpop":57941.6863518,"country_id":"THA","targetpop":1544.1395264,"totalarea":536.1208472,"new_mean":0.032792}},{"type":"Polygon","arcs":[[515]],"properties":{"name":"Muang Uthai Thani","gaul_code":27167,"targetarea":3.7538051,"totpop":47733.149435,"country_id":"THA","targetpop":11774.2663574,"totalarea":239.4956655,"new_mean":0.0286479}},{"type":"Polygon","arcs":[[516,-475]],"properties":{"name":"Muang Phetchaburi","gaul_code":26871,"targetarea":14.4110886,"totpop":139883.036636,"country_id":"THA","targetpop":39000.3275146,"totalarea":288.6915174,"new_mean":0.0254513}},{"type":"Polygon","arcs":[[517]],"properties":{"name":"Muang Sing Buri","gaul_code":27035,"targetarea":1.1165395,"totpop":37585.5464897,"country_id":"THA","targetpop":3582.1986084,"totalarea":132.2065059,"new_mean":0.0337602}},{"type":"MultiPolygon","arcs":[[[518]],[[519]]],"properties":{"name":"Muang Sa Kaeo","gaul_code":26964,"targetarea":2.5376954,"totpop":183571.205513,"country_id":"THA","targetpop":7761.7824707,"totalarea":1826.1667737,"new_mean":0.0319271}},{"type":"Polygon","arcs":[[520]],"properties":{"name":"Kaeng Khro","gaul_code":26473,"targetarea":1.1101441,"totpop":73632.4160557,"country_id":"THA","targetpop":3348.4846191,"totalarea":701.5722083,"new_mean":0.0319202}},{"type":"MultiPolygon","arcs":[[[521]],[[522]],[[523]],[[524]],[[525]]],"properties":{"name":"Muang Ranong","gaul_code":26927,"targetarea":12.8740327,"totpop":101461.094358,"country_id":"THA","targetpop":39187.3491821,"totalarea":333.2038305,"new_mean":0.0309612}},{"type":"MultiPolygon","arcs":[[[526]],[[527]],[[528]]],"properties":{"name":"Fang","gaul_code":26499,"targetarea":4.2784129,"totpop":128793.550268,"country_id":"THA","targetpop":8343.2078857,"totalarea":849.3330003,"new_mean":0.0153257}},{"type":"Polygon","arcs":[[529]],"properties":{"name":"Ban Sang","gaul_code":26825,"targetarea":0.5678876,"totpop":53693.9845009,"country_id":"THA","targetpop":1451.4490967,"totalarea":380.0850926,"new_mean":0.025653}},{"type":"Polygon","arcs":[[530]],"properties":{"name":"Ko Kha","gaul_code":26613,"targetarea":0.5562868,"totpop":59778.9526653,"country_id":"THA","targetpop":1726.4263916,"totalarea":524.5126833,"new_mean":0.0264243}},{"type":"Polygon","arcs":[[531]],"properties":{"name":"Phu Wiang","gaul_code":26598,"targetarea":0.5608893,"totpop":114006.556184,"country_id":"THA","targetpop":2133.2373047,"totalarea":1075.005536,"new_mean":0.0309609}},{"type":"Polygon","arcs":[[532]],"properties":{"name":"Lom Kao","gaul_code":26858,"targetarea":0.5602182,"totpop":57095.7485409,"country_id":"THA","targetpop":1408.0388184,"totalarea":844.4730273,"new_mean":0.0279185}},{"type":"MultiPolygon","arcs":[[[-217,533]],[[534]],[[535]],[[536]],[[537,538,539,540,541,-140,-208,542,-206,543,544,545],[546]]],"properties":{"name":"Lam Luk Ka","gaul_code":26807,"targetarea":93.1989919,"totpop":495452.651733,"country_id":"THA","targetpop":375261.064819,"totalarea":286.0192487,"new_mean":0.0241133}},{"type":"MultiPolygon","arcs":[[[-217,533]],[[534]],[[535]],[[536]],[[537,538,539,540,541,-140,-208,542,-206,543,544,545],[546]]],"properties":{"name":"Lam Luk Ka","gaul_code":26807,"targetarea":93.1989919,"totpop":495452.651733,"country_id":"THA","targetpop":375261.064819,"totalarea":286.0192487,"new_mean":0.0232118}},{"type":"MultiPolygon","arcs":[[[547]],[[548]]],"properties":{"name":"Muang Udon Thani","gaul_code":27151,"targetarea":30.6567276,"totpop":295227.288971,"country_id":"THA","targetpop":92314.2608643,"totalarea":1120.6582362,"new_mean":0.0309325}},{"type":"Polygon","arcs":[[-210,-375,-228,-344,549]],"properties":{"name":"Bungkum","gaul_code":26406,"targetarea":60.383428,"totpop":385724.437744,"country_id":"THA","targetpop":385724.437744,"totalarea":60.383428,"new_mean":0.0249436}},{"type":"Polygon","arcs":[[550,551,-470,552,553,554]],"properties":{"name":"Khlong San","gaul_code":26412,"targetarea":5.8385486,"totpop":104028.582031,"country_id":"THA","targetpop":0,"totalarea":5.8385486,"new_mean":0.023249}},{"type":"Polygon","arcs":[[555,556,557,558,-476,559]],"properties":{"name":"Bang Su","gaul_code":26400,"targetarea":13.9005208,"totpop":249776.631836,"country_id":"THA","targetpop":0,"totalarea":13.9005209,"new_mean":0.0235286}},{"type":"MultiPolygon","arcs":[[[560]],[[561]]],"properties":{"name":"Ko Sichang","gaul_code":26534,"targetarea":1.0297791,"totpop":6402.542511,"country_id":"THA","targetpop":0,"totalarea":6.8928173,"new_mean":0.0286686}},{"type":"MultiPolygon","arcs":[[[562]],[[563]],[[564]],[[565]]],"properties":{"name":"Muang Chanthaburi","gaul_code":26489,"targetarea":13.0425741,"totpop":124538.993912,"country_id":"THA","targetpop":42276.3961182,"totalarea":264.2679592,"new_mean":0.0263353}},{"type":"Polygon","arcs":[[566,567,568,-556,569,-142]],"properties":{"name":"Don Muang","gaul_code":26409,"targetarea":65.0828237,"totpop":630349.089111,"country_id":"THA","targetpop":630349.089111,"totalarea":65.0828235,"new_mean":0.0236689}},{"type":"Polygon","arcs":[[566,567,568,-556,569,-142]],"properties":{"name":"Don Muang","gaul_code":26409,"targetarea":65.0828237,"totpop":630349.089111,"country_id":"THA","targetpop":630349.089111,"totalarea":65.0828235,"new_mean":0.023863}},{"type":"Polygon","arcs":[[570]],"properties":{"name":"Tha Bo","gaul_code":26799,"targetarea":1.9314495,"totpop":73108.2394342,"country_id":"THA","targetpop":5471.6296387,"totalarea":359.3247416,"new_mean":0.0316006}},{"type":"MultiPolygon","arcs":[[[571,-437,572]],[[573]],[[-439,574]],[[575]],[[576,577]],[[578]]],"properties":{"name":"Nakhon Chaisi","gaul_code":26686,"targetarea":10.4262762,"totpop":134477.748848,"country_id":"THA","targetpop":24530.5506592,"totalarea":264.1004549,"new_mean":0.0269748}},{"type":"Polygon","arcs":[[579]],"properties":{"name":"Phanom Phrai","gaul_code":26954,"targetarea":0.5635944,"totpop":75074.8859024,"country_id":"THA","targetpop":1709.7617188,"totalarea":593.6776375,"new_mean":0.0302995}},{"type":"Polygon","arcs":[[579]],"properties":{"name":"Phanom Phrai","gaul_code":26954,"targetarea":0.5635944,"totpop":75074.8859024,"country_id":"THA","targetpop":1709.7617188,"totalarea":593.6776375,"new_mean":0.0297537}},{"type":"Polygon","arcs":[[580,-401,581,582,-109,583,-472]],"properties":{"name":"Ratburana","gaul_code":26426,"targetarea":40.5884922,"totpop":385549.295532,"country_id":"THA","targetpop":383312.733398,"totalarea":41.6752073,"new_mean":0.0272766}},{"type":"MultiPolygon","arcs":[[[584]],[[585]],[[586]],[[587]],[[588]],[[589]]],"properties":{"name":"Muang Phitsanulok","gaul_code":26885,"targetarea":43.5793675,"totpop":327642.901978,"country_id":"THA","targetpop":123755.616638,"totalarea":713.4201021,"new_mean":0.0288287}},{"type":"Polygon","arcs":[[590]],"properties":{"name":"Bang Pla Ma","gaul_code":27062,"targetarea":0.5668902,"totpop":83322.6376801,"country_id":"THA","targetpop":1566.0114746,"totalarea":473.1544837,"new_mean":0.0294271}},{"type":"MultiPolygon","arcs":[[[591,-467,-415,592,-425,593,-423,594,-541,595,-539,596,-545]],[[597]],[[598]],[[599]]],"properties":{"name":"Thanyaburi","gaul_code":26812,"targetarea":73.9129529,"totpop":497243.60437,"country_id":"THA","targetpop":451806.42627,"totalarea":124.9585783,"new_mean":0.0214866}},{"type":"MultiPolygon","arcs":[[[600]],[[601]],[[602]],[[603]]],"properties":{"name":"Muang Chumphon","gaul_code":26543,"targetarea":6.9039552,"totpop":148325.046496,"country_id":"THA","targetpop":19392.7489014,"totalarea":786.1734469,"new_mean":0.0302009}},{"type":"Polygon","arcs":[[604]],"properties":{"name":"Nong Ki","gaul_code":26446,"targetarea":0.5661815,"totpop":50437.5644264,"country_id":"THA","targetpop":1730.1177978,"totalarea":463.1587457,"new_mean":0.032228}},{"type":"Polygon","arcs":[[605]],"properties":{"name":"Chon Daen","gaul_code":26856,"targetarea":0.5622039,"totpop":78638.3630962,"country_id":"THA","targetpop":1581.1108398,"totalarea":1153.3112355,"new_mean":0.0323268}},{"type":"Polygon","arcs":[[605]],"properties":{"name":"Chon Daen","gaul_code":26856,"targetarea":0.5622039,"totpop":78638.3630962,"country_id":"THA","targetpop":1581.1108398,"totalarea":1153.3112355,"new_mean":0.0316944}},{"type":"MultiPolygon","arcs":[[[606]],[[607,608,609,610]],[[611,612]],[[613,614]],[[615,616]]],"properties":{"name":"Muang Samut Prakan","gaul_code":26986,"targetarea":34.0711666,"totpop":236860.489684,"country_id":"THA","targetpop":99661.477417,"totalarea":216.0039817,"new_mean":0.0262931}},{"type":"MultiPolygon","arcs":[[[617]],[[-276,-463,618]],[[619,-278]]],"properties":{"name":"Damnoen Saduak","gaul_code":26932,"targetarea":3.8943067,"totpop":92721.4062042,"country_id":"THA","targetpop":10381.8208008,"totalarea":206.9238097,"new_mean":0.0287668}},{"type":"MultiPolygon","arcs":[[[620]],[[621]]],"properties":{"name":"Lom Sak","gaul_code":26859,"targetarea":3.2114662,"totpop":142012.074296,"country_id":"THA","targetpop":10715.5379639,"totalarea":1474.2885806,"new_mean":0.0332102}},{"type":"Polygon","arcs":[[622]],"properties":{"name":"Phayakkhaphum Phisai","gaul_code":26669,"targetarea":0.5640408,"totpop":94878.8340416,"country_id":"THA","targetpop":1723.7371826,"totalarea":845.4523955,"new_mean":0.0313603}},{"type":"MultiPolygon","arcs":[[[-137,623]],[[624]]],"properties":{"name":"Amphawa","gaul_code":26993,"targetarea":0.6237896,"totpop":50356.0457554,"country_id":"THA","targetpop":1469.1477051,"totalarea":169.4122042,"new_mean":0.0295001}},{"type":"MultiPolygon","arcs":[[[625]],[[626]]],"properties":{"name":"Kamphaeng Saen","gaul_code":26684,"targetarea":3.937955,"totpop":164210.633694,"country_id":"THA","targetpop":12624.1329346,"totalarea":450.5662752,"new_mean":0.0293255}},{"type":"Polygon","arcs":[[627]],"properties":{"name":"Kantharalak","gaul_code":27016,"targetarea":1.8162284,"totpop":145588.609752,"country_id":"THA","targetpop":3829.2043457,"totalarea":1634.1453199,"new_mean":0.0313132}},{"type":"MultiPolygon","arcs":[[[628]],[[629]],[[630]],[[631]]],"properties":{"name":"Ban Pong","gaul_code":26929,"targetarea":18.3575327,"totpop":161540.047501,"country_id":"THA","targetpop":44226.888916,"totalarea":380.3838893,"new_mean":0.0300683}},{"type":"Polygon","arcs":[[632]],"properties":{"name":"Tha Mai","gaul_code":26493,"targetarea":0.5710383,"totpop":60877.5314139,"country_id":"THA","targetpop":1486.036499,"totalarea":568.0074008,"new_mean":0.0265191}},{"type":"Polygon","arcs":[[633]],"properties":{"name":"Sam Chuk","gaul_code":27068,"targetarea":0.5660128,"totpop":56473.8975716,"country_id":"THA","targetpop":2384.5131836,"totalarea":311.9563238,"new_mean":0.0297275}},{"type":"Polygon","arcs":[[634,-246,-313,635]],"properties":{"name":"Bangkok Noi","gaul_code":26403,"targetarea":9.6506895,"totpop":168186.307617,"country_id":"THA","targetpop":168186.307617,"totalarea":9.6506895,"new_mean":0.0242611}},{"type":"Polygon","arcs":[[636,-454]],"properties":{"name":"Chumphon Buri","gaul_code":27092,"targetarea":0.3047088,"totpop":50840.3225727,"country_id":"THA","targetpop":2602.5170898,"totalarea":652.2837916,"new_mean":0.0315163}},{"type":"MultiPolygon","arcs":[[[637]],[[638]]],"properties":{"name":"Tha Sala","gaul_code":26753,"targetarea":3.2835474,"totpop":120791.30818,"country_id":"THA","targetpop":9124.0965576,"totalarea":1151.9293395,"new_mean":0.0278005}},{"type":"MultiPolygon","arcs":[[[-610,639]],[[-617,640]],[[641,642]],[[643]],[[644,645,-349,646,-347,-370,-321,647,-608,648,-612,649,-615,650],[651],[652]]],"properties":{"name":"Bang Phli","gaul_code":26985,"targetarea":193.1470328,"totpop":681700.217361,"country_id":"THA","targetpop":544472.513428,"totalarea":344.398005,"new_mean":0.0276654}},{"type":"MultiPolygon","arcs":[[[653]],[[654]]],"properties":{"name":"Bang Pakong","gaul_code":26455,"targetarea":1.7065446,"totpop":104054.309013,"country_id":"THA","targetpop":4115.013794,"totalarea":264.0500781,"new_mean":0.0248356}},{"type":"Polygon","arcs":[[655]],"properties":{"name":"Muang Surin","gaul_code":27095,"targetarea":8.472621,"totpop":200868.713209,"country_id":"THA","targetpop":24570.2554321,"totalarea":1266.511731,"new_mean":0.0326153}},{"type":"Polygon","arcs":[[656]],"properties":{"name":"Thoeng","gaul_code":26527,"targetarea":0.5514565,"totpop":82583.7597322,"country_id":"THA","targetpop":1663.4650879,"totalarea":832.5286763,"new_mean":0.0171171}},{"type":"MultiPolygon","arcs":[[[657,658]],[[-420,-163,659,660,661,662,-567,-141,-542,-595,-422,663],[664]]],"properties":{"name":"Muang Pathum Thani","gaul_code":26809,"targetarea":104.4170799,"totpop":503218.668365,"country_id":"THA","targetpop":471947.382446,"totalarea":133.6978078,"new_mean":0.0214747}},{"type":"MultiPolygon","arcs":[[[665]],[[666]]],"properties":{"name":"Chumsaeng","gaul_code":26726,"targetarea":1.1260378,"totpop":59786.9624076,"country_id":"THA","targetpop":3876.939209,"totalarea":542.084147,"new_mean":0.0271699}},{"type":"Polygon","arcs":[[667]],"properties":{"name":"Sankhaburi","gaul_code":26466,"targetarea":0.5652658,"totpop":51385.5572071,"country_id":"THA","targetpop":1466.8746338,"totalarea":343.4922358,"new_mean":0.0288667}},{"type":"Polygon","arcs":[[-510,668,-506,669,-487,-241,670,-248,671,-558,672]],"properties":{"name":"Bang Kruai","gaul_code":26801,"targetarea":51.5661108,"totpop":229541.088867,"country_id":"THA","targetpop":224624.661011,"totalarea":55.1910714,"new_mean":0.0249062}},{"type":"Polygon","arcs":[[673]],"properties":{"name":"Ban Fang","gaul_code":26584,"targetarea":0.5614572,"totpop":53336.402668,"country_id":"THA","targetpop":1527.5230713,"totalarea":363.8527022,"new_mean":0.0303232}},{"type":"Polygon","arcs":[[674]],"properties":{"name":"Phan","gaul_code":26525,"targetarea":1.1021347,"totpop":128412.01997,"country_id":"THA","targetpop":2966.0703125,"totalarea":1005.942358,"new_mean":0.0175433}},{"type":"MultiPolygon","arcs":[[[675,-192]],[[676,677,678]],[[679,680]],[[681,-659,682]],[[683]],[[684,685]],[[686,-661]]],"properties":{"name":"Lat Lum Kaeo","gaul_code":26808,"targetarea":21.3497812,"totpop":167017.603394,"country_id":"THA","targetpop":52236.3912354,"totalarea":197.7096892,"new_mean":0.022893}},{"type":"MultiPolygon","arcs":[[[675,-192]],[[676,677,678]],[[679,680]],[[681,-659,682]],[[683]],[[684,685]],[[686,-661]]],"properties":{"name":"Lat Lum Kaeo","gaul_code":26808,"targetarea":21.3497812,"totpop":167017.603394,"country_id":"THA","targetpop":52236.3912354,"totalarea":197.7096892,"new_mean":0.0244655}},{"type":"Polygon","arcs":[[687]],"properties":{"name":"Ban Phai","gaul_code":26585,"targetarea":6.1174944,"totpop":162909.34901,"country_id":"THA","targetpop":18643.8135986,"totalarea":916.3539531,"new_mean":0.0296685}},{"type":"MultiPolygon","arcs":[[[688]],[[689]],[[690]]],"properties":{"name":"Tha Maka","gaul_code":26581,"targetarea":10.5492494,"totpop":149881.00074,"country_id":"THA","targetpop":26876.9108887,"totalarea":405.0955845,"new_mean":0.0306732}},{"type":"Polygon","arcs":[[691]],"properties":{"name":"Thap Sakae","gaul_code":26923,"targetarea":0.5733604,"totpop":53433.641149,"country_id":"THA","targetpop":1404.2384033,"totalarea":518.6256364,"new_mean":0.0300044}},{"type":"MultiPolygon","arcs":[[[692]],[[693]],[[694]],[[695]]],"properties":{"name":"Muang Nong Khai","gaul_code":26790,"targetarea":9.3259086,"totpop":146679.753716,"country_id":"THA","targetpop":24167.3511963,"totalarea":719.0195106,"new_mean":0.0324841}},{"type":"MultiPolygon","arcs":[[[692]],[[693]],[[694]],[[695]]],"properties":{"name":"Muang Nong Khai","gaul_code":26790,"targetarea":9.3259086,"totpop":146679.753716,"country_id":"THA","targetpop":24167.3511963,"totalarea":719.0195106,"new_mean":0.0325901}},{"type":"MultiPolygon","arcs":[[[696,697,698]],[[699,700,701]]],"properties":{"name":"Muang Saraburi","gaul_code":27000,"targetarea":31.4647908,"totpop":199971.877661,"country_id":"THA","targetpop":93087.5736389,"totalarea":339.06265,"new_mean":0.030916}},{"type":"Polygon","arcs":[[702,-187,-511,-673,-557,-569]],"properties":{"name":"Muang Nonthaburi","gaul_code":26803,"targetarea":82.037482,"totpop":957590.400146,"country_id":"THA","targetpop":957590.400146,"totalarea":82.0374821,"new_mean":0.02349}},{"type":"MultiPolygon","arcs":[[[703]],[[704]]],"properties":{"name":"Non Sung","gaul_code":26714,"targetarea":1.1296429,"totpop":126664.075689,"country_id":"THA","targetpop":3204.6954346,"totalarea":688.905633,"new_mean":0.0296713}},{"type":"Polygon","arcs":[[705]],"properties":{"name":"Lam Plai Mat","gaul_code":26439,"targetarea":0.5653089,"totpop":95512.2159667,"country_id":"THA","targetpop":1442.105957,"totalarea":818.967175,"new_mean":0.0335}},{"type":"MultiPolygon","arcs":[[[706,-194,707]],[[708]],[[709]],[[-686,710]],[[711]]],"properties":{"name":"Sai Noi","gaul_code":26805,"targetarea":3.9554072,"totpop":105356.12455,"country_id":"THA","targetpop":11431.1409912,"totalarea":193.3676052,"new_mean":0.0257103}},{"type":"Polygon","arcs":[[712]],"properties":{"name":"Wiset Chai Chan","gaul_code":26396,"targetarea":0.5664123,"totpop":60478.5635986,"country_id":"THA","targetpop":2210.734375,"totalarea":248.0283156,"new_mean":0.0247821}},{"type":"Polygon","arcs":[[-143,-570,-560,713,714,-374]],"properties":{"name":"Chatuchak","gaul_code":26407,"targetarea":31.8539697,"totpop":504616.103516,"country_id":"THA","targetpop":504616.103516,"totalarea":31.8539697,"new_mean":0.0236293}},{"type":"MultiPolygon","arcs":[[[715]],[[716]],[[717]],[[718,719]],[[720,721]],[[722]],[[-120,723]]],"properties":{"name":"Sattahip","gaul_code":26539,"targetarea":35.731921,"totpop":230479.265542,"country_id":"THA","targetpop":89103.3664551,"totalarea":286.3575328,"new_mean":0.025928}},{"type":"MultiPolygon","arcs":[[[724]],[[-700,725]]],"properties":{"name":"Sao Hai","gaul_code":27005,"targetarea":1.5774996,"totpop":47522.0684128,"country_id":"THA","targetpop":1384.5135498,"totalarea":125.5565531,"new_mean":0.0301266}},{"type":"MultiPolygon","arcs":[[[726]],[[727]]],"properties":{"name":"Muang Chiang Rai","gaul_code":26523,"targetarea":12.1995316,"totpop":254420.210183,"country_id":"THA","targetpop":36160.2839355,"totalarea":1753.3923459,"new_mean":0.0147009}},{"type":"Polygon","arcs":[[728]],"properties":{"name":"Ban Laem","gaul_code":26866,"targetarea":1.1376494,"totpop":59799.4409075,"country_id":"THA","targetpop":4444.9628906,"totalarea":197.8163432,"new_mean":0.0263525}},{"type":"MultiPolygon","arcs":[[[729]],[[730]]],"properties":{"name":"San Pa Tong","gaul_code":26512,"targetarea":2.2164214,"totpop":100511.796204,"country_id":"THA","targetpop":7085.3594971,"totalarea":177.8712443,"new_mean":0.0193024}},{"type":"Polygon","arcs":[[731]],"properties":{"name":"Ko Samui","gaul_code":27082,"targetarea":0.5769595,"totpop":43283.7774334,"country_id":"THA","targetpop":1417.6174316,"totalarea":293.4709199,"new_mean":0.0278956}},{"type":"Polygon","arcs":[[732]],"properties":{"name":"Nong Phok","gaul_code":26952,"targetarea":0.5618554,"totpop":45773.3150902,"country_id":"THA","targetpop":1417.4863281,"totalarea":549.5087028,"new_mean":0.0328502}},{"type":"Polygon","arcs":[[733]],"properties":{"name":"Chai Badan","gaul_code":26644,"targetarea":1.1278894,"totpop":93006.5621849,"country_id":"THA","targetpop":3256.7758789,"totalarea":1260.62732,"new_mean":0.0299103}},{"type":"Polygon","arcs":[[734]],"properties":{"name":"Muang Nakhon Nayok","gaul_code":26679,"targetarea":1.1199554,"totpop":103666.66921,"country_id":"THA","targetpop":4739.923706,"totalarea":836.8167244,"new_mean":0.0244091}},{"type":"Polygon","arcs":[[735]],"properties":{"name":"Kosum Phisai","gaul_code":26665,"targetarea":0.5620416,"totpop":93314.3606834,"country_id":"THA","targetpop":1378.7940674,"totalarea":770.4209593,"new_mean":0.0306086}},{"type":"MultiPolygon","arcs":[[[736]],[[737]]],"properties":{"name":"Pong Nam Ron","gaul_code":26491,"targetarea":1.0475586,"totpop":46453.9335952,"country_id":"THA","targetpop":3708.25,"totalarea":978.2840252,"new_mean":0.0290155}},{"type":"MultiPolygon","arcs":[[[738,739,740,741,-447,742,743,744,745,-377,746]],[[747,748]]],"properties":{"name":"Muang Chiang Mai","gaul_code":26507,"targetarea":96.1942791,"totpop":363595.407135,"country_id":"THA","targetpop":317472.172241,"totalarea":174.6606858,"new_mean":0.0183894}},{"type":"Polygon","arcs":[[749]],"properties":{"name":"Wang Thong","gaul_code":26889,"targetarea":0.5604108,"totpop":150750.622533,"country_id":"THA","targetpop":1926.1326904,"totalarea":1765.6082079,"new_mean":0.0294609}},{"type":"Polygon","arcs":[[750]],"properties":{"name":"Prakhon Chai","gaul_code":26450,"targetarea":1.8164972,"totpop":94963.4054496,"country_id":"THA","targetpop":4170.4274902,"totalarea":853.3482938,"new_mean":0.0333297}},{"type":"Polygon","arcs":[[751,752]],"properties":{"name":"Muang Ubon Ratchathani","gaul_code":27134,"targetarea":31.2692537,"totpop":242906.566654,"country_id":"THA","targetpop":103557.427002,"totalarea":735.0095589,"new_mean":0.0318858}},{"type":"Polygon","arcs":[[753]],"properties":{"name":"Sawankhalok","gaul_code":27057,"targetarea":4.9022468,"totpop":97624.5858765,"country_id":"THA","targetpop":11231.9544678,"totalarea":589.3295005,"new_mean":0.0316981}},{"type":"MultiPolygon","arcs":[[[754]],[[755,-744,756]]],"properties":{"name":"Saraphi","gaul_code":26514,"targetarea":12.204699,"totpop":93132.2265472,"country_id":"THA","targetpop":28867.6547852,"totalarea":109.7906439,"new_mean":0.0188426}},{"type":"MultiPolygon","arcs":[[[-419,757,-232]],[[758,-429]]],"properties":{"name":"Wang Noi","gaul_code":26905,"targetarea":1.5677022,"totpop":71594.5974731,"country_id":"THA","targetpop":5919.078125,"totalarea":241.6014984,"new_mean":0.0274869}},{"type":"MultiPolygon","arcs":[[[759]],[[760]],[[-753,761]]],"properties":{"name":"Warin Chamrap","gaul_code":27145,"targetarea":13.9120794,"totpop":186741.477211,"country_id":"THA","targetpop":36120.8884888,"totalarea":868.3553997,"new_mean":0.0319028}},{"type":"MultiPolygon","arcs":[[[762,-698]],[[763]],[[-485,764]],[[765]]],"properties":{"name":"Kaeng Khoi","gaul_code":26998,"targetarea":2.6180446,"totpop":123635.614517,"country_id":"THA","targetpop":6507.8071289,"totalarea":751.2657777,"new_mean":0.0304955}},{"type":"Polygon","arcs":[[-245,-129,-302,-399,766,-314]],"properties":{"name":"Phasi Charoen","gaul_code":26420,"targetarea":57.4072989,"totpop":555025.437988,"country_id":"THA","targetpop":555025.437988,"totalarea":57.407299,"new_mean":0.0249358}},{"type":"MultiPolygon","arcs":[[[767]],[[768]],[[769]],[[770]]],"properties":{"name":"Phra Phutthabat","gaul_code":27004,"targetarea":6.6632885,"totpop":113892.821907,"country_id":"THA","targetpop":21934.7341309,"totalarea":270.0224746,"new_mean":0.0310301}},{"type":"MultiPolygon","arcs":[[[771]],[[772]]],"properties":{"name":"Hua Hin","gaul_code":26919,"targetarea":3.086989,"totpop":67605.9277576,"country_id":"THA","targetpop":8168.0773926,"totalarea":929.021108,"new_mean":0.0299259}},{"type":"MultiPolygon","arcs":[[[773,774,775]],[[776]],[[777]],[[778,779,780]],[[-303,-171,781,782,783,784,785,786,787],[788]]],"properties":{"name":"Muang Samut Sakhon","gaul_code":26992,"targetarea":174.382118,"totpop":780353.358486,"country_id":"THA","targetpop":645709.757812,"totalarea":461.8889978,"new_mean":0.0283344}},{"type":"MultiPolygon","arcs":[[[789,790,791]],[[792,793]],[[794,795]],[[796,797]],[[798]]],"properties":{"name":"Muang Kanchanaburi","gaul_code":26575,"targetarea":11.4089979,"totpop":178849.352898,"country_id":"THA","targetpop":31667.9512939,"totalarea":1465.9403972,"new_mean":0.0306554}},{"type":"Polygon","arcs":[[799,-366]],"properties":{"name":"Khlong Khuan","gaul_code":26456,"targetarea":0.5370713,"totpop":19139.7569733,"country_id":"THA","targetpop":1462.7387695,"totalarea":108.367993,"new_mean":0.0243945}},{"type":"Polygon","arcs":[[800]],"properties":{"name":"Hankha","gaul_code":26463,"targetarea":0.5654164,"totpop":54649.9230347,"country_id":"THA","targetpop":1441.6148682,"totalarea":782.256965,"new_mean":0.0289757}},{"type":"Polygon","arcs":[[801,802]],"properties":{"name":"Bang Ban","gaul_code":26892,"targetarea":0.0541763,"totpop":36269.0264053,"country_id":"THA","targetpop":0,"totalarea":137.2641521,"new_mean":0.0274831}},{"type":"MultiPolygon","arcs":[[[803]],[[804]]],"properties":{"name":"Sawang Daen Din","gaul_code":26980,"targetarea":2.3487822,"totpop":117156.336168,"country_id":"THA","targetpop":4777.3597412,"totalarea":983.1629408,"new_mean":0.0327245}},{"type":"Polygon","arcs":[[805]],"properties":{"name":"Mae Sai","gaul_code":26521,"targetarea":6.5796646,"totpop":76872.9332123,"country_id":"THA","targetpop":14505.81604,"totalarea":294.6994516,"new_mean":0.0094623}},{"type":"Polygon","arcs":[[806,-803]],"properties":{"name":"Sena","gaul_code":26902,"targetarea":4.5152139,"totpop":66318.5751801,"country_id":"THA","targetpop":12790.7438965,"totalarea":225.0931827,"new_mean":0.0274708}},{"type":"MultiPolygon","arcs":[[[807]],[[808]],[[809]]],"properties":{"name":"Muang Nahon Sawan","gaul_code":26731,"targetarea":25.2251507,"totpop":191665.67082,"country_id":"THA","targetpop":63475.7767334,"totalarea":725.8531362,"new_mean":0.0266629}},{"type":"MultiPolygon","arcs":[[[810,811]],[[812]]],"properties":{"name":"Phunphin","gaul_code":27086,"targetarea":1.654141,"totpop":122397.875512,"country_id":"THA","targetpop":4870.7480469,"totalarea":965.4967536,"new_mean":0.0273111}},{"type":"Polygon","arcs":[[813]],"properties":{"name":"Phu Khieo","gaul_code":26482,"targetarea":0.5617152,"totpop":92564.4880158,"country_id":"THA","targetpop":1397.7709961,"totalarea":799.5953997,"new_mean":0.0320764}},{"type":"Polygon","arcs":[[814]],"properties":{"name":"Phaisali","gaul_code":26733,"targetarea":0.5638182,"totpop":58079.2587919,"country_id":"THA","targetpop":1608.5087891,"totalarea":988.6414502,"new_mean":0.0315881}},{"type":"MultiPolygon","arcs":[[[815]],[[816]],[[817]]],"properties":{"name":"Muang Mukdahan","gaul_code":26674,"targetarea":6.5678912,"totpop":162767.0776,"country_id":"THA","targetpop":21526.3774414,"totalarea":1199.1510684,"new_mean":0.0311568}},{"type":"MultiPolygon","arcs":[[[818,-811]],[[-329,819]],[[-333,820]]],"properties":{"name":"Muang Surat Thani","gaul_code":27083,"targetarea":34.7899011,"totpop":203275.027678,"country_id":"THA","targetpop":96432.8582764,"totalarea":337.9681572,"new_mean":0.0265997}},{"type":"Polygon","arcs":[[821]],"properties":{"name":"Soi Dao","gaul_code":26492,"targetarea":0.569911,"totpop":51428.4186082,"country_id":"THA","targetpop":1564.2470703,"totalarea":866.0456739,"new_mean":0.0301179}},{"type":"Polygon","arcs":[[821]],"properties":{"name":"Soi Dao","gaul_code":26492,"targetarea":0.569911,"totpop":51428.4186082,"country_id":"THA","targetpop":1564.2470703,"totalarea":866.0456739,"new_mean":0.0262096}},{"type":"Polygon","arcs":[[822,-213,823,-211,-550,-350,-646,824,825,-198]],"properties":{"name":"Latkrabang","gaul_code":26415,"targetarea":71.4643368,"totpop":317071.828674,"country_id":"THA","targetpop":287626.177063,"totalarea":117.0277347,"new_mean":0.0255405}},{"type":"MultiPolygon","arcs":[[[826,-391]],[[827,-394]],[[828,-397]]],"properties":{"name":"Bang Nam Prieo","gaul_code":26454,"targetarea":0.9424404,"totpop":101230.141048,"country_id":"THA","targetpop":1879.3485107,"totalarea":506.2071584,"new_mean":0.0247173}},{"type":"MultiPolygon","arcs":[[[829]],[[830]],[[-791,831]],[[832]]],"properties":{"name":"Tha Muang","gaul_code":26582,"targetarea":3.9426076,"totpop":114993.762897,"country_id":"THA","targetpop":12011.3218994,"totalarea":572.8139624,"new_mean":0.0306801}},{"type":"MultiPolygon","arcs":[[[829]],[[830]],[[-791,831]],[[832]]],"properties":{"name":"Tha Muang","gaul_code":26582,"targetarea":3.9426076,"totpop":114993.762897,"country_id":"THA","targetpop":12011.3218994,"totalarea":572.8139624,"new_mean":0.0310801}},{"type":"Polygon","arcs":[[833]],"properties":{"name":"Si Thep","gaul_code":26863,"targetarea":0.5642401,"totpop":59883.9930191,"country_id":"THA","targetpop":1359.9042969,"totalarea":783.5255328,"new_mean":0.031731}},{"type":"Polygon","arcs":[[833]],"properties":{"name":"Si Thep","gaul_code":26863,"targetarea":0.5642401,"totpop":59883.9930191,"country_id":"THA","targetpop":1359.9042969,"totalarea":783.5255328,"new_mean":0.032387}},{"type":"MultiPolygon","arcs":[[[834,835]],[[836]],[[837]]],"properties":{"name":"Kantharawichai","gaul_code":26664,"targetarea":1.6758917,"totpop":59731.5985146,"country_id":"THA","targetpop":4126.2694092,"totalarea":408.3030045,"new_mean":0.0310011}},{"type":"Polygon","arcs":[[838]],"properties":{"name":"Muang Si Sa Ket","gaul_code":27021,"targetarea":5.5542652,"totpop":110118.016731,"country_id":"THA","targetpop":14539.6015625,"totalarea":703.6980407,"new_mean":0.0313979}},{"type":"MultiPolygon","arcs":[[[839]],[[840]],[[841]]],"properties":{"name":"Muang Lampang","gaul_code":26617,"targetarea":17.6868352,"totpop":215111.197616,"country_id":"THA","targetpop":53542.8129883,"totalarea":1180.8437886,"new_mean":0.0248327}},{"type":"MultiPolygon","arcs":[[[842]],[[843]]],"properties":{"name":"Lang Suan","gaul_code":26542,"targetarea":2.2898559,"totpop":71395.5050411,"country_id":"THA","targetpop":5392.5028076,"totalarea":571.0578925,"new_mean":0.0297468}},{"type":"MultiPolygon","arcs":[[[-739,844,-748,845,-741,846]],[[847]]],"properties":{"name":"Mae Rim","gaul_code":26504,"targetarea":8.7049823,"totpop":92018.2170219,"country_id":"THA","targetpop":20072.28125,"totalarea":450.0893848,"new_mean":0.0175662}},{"type":"Polygon","arcs":[[848]],"properties":{"name":"Khuang Nai","gaul_code":27131,"targetarea":1.1269272,"totpop":113055.610595,"country_id":"THA","targetpop":3098.220459,"totalarea":858.9201614,"new_mean":0.0317294}},{"type":"Polygon","arcs":[[848]],"properties":{"name":"Khuang Nai","gaul_code":27131,"targetarea":1.1269272,"totpop":113055.610595,"country_id":"THA","targetpop":3098.220459,"totalarea":858.9201614,"new_mean":0.03192}},{"type":"Polygon","arcs":[[849]],"properties":{"name":"Kra Buri","gaul_code":26925,"targetarea":1.1225284,"totpop":105313.694907,"country_id":"THA","targetpop":3650.15979,"totalarea":974.0695544,"new_mean":0.0297322}},{"type":"Polygon","arcs":[[850]],"properties":{"name":"Somdet","gaul_code":26560,"targetarea":0.5607701,"totpop":46336.2891741,"country_id":"THA","targetpop":2201.5043945,"totalarea":487.1000441,"new_mean":0.0334602}},{"type":"Polygon","arcs":[[851]],"properties":{"name":"Muang Nong Bua Lamphu","gaul_code":26782,"targetarea":3.5998906,"totpop":128789.61869,"country_id":"THA","targetpop":7480.5727539,"totalarea":998.5793095,"new_mean":0.0352731}},{"type":"Polygon","arcs":[[852]],"properties":{"name":"Nong Han","gaul_code":27156,"targetarea":0.558824,"totpop":102854.230341,"country_id":"THA","targetpop":1541.7547607,"totalarea":861.3416624,"new_mean":0.0322551}},{"type":"Polygon","arcs":[[853]],"properties":{"name":"Uthumphon Phisai","gaul_code":27029,"targetarea":1.1154367,"totpop":83595.2319813,"country_id":"THA","targetpop":3407.9976807,"totalarea":532.9329826,"new_mean":0.0321741}},{"type":"MultiPolygon","arcs":[[[854]],[[855]]],"properties":{"name":"Muang Sakon Nakhon","gaul_code":26975,"targetarea":5.6629993,"totpop":145958.465389,"country_id":"THA","targetpop":16601.1242676,"totalarea":1073.2782337,"new_mean":0.0316416}},{"type":"MultiPolygon","arcs":[[[856]],[[-323,-110,-583,857]]],"properties":{"name":"Phra Samut Chedi","gaul_code":26988,"targetarea":45.5372625,"totpop":287675.48517,"country_id":"THA","targetpop":245411.338593,"totalarea":173.9710662,"new_mean":0.0285981}},{"type":"MultiPolygon","arcs":[[[856]],[[-323,-110,-583,857]]],"properties":{"name":"Phra Samut Chedi","gaul_code":26988,"targetarea":45.5372625,"totpop":287675.48517,"country_id":"THA","targetpop":245411.338593,"totalarea":173.9710662,"new_mean":0.0289629}},{"type":"Polygon","arcs":[[858]],"properties":{"name":"Muang Trat","gaul_code":27116,"targetarea":6.4368586,"totpop":112060.411843,"country_id":"THA","targetpop":15620.0845947,"totalarea":994.6848212,"new_mean":0.0263314}},{"type":"Polygon","arcs":[[859]],"properties":{"name":"Phon Thong","gaul_code":26957,"targetarea":1.121993,"totpop":75813.3128223,"country_id":"THA","targetpop":2931.7596435,"totalarea":699.1773344,"new_mean":0.0329095}},{"type":"MultiPolygon","arcs":[[[860]],[[861]],[[862]],[[863]],[[864]],[[865]]],"properties":{"name":"Nong Khae","gaul_code":27002,"targetarea":12.8496332,"totpop":145101.711533,"country_id":"THA","targetpop":34267.6149902,"totalarea":305.7567802,"new_mean":0.0293709}},{"type":"Polygon","arcs":[[866]],"properties":{"name":"Ban Na","gaul_code":26678,"targetarea":0.5672394,"totpop":67324.8688698,"country_id":"THA","targetpop":1810.1800537,"totalarea":349.8013494,"new_mean":0.0247523}},{"type":"Polygon","arcs":[[867]],"properties":{"name":"Lat Yao","gaul_code":26729,"targetarea":1.1120789,"totpop":71886.2818165,"country_id":"THA","targetpop":3151.0830078,"totalarea":671.8928299,"new_mean":0.0302827}},{"type":"Polygon","arcs":[[868]],"properties":{"name":"Wanon Niwat","gaul_code":26983,"targetarea":0.5579995,"totpop":91251.6005483,"country_id":"THA","targetpop":2000.8598633,"totalarea":1058.5819029,"new_mean":0.0328617}},{"type":"MultiPolygon","arcs":[[[869]],[[-745,-756,870]],[[871]]],"properties":{"name":"San Kamphaeng","gaul_code":26511,"targetarea":7.1677462,"totpop":122592.327188,"country_id":"THA","targetpop":16266.2492676,"totalarea":709.7128861,"new_mean":0.0201885}},{"type":"Polygon","arcs":[[872]],"properties":{"name":"That Phanom","gaul_code":26699,"targetarea":2.2006999,"totpop":59701.2375134,"country_id":"THA","targetpop":5374.666626,"totalarea":340.9390613,"new_mean":0.0310498}},{"type":"Polygon","arcs":[[873]],"properties":{"name":"Phibun Mangsahan","gaul_code":27138,"targetarea":1.9135015,"totpop":132053.933871,"country_id":"THA","targetpop":8103.1882324,"totalarea":930.5090538,"new_mean":0.0319171}},{"type":"Polygon","arcs":[[874]],"properties":{"name":"Muang Amnat Charoen","gaul_code":26386,"targetarea":0.5630979,"totpop":79925.6338096,"country_id":"THA","targetpop":1992.7929688,"totalarea":917.9464172,"new_mean":0.0385521}},{"type":"Polygon","arcs":[[875]],"properties":{"name":"Bang Len","gaul_code":26682,"targetarea":0.5678273,"totpop":126879.008015,"country_id":"THA","targetpop":1473.5301514,"totalarea":574.4917695,"new_mean":0.0266278}},{"type":"Polygon","arcs":[[876]],"properties":{"name":"Kranuan","gaul_code":26589,"targetarea":1.9431639,"totpop":100648.367285,"country_id":"THA","targetpop":6197.7664795,"totalarea":678.2174759,"new_mean":0.0320764}},{"type":"MultiPolygon","arcs":[[[877]],[[878]],[[879]],[[-118,880]]],"properties":{"name":"Mae Sot","gaul_code":27105,"targetarea":9.1213915,"totpop":135219.029859,"country_id":"THA","targetpop":28634.0281982,"totalarea":1739.0758831,"new_mean":0.0175163}},{"type":"Polygon","arcs":[[881]],"properties":{"name":"Wang Saphung","gaul_code":26642,"targetarea":0.5589725,"totpop":113949.470297,"country_id":"THA","targetpop":1332.6206055,"totalarea":1330.0918644,"new_mean":0.0292433}},{"type":"Polygon","arcs":[[882]],"properties":{"name":"Khong","gaul_code":26711,"targetarea":0.564218,"totpop":81142.1242676,"country_id":"THA","targetpop":1589.1950684,"totalarea":669.4149096,"new_mean":0.0300165}},{"type":"MultiPolygon","arcs":[[[-678,883,-188,-703,-568,-663,884],[885],[886]],[[-190,887]]],"properties":{"name":"Pak Kret","gaul_code":26804,"targetarea":79.3229229,"totpop":470648.633545,"country_id":"THA","targetpop":455688.744873,"totalarea":88.3469355,"new_mean":0.0232039}},{"type":"Polygon","arcs":[[888]],"properties":{"name":"Bua Yai","gaul_code":26701,"targetarea":1.9538888,"totpop":135655.132778,"country_id":"THA","targetpop":5631.1239014,"totalarea":874.7430175,"new_mean":0.0293287}},{"type":"MultiPolygon","arcs":[[[889]],[[890]]],"properties":{"name":"Phra Nakhon Si Ayuttaya","gaul_code":26901,"targetarea":25.6958791,"totpop":133611.576401,"country_id":"THA","targetpop":73329.6751709,"totalarea":116.5230448,"new_mean":0.0273731}},{"type":"MultiPolygon","arcs":[[[891]],[[892]]],"properties":{"name":"Si Chiang Mai","gaul_code":26796,"targetarea":3.7373393,"totpop":51488.3958607,"country_id":"THA","targetpop":6004.5467529,"totalarea":289.8288515,"new_mean":0.0316339}},{"type":"MultiPolygon","arcs":[[[893]],[[894]],[[-502,895]]],"properties":{"name":"Sung Men","gaul_code":26912,"targetarea":4.7778671,"totpop":86781.1981459,"country_id":"THA","targetpop":10691.866333,"totalarea":366.2126487,"new_mean":0.0267784}},{"type":"Polygon","arcs":[[896]],"properties":{"name":"Muang Roi Et","gaul_code":26950,"targetarea":10.0252753,"totpop":108415.279194,"country_id":"THA","targetpop":28708.2333984,"totalarea":429.1527937,"new_mean":0.0300373}},{"type":"Polygon","arcs":[[897]],"properties":{"name":"Wapi Payhum","gaul_code":26670,"targetarea":0.5631433,"totpop":87227.521553,"country_id":"THA","targetpop":2110.1706543,"totalarea":637.6839143,"new_mean":0.031058}},{"type":"Polygon","arcs":[[898]],"properties":{"name":"Phon","gaul_code":26595,"targetarea":3.0276845,"totpop":88838.3697891,"country_id":"THA","targetpop":9141.3764648,"totalarea":438.7128497,"new_mean":0.0291487}},{"type":"MultiPolygon","arcs":[[[899]],[[900]],[[901]]],"properties":{"name":"Wiang Sa","gaul_code":27089,"targetarea":2.311652,"totpop":76630.7896805,"country_id":"THA","targetpop":7874.4686279,"totalarea":382.2298653,"new_mean":0.026814}},{"type":"Polygon","arcs":[[902]],"properties":{"name":"Nong Chang","gaul_code":27168,"targetarea":0.5643725,"totpop":42901.7589798,"country_id":"THA","targetpop":1540.3830566,"totalarea":371.9406325,"new_mean":0.0297886}},{"type":"Polygon","arcs":[[903]],"properties":{"name":"Phon Phisai","gaul_code":26793,"targetarea":0.5542286,"totpop":160915.621563,"country_id":"THA","targetpop":1839.7028809,"totalarea":1484.5532918,"new_mean":0.0324811}},{"type":"Polygon","arcs":[[904]],"properties":{"name":"Don Tum","gaul_code":26683,"targetarea":1.1211112,"totpop":63313.3068542,"country_id":"THA","targetpop":3352.0054932,"totalarea":153.7615586,"new_mean":0.0279008}},{"type":"Polygon","arcs":[[905]],"properties":{"name":"Kamalasai","gaul_code":26551,"targetarea":0.5617854,"totpop":72493.8044834,"country_id":"THA","targetpop":1581.3580322,"totalarea":481.6133336,"new_mean":0.0318742}},{"type":"Polygon","arcs":[[906]],"properties":{"name":"Muang Tak","gaul_code":27106,"targetarea":5.2932258,"totpop":149262.703682,"country_id":"THA","targetpop":11746.5957031,"totalarea":2486.0098338,"new_mean":0.027887}},{"type":"Polygon","arcs":[[907]],"properties":{"name":"Tap Khlo","gaul_code":26879,"targetarea":0.5622965,"totpop":49757.1658058,"country_id":"THA","targetpop":1495.1306152,"totalarea":410.1028593,"new_mean":0.0306802}},{"type":"MultiPolygon","arcs":[[[908]],[[909,-719]],[[910]],[[911]]],"properties":{"name":"Ban Chang","gaul_code":26938,"targetarea":14.0165972,"totpop":114524.825722,"country_id":"THA","targetpop":35460.8283691,"totalarea":160.7182973,"new_mean":0.0262442}},{"type":"MultiPolygon","arcs":[[[912]],[[913]],[[914]],[[915]],[[916]],[[917]],[[918]],[[919]]],"properties":{"name":"Ban Bung","gaul_code":26531,"targetarea":6.2246607,"totpop":193041.659292,"country_id":"THA","targetpop":17923.8123779,"totalarea":564.9193097,"new_mean":0.0277594}},{"type":"MultiPolygon","arcs":[[[-382,920]],[[921,-380]],[[922]]],"properties":{"name":"Ban Mo","gaul_code":26996,"targetarea":6.1148162,"totpop":64731.2415161,"country_id":"THA","targetpop":18384.9005127,"totalarea":141.1689541,"new_mean":0.029187}},{"type":"MultiPolygon","arcs":[[[923]],[[924,-578,925]],[[926]]],"properties":{"name":"Muang Nakhon Pathom","gaul_code":26685,"targetarea":54.8796782,"totpop":362478.930328,"country_id":"THA","targetpop":186997.378235,"totalarea":407.5581267,"new_mean":0.0285145}},{"type":"Polygon","arcs":[[927]],"properties":{"name":"Kuchinarai","gaul_code":26554,"targetarea":0.5612214,"totpop":79651.6858253,"country_id":"THA","targetpop":1711.0213623,"totalarea":771.3445833,"new_mean":0.0341267}},{"type":"Polygon","arcs":[[927]],"properties":{"name":"Kuchinarai","gaul_code":26554,"targetarea":0.5612214,"totpop":79651.6858253,"country_id":"THA","targetpop":1711.0213623,"totalarea":771.3445833,"new_mean":0.0327065}},{"type":"MultiPolygon","arcs":[[[928,-356]],[[929,-358]],[[930]]],"properties":{"name":"Phan Thong","gaul_code":26537,"targetarea":11.1984267,"totpop":107157.18866,"country_id":"THA","targetpop":22182.0012207,"totalarea":191.9522656,"new_mean":0.0265399}},{"type":"Polygon","arcs":[[931]],"properties":{"name":"Pho Thong","gaul_code":26393,"targetarea":0.5662656,"totpop":47638.3122215,"country_id":"THA","targetpop":1444.1993408,"totalarea":210.6726261,"new_mean":0.0242158}},{"type":"Polygon","arcs":[[932]],"properties":{"name":"Si Prachan","gaul_code":27069,"targetarea":0.5663495,"totpop":62785.2138596,"country_id":"THA","targetpop":2838.251709,"totalarea":249.3031348,"new_mean":0.02852}},{"type":"MultiPolygon","arcs":[[[933]],[[934]],[[935]]],"properties":{"name":"Pak Chong","gaul_code":26717,"targetarea":3.9242167,"totpop":168752.06678,"country_id":"THA","targetpop":10448.5742188,"totalarea":1853.7499238,"new_mean":0.0282766}},{"type":"MultiPolygon","arcs":[[[936]],[[937]],[[938,939]],[[940]],[[941,942]],[[943]]],"properties":{"name":"Muang Khon Kaen","gaul_code":26591,"targetarea":40.4895809,"totpop":362315.47236,"country_id":"THA","targetpop":112493.613159,"totalarea":974.8899895,"new_mean":0.0267294}},{"type":"Polygon","arcs":[[944]],"properties":{"name":"Chawang","gaul_code":26740,"targetarea":1.9608172,"totpop":107987.913311,"country_id":"THA","targetpop":4826.4630127,"totalarea":870.9983521,"new_mean":0.0271734}},{"type":"Polygon","arcs":[[944]],"properties":{"name":"Chawang","gaul_code":26740,"targetarea":1.9608172,"totpop":107987.913311,"country_id":"THA","targetpop":4826.4630127,"totalarea":870.9983521,"new_mean":0.0269517}},{"type":"MultiPolygon","arcs":[[[945]],[[-199,-826,946,-204,947,-202,948]],[[-219,949]]],"properties":{"name":"Nong Chok","gaul_code":26417,"targetarea":38.8572469,"totpop":221828.793976,"country_id":"THA","targetpop":109268.984863,"totalarea":239.1405654,"new_mean":0.0243034}},{"type":"MultiPolygon","arcs":[[[945]],[[-199,-826,946,-204,947,-202,948]],[[-219,949]]],"properties":{"name":"Nong Chok","gaul_code":26417,"targetarea":38.8572469,"totpop":221828.793976,"country_id":"THA","targetpop":109268.984863,"totalarea":239.1405654,"new_mean":0.0237936}},{"type":"Polygon","arcs":[[950]],"properties":{"name":"Muang Chai Nat","gaul_code":26465,"targetarea":1.7022446,"totpop":56983.2690086,"country_id":"THA","targetpop":5855.5003662,"totalarea":281.7686319,"new_mean":0.0262125}},{"type":"Polygon","arcs":[[-714,-481,951,952]],"properties":{"name":"Phayathai","gaul_code":26421,"targetarea":9.190673,"totpop":178904.400391,"country_id":"THA","targetpop":0,"totalarea":9.190673,"new_mean":0.031058}},{"type":"Polygon","arcs":[[953,-499]],"properties":{"name":"Phu Sing","gaul_code":27025,"targetarea":0.5383404,"totpop":33074.8556876,"country_id":"THA","targetpop":0,"totalarea":631.0871173,"new_mean":0.0321408}},{"type":"MultiPolygon","arcs":[[[954]],[[955]],[[956]]],"properties":{"name":"Muang Phetchabun","gaul_code":26860,"targetarea":5.2555835,"totpop":198658.49568,"country_id":"THA","targetpop":16797.3120117,"totalarea":2275.9455045,"new_mean":0.0336477}},{"type":"Polygon","arcs":[[-836,957]],"properties":{"name":"Muang Maha Sarakham","gaul_code":26666,"targetarea":7.2354674,"totpop":112027.269707,"country_id":"THA","targetpop":18513.5063477,"totalarea":569.5684756,"new_mean":0.0307514}},{"type":"Polygon","arcs":[[958]],"properties":{"name":"Phang Khon","gaul_code":26977,"targetarea":0.5587496,"totpop":39938.4760759,"country_id":"THA","targetpop":2111.6762695,"totalarea":255.55612,"new_mean":0.0321855}},{"type":"Polygon","arcs":[[959]],"properties":{"name":"Muang Samsip","gaul_code":27133,"targetarea":0.5640408,"totpop":83993.5568557,"country_id":"THA","targetpop":1888.420044,"totalarea":734.8479377,"new_mean":0.0383417}},{"type":"Polygon","arcs":[[959]],"properties":{"name":"Muang Samsip","gaul_code":27133,"targetarea":0.5640408,"totpop":83993.5568557,"country_id":"THA","targetpop":1888.420044,"totalarea":734.8479377,"new_mean":0.0319207}},{"type":"Polygon","arcs":[[960]],"properties":{"name":"Nong Bua","gaul_code":26732,"targetarea":1.1114985,"totpop":57491.8741589,"country_id":"THA","targetpop":3258.5872803,"totalarea":807.1179053,"new_mean":0.0312402}},{"type":"Polygon","arcs":[[960]],"properties":{"name":"Nong Bua","gaul_code":26732,"targetarea":1.1114985,"totpop":57491.8741589,"country_id":"THA","targetpop":3258.5872803,"totalarea":807.1179053,"new_mean":0.0332829}},{"type":"Polygon","arcs":[[961]],"properties":{"name":"Chai Prakan","gaul_code":26494,"targetarea":0.5513162,"totpop":56512.8710594,"country_id":"THA","targetpop":1315.6036377,"totalarea":511.3848019,"new_mean":0.0156064}},{"type":"Polygon","arcs":[[962]],"properties":{"name":"Khon Buri","gaul_code":26710,"targetarea":1.1313762,"totpop":91840.7553599,"country_id":"THA","targetpop":2878.8201904,"totalarea":1884.744425,"new_mean":0.0295585}},{"type":"MultiPolygon","arcs":[[[963,-775,964]],[[965]],[[966]],[[967]],[[968]],[[969]],[[970,-168,971,-780]],[[972]],[[973,-786,974,-784,975],[976]],[[-175,977]],[[978]]],"properties":{"name":"Ban Phaeo","gaul_code":26990,"targetarea":56.340213,"totpop":343584.615112,"country_id":"THA","targetpop":139378.149597,"totalarea":265.2084819,"new_mean":0.0283549}},{"type":"Polygon","arcs":[[979]],"properties":{"name":"Phak Hai","gaul_code":26900,"targetarea":0.5667661,"totpop":46491.4320908,"country_id":"THA","targetpop":1656.1931152,"totalarea":177.5275835,"new_mean":0.0274796}},{"type":"Polygon","arcs":[[-559,-672,-247,-635,980,-477]],"properties":{"name":"Bangphlat","gaul_code":26405,"targetarea":17.5689706,"totpop":323118.231934,"country_id":"THA","targetpop":323118.231934,"totalarea":17.5689705,"new_mean":0}},{"type":"Polygon","arcs":[[981,982,-555,983]],"properties":{"name":"Samphanthawong","gaul_code":26428,"targetarea":1.638584,"totpop":26407.9199219,"country_id":"THA","targetpop":0,"totalarea":1.638584,"new_mean":0}},{"type":"Polygon","arcs":[[984,985,986,987,-495]],"properties":{"name":"Pathumwan","gaul_code":26419,"targetarea":8.0067325,"totpop":104994.847168,"country_id":"THA","targetpop":0,"totalarea":8.0067326,"new_mean":0}},{"type":"Polygon","arcs":[[-952,-480,-985,-494,988]],"properties":{"name":"Ratthewi","gaul_code":26427,"targetarea":6.7678549,"totpop":146981.489258,"country_id":"THA","targetpop":0,"totalarea":6.7678548,"new_mean":0}},{"type":"Polygon","arcs":[[989,-315,-767,-402,-581,-471,-552]],"properties":{"name":"Thonburi","gaul_code":26431,"targetarea":9.1358011,"totpop":173827.782715,"country_id":"THA","targetpop":173827.782715,"totalarea":9.135801,"new_mean":0}},{"type":"Polygon","arcs":[[-478,-981,-636,-312,-990,-551,-983,990]],"properties":{"name":"Phra Nakhon","gaul_code":26423,"targetarea":6.1140709,"totpop":121808.598633,"country_id":"THA","targetpop":0,"totalarea":6.114071,"new_mean":0}},{"type":"Polygon","arcs":[[-230,-715,-953,-989,-498]],"properties":{"name":"Huai Khwang","gaul_code":26411,"targetarea":24.1842898,"totpop":380742.421387,"country_id":"THA","targetpop":380742.421387,"totalarea":24.1842897,"new_mean":0}},{"type":"Polygon","arcs":[[-479,-991,-982,-986]],"properties":{"name":"Pomprapsattuphai","gaul_code":26424,"targetarea":2.5334306,"totpop":45343.5820312,"country_id":"THA","targetpop":0,"totalarea":2.5334305,"new_mean":0}},{"type":"Polygon","arcs":[[-988,991,-553,-469,992,-496]],"properties":{"name":"Sathorn","gaul_code":26429,"targetarea":6.7673058,"totpop":153295.875977,"country_id":"THA","targetpop":0,"totalarea":6.7673059,"new_mean":0}},{"type":"Polygon","arcs":[[-993,-473,-584,-108,-497]],"properties":{"name":"Yannawa","gaul_code":26432,"targetarea":10.9033233,"totpop":128836.097168,"country_id":"THA","targetpop":0,"totalarea":10.9033232,"new_mean":0}},{"type":"Polygon","arcs":[[-987,-984,-554,-992]],"properties":{"name":"Bang Rak","gaul_code":26399,"targetarea":3.842823,"totpop":100597.376953,"country_id":"THA","targetpop":100597.376953,"totalarea":3.842823,"new_mean":0}},{"type":"MultiPolygon","arcs":[[[993]],[[994]],[[995]]],"properties":{"name":"Muang Krabi","gaul_code":26609,"targetarea":2.3015051,"totpop":143345.972036,"country_id":"THA","targetpop":6390.3190918,"totalarea":1202.5439206,"new_mean":0.0293563}},{"type":"MultiPolygon","arcs":[[[996]],[[997]]],"properties":{"name":"Thung Song","gaul_code":26754,"targetarea":7.9341118,"totpop":137003.398838,"country_id":"THA","targetpop":22790.9945068,"totalarea":886.0679385,"new_mean":0.0268995}},{"type":"Polygon","arcs":[[998]],"properties":{"name":"Chian Yai","gaul_code":26741,"targetarea":0.5791058,"totpop":68226.7094879,"country_id":"THA","targetpop":1562.0457764,"totalarea":434.1187881,"new_mean":0.0279677}},{"type":"Polygon","arcs":[[999]],"properties":{"name":"Ron Phibun","gaul_code":26751,"targetarea":1.745158,"totpop":166543.570877,"country_id":"THA","targetpop":5538.4373779,"totalarea":713.9204875,"new_mean":0.027651}},{"type":"Polygon","arcs":[[1000]],"properties":{"name":"Pak Phanang","gaul_code":26748,"targetarea":2.274206,"totpop":103125.433113,"country_id":"THA","targetpop":5723.3671875,"totalarea":537.6090382,"new_mean":0.0279116}}]}},"arcs":[[[99.6320627,7.5616685],[99.6273752,7.5825791],[99.5934885,7.5683498],[99.5967762,7.5537502],[99.5938791,7.5409003],[99.6249989,7.5329169],[99.6320627,7.5616685]],[[100.5583322,7.1995835],[100.5587138,7.197428],[100.5605164,7.1972575],[100.5630188,7.1967998],[100.564415,7.1963716],[100.5660172,7.1956515],[100.567215,7.1947646],[100.5684478,7.1935654],[100.5691721,7.1949489],[100.5583322,7.1995835]],[[100.5583322,7.1995835],[100.5739898,7.2198797],[100.58409,7.1922755],[100.5843894,7.194022],[100.5843353,7.1969967],[100.5819015,7.2046225],[100.5807117,7.2080839],[100.5801168,7.2176568],[100.5786024,7.2215508],[100.5753574,7.2251204],[100.5750395,7.2258139],[100.5743866,7.2260089],[100.5586922,7.2473578],[100.5574208,7.2483181],[100.5462554,7.2627712],[100.521353,7.2588161],[100.5553374,7.2325913],[100.5512684,7.2050319],[100.5583322,7.1995835]],[[100.4971343,7.3514105],[100.4898426,7.3441026],[100.4999989,7.3412502],[100.4971343,7.3514105]],[[99.7221343,6.8597438],[99.7166672,6.8542646],[99.7193985,6.8524427],[99.7220749,6.8504047],[99.7249989,6.8495835],[99.7221343,6.8597438]],[[99.7883127,6.8935207],[99.7808257,6.8792181],[99.7916655,6.8745835],[99.7883127,6.8935207]],[[100.463801,6.8430772],[100.4565093,6.8357692],[100.4666655,6.8329169],[100.463801,6.8430772]],[[100.4721343,6.8597438],[100.4648426,6.8524359],[100.4749989,6.8495835],[100.4721343,6.8597438]],[[100.4704741,6.8768296],[100.4558257,6.8696275],[100.4749989,6.8662502],[100.4704741,6.8768296]],[[100.3971343,6.9430772],[100.3898426,6.9357692],[100.3999989,6.9329169],[100.3971343,6.9430772]],[[100.4214945,7.0045358],[100.4129546,7.0020941],[100.4246734,6.9776719],[100.469758,6.983279],[100.471353,6.9704169],[100.4674468,6.9389715],[100.4749989,6.9329169],[100.4824208,6.9588405],[100.4963856,6.9700384],[100.4942697,6.9870835],[100.5132476,6.995071],[100.5045562,7.0547105],[100.4873361,7.0445868],[100.4768218,7.0577134],[100.4448882,7.0321478],[100.4452571,7.029174]],[[100.4452571,7.029174],[100.4472122,7.0290742],[100.4484177,7.0293489],[100.4506149,7.0301256],[100.4530182,7.0307722],[100.4545135,7.0309162],[100.4558182,7.0307536],[100.457016,7.0302858],[100.4581146,7.0294733],[100.4588165,7.0281925],[100.4589157,7.0264311],[100.458313,7.023365],[100.4573135,7.0204835],[100.4569168,7.0196662],[100.4560165,7.0167685],[100.455513,7.0147247],[100.4545135,7.0129337],[100.4535141,7.012043],[100.4522171,7.0114923],[100.4491119,7.0111842],[100.4476166,7.0106902],[100.4461136,7.0096283],[100.4442139,7.0076499],[100.4414139,7.003953],[100.4382172,6.999486],[100.4373169,6.9986753],[100.4354172,6.9974151],[100.432518,6.996202],[100.4298172,6.995461],[100.4268188,6.994863],[100.4243164,6.9947929],[100.4225159,6.995276],[100.4214172,6.9958992],[100.4206162,6.9971662],[100.420517,6.9982862],[100.4208145,6.9999447],[100.4215164,7.0026088],[100.4214945,7.0045358]],[[100.570015,7.0915672],[100.5698166,7.09762],[100.569313,7.1018872],[100.5682144,7.107017],[100.5670166,7.109931],[100.5662625,7.1112414]],[[100.5662625,7.1112414],[100.5697254,7.0908596],[100.570015,7.0915672]],[[100.5634728,7.1276609],[100.5663147,7.1324544],[100.567215,7.1346316],[100.5675125,7.1368365],[100.5666122,7.1402721],[100.565918,7.1421928],[100.5650177,7.1442671],[100.5643158,7.1456361]],[[100.5643158,7.1456361],[100.5630188,7.1444898],[100.560897,7.1428215],[100.5634728,7.1276609]],[[100.421646,6.5351874],[100.414159,6.5208848],[100.4249989,6.5162502],[100.421646,6.5351874]],[[100.4326812,6.6441026],[100.4130197,6.6338161],[100.4249989,6.6245835],[100.4326812,6.6441026]],[[100.3229155,6.6769313],[100.3137033,6.6621364],[100.3333322,6.6579169],[100.3229155,6.6769313]],[[100.4554676,6.7930772],[100.448176,6.7857692],[100.4583322,6.7829169],[100.4554676,6.7930772]],[[101.9689292,6.0165387],[101.9745865,6.0274935],[101.9793188,6.0322134],[101.9786447,6.0362941],[101.955506,6.0298985]],[[101.955506,6.0298985],[101.9568329,6.0276928],[101.9583282,6.0256715],[101.9601288,6.02354],[101.962532,6.0212822],[101.9655304,6.0188837],[101.9689292,6.0165387]],[[99.5145822,7.418598],[99.50537,7.4038031],[99.5076645,7.4033098],[99.5075531,7.4053779],[99.5091629,7.4092808],[99.5121536,7.4124942],[99.5165253,7.4134111],[99.515831,7.4065228],[99.5168934,7.4013259],[99.5249989,7.3995835],[99.5145822,7.418598]],[[101.4804676,6.7597438],[101.473176,6.7524359],[101.4833322,6.7495835],[101.4804676,6.7597438]],[[99.6749989,7.3829169],[99.6778635,7.3727565],[99.6851551,7.3800645],[99.6749989,7.3829169]],[[99.6749989,7.3829169],[99.6721343,7.3930772],[99.6648426,7.3857692],[99.6749989,7.3829169]],[[101.2749989,6.5162502],[101.2648426,6.5133978],[101.2721343,6.5060899],[101.2749989,6.5162502]],[[101.2749989,6.5162502],[101.3076812,6.5414699],[101.2999989,6.5745835]],[[101.2999989,6.5745835],[101.2662424,6.5519395],[101.2749989,6.5162502]],[[101.2999989,6.5745835],[101.3073368,6.5766444]],[[101.3073368,6.5766444],[101.3069229,6.5774913],[101.3046265,6.5816517],[101.3032221,6.5843844]],[[101.3032221,6.5843844],[101.3028635,6.5847438],[101.2999989,6.5745835]],[[98.3499443,7.8838231],[98.3513107,7.8850498],[98.3523636,7.8863087],[98.3535538,7.8882093],[98.3543854,7.8898234],[98.3569641,7.8955293],[98.3598099,7.9014931],[98.3617859,7.9061217],[98.3628693,7.9092474],[98.3635635,7.9116602],[98.3645922,7.9161608]],[[98.3645922,7.9161608],[98.3289377,7.9292547],[98.3208322,7.9110785],[98.2870106,7.9137966],[98.2873348,7.9097881],[98.288681,7.9090991],[98.2930527,7.9047432],[98.2944412,7.8990078],[98.2914734,7.8861551],[98.2884827,7.8829389],[98.2809876,7.8829307],[98.2978179,7.8707261],[98.3196278,7.8960231],[98.35384,7.8893174],[98.3499443,7.8838231]],[[98.2833322,7.9662502],[98.2801421,7.9610948],[98.2786493,7.9601749],[98.2807846,7.958426],[98.2828674,7.9515429],[98.2814865,7.9471822],[98.2787323,7.9448848],[98.2771336,7.9448831],[98.2926096,7.9380723],[98.303189,7.9540228],[98.2833322,7.9662502]],[[98.2833322,7.9662502],[98.2838237,7.9668207]],[[98.2838237,7.9668207],[98.2826874,7.9666954]],[[98.2826874,7.9666954],[98.2833322,7.9662502]],[[101.263801,6.2680772],[101.2565093,6.2607692],[101.2666655,6.2579169],[101.263801,6.2680772]],[[100.4452571,7.029174],[100.4473947,7.0119411],[100.4214945,7.0045358]],[[101.6221343,6.7097438],[101.6148426,6.7024359],[101.6249989,6.6995835],[101.6221343,6.7097438]],[[101.0776356,5.7862006],[101.0629546,5.7720729],[101.0833322,5.7662502],[101.0776356,5.7862006]],[[98.3833322,7.9912502],[98.3934885,7.9941026],[98.3861968,8.0014105],[98.3833322,7.9912502]],[[98.3833322,7.9912502],[98.3617502,7.9946519],[98.3457671,8.0177761],[98.3379546,8.038646],[98.3215809,8.0279852],[98.2936838,8.0175401],[98.2969064,8.0031927],[98.2945779,8.0015853],[98.2955093,8],[98.2927017,7.9946909],[98.290184,7.9834452],[98.2862778,7.9802289],[98.2819061,7.980454],[98.2776123,7.982955],[98.2726653,7.9757945],[98.276781,7.9707735],[98.2826874,7.9666954]],[[98.2838237,7.9668207],[98.2884429,7.9721828],[98.3214182,7.9868963],[98.3119455,8.00386],[98.3265614,8.0164455],[98.35384,7.9784409],[98.3628244,7.9707261],[98.3658745,7.9638687]],[[98.3658745,7.9638687],[98.3685837,7.9670095],[98.370079,7.9686413],[98.3722992,7.9705772],[98.3737106,7.971477],[98.3755112,7.9720573],[98.3767853,7.9722304],[98.3781738,7.9722195],[98.3795853,7.9719958],[98.3809357,7.9716134],[98.3841934,7.9703865],[98.3861923,7.9698634],[98.389946,7.969099],[98.3926629,7.9686086]],[[98.3926629,7.9686086],[98.3871734,7.9784409],[98.3833322,7.9912502]],[[98.4427988,8.0720654],[98.4398426,8.0691026],[98.4448503,8.0676962],[98.4427988,8.0720654]],[[98.338801,8.1014105],[98.3315093,8.0941026],[98.3416656,8.0912502],[98.338801,8.1014105]],[[98.3188465,8.1059149],[98.3029286,8.1276841],[98.3012694,8.1230326],[98.3021317,8.1104879],[98.2997894,8.1020002],[98.2985687,8.0879927],[98.296961,8.0855185],[98.3083322,8.0829169],[98.3188465,8.1059149]],[[98.296646,8.1851874],[98.2917685,8.1758697],[98.2934048,8.1690695],[98.2999989,8.1662502],[98.296646,8.1851874]],[[98.3027725,8.1945705],[98.3004837,8.1982584],[98.2968262,8.1983971],[98.289159,8.1946275],[98.302462,8.1922842],[98.3027725,8.1945705]],[[100.695995,6.7515122],[100.68037,6.7436713],[100.6999989,6.7329169],[100.695995,6.7515122]],[[100.0790028,7.6039089],[100.0936187,7.6174424],[100.0723947,7.6285915],[100.045995,7.6051214],[100.0749989,7.5995835],[100.0790028,7.6039089]],[[99.638801,7.7930772],[99.6315093,7.7857692],[99.6416655,7.7829169],[99.638801,7.7930772]],[[101.3073368,6.5766444],[101.3101551,6.5774359],[101.3032221,6.5843844]],[[101.2971343,6.7680772],[101.2898426,6.7607692],[101.2999989,6.7579169],[101.2971343,6.7680772]],[[101.8368153,6.4379421],[101.8319936,6.4433795],[101.831459,6.4437518],[101.8270416,6.4481978],[101.8227772,6.4520005],[101.8068023,6.4129828],[101.8249989,6.4079169],[101.8368153,6.4379421]],[[101.4916655,6.8662502],[101.4815093,6.8633978],[101.488801,6.8560899],[101.4916655,6.8662502]],[[101.4916655,6.8662502],[101.4940083,6.8669082],[101.4920745,6.8677006],[101.4916655,6.8662502]],[[101.2287445,6.8530715],[101.2375314,6.8543687],[101.2666655,6.8495835],[101.2714507,6.8702989],[101.2695952,6.8829169],[101.2713613,6.8948899],[101.2682495,6.897656],[101.2585983,6.8969932],[101.256752,6.8935518],[101.2562866,6.891715],[101.253067,6.8896561],[101.233963,6.8745432],[101.2295261,6.8720959],[101.2298166,6.8700913],[101.2228591,6.8585573]],[[101.2228591,6.8585573],[101.2253265,6.8567042],[101.2281265,6.853961],[101.2287445,6.8530715]],[[101.7206043,6.2873195],[101.7359038,6.3009833],[101.7043934,6.2938747],[101.7166655,6.2829169],[101.7206043,6.2873195]],[[101.955506,6.0298985],[101.9381174,6.0250922],[101.9548491,6.0126369],[101.9659631,6.0107952],[101.9689292,6.0165387]],[[100.1304676,7.3597438],[100.123176,7.3524359],[100.1333322,7.3495835],[100.1304676,7.3597438]],[[100.3204741,7.7851629],[100.3058257,7.7779608],[100.3249989,7.7745835],[100.3204741,7.7851629]],[[100.3554676,7.2014105],[100.348176,7.1941026],[100.3583322,7.1912502],[100.3554676,7.2014105]],[[98.3075835,7.8433498],[98.2830067,7.8696519],[98.2871723,7.8510136],[98.2903748,7.8480601],[98.2931671,7.8253431],[98.2894897,7.819602],[98.2899551,7.8170772],[98.2952499,7.81387],[98.2963882,7.8111118],[98.3166656,7.8079169],[98.3075835,7.8433498]],[[98.3499443,7.8838231],[98.32884,7.8540594],[98.3211577,7.8034409],[98.3002593,7.7739691],[98.3264476,7.7655025],[98.3355713,7.771452],[98.33741,7.7755861],[98.3341827,7.7829261],[98.3355484,7.7886648],[98.3493118,7.823103],[98.3500032,7.8238276],[98.3504221,7.825674],[98.3522729,7.8262066],[98.3541336,7.8281569],[98.3748398,7.8348312],[98.3755705,7.8329108],[98.3889963,7.8367743],[98.40384,7.8034409],[98.4133827,7.7963065],[98.4130783,7.7979159],[98.4040909,7.8093829],[98.4022369,7.8167257],[98.4038467,7.823153],[98.4086685,7.826829],[98.4091263,7.8332553],[98.3987656,7.834394],[98.3950806,7.836915],[98.3934631,7.841733],[98.3931737,7.8471275],[98.3879872,7.8515977],[98.3928181,7.8537529],[98.3927612,7.8548131],[98.3955078,7.8617001],[98.4012527,7.869967],[98.3959503,7.8763871],[98.3996353,7.87639],[98.4058533,7.8734121],[98.4148254,7.8750272],[98.416893,7.8727341],[98.4159775,7.86975],[98.4175949,7.86585],[98.4205856,7.8674588],[98.4231821,7.8672989],[98.4304337,7.870534],[98.4297867,7.8713679],[98.4351686,7.8726463],[98.4408518,7.8751817],[98.4225953,7.8984762],[98.4219284,7.8988981],[98.4145508,7.907382],[98.4137544,7.9097569],[98.4121734,7.9117743],[98.4089814,7.925843],[98.3961029,7.9410982],[98.3907852,7.9576139],[98.3943918,7.965512],[98.3926629,7.9686086]],[[98.3658745,7.9638687],[98.3721669,7.9497219],[98.3693348,7.9144191],[98.3645922,7.9161608]],[[99.996646,7.976854],[99.989159,7.9625515],[99.9999989,7.9579169],[99.996646,7.976854]],[[101.3721343,6.8680772],[101.3648426,6.8607692],[101.3749989,6.8579169],[101.3721343,6.8680772]],[[100.446646,7.4851874],[100.439159,7.4708848],[100.4499989,7.4662502],[100.446646,7.4851874]],[[100.0717762,6.634695],[100.0559559,6.6034247],[100.0749989,6.5995835],[100.0717762,6.634695]],[[99.6906099,7.5605538],[99.6999989,7.5579169],[99.6971343,7.5680772],[99.6902645,7.561192],[99.6906099,7.5605538]],[[100.738801,6.9180772],[100.7315093,6.9107692],[100.7416655,6.9079169],[100.738801,6.9180772]],[[100.771646,6.976854],[100.764159,6.9625515],[100.7749989,6.9579169],[100.771646,6.976854]],[[101.1471343,6.7930772],[101.1398426,6.7857692],[101.1499989,6.7829169],[101.1471343,6.7930772]],[[101.1804676,6.8514105],[101.173176,6.8441026],[101.1833322,6.8412502],[101.1804676,6.8514105]],[[101.2228591,6.8585573],[101.2186512,6.8515814],[101.2287445,6.8530715]],[[101.1471343,6.6847438],[101.1398426,6.6774359],[101.1499989,6.6745835],[101.1471343,6.6847438]],[[101.0971343,6.7347438],[101.0898426,6.7274359],[101.0999989,6.7245835],[101.0971343,6.7347438]],[[100.5583322,7.1579169],[100.55854,7.1566938],[100.5594167,7.1572198],[100.5583322,7.1579169]],[[100.6371734,7.1668361],[100.6305327,7.1451809],[100.6499989,7.1412502],[100.6371734,7.1668361]],[[100.5583322,7.1579169],[100.5573077,7.1637035],[100.5558167,7.1647916],[100.5546188,7.1658397],[100.5536118,7.1669893],[100.5529175,7.1680417],[100.5517277,7.1706424],[100.5474924,7.1625515],[100.5583322,7.1579169]],[[100.570015,7.0915672],[100.582258,7.1214911],[100.5976551,7.1469956],[100.620995,7.1435451],[100.6303392,7.1771327],[100.6276627,7.1788349],[100.6253586,7.1802168],[100.6033325,7.2119489],[100.5957489,7.2126522],[100.5897827,7.2179451],[100.5874863,7.2225418],[100.5829292,7.2234606],[100.5913162,7.2038841],[100.5918121,7.202848],[100.5934143,7.19871],[100.5950165,7.1943445],[100.5960159,7.1913095],[100.5967178,7.1896811],[100.5978165,7.1875911],[100.5985184,7.1865292],[100.5993118,7.1845417],[100.5997162,7.1813126],[100.5997162,7.1788378],[100.599617,7.1767545],[100.5993118,7.1737442],[100.5987167,7.1708965],[100.5978165,7.1687407],[100.5967178,7.167254],[100.5952148,7.1660466],[100.593116,7.1651269],[100.601952,7.1583075],[100.579133,7.1445461],[100.5696573,7.1506371],[100.5691147,7.1501703],[100.5683136,7.1488023],[100.5673141,7.1476216],[100.5662155,7.1467724],[100.5643158,7.1456361]],[[100.5634728,7.1276609],[100.5662625,7.1112414]],[[103.122883,15.0057969],[103.1064116,15.0100368],[103.0813465,14.9852565],[103.1249989,14.9829168],[103.122883,15.0057969]],[[99.8954741,12.9768296],[99.8808257,12.9696274],[99.8999989,12.9662502],[99.8954741,12.9768296]],[[103.7061882,14.4243407],[103.70632,14.408284],[103.7083322,14.4079168],[103.7061882,14.4243407]],[[103.7035145,14.4448228],[103.6931481,14.4351721],[103.7001724,14.4341764],[103.7054486,14.4300062],[103.7035145,14.4448228]],[[102.7971343,15.7347438],[102.7898426,15.7274359],[102.7999989,15.7245835],[102.7971343,15.7347438]],[[102.1554676,14.9097438],[102.148176,14.9024359],[102.1583322,14.8995835],[102.1554676,14.9097438]],[[102.1471343,14.9264105],[102.1398426,14.9191025],[102.1499989,14.9162502],[102.1471343,14.9264105]],[[102.1777007,14.926972],[102.1554676,14.9198716],[102.1833322,14.9162502],[102.1777007,14.926972]],[[101.962271,14.9206528],[101.9775705,14.9343166],[101.9460601,14.927208],[101.9583322,14.9162502],[101.962271,14.9206528]],[[102.1333322,14.9412502],[102.1361968,14.9310898],[102.1434885,14.9383978],[102.1333322,14.9412502]],[[102.1333322,14.9412502],[102.1381499,14.9624009],[102.1216786,14.9755845],[102.1453765,15.0158962],[102.1361317,15.0532904],[102.1276681,15.0448553],[102.132551,15.0057277],[102.1124989,15.0032334],[102.0998687,15.0048],[102.0785796,14.9958319],[102.0797515,14.9866562],[102.0537098,14.97921],[102.042577,14.9653265],[102.0266265,14.9525417],[102.0542306,14.9363226],[102.0888661,14.9616237],[102.1129546,14.95421],[102.1333322,14.9412502]],[[102.3804676,12.3847438],[102.373176,12.3774359],[102.3833322,12.3745835],[102.3804676,12.3847438]],[[100.4329416,16.2256658],[100.4051421,16.2201442],[100.4249989,16.2079168],[100.4329416,16.2256658]],[[102.3583527,13.3684969],[102.3600693,13.3848066],[102.3603179,13.3857163],[102.3471994,13.3614243],[102.3564027,13.3602631],[102.3583527,13.3684969]],[[102.3657074,13.4339504],[102.3614475,13.4513939],[102.3543934,13.4293361],[102.3655131,13.4281773],[102.3657074,13.4339504]],[[99.0454741,18.5601629],[99.0308257,18.5529608],[99.0499989,18.5495835],[99.0454741,18.5601629]],[[99.0109689,18.5862005],[98.9962879,18.5720729],[99.0166656,18.5662501],[99.0109689,18.5862005]],[[99.0494455,18.6004868],[99.0305327,18.5864243],[99.0583322,18.5829168],[99.0494455,18.6004868]],[[103.8554676,15.3264105],[103.8481759,15.3191025],[103.8583322,15.3162502],[103.8554676,15.3264105]],[[100.5940704,13.688652],[100.5930176,13.6914644],[100.591713,13.6933842],[100.5905151,13.6949444],[100.5884171,13.6971645],[100.5874176,13.6979227],[100.5857162,13.6989527],[100.582016,13.7004633],[100.5727158,13.703784],[100.570816,13.7043343],[100.5677185,13.7048931],[100.5645142,13.7051945],[100.5602951,13.7052565]],[[100.5602951,13.7052565],[100.5589142,13.7031345],[100.5581131,13.7011328],[100.5577164,13.6990738],[100.5576172,13.695714],[100.557312,13.6940441],[100.5574188,13.6917839],[100.5577164,13.6907444],[100.5578156,13.689435],[100.5581131,13.6888046],[100.5582123,13.6874247],[100.5585175,13.6857347],[100.5582123,13.6847153],[100.5574188,13.6804447],[100.5561142,13.6777849],[100.5549164,13.675765],[100.5537186,13.6741753],[100.5522156,13.6724863],[100.5510178,13.6713457],[100.5490189,13.6697559],[100.5476151,13.6688852],[100.5463181,13.6682463],[100.5450134,13.6678247],[100.5438156,13.6676159],[100.5416183,13.6678162],[100.5404129,13.668335],[100.5388184,13.6692963],[100.5336151,13.672925],[100.529213,13.676115],[100.5272141,13.6774158],[100.526619,13.6771555]],[[100.526619,13.6771555],[100.5261154,13.6761446],[100.5239182,13.6730947],[100.5231171,13.6714449],[100.5228119,13.6698551],[100.5227127,13.6684456],[100.5227127,13.6647062],[100.5230179,13.662096],[100.5231171,13.6599855],[100.5231171,13.6576166],[100.5232162,13.6562157],[100.5232162,13.651926],[100.5234146,13.6486673],[100.5234146,13.6474371],[100.5237122,13.6440468],[100.5237122,13.6408367],[100.523613,13.6393671],[100.5229187,13.6356277],[100.5230179,13.6341381],[100.5228119,13.6328278],[100.5222168,13.6313276],[100.5213165,13.6297483],[100.5207138,13.6282377],[100.5204163,13.6262083],[100.520813,13.6236391],[100.5209122,13.6187286],[100.5212173,13.6163378],[100.5216141,13.6145687],[100.5220184,13.6135283],[100.523613,13.6104288],[100.5268173,13.6055489]],[[100.5268173,13.6055489],[100.5291138,13.6020098],[100.5298157,13.6003199],[100.5306168,13.5990696],[100.5318146,13.5984697],[100.5326157,13.5985699],[100.5350189,13.5998096],[100.5377121,13.60147],[100.5404129,13.6032295],[100.5451126,13.6068087],[100.5466156,13.6080484],[100.5526123,13.6131792],[100.5551147,13.6154785],[100.5581131,13.6181288]],[[100.5581131,13.6181288],[100.5628128,13.6247778],[100.5665131,13.6295977],[100.569313,13.6328678],[100.5715179,13.6348476],[100.5731125,13.6358166],[100.5743179,13.6360579],[100.575119,13.635848],[100.5762177,13.635128],[100.577713,13.6344681],[100.5790176,13.6341782],[100.5816116,13.6340275],[100.5831146,13.6337881],[100.5857162,13.6336479],[100.5880127,13.6333876],[100.5896149,13.6334581],[100.5914154,13.6339083],[100.592514,13.6345167],[100.5937119,13.6358671],[100.5943146,13.6368771],[100.5952148,13.6390581],[100.5957184,13.6411772],[100.596817,13.6452475],[100.5973129,13.6497259],[100.5973129,13.6529665],[100.5976181,13.6560869],[100.5976181,13.6584167],[100.5977173,13.6600962],[100.5980148,13.6618366],[100.5980148,13.6631861]],[[100.5980148,13.6631861],[100.5956116,13.6644049],[100.5913162,13.6658449],[100.587616,13.6671648],[100.5871124,13.6674461],[100.5868149,13.6686258],[100.5877151,13.6708364],[100.5894165,13.673955],[100.5910187,13.676425],[100.5935135,13.6800146],[100.5946121,13.6822853],[100.5950165,13.6845942],[100.5948181,13.6866045],[100.5940704,13.688652]],[[99.8554676,20.1514105],[99.848176,20.1441025],[99.8583322,20.1412501],[99.8554676,20.1514105]],[[99.863801,20.1680771],[99.8565093,20.1607692],[99.8666655,20.1579168],[99.863801,20.1680771]],[[101.8219757,12.7749764],[101.8249989,12.7745835],[101.8231686,12.7780681]],[[101.8231686,12.7780681],[101.8226318,12.7769976],[101.8219757,12.7749764]],[[98.5382159,16.8243159],[98.5371408,16.8268296],[98.5304297,16.8235299],[98.5353775,16.8206768],[98.5358097,16.8205563]],[[98.5358097,16.8205563],[98.5382159,16.8243159]],[[100.8999989,12.8745835],[100.8971786,12.8629138],[100.90148,12.8550511]],[[100.90148,12.8550511],[100.9046173,12.8561029],[100.9061127,12.856493],[100.9095154,12.8569632],[100.9104156,12.8568525],[100.9127121,12.8563128],[100.9147168,12.8555332]],[[100.9147168,12.8555332],[100.9127593,12.8654364],[100.8999989,12.8745835]],[[100.8999989,12.8745835],[100.9097971,12.907986],[100.9211577,12.9216579],[100.9435861,12.9193711],[100.9472645,12.9551703],[100.9212228,12.9402573],[100.9287749,12.9708034],[100.9379546,12.9868149],[100.9362293,13.0037502],[100.9383452,13.0245835],[100.9366525,13.0412502],[100.9379221,13.0537502],[100.9362602,13.0700862]],[[100.9362602,13.0700862],[100.9354172,13.0697002],[100.9335175,13.0691099],[100.9312134,13.0690107],[100.9287186,13.0698204],[100.9274139,13.0699701],[100.9253159,13.0695801],[100.9240189,13.069231],[100.9216156,13.0681105],[100.9196167,13.0666914],[100.9180145,13.0650406],[100.9169159,13.063611],[100.916214,13.0619707],[100.9161148,13.0613108],[100.9161148,13.0588999],[100.9164124,13.0574713],[100.9170151,13.056241],[100.9193115,13.0536613],[100.9200134,13.0522413],[100.9203186,13.0509014],[100.9202118,13.049201],[100.9210129,13.0475426],[100.9219131,13.0469809],[100.9237137,13.0463219],[100.923912,13.0458012],[100.923912,13.0442715],[100.9235049,13.0426833]],[[100.9235049,13.0426833],[100.9287749,13.0411362],[100.9266563,13.0305321],[100.9322891,13.0164165],[100.9330673,13.005126],[100.929863,12.9941244],[100.9114609,12.9716005],[100.8910217,12.9693632],[100.8886337,12.9664049],[100.885643,12.9374447],[100.8758926,12.9281464],[100.865456,12.9254383],[100.8644784,12.92408],[100.865921,12.920002],[100.8618164,12.9120045],[100.8640823,12.9059868],[100.8747714,12.8950424],[100.8886056,12.9072983],[100.8916655,12.8829168],[100.8815572,12.8880302],[100.8908234,12.8745308],[100.8923658,12.8717112],[100.8999989,12.8745835]],[[102.0422515,15.8091619],[102.0344715,15.8190496],[102.0055327,15.7947576],[102.0333322,15.7912502],[102.0422515,15.8091619]],[[100.3650284,13.7320852],[100.3583908,13.7318487],[100.3532104,13.7322769],[100.3475571,13.7324514],[100.3376465,13.7323551]],[[100.3376465,13.7323551],[100.3379135,13.7317524],[100.3379135,13.7301321],[100.3375168,13.7274122],[100.3366165,13.7234325],[100.3366165,13.7220526],[100.3370132,13.7198935],[100.3370132,13.718853],[100.3365173,13.7166328],[100.336319,13.7150221],[100.3366165,13.7137833],[100.3370132,13.7132635],[100.3386154,13.7122831],[100.3392181,13.7110529],[100.3390121,13.7095833],[100.3384171,13.7091827],[100.3368149,13.7088833],[100.336113,13.7085934],[100.3358154,13.7074442],[100.3358154,13.7061033],[100.3360138,13.704793],[100.3370132,13.7030439],[100.3374176,13.7018738],[100.3393173,13.6986942],[100.3397141,13.6974535],[100.3403168,13.6945839],[100.3403168,13.6918449],[100.3402176,13.690815],[100.3398132,13.6890745],[100.3393173,13.6877947],[100.337616,13.6850452],[100.3360138,13.6831255],[100.3357162,13.6824055],[100.3358154,13.6817446],[100.3372116,13.6788349],[100.3387146,13.6761951],[100.3396149,13.6738062],[100.3405151,13.6703558],[100.3411179,13.6672564],[100.3414154,13.6646156],[100.3415146,13.6626062],[100.3415146,13.6565666],[100.3416138,13.6547155],[100.3418121,13.6540356],[100.3426132,13.6534567],[100.3455124,13.6529655],[100.3465118,13.6527061],[100.3467178,13.651516]],[[100.3467178,13.651516],[100.3566666,13.6539392],[100.3571396,13.6537647],[100.3617859,13.6538649],[100.362236,13.6542501],[100.3639832,13.656908],[100.3648148,13.6573181],[100.3740082,13.6581459],[100.3786392,13.659626],[100.3792877,13.6597443],[100.3844528,13.6622648],[100.3874207,13.6642733],[100.3881683,13.664423],[100.3941879,13.6652164],[100.3951111,13.665],[100.3989182,13.6643953],[100.4038849,13.6675434],[100.404274,13.6679296],[100.409996,13.671524]],[[100.409996,13.671524],[100.4054184,13.6762838],[100.4046173,13.6772547],[100.4046021,13.6823215],[100.4044876,13.6831799],[100.4016418,13.6861639],[100.4001541,13.6869164],[100.398819,13.6923714],[100.3992615,13.6940737],[100.3990784,13.6955252],[100.3920364,13.6982937],[100.3899918,13.6982679],[100.3875198,13.7011452],[100.387146,13.701416],[100.3838806,13.7055264],[100.3816833,13.708827],[100.3777008,13.7226572],[100.3697128,13.7219887],[100.3650284,13.7320852]],[[100.5454741,14.4684963],[100.5308257,14.4612941],[100.5499989,14.4579168],[100.5454741,14.4684963]],[[100.3804676,16.0347438],[100.373176,16.0274359],[100.3833322,16.0245835],[100.3804676,16.0347438]],[[99.3704741,8.8101629],[99.3558257,8.8029608],[99.3749989,8.7995835],[99.3704741,8.8101629]],[[101.7285796,17.5024725],[101.7130197,17.4902492],[101.7333322,17.4745835],[101.7285796,17.5024725]],[[102.713801,15.5347438],[102.7065093,15.5274359],[102.7166655,15.5245835],[102.713801,15.5347438]],[[101.5221343,12.9430772],[101.5148426,12.9357692],[101.5249989,12.9329168],[101.5221343,12.9430772]],[[100.0083322,13.4162502],[99.9969064,13.4214829],[99.977615,13.4226761]],[[99.977615,13.4226761],[99.9748716,13.421271]],[[99.9748716,13.421271],[99.9938465,13.4100205],[99.9721668,13.3798854],[99.9948557,13.3714829],[100.0030913,13.3964829],[100.0143218,13.4031398],[100.0083322,13.4162502]],[[100.0083322,13.4162502],[100.0184885,13.4191025],[100.0111968,13.4264105],[100.0083322,13.4162502]],[[100.6919556,13.9167395],[100.6926804,13.9176559],[100.6946182,13.9232712],[100.6949158,13.9245806],[100.6951141,13.9267006],[100.6951141,13.9296808],[100.6948166,13.930851],[100.6940155,13.9310207],[100.6920166,13.9310112],[100.6901169,13.9307508],[100.6843185,13.9305811],[100.6816177,13.9303102],[100.6765137,13.930171],[100.6743164,13.9299612],[100.6715164,13.9298611],[100.6658173,13.9298697],[100.6598129,13.9302597],[100.6579132,13.930521],[100.6558151,13.9310207],[100.6523132,13.932291],[100.6457138,13.9352608],[100.6415176,13.936801],[100.6387177,13.9381809],[100.6375122,13.9392004],[100.6367188,13.9400797],[100.6345139,13.9428501],[100.6307144,13.94699],[100.6285172,13.9490995],[100.6271133,13.9499884],[100.6260147,13.95049],[100.6224136,13.9518099],[100.6210175,13.952219],[100.6182175,13.9527187],[100.6176147,13.9529095],[100.6151123,13.9531498],[100.6135178,13.9528484],[100.6123123,13.952219]],[[100.6123123,13.952219],[100.6134186,13.9477196],[100.6137161,13.9456892],[100.6141129,13.9441795],[100.6140137,13.9424906]],[[100.6140137,13.9424906],[100.6289902,13.9311628],[100.6293488,13.9300385],[100.6313171,13.921814],[100.6313629,13.9205637],[100.6330109,13.9172754],[100.6344604,13.9164228],[100.6370468,13.9137039],[100.6371765,13.9132404],[100.6371613,13.9108105],[100.6372833,13.9098549],[100.6369705,13.9077921],[100.6342773,13.9025602],[100.6327057,13.9006567],[100.6288452,13.8986387],[100.6231537,13.8972855],[100.620842,13.8959885],[100.6183548,13.8943348],[100.6179657,13.8939161],[100.6152039,13.890296],[100.6149521,13.8895798],[100.6148148,13.8876114],[100.6096573,13.890173],[100.6075668,13.8895569],[100.601799,13.8845749],[100.6007462,13.8829842],[100.5975647,13.8789349],[100.5973892,13.8784456],[100.5956802,13.8749933],[100.5952835,13.8739481],[100.5949478,13.8724079],[100.5940018,13.8690052],[100.5932922,13.8657627],[100.5932465,13.8651724],[100.5927048,13.8636045],[100.5924759,13.8589354],[100.5932159,13.8511562]],[[100.5932159,13.8511562],[100.5931778,13.8473406],[100.594574,13.8437262],[100.5956726,13.8372984]],[[100.5956726,13.8372984],[100.5966415,13.8380327],[100.5991211,13.8393917],[100.6035995,13.8412981],[100.6040726,13.8413534],[100.6081696,13.8412971],[100.6113205,13.8416882],[100.6161652,13.8414516],[100.6180725,13.8411465],[100.6226273,13.8416061],[100.6238403,13.8428612],[100.6253586,13.8456202],[100.6258163,13.8463001],[100.6267471,13.8469372],[100.6322327,13.8482151],[100.6338043,13.8480635],[100.6370773,13.8494377],[100.6428223,13.8500347],[100.6449585,13.8510056],[100.6499252,13.851717],[100.6516266,13.8516474],[100.6592331,13.8474064],[100.6598129,13.8471956],[100.6635895,13.8482952],[100.6652451,13.8493423],[100.6724243,13.8516808],[100.6792297,13.8503819]],[[100.6792297,13.8503819],[100.6805038,13.8509121],[100.6853485,13.8526773],[100.686409,13.8543301],[100.6874847,13.8570652],[100.6875916,13.8575563],[100.6878815,13.8621492],[100.6877289,13.8632374],[100.6888275,13.8671875],[100.6929779,13.8717289],[100.6943283,13.8763638],[100.6949692,13.8797665],[100.6945343,13.8801699],[100.6952133,13.8836708],[100.69561,13.8850756],[100.695694,13.8915777],[100.6947708,13.8949823],[100.6933212,13.8979397],[100.693161,13.8985338],[100.6924591,13.8994694],[100.6888123,13.9014235],[100.687912,13.9028893],[100.6871262,13.9048119],[100.6874313,13.9081888],[100.6883469,13.909976],[100.6898651,13.9125051],[100.690979,13.9155025],[100.6919556,13.9167395]],[[99.9796864,8.420954],[99.967577,8.4698797],[99.9487945,8.4455552],[99.9187489,8.4371852],[99.9583973,8.420954],[99.9703114,8.3782131],[99.9833322,8.3745835],[99.9796864,8.420954]],[[100.0554676,8.4764105],[100.048176,8.4691026],[100.0583322,8.4662502],[100.0554676,8.4764105]],[[99.9554676,8.5180772],[99.948176,8.5107692],[99.9583322,8.5079169],[99.9554676,8.5180772]],[[100.988801,14.3264105],[100.9815093,14.3191025],[100.9916655,14.3162502],[100.988801,14.3264105]],[[100.9971343,14.3430771],[100.9898426,14.3357692],[100.9999989,14.3329168],[100.9971343,14.3430771]],[[100.913801,19.1847438],[100.9065093,19.1774359],[100.9166655,19.1745835],[100.913801,19.1847438]],[[105.0288075,15.6184962],[105.014159,15.6112941],[105.0333322,15.6079168],[105.0288075,15.6184962]],[[100.6416655,14.8162502],[100.6166981,14.8098415],[100.6049142,14.7971991],[100.6356109,14.7857244],[100.6614898,14.7915269],[100.6962554,14.7688747],[100.7034168,14.7857244],[100.6646473,14.8124945],[100.6499989,14.8162502]],[[100.6499989,14.8162502],[100.6458322,14.8055771],[100.6416655,14.8162502]],[[100.6499989,14.8162502],[100.6458322,14.8356186],[100.6416655,14.8162502]],[[100.6416655,14.8162502],[100.6499989,14.8162502]],[[100.6471343,14.8514105],[100.6398426,14.8441025],[100.6499989,14.8412502],[100.6471343,14.8514105]],[[99.5883127,16.676854],[99.5808257,16.6625514],[99.5916655,16.6579168],[99.5883127,16.676854]],[[100.5083322,14.0829168],[100.498176,14.0800645],[100.5054676,14.0727565],[100.5083322,14.0829168]],[[100.5401754,14.113202],[100.535936,14.1152058]],[[100.535936,14.1152058],[100.5315093,14.1107692],[100.5416655,14.1079168],[100.5401754,14.113202]],[[100.5083322,14.0829168],[100.5199533,14.0721624],[100.5213205,14.0372666],[100.5121498,14.0369031]],[[100.5121498,14.0369031],[100.5146179,14.0351954],[100.5211182,14.0299654],[100.5233154,14.0284748],[100.5250168,14.0277452],[100.5271149,14.0271349],[100.5313187,14.0264359],[100.5362167,14.0257549],[100.5393143,14.025445],[100.5405121,14.025445],[100.5423126,14.0258646],[100.5435181,14.0265255],[100.5446167,14.0274563],[100.546814,14.029995],[100.5488129,14.0316839],[100.551712,14.0338354],[100.5549164,14.0358639],[100.5565186,14.0365438],[100.5578156,14.0368443],[100.5600128,14.0370741],[100.5621185,14.0371351],[100.5650177,14.0370646],[100.5690155,14.0367537],[100.5718155,14.036705],[100.5768127,14.0371742],[100.5782166,14.0374746],[100.580719,14.0384054],[100.5827179,14.0398245],[100.5843124,14.0415144],[100.5866165,14.0447845],[100.5873184,14.0458841],[100.588913,14.0494442],[100.5895157,14.0506439],[100.5906143,14.0524235],[100.592514,14.0550833]],[[100.592514,14.0550833],[100.5905151,14.0677023],[100.5877151,14.0844707],[100.5869141,14.0894613],[100.5859146,14.0948009],[100.5853119,14.0974712],[100.5847168,14.1015501],[100.5840149,14.1077604],[100.5829163,14.1185493]],[[100.5829163,14.1185493],[100.580719,14.1170206],[100.5795135,14.1164894],[100.577713,14.1163206],[100.5750122,14.11656],[100.5719147,14.1169891],[100.5695908,14.1170095]],[[100.5695908,14.1170095],[100.5627267,14.0566025],[100.5346017,14.0502996],[100.5282215,14.0787502],[100.5336577,14.1029852],[100.5161122,14.0942043],[100.5083322,14.0829168]],[[100.2333322,13.5995835],[100.23037,13.6231756],[100.2206501,13.6182608]],[[100.2206501,13.6182608],[100.2238083,13.6187687],[100.2256165,13.6188974],[100.227211,13.618679],[100.2277145,13.618329],[100.228508,13.6165791],[100.2289124,13.6146593],[100.2291183,13.6117592],[100.2291183,13.6076984],[100.2289124,13.6044703],[100.2287064,13.6027393],[100.2281898,13.5995835]],[[100.2281898,13.5995835],[100.2333322,13.5995835]],[[100.2333322,13.5995835],[100.2333322,13.597355]],[[100.2333322,13.597355],[100.2399139,13.5961695],[100.2421188,13.5956402],[100.2446136,13.5953503],[100.2482147,13.5953693],[100.2510147,13.5957003],[100.2543182,13.59659],[100.256218,13.5973587],[100.2609177,13.5999098],[100.2664185,13.6026402],[100.2688141,13.6037092],[100.2722168,13.604929],[100.2739182,13.6059389],[100.2778168,13.6084099],[100.2830124,13.6119385],[100.2862167,13.6139278],[100.2874146,13.6147985],[100.2932129,13.6193781],[100.2948151,13.6201792],[100.2964172,13.6204882],[100.2977142,13.6204691],[100.2998123,13.6198692],[100.301712,13.6187191],[100.3025131,13.6184092],[100.3038177,13.6184292],[100.3068161,13.6191492],[100.3083115,13.6193476],[100.3114166,13.6195688],[100.3126144,13.6199083],[100.3152161,13.6213493],[100.3174133,13.6219778],[100.3194122,13.6221991],[100.322113,13.6223793],[100.3239136,13.6226387],[100.3255157,13.6231775],[100.3269119,13.6240883],[100.3288116,13.6255293],[100.3312149,13.6267681],[100.3322144,13.6275778],[100.3330154,13.628768],[100.3340149,13.6315184],[100.3350143,13.6340179],[100.3359146,13.6351976],[100.3370132,13.6360178],[100.3392181,13.6372271],[100.341713,13.6380482],[100.3436127,13.6384783],[100.3465118,13.638937],[100.3515167,13.6392479],[100.3534164,13.6395779]],[[100.3534164,13.6395779],[100.3520126,13.6416769],[100.3504181,13.6437073],[100.3493118,13.644908],[100.3486176,13.6460667],[100.3474121,13.6489973],[100.3467178,13.651516]],[[100.3376465,13.7323551],[100.3358154,13.7320414],[100.3345184,13.7315922],[100.3328171,13.7307119],[100.3308182,13.7300825],[100.3295136,13.7298126],[100.3280182,13.7293024],[100.3266144,13.7285423],[100.3246155,13.7271919],[100.3225174,13.725502],[100.3214188,13.7243919],[100.320015,13.7226734],[100.3192139,13.7220526],[100.3170166,13.7209024],[100.3132172,13.7183323],[100.3121185,13.7179623],[100.3092117,13.7175531],[100.3059158,13.7168322],[100.3031158,13.7160625],[100.3008118,13.715312],[100.298317,13.7143917],[100.2957153,13.7132835],[100.2932129,13.7120628],[100.2893143,13.7099838],[100.2882156,13.7092133],[100.2867126,13.7076244],[100.285614,13.706214],[100.2844162,13.7043428],[100.2835159,13.7022638],[100.282814,13.7002745],[100.2819138,13.6972942],[100.2814178,13.6947842],[100.2806168,13.6927748],[100.2802124,13.6921949],[100.2783127,13.6905241],[100.2776184,13.6895342],[100.2775116,13.6890049],[100.2776184,13.686944],[100.2776184,13.6845455],[100.2775116,13.6840439],[100.2768173,13.6830654],[100.2759171,13.6823053],[100.2746124,13.681695],[100.2728119,13.6813354],[100.2698135,13.6811752],[100.2671127,13.6812048],[100.2642061,13.6813936]],[[100.2642061,13.6813936],[100.2615223,13.6797389],[100.2544585,13.659048],[100.2218088,13.6444281],[100.2149532,13.6428129]],[[100.2149532,13.6428129],[100.2153168,13.641057],[100.2159042,13.6394367],[100.2171173,13.6376476],[100.2194061,13.6360769],[100.2200165,13.6359367],[100.2212143,13.6360884],[100.2234039,13.637187],[100.2254105,13.6385574],[100.2276077,13.6397972],[100.2295151,13.6404171],[100.2308044,13.6404676],[100.2322159,13.6398468],[100.233017,13.6388779],[100.2335032,13.6370852]],[[100.2335032,13.6370852],[100.2377918,13.6384954],[100.2698556,13.6275742],[100.2631174,13.6189316],[100.253482,13.6219224],[100.2436512,13.6059393],[100.2333322,13.5995835]],[[100.3675836,13.8798441],[100.3691177,13.8807039],[100.3699188,13.8815823],[100.3705139,13.8833332],[100.3703156,13.8871165]],[[100.3703156,13.8871165],[100.3675836,13.8798441]],[[100.3749989,13.8995835],[100.3717489,13.8909321]],[[100.3717489,13.8909321],[100.3735123,13.8929338],[100.3747177,13.894043],[100.3758163,13.8953428],[100.3778152,13.8973522],[100.379715,13.8999329],[100.3809852,13.9012647]],[[100.3809852,13.9012647],[100.3749989,13.8995835]],[[100.3583322,13.9329168],[100.348176,13.9300645],[100.3554676,13.9227565],[100.3583322,13.9329168]],[[100.3583322,13.9329168],[100.3666655,13.9329168],[100.3666655,13.9412502]],[[100.3666655,13.9412502],[100.3583322,13.9412502],[100.3583322,13.9329168]],[[100.3749989,13.8995835],[100.3778635,13.9097438],[100.3851551,13.9024359],[100.3830103,13.9018335]],[[100.3830103,13.9018335],[100.3849182,13.9012127],[100.3870163,13.9008923],[100.3892136,13.9007521],[100.3909149,13.9004126],[100.3919144,13.8994312],[100.393013,13.8965025],[100.3941116,13.8927727],[100.3961182,13.8871326],[100.3969116,13.8850422],[100.398613,13.881424],[100.4000168,13.8795233],[100.4008179,13.8787432],[100.4033127,13.8771744],[100.405014,13.8764534],[100.4095154,13.8750839],[100.4123154,13.8740635],[100.4137115,13.873374],[100.414917,13.8726044],[100.4163132,13.8714838],[100.4180145,13.8698044],[100.4199142,13.8682833],[100.4209137,13.8676147],[100.423912,13.8648748],[100.425415,13.8637247],[100.4281158,13.8622341],[100.4311142,13.8613148],[100.4322128,13.8612547],[100.4330139,13.8615646],[100.4345169,13.8634644],[100.4360123,13.8659649],[100.4371185,13.8673534],[100.4382172,13.8682842],[100.4396133,13.8690748],[100.4418182,13.8694534],[100.443718,13.869194],[100.4454117,13.8685446],[100.4467163,13.8681841]],[[100.4467163,13.8681841],[100.4483185,13.8700542],[100.4494171,13.8715734],[100.4500122,13.8729343],[100.4508133,13.8752031],[100.4505157,13.8780336],[100.4502182,13.879344],[100.450119,13.880784],[100.4503174,13.8814735],[100.4512177,13.8827028],[100.4519119,13.8851738],[100.4526138,13.8866634]],[[100.4526138,13.8866634],[100.4525146,13.8898134],[100.4519119,13.8945227],[100.4511185,13.9023628],[100.4506149,13.9055214],[100.450119,13.9103718],[100.4500122,13.9125519],[100.4500122,13.915432],[100.450119,13.9169207],[100.4507141,13.9200706],[100.4512177,13.9216719],[100.4524155,13.9242706],[100.4530182,13.9258909],[100.4536133,13.9282303],[100.4540176,13.9314308],[100.4541168,13.9333105],[100.4541168,13.9377604],[100.4538116,13.9401302],[100.452919,13.9441795],[100.4523163,13.94526],[100.4515152,13.9462194],[100.4495163,13.9474001],[100.4477158,13.9487495],[100.4467163,13.9493599],[100.4455185,13.9506187],[100.443512,13.9540186],[100.4413147,13.9562092],[100.4399185,13.9578199],[100.4382172,13.9604492],[100.4362183,13.962409],[100.4346161,13.964879],[100.4337158,13.9656086],[100.4315186,13.9666386],[100.4301147,13.9674683],[100.4289169,13.9685287],[100.4281158,13.9697189],[100.4274139,13.9714479],[100.4260523,13.9730217]],[[100.4260523,13.9730217],[100.4210926,13.9608953],[100.3898514,13.9861594]],[[100.3898514,13.9861594],[100.3884125,13.9867373],[100.3871155,13.9877167],[100.3864783,13.9888871]],[[100.3864783,13.9888871],[100.3855783,13.9896149]],[[100.3855783,13.9896149],[100.3840496,13.98968]],[[100.3840496,13.98968],[100.3904937,13.9460638],[100.3630197,13.9626206],[100.3569183,13.9643183]],[[100.3569183,13.9643183],[100.3563156,13.9619589],[100.3554153,13.9596186],[100.3549318,13.9588508]],[[100.3549318,13.9588508],[100.3666655,13.9412502]],[[100.3666655,13.9412502],[100.3952788,13.9321885],[100.3532541,13.9123602],[100.3749989,13.8995835]],[[100.7999989,13.7912502],[100.7934511,13.7924035]],[[100.7934511,13.7924035],[100.79496,13.7903976],[100.8004379,13.7877121]],[[100.8004379,13.7877121],[100.8010896,13.7897285]],[[100.8010896,13.7897285],[100.7999989,13.7912502]],[[100.7999989,13.7912502],[100.8029871,13.7912502]],[[100.8029871,13.7912502],[100.8055954,13.7932463],[100.8103714,13.8002024],[100.8072357,13.8059568],[100.8069305,13.8077374],[100.8065414,13.8108997],[100.806633,13.8118172],[100.8079834,13.8165188],[100.8099864,13.8187299]],[[100.8099864,13.8187299],[100.7880197,13.8204494],[100.7979481,13.8438828],[100.8031498,13.8446516]],[[100.8031498,13.8446516],[100.7986448,13.8563149]],[[100.7986448,13.8563149],[100.7575184,13.8315008],[100.7444325,13.8484604],[100.7470692,13.8662502],[100.7426747,13.8958441],[100.7631825,13.9116562],[100.7616547,13.9220026]],[[100.7616547,13.9220026],[100.7589188,13.9212608],[100.7566147,13.9208603],[100.7536163,13.9201117],[100.7515182,13.9199209],[100.7501144,13.9196615],[100.7482551,13.9195702]],[[100.7482551,13.9195702],[100.7499989,13.9162502],[100.7345164,13.9182623]],[[100.7345164,13.9182623],[100.733017,13.9180412],[100.7309189,13.917922],[100.7293167,13.9176617],[100.7266159,13.9175215],[100.7250137,13.9172707],[100.7220154,13.9171219],[100.7206116,13.9168921],[100.7177124,13.9167614],[100.7155151,13.9164515],[100.7143173,13.9164915],[100.7124176,13.9168205],[100.7090149,13.917532],[100.7075119,13.9176617],[100.7053146,13.9173212],[100.7004166,13.9156017],[100.6914139,13.9125614],[100.6914139,13.9142714],[100.6921158,13.9160213],[100.6919556,13.9167395]],[[100.6792297,13.8503819],[100.676178,13.8477545],[100.6747284,13.8450594],[100.6747131,13.8441725],[100.6760178,13.8428631]],[[100.6760178,13.8428631],[100.6835175,13.8418751],[100.6845627,13.8411961],[100.6849289,13.840661],[100.6874084,13.8324251],[100.6879959,13.831295],[100.6894608,13.8288975],[100.6967621,13.8174009],[100.6980972,13.8158598],[100.7017593,13.8126574],[100.7019882,13.8122253],[100.7024307,13.8103094],[100.7025986,13.8082361],[100.7053452,13.805481],[100.7066574,13.8043013],[100.7075653,13.8015547],[100.7077484,13.8002691],[100.7081223,13.7949705],[100.7088165,13.7936077],[100.7121964,13.7900181],[100.7163315,13.7846355],[100.7174377,13.78333],[100.7197723,13.7787123],[100.7214737,13.7746325],[100.7217484,13.7728853],[100.7214203,13.771841]],[[100.7214203,13.771841],[100.7263336,13.7714367],[100.7289352,13.7702284],[100.7325974,13.7686358],[100.7344894,13.769743],[100.737709,13.7701635],[100.7381134,13.7696953],[100.7426376,13.7670307],[100.7442169,13.7659111],[100.7507706,13.767539],[100.7510757,13.7693062],[100.7515259,13.7695923],[100.7528839,13.7712698],[100.7547607,13.7728376],[100.7555161,13.7731495],[100.7583322,13.7732127]],[[100.7583322,13.7732127],[100.7583322,13.7995835],[100.7749989,13.7995835],[100.7749989,13.7762182]],[[100.7749989,13.7762182],[100.7766266,13.7758951],[100.7778473,13.7753096],[100.7846146,13.7737122],[100.7852249,13.773797],[100.7868805,13.774416],[100.7891693,13.7783403],[100.789093,13.7796888],[100.7870407,13.7867327],[100.7868805,13.7874918],[100.7866592,13.7899609],[100.7883993,13.7932934]],[[100.7883993,13.7932934],[100.7808257,13.7946274],[100.7954741,13.8018296],[100.7999989,13.7912502]],[[100.7083322,13.8745835],[100.6974924,13.8792181],[100.7049793,13.8935207],[100.7083322,13.8745835]],[[100.797941,13.9278731],[100.7979311,13.9279288]],[[100.7979311,13.9279288],[100.7954178,13.9276609],[100.7941132,13.9273806],[100.7924874,13.9272431]],[[100.7924874,13.9272431],[100.789159,13.9208848],[100.7962798,13.9178403]],[[100.7962798,13.9178403],[100.797941,13.9278731]],[[100.9362602,13.0700862],[100.9359364,13.0732692],[100.9787749,13.0996974],[100.9517241,13.1214422],[100.9218088,13.1183945],[100.9117827,13.1304469],[100.8962228,13.1116969],[100.8817372,13.0996567],[100.8795374,13.0780862],[100.8865433,13.0808296],[100.8907318,13.0784674],[100.9154587,13.0525646],[100.9212036,13.0441961],[100.921582,13.0432478],[100.9235049,13.0426833]],[[100.9224924,13.1029608],[100.9371408,13.1101629],[100.9416655,13.0995835],[100.9224924,13.1029608]],[[100.9337879,13.1861558],[100.9322815,13.1759195],[100.9286194,13.1665363],[100.9226117,13.1611511],[100.9416655,13.1579168],[100.9337879,13.1861558]],[[100.9416655,13.2162502],[100.9445301,13.2060898],[100.9518218,13.2133978],[100.9416655,13.2162502]],[[100.9416655,13.2162502],[100.938801,13.2264105],[100.937382,13.2249883],[100.9392119,13.2169393],[100.9416655,13.2162502]],[[101.771646,15.2185207],[101.764159,15.2042181],[101.7749989,15.1995835],[101.771646,15.2185207]],[[99.863801,14.3347438],[99.8565093,14.3274359],[99.8666655,14.3245835],[99.863801,14.3347438]],[[99.9062163,14.378738],[99.8993478,14.3927801],[99.8805327,14.3760972],[99.8999989,14.3662502],[99.9062163,14.378738]],[[100.6838913,13.744977],[100.6821213,13.7471828],[100.6797867,13.7482195],[100.6776505,13.7487555],[100.6767578,13.7499924],[100.6761093,13.750268],[100.6751404,13.754796],[100.6747284,13.7563171],[100.6711426,13.7630701],[100.6700974,13.7639799],[100.6711426,13.7701626],[100.6681519,13.7692423],[100.6650925,13.76793],[100.6613007,13.7658119],[100.6596832,13.7689314],[100.6575012,13.772397],[100.6540604,13.7781601],[100.6531601,13.779067],[100.6482086,13.7806816],[100.6482925,13.781601],[100.6480942,13.7834473],[100.6470261,13.7881737],[100.6469116,13.7893286],[100.6465302,13.7910471],[100.6432266,13.798583],[100.6423721,13.7999487],[100.6377487,13.8061304],[100.6376877,13.8118887]],[[100.6376877,13.8118887],[100.6351929,13.8100319],[100.6310577,13.8097868],[100.6300659,13.809577],[100.6295776,13.8092251],[100.6266861,13.8095798],[100.625473,13.8085194],[100.6242523,13.805254],[100.6236343,13.8051023],[100.6218643,13.8034925],[100.6211166,13.8019619],[100.6216125,13.7991219],[100.6220703,13.7981911],[100.6219406,13.7949696],[100.6216278,13.7945814],[100.6199875,13.7890215],[100.619072,13.7878227],[100.618454,13.7874737],[100.61306,13.7873859],[100.6109238,13.7878895],[100.6055756,13.7921438],[100.6006927,13.7956648],[100.6000137,13.7958088],[100.595871,13.7951393]],[[100.595871,13.7951393],[100.5962219,13.788166],[100.5962677,13.7865877],[100.5975723,13.7775574],[100.5983658,13.774188],[100.5987854,13.7730284],[100.5991211,13.7707214],[100.5992508,13.7666454],[100.5992279,13.7650681],[100.5994263,13.7610559],[100.5999985,13.7586441],[100.6006241,13.7573175],[100.6017914,13.7542019],[100.6026611,13.7528362],[100.6047592,13.7501955],[100.6087036,13.7471848],[100.6101074,13.7456436],[100.6072159,13.7424212],[100.6053619,13.7401276]],[[100.6053619,13.7401276],[100.612381,13.7393837],[100.613945,13.7387581],[100.6158066,13.738225],[100.6164856,13.7378817],[100.6192856,13.7376566],[100.6197586,13.737711],[100.6229553,13.7387915],[100.6249466,13.7395363],[100.6297073,13.7405167],[100.6377792,13.7432642],[100.6393585,13.7435913],[100.644516,13.7417364],[100.6470947,13.7412205],[100.651062,13.7379456],[100.6529617,13.7352419],[100.6549072,13.7331953],[100.6563339,13.7331314],[100.6575012,13.7332697],[100.6641769,13.7326307],[100.6658707,13.7337103],[100.6667023,13.7344141],[100.6692581,13.7362633],[100.6701355,13.7373285],[100.674324,13.74049],[100.6809006,13.7416916],[100.6813126,13.7419777],[100.6838913,13.744977]],[[100.6194153,14.1258392],[100.6187134,14.1306887],[100.6182175,14.1353188],[100.6182175,14.139348],[100.618515,14.1426487],[100.6188179,14.1443722]],[[100.6188179,14.1443722],[100.6132476,14.1363185],[100.5784966,14.127399]],[[100.5784966,14.127399],[100.5796127,14.1249294],[100.5809174,14.1227388],[100.5829163,14.1185493]],[[100.5829163,14.1185493],[100.591713,14.1242104],[100.5932159,14.1252394],[100.5950165,14.1262093],[100.6005173,14.1287489],[100.6020126,14.1292992],[100.6035156,14.1296196],[100.6059189,14.1297989],[100.6074142,14.1297398],[100.6091156,14.1294994],[100.610817,14.1290197],[100.6123123,14.128438],[100.6141129,14.1275797],[100.6164169,14.1258097],[100.6175156,14.1255493],[100.6194153,14.1258392]],[[102.8910145,11.7857692],[102.8785821,11.7792649],[102.8792038,11.7783022],[102.8851456,11.7708577],[102.8910145,11.7857692]],[[101.5328686,13.7855351],[101.5299793,13.801854],[101.5235607,13.7895923]],[[101.5235607,13.7895923],[101.5291214,13.7870092],[101.5328686,13.7855351]],[[101.5721343,13.9180771],[101.5648426,13.9107692],[101.5749989,13.9079168],[101.5721343,13.9180771]],[[101.588801,13.9347438],[101.5815093,13.9274359],[101.5916655,13.9245835],[101.588801,13.9347438]],[[100.342053,13.8014131],[100.3356171,13.8014584],[100.3328171,13.8014288],[100.3316116,13.8013172]],[[100.3316116,13.8013172],[100.3317184,13.8003082],[100.3322144,13.7990084],[100.3328171,13.7964878],[100.3330154,13.7943783],[100.3331146,13.7914486],[100.3331146,13.7882595],[100.333313,13.7847681],[100.3338165,13.7805281],[100.3338165,13.7757597],[100.3335859,13.7736481]],[[100.3335859,13.7736481],[100.3367502,13.7613185],[100.3482085,13.7534002],[100.3339745,13.749746]],[[100.3339745,13.749746],[100.3346176,13.7475214],[100.334816,13.7464609],[100.3357162,13.7437811],[100.3366165,13.7413511],[100.3375168,13.7379713],[100.3377151,13.7364111],[100.3378143,13.7341108],[100.3376465,13.7323551]],[[100.3650284,13.7320852],[100.3578186,13.7476206],[100.3595657,13.7478828],[100.36306,13.7486057],[100.3687515,13.7486267],[100.3725052,13.7485876],[100.3869019,13.746664],[100.3910828,13.745924],[100.3989944,13.7458038],[100.4031143,13.7450333],[100.4117889,13.7420349],[100.4131927,13.7422047],[100.4158859,13.7421522],[100.4180222,13.7412882],[100.4196014,13.7402372],[100.4267578,13.7378931],[100.4283218,13.7375002],[100.4337769,13.7353201],[100.4355621,13.7342005],[100.437767,13.7334652],[100.4425354,13.7329454],[100.4455338,13.7329187],[100.4515228,13.7339859],[100.453064,13.7345152],[100.4588318,13.7362118],[100.4589844,13.73736],[100.4596787,13.7395849],[100.4641724,13.7413378],[100.4651642,13.7412853],[100.4676132,13.7408752],[100.4694366,13.7396879]],[[100.4694366,13.7396879],[100.4664841,13.7464581],[100.465889,13.7472925],[100.4631577,13.7528744],[100.462265,13.7542076],[100.4598312,13.7592573],[100.4594421,13.760581],[100.4590683,13.7640762],[100.4591141,13.7647667],[100.4602127,13.7671461],[100.4605255,13.7675028],[100.4623947,13.768815],[100.466156,13.7710428],[100.4690781,13.7724991],[100.4718323,13.7736292],[100.4725876,13.7741413],[100.4733276,13.7753439]],[[100.4733276,13.7753439],[100.4734116,13.7797842],[100.4731293,13.7828503],[100.4770432,13.7889071]],[[100.4770432,13.7889071],[100.4744186,13.788208],[100.4738159,13.7883282],[100.4721146,13.7893782],[100.4705124,13.7900686],[100.4698181,13.7914581],[100.4688187,13.7922983],[100.4658127,13.7941084],[100.464119,13.794878],[100.461113,13.7959986],[100.4593124,13.7964783],[100.4552155,13.7972584],[100.448616,13.7983179],[100.4451141,13.7985783],[100.4350128,13.7990685],[100.4286118,13.7995186],[100.423912,13.7996082],[100.4215164,13.7995882],[100.4189148,13.799448],[100.4154129,13.7995472],[100.4118118,13.8000088],[100.410614,13.7999973],[100.4076157,13.799777],[100.4053116,13.7997379],[100.3943176,13.7996988],[100.3901138,13.7995787],[100.3886185,13.7996483],[100.3851166,13.8000574],[100.3792191,13.8005075],[100.3711166,13.8008175],[100.3622131,13.8010483],[100.3482147,13.8013274]],[[100.3482147,13.8013274],[100.3499989,13.7912502],[100.339159,13.7958848],[100.342053,13.8014131]],[[100.3720366,13.7621364],[100.3812489,13.7769313],[100.3916655,13.7579168],[100.3720366,13.7621364]],[[101.5208206,12.6331465],[101.5225953,12.6331086],[101.5221343,12.6347438],[101.5208206,12.6334272],[101.5208206,12.6331465]],[[101.6304676,12.6514105],[101.6284471,12.6493854],[101.6313221,12.6483796],[101.6304676,12.6514105]],[[101.6439667,12.6454325],[101.6479358,12.6485676],[101.6471343,12.6514105],[101.6410402,12.6453028],[101.6439667,12.6454325]],[[101.6572387,12.6617954],[101.6554676,12.6680772],[101.648176,12.6607692],[101.6551678,12.6588055],[101.6572387,12.6617954]],[[101.7037506,12.701272],[101.7056732,12.7037706],[101.7061108,12.7037967],[101.7049793,12.7101873],[101.6991217,12.6989974],[101.7037506,12.701272]],[[101.8231686,12.7780681],[101.8193674,12.7853053],[101.7971343,12.7782049],[101.8219757,12.7749764]],[[101.7341786,12.7854233],[101.6882476,12.7784857],[101.7416655,12.7745835],[101.7341786,12.7854233]],[[101.6723947,12.7875433],[101.6456043,12.7975775],[101.6352202,12.7698919],[101.6583322,12.7662502],[101.6723947,12.7875433]],[[101.6299793,12.8435207],[101.6224924,12.8292181],[101.6333322,12.8245835],[101.6299793,12.8435207]],[[101.4319687,12.6178799],[101.4326886,12.6185331],[101.4304676,12.6264105],[101.423176,12.6191025],[101.4315745,12.6167438],[101.4319687,12.6178799]],[[101.3471343,12.6514105],[101.3398426,12.6441025],[101.3499989,12.6412502],[101.3471343,12.6514105]],[[101.2083322,12.6912502],[101.2038075,12.7018296],[101.189159,12.6946274],[101.2083322,12.6912502]],[[101.2333322,12.7079168],[101.2360666,12.7023057],[101.2524728,12.6943385],[101.2083322,12.6912502]],[[101.2083322,12.6912502],[101.219465,12.6690496],[101.2249989,12.6662502],[101.2278635,12.6764105],[101.2351551,12.6691025],[101.2249989,12.6662502],[101.2289377,12.6618475],[101.2301318,12.6615697],[101.244072,12.6602364],[101.2683716,12.6564035],[101.2795759,12.6535272],[101.2876942,12.6540106],[101.3031702,12.6455961],[101.3088953,12.6433494],[101.337271,12.6670436],[101.312271,12.6785142],[101.3043934,12.6873195],[101.2853179,12.7043646],[101.2631499,12.7030422],[101.2458648,12.7124172],[101.2333322,12.7079168]],[[101.2583322,12.6662502],[101.239159,12.6696274],[101.2538075,12.6768296],[101.2583322,12.6662502]],[[101.2333322,12.7079168],[101.2304676,12.7180772],[101.223176,12.7107692],[101.2333322,12.7079168]],[[101.1699859,12.6717148],[101.1802723,12.7117417],[101.1754221,12.7279852],[101.1169585,12.7148789],[101.1049142,12.6910223],[101.1215809,12.6795151],[101.1246159,12.6742072],[101.1283035,12.6737566],[101.1514969,12.6734037],[101.1667444,12.669476],[101.1699859,12.6717148]],[[101.1299793,12.7435207],[101.1224924,12.7292181],[101.1333322,12.7245835],[101.1299793,12.7435207]],[[104.8066101,17.3882923],[104.8029633,17.4001503],[104.798905,17.4076338],[104.7971017,17.4083766],[104.8071125,17.3841276],[104.8066101,17.3882923]],[[104.7828765,17.4197007],[104.7710601,17.39761],[104.7916655,17.3912501],[104.7828765,17.4197007]],[[102.5783386,13.6322756],[102.5730286,13.6369858],[102.5596466,13.6517334],[102.5581207,13.6534519],[102.5576172,13.6552401],[102.5587311,13.6594658],[102.5630569,13.6692905],[102.568367,13.6760893],[102.5738602,13.6801243],[102.5767136,13.681838],[102.5800629,13.6841478],[102.5821615,13.686497],[102.5375965,13.6691921],[102.5709299,13.6371649],[102.5790679,13.6286688],[102.5942607,13.6257035],[102.5783386,13.6322756]],[[102.5028309,13.7029771],[102.4882476,13.6902044],[102.5166655,13.6829168],[102.5028309,13.7029771]],[[100.7666655,18.7662501],[100.7565093,18.7633978],[100.763801,18.7560898],[100.7666655,18.7662501]],[[100.7666655,18.7662501],[100.78662,18.7719549],[100.7724924,18.7866237],[100.7666655,18.7662501]],[[100.788801,18.8014105],[100.7815093,18.7941025],[100.7916655,18.7912501],[100.788801,18.8014105]],[[99.8961868,13.6029596],[99.9003448,13.6028099],[99.9026642,13.602809],[99.9037524,13.6029298]],[[99.9037524,13.6029298],[99.9054247,13.6044233]],[[99.9054247,13.6044233],[99.905571,13.6059189],[99.9050354,13.6079927]],[[99.9050354,13.6079927],[99.8931884,13.6053201]],[[99.8931884,13.6053201],[99.894989,13.6040001],[99.8961868,13.6029596]],[[99.8826812,13.6774359],[99.8630197,13.6671494],[99.8749989,13.6579168],[99.8826812,13.6774359]],[[99.8538075,13.7018296],[99.839159,13.6946274],[99.8583322,13.6912502],[99.8538075,13.7018296]],[[99.9166655,13.7412502],[99.9065093,13.7383978],[99.913801,13.7310898],[99.9166655,13.7412502]],[[99.9166655,13.7412502],[99.927245,13.745779],[99.920051,13.7604152],[99.9166655,13.7412502]],[[100.5454741,15.0518296],[100.5308257,15.0446274],[100.5499989,15.0412502],[100.5454741,15.0518296]],[[100.3563791,16.4373968],[100.3405588,16.4572861],[100.315689,16.4451361],[100.3388661,16.4384507],[100.344465,16.427383],[100.3499989,16.4245835],[100.3563791,16.4373968]],[[101.3076812,12.7941025],[101.2880197,12.7838161],[101.2999989,12.7745835],[101.3076812,12.7941025]],[[101.2471343,12.8014105],[101.2398426,12.7941025],[101.2499989,12.7912502],[101.2471343,12.8014105]],[[101.2054676,12.8347438],[101.198176,12.8274359],[101.2083322,12.8245835],[101.2054676,12.8347438]],[[101.338801,12.8764105],[101.3315093,12.8691025],[101.3416655,12.8662502],[101.338801,12.8764105]],[[102.5471343,16.4930771],[102.5398426,16.4857692],[102.5499989,16.4829168],[102.5471343,16.4930771]],[[102.4371408,16.4934962],[102.4224924,16.4862941],[102.4416655,16.4829168],[102.4371408,16.4934962]],[[102.1785796,13.5274725],[102.1630197,13.5152492],[102.1833322,13.4995835],[102.1785796,13.5274725]],[[101.6471343,14.8514105],[101.6398426,14.8441025],[101.6499989,14.8412502],[101.6471343,14.8514105]],[[101.7054676,14.8680771],[101.698176,14.8607692],[101.7083322,14.8579168],[101.7054676,14.8680771]],[[101.7288075,14.8768296],[101.714159,14.8696274],[101.7333322,14.8662502],[101.7288075,14.8768296]],[[101.7249989,14.8912502],[101.7278635,14.8810898],[101.7351551,14.8883978],[101.7249989,14.8912502]],[[101.7249989,14.8912502],[101.7221343,14.9014105],[101.7148426,14.8941025],[101.7249989,14.8912502]],[[99.7038075,14.1351629],[99.689159,14.1279608],[99.7083322,14.1245835],[99.7038075,14.1351629]],[[99.8221343,14.2597438],[99.8148426,14.2524359],[99.8249989,14.2495835],[99.8221343,14.2597438]],[[100.4562598,13.6136465],[100.4555283,13.6164789],[100.4546738,13.6204071],[100.4545288,13.6216927],[100.4543839,13.6252766],[100.4542389,13.626956],[100.45298,13.629118],[100.4521637,13.647109],[100.4520035,13.647769],[100.4522018,13.6530237],[100.45224,13.6552229],[100.4528351,13.6640825],[100.4530334,13.6655903],[100.4529877,13.6669054],[100.4552002,13.6766176],[100.4513779,13.6787357],[100.4504166,13.6822386],[100.4475861,13.6862087],[100.4447861,13.6863012]],[[100.4447861,13.6863012],[100.4427185,13.6852598],[100.4393158,13.683754],[100.4362411,13.6814861],[100.4328308,13.6798496],[100.4314957,13.679615],[100.4273529,13.6786833],[100.4250641,13.6784029],[100.4242477,13.6784534],[100.4213562,13.6770678],[100.4164734,13.6730957],[100.4151382,13.6728287],[100.409996,13.671524]],[[100.3534164,13.6395779],[100.3550186,13.6391783],[100.3564148,13.6386471],[100.3582153,13.6377077],[100.3604126,13.6360474],[100.361618,13.6348782],[100.3624115,13.6338482],[100.3631134,13.6321974],[100.3647156,13.6298275],[100.3659134,13.6284876],[100.3681183,13.6264877],[100.3694153,13.6256475],[100.3727188,13.6243477],[100.374115,13.6233883],[100.375412,13.6222277],[100.3770142,13.6206188],[100.3786163,13.6185284],[100.3794174,13.6169786],[100.3808136,13.6130686],[100.3816147,13.6090088],[100.381813,13.6059189],[100.381813,13.6040487],[100.3816147,13.6012201],[100.3814163,13.6002092],[100.3811188,13.5970898],[100.3811188,13.5940399],[100.3813171,13.5924406],[100.382019,13.59128],[100.3849182,13.5884495],[100.3865128,13.5861311],[100.3871155,13.584981],[100.387619,13.5836306],[100.388421,13.580931]],[[100.388421,13.580931],[100.3907541,13.5838405],[100.4193023,13.6067043],[100.4290028,13.5945868],[100.451659,13.6079006],[100.4562598,13.6136465]],[[101.3121408,13.3934963],[101.2974924,13.3862941],[101.3166655,13.3829168],[101.3121408,13.3934963]],[[101.2910145,13.3941025],[101.271353,13.3838161],[101.2833322,13.3745835],[101.2910145,13.3941025]],[[101.1882476,13.4545151],[101.1726226,13.4779852],[101.1632476,13.4529852],[101.149771,13.4436712],[101.1916655,13.4329168],[101.1882476,13.4545151]],[[101.2804676,13.4930771],[101.273176,13.4857692],[101.2833322,13.4829168],[101.2804676,13.4930771]],[[100.1071278,17.6369289],[100.0886057,17.6446518],[100.0799142,17.6130682],[100.0999989,17.6079168],[100.1071278,17.6369289]],[[101.1204741,15.6684962],[101.1058257,15.6612941],[101.1249989,15.6579168],[101.1204741,15.6684962]],[[99.738801,16.2430771],[99.7315093,16.2357692],[99.7416655,16.2329168],[99.738801,16.2430771]],[[100.4957962,13.7358437],[100.4954605,13.7361794],[100.4949417,13.7374725],[100.4945602,13.738863],[100.4939651,13.741703],[100.4940338,13.7454529]],[[100.4940338,13.7454529],[100.4932098,13.7437611],[100.4927521,13.7431784],[100.487709,13.7392941],[100.4850235,13.7380962],[100.4805222,13.7379227],[100.4797745,13.7379713],[100.4752655,13.7377958],[100.4729843,13.7379732],[100.4714584,13.738431],[100.4694366,13.7396879]],[[100.4694366,13.7396879],[100.4661255,13.7306061],[100.4694977,13.7245178],[100.4700699,13.7240801],[100.4731903,13.7211876],[100.47789,13.719121]],[[100.47789,13.719121],[100.4796066,13.7189522],[100.4812775,13.7191143],[100.4838409,13.7191277],[100.4857636,13.7197456],[100.4886703,13.7218885],[100.4910812,13.7267704],[100.4935303,13.7319164],[100.4945679,13.7342958],[100.4957962,13.7358437]],[[99.5804676,16.3597438],[99.573176,16.3524359],[99.5833322,16.3495835],[99.5804676,16.3597438]],[[99.5581044,16.4838486],[99.5372059,16.4964463],[99.4880197,16.4763169],[99.4954416,16.4697454],[99.5203439,16.4734238],[99.5286447,16.453213],[99.5416655,16.4495835],[99.5453114,16.4626206],[99.5581044,16.4838486]],[[100.7276356,15.0778672],[100.7129546,15.0637396],[100.7333322,15.0579168],[100.7276356,15.0778672]],[[100.7583322,13.5162502],[100.7554676,13.5264105],[100.748176,13.5191025],[100.7583322,13.5162502]],[[100.7583322,13.5162502],[100.7502267,13.5045151],[100.6985991,13.5206203],[100.6926096,13.5472316],[100.699626,13.5573885]],[[100.699626,13.5573885],[100.6998138,13.558733],[100.6996155,13.5594816],[100.6987152,13.5603628],[100.6967163,13.5608616],[100.6936188,13.5610619],[100.6908188,13.5616713],[100.6885147,13.5625715],[100.6861115,13.5637913],[100.6848145,13.5646019],[100.6840134,13.5654821],[100.6836166,13.5665417],[100.6832123,13.5684118],[100.6831131,13.5695219],[100.6828156,13.5701714],[100.6822128,13.5735207],[100.6815186,13.5753012],[100.6800156,13.5785208],[100.6791153,13.5828209],[100.6787186,13.5838003],[100.6770172,13.5855503],[100.6759186,13.5873003],[100.6748123,13.5897694],[100.6730118,13.5946999],[100.6729126,13.5963602],[100.6734161,13.5977497],[100.6748123,13.6003494],[100.6755142,13.6020098],[100.6756134,13.6026688],[100.6752167,13.6045189],[100.674614,13.6057501],[100.6742172,13.6072702],[100.6747131,13.6097202],[100.6762161,13.6137199],[100.6757126,13.6140289],[100.6742172,13.6140585],[100.6727142,13.6137886],[100.6708145,13.6137495],[100.6694183,13.6142092],[100.6685181,13.6162882],[100.6680145,13.6167688],[100.6659164,13.6171989],[100.6636124,13.6174393],[100.6622162,13.6176891],[100.6596146,13.6178389],[100.6577148,13.6180887],[100.6563187,13.6184082],[100.653717,13.6193981],[100.6503143,13.6211576],[100.6481171,13.6221485],[100.6413116,13.624568],[100.6395187,13.6254292],[100.638916,13.6259975],[100.6385117,13.6269283],[100.6385117,13.6283283],[100.6395187,13.6303778],[100.6415176,13.6335077],[100.6425171,13.6353674],[100.6444168,13.6382971],[100.6471176,13.6407881],[100.6489182,13.6428471],[100.6505127,13.6453772],[100.6515121,13.6471672],[100.6539154,13.6521063]],[[100.6539154,13.6521063],[100.6533127,13.6521759],[100.6521149,13.6514874],[100.6506119,13.6500072],[100.6493149,13.6493168],[100.646019,13.6486769],[100.6427155,13.6474771],[100.641716,13.647377],[100.6401138,13.6476269],[100.6360168,13.6491156],[100.6294174,13.6517172],[100.6242142,13.6536169],[100.6223145,13.6542358],[100.6191177,13.655117],[100.6161118,13.6558561],[100.6135178,13.6566572],[100.6102142,13.6574459],[100.6072159,13.6584358],[100.6059189,13.6590261],[100.5990143,13.6628456],[100.5980148,13.6631861]],[[100.5581131,13.6181288],[100.5596161,13.6174192],[100.5662155,13.6141186],[100.5697174,13.6125784],[100.5707169,13.6122694],[100.5729141,13.6118689],[100.576416,13.6117086],[100.5784149,13.6114893],[100.5839157,13.6113186],[100.5854187,13.6110592],[100.5887146,13.6097698],[100.5914154,13.60847],[100.5937119,13.6069098],[100.595314,13.6054201],[100.5966187,13.6037998],[100.5971146,13.6029501],[100.598114,13.6007299],[100.5987167,13.5990295],[100.5987167,13.5969896],[100.5979156,13.5953798],[100.5962143,13.5925407],[100.5937119,13.5886602],[100.5929184,13.5872698],[100.5911179,13.5845003],[100.5881119,13.5795116],[100.5857162,13.575181],[100.5843124,13.5722904],[100.5830154,13.569171],[100.5825119,13.5672016],[100.5822144,13.565341],[100.5823135,13.5640316],[100.5826187,13.5622816],[100.5832138,13.560113],[100.5841141,13.5577316],[100.5854187,13.5555925],[100.5864182,13.5541716],[100.5893173,13.5503025],[100.5987556,13.5392215]],[[100.5987556,13.5392215],[100.6046213,13.5375433],[100.611445,13.5325615],[100.6162262,13.5333319],[100.6183472,13.5337639],[100.6306381,13.5216331],[100.6416168,13.516655],[100.7022629,13.5001888],[100.7315903,13.4967966],[100.7394101,13.4951374],[100.7499989,13.4964544],[100.7698556,13.4939845],[100.7787098,13.4999375],[100.7583322,13.5162502]],[[100.6416655,13.5495835],[100.6315093,13.5524359],[100.638801,13.5597438],[100.6416655,13.5495835]],[[100.0221343,14.2264105],[100.0148426,14.2191025],[100.0249989,14.2162502],[100.0221343,14.2264105]],[[100.038801,14.2347438],[100.0315093,14.2274359],[100.0416655,14.2245835],[100.038801,14.2347438]],[[102.0721343,15.2014105],[102.0648426,15.1941025],[102.0749989,15.1912502],[102.0721343,15.2014105]],[[99.3746355,9.1459896],[99.373291,9.1456432],[99.3728485,9.1450577],[99.3727875,9.1442833],[99.3730934,9.1435516]],[[99.3730934,9.1435516],[99.3746355,9.1459896]],[[99.3971343,9.1514105],[99.3898426,9.1441026],[99.3999989,9.1412502],[99.3971343,9.1514105]],[[99.3817125,9.171995],[99.3804676,9.1764105],[99.3795759,9.1755168]],[[99.3795759,9.1755168],[99.3809204,9.1729898],[99.3817125,9.171995]],[[102.8554676,14.4180771],[102.848176,14.4107692],[102.8583322,14.4079168],[102.8554676,14.4180771]],[[102.7943023,14.6445339],[102.7796213,14.6304062],[102.7999989,14.6245835],[102.7943023,14.6445339]],[[103.020995,17.1181789],[103.00537,17.1103379],[103.0249989,17.0995835],[103.020995,17.1181789]],[[100.5401754,14.113202],[100.538801,14.1180771],[100.535936,14.1152058]],[[100.5784966,14.127399],[100.5705392,14.1253566],[100.5695908,14.1170095]],[[100.1221343,16.7597438],[100.1148426,16.7524359],[100.1249989,16.7495835],[100.1221343,16.7597438]],[[105.0788075,14.9101629],[105.064159,14.9029608],[105.0833322,14.8995835],[105.0788075,14.9101629]],[[105.0638009,14.9264105],[105.0565093,14.9191025],[105.0666655,14.9162502],[105.0638009,14.9264105]],[[99.9038075,12.3934963],[99.889159,12.3862941],[99.9083322,12.3829168],[99.9038075,12.3934963]],[[99.9910193,12.4036152],[99.9898426,12.4024359],[99.9925243,12.4016827],[99.9910193,12.4036152]],[[100.71521,13.7553215],[100.7094269,13.7579136],[100.7076111,13.7577572],[100.7019882,13.7546291],[100.7012177,13.7535954],[100.6968536,13.7499466],[100.6959229,13.7493095],[100.691925,13.747592],[100.6905899,13.7473583],[100.6880035,13.7475138],[100.6856461,13.7475004],[100.6847153,13.7470284],[100.6838913,13.744977]],[[100.6053619,13.7401276],[100.6055603,13.7378244],[100.6066971,13.7345467],[100.6070328,13.7340794],[100.6095123,13.7314615],[100.6098709,13.730567],[100.6100845,13.729248],[100.6101761,13.7248764],[100.6119232,13.7214212],[100.6123886,13.7207203],[100.6126022,13.7191725],[100.6122742,13.7179308],[100.6117477,13.7172203],[100.6106262,13.7138596],[100.6128693,13.7114773],[100.6126709,13.7099371],[100.6085892,13.7084827],[100.6078568,13.7078743],[100.6071014,13.7054262],[100.6072235,13.7047997],[100.6097641,13.7017221]],[[100.6097641,13.7017221],[100.6119537,13.7020025],[100.6154175,13.7012033],[100.6158218,13.7009649],[100.6203461,13.700078],[100.6221542,13.6999397],[100.6230087,13.7000523],[100.6285095,13.6965818],[100.6291046,13.6954842],[100.6323853,13.6940641],[100.6344757,13.694479],[100.6401901,13.6953726],[100.6431274,13.689888],[100.644928,13.6837683],[100.6450119,13.6824532],[100.6448822,13.6771984],[100.6450958,13.6757812],[100.6467896,13.6714735],[100.650856,13.6662254],[100.653244,13.6660738],[100.6553116,13.6653061],[100.6585159,13.665246]],[[100.6585159,13.665246],[100.6588135,13.6671162],[100.6588135,13.6683464],[100.6602173,13.6693354],[100.6623154,13.6705761],[100.6635132,13.6710749],[100.6656189,13.6710958],[100.6663132,13.6714649],[100.6676178,13.6725349],[100.6682129,13.6726351],[100.670517,13.6717949],[100.6717148,13.6711855],[100.6726151,13.6703959],[100.6731186,13.669426],[100.6731186,13.6681852],[100.6728134,13.6670761],[100.6732178,13.6656561],[100.6737137,13.6652555],[100.6776123,13.6643572],[100.6826172,13.6634855],[100.6848145,13.6629162],[100.6908188,13.6618261],[100.6921158,13.6614561],[100.6956177,13.660697],[100.6982117,13.6598759],[100.700119,13.6594763],[100.7017136,13.6596165],[100.702919,13.6601257],[100.7039185,13.6608057],[100.7048187,13.6620064],[100.7063141,13.6657858],[100.7076187,13.6686363],[100.7097168,13.673665],[100.7114182,13.6779051],[100.7122116,13.6800451],[100.7125168,13.6812639],[100.7128143,13.6839752],[100.7132187,13.6866045],[100.7140121,13.6892748],[100.7152176,13.6938839],[100.7161179,13.6965637],[100.7175278,13.7016818]],[[100.7175278,13.7016818],[100.7148426,13.7024359],[100.7177822,13.705382]],[[100.7177822,13.705382],[100.7172165,13.7082338],[100.7168121,13.7094927],[100.7163162,13.7122831],[100.7163162,13.7141228],[100.7168121,13.7159929],[100.7172089,13.7168598]],[[100.7172089,13.7168598],[100.7143402,13.7172613],[100.7136765,13.7199383],[100.7134476,13.7204027],[100.7135468,13.7259531],[100.7138824,13.7273254],[100.7143707,13.7317829],[100.7143326,13.7388477],[100.7142334,13.7410517],[100.7138672,13.7434578],[100.7122421,13.747798],[100.7113113,13.7491007],[100.7118454,13.7522421],[100.71241,13.75315],[100.71521,13.7553215]],[[99.8804676,14.6430771],[99.873176,14.6357692],[99.8833322,14.6329168],[99.8804676,14.6430771]],[[100.0221343,14.6430771],[100.0148426,14.6357692],[100.0249989,14.6329168],[100.0221343,14.6430771]],[[100.9916655,13.2912502],[100.9815093,13.2883978],[100.988801,13.2810898],[100.9916655,13.2912502]],[[101.038801,13.3680772],[101.0315093,13.3607692],[101.0416655,13.3579168],[101.038801,13.3680772]],[[100.9916655,13.2912502],[100.9987293,13.2966986],[100.9942372,13.3269395],[101.011978,13.3376206],[101.0481109,13.3452459],[101.021353,13.3561834],[101.0286447,13.3709539],[101.0380197,13.3782131],[101.0453114,13.3876206],[101.061327,13.3999945],[101.063507,13.4147098]],[[101.063507,13.4147098],[101.0630264,13.4180803],[101.0634232,13.4206574]],[[101.0634232,13.4206574],[101.0529286,13.4287502],[101.0687972,13.4409822]],[[101.0687972,13.4409822],[101.066925,13.4415493],[101.0641251,13.4420691],[101.0620193,13.4422197],[101.0607224,13.4424992],[101.0588226,13.4421587],[101.0558243,13.4412098],[101.0536194,13.4408493],[101.0496216,13.4406385],[101.0437241,13.4405298],[101.0414124,13.4404392],[101.0385208,13.4400797],[101.0378189,13.4398794],[101.0360184,13.4397192],[101.0324249,13.4390593],[101.0308228,13.4389191],[101.0281143,13.438529],[101.0269241,13.4382591],[101.0248184,13.4380884],[101.023819,13.4382896],[101.0227127,13.4390392],[101.0216141,13.4401588],[101.0209198,13.4414082],[101.0205231,13.4431496],[101.0205154,13.4443693],[101.020813,13.4454985],[101.0208206,13.4463587],[101.0211182,13.447958],[101.0210266,13.4491282],[101.0205154,13.4503384],[101.0196228,13.4517488],[101.0179633,13.4535557]],[[101.0179633,13.4535557],[100.9934885,13.4571763],[100.9974924,13.4300645],[100.986978,13.4126206],[100.9841076,13.4023212],[100.9865036,13.3969936],[100.988043,13.3888246],[101.0026356,13.4028672],[101.0083322,13.3829168],[100.988065,13.3887081],[100.9891129,13.3831472],[100.9860611,13.3677721],[100.9809494,13.3556499],[100.9699783,13.3443022],[100.9445038,13.3363876],[100.9369736,13.3355761],[100.924881,13.3281565],[100.9213867,13.3148565],[100.9121017,13.3053265],[100.9106369,13.3018942],[100.9101028,13.2968388],[100.9132385,13.2866669],[100.9275996,13.2572883],[100.937564,13.2440863],[100.9536447,13.2709539],[100.9722645,13.2785874],[100.9585926,13.2891383],[100.972883,13.3076442],[100.9880197,13.2959539],[100.9916655,13.2912502]],[[100.9833322,13.3162502],[100.973176,13.3191025],[100.9804676,13.3264105],[100.9833322,13.3162502]],[[101.0166655,13.4079168],[101.0065093,13.4107692],[101.013801,13.4180771],[101.0166655,13.4079168]],[[103.120995,16.0515122],[103.10537,16.0436712],[103.1249989,16.0329168],[103.120995,16.0515122]],[[100.138801,15.4680771],[100.1315093,15.4607692],[100.1416655,15.4579168],[100.138801,15.4680771]],[[102.188801,16.8014105],[102.1815093,16.7941025],[102.1916655,16.7912502],[102.188801,16.8014105]],[[101.2012822,13.7219456],[101.198176,13.7189438],[101.2166655,13.7162502],[101.2142748,13.7325834]],[[101.2142748,13.7325834],[101.2141266,13.7316523],[101.2127228,13.7284126],[101.2109222,13.7260933],[101.2093201,13.724762],[101.2075195,13.7236729],[101.2056198,13.7229223],[101.2012822,13.7219456]],[[99.84134,17.0186224],[99.8220692,17.0229437],[99.7882476,17.0103013],[99.7953439,17.0027044],[99.8085601,17.0056707],[99.8333322,16.9995835],[99.84134,17.0186224]],[[99.713801,17.0264105],[99.7065093,17.0191025],[99.7166655,17.0162501],[99.713801,17.0264105]],[[100.6097641,13.7017221],[100.6053391,13.6988277],[100.6036301,13.6986027],[100.6010132,13.6970167],[100.5989914,13.6949244],[100.5986786,13.6943731],[100.5981064,13.6912966],[100.5972443,13.690527],[100.5953445,13.6894836],[100.5940704,13.688652]],[[100.6539154,13.6521063],[100.6560135,13.6535463],[100.6572189,13.6548862],[100.6575165,13.6555758],[100.657814,13.6577759],[100.657814,13.6590357],[100.6581116,13.6601658],[100.6581116,13.6620064],[100.6584167,13.6638756],[100.6585159,13.665246]],[[102.621646,16.101854],[102.614159,16.0875514],[102.6249989,16.0829168],[102.621646,16.101854]],[[101.063801,15.9930771],[101.0565093,15.9857692],[101.0666655,15.9829168],[101.063801,15.9930771]],[[101.063801,16.0847438],[101.0565093,16.0774359],[101.0666655,16.0745835],[101.063801,16.0847438]],[[100.5956726,13.8372984],[100.5967484,13.834548],[100.5966873,13.8311329],[100.5969849,13.8285313],[100.5969696,13.8277426],[100.5960312,13.8232279],[100.595871,13.8218517],[100.5958328,13.8175478],[100.5952911,13.814208],[100.595314,13.8059616],[100.5951767,13.803894],[100.5958252,13.7965202],[100.595871,13.7951393]],[[100.6376877,13.8118887],[100.6376648,13.8125477],[100.6380768,13.8128681],[100.6385422,13.814043],[100.6379547,13.8187923],[100.6393356,13.8215618],[100.6401215,13.8306255],[100.6405411,13.8344669],[100.6440125,13.8359756],[100.6465225,13.8386545],[100.6475677,13.8399487],[100.6518097,13.8422966],[100.6525269,13.8420525],[100.6552887,13.8404493],[100.6584778,13.8373899],[100.6594162,13.8367119],[100.6621246,13.8355713],[100.6652527,13.8347836],[100.6672134,13.8340187],[100.6682587,13.8332415],[100.6692429,13.8328257],[100.6691589,13.8358212],[100.6694107,13.8362446],[100.6712036,13.8373585],[100.6717529,13.8374138],[100.674057,13.8383856],[100.6750412,13.839879],[100.6760178,13.8428631]],[[99.0449472,18.7924652],[99.0368153,18.8036077],[99.0504872,18.8392197],[99.0287749,18.8365179],[99.020995,18.8462672],[99.0145947,18.8421976]],[[99.0145947,18.8421976],[99.0156021,18.840641],[99.0162735,18.8385906],[99.0164108,18.8373814],[99.0164032,18.8354607],[99.0161972,18.8336411],[99.0152435,18.8295403],[99.0152664,18.8282909],[99.0157394,18.8260937],[99.0168076,18.8247623],[99.0193329,18.8236008],[99.0205688,18.8229103],[99.0214996,18.8220234],[99.0224609,18.8202419],[99.0229034,18.8186321],[99.0235672,18.8146935],[99.0243683,18.8117123],[99.0247879,18.8095036],[99.025177,18.8082523],[99.0259018,18.8072529],[99.0271835,18.8062725],[99.0295792,18.8047123],[99.0307007,18.8037128],[99.0313568,18.802742],[99.0325394,18.8001518],[99.033432,18.7990227],[99.0344696,18.7980919],[99.0361328,18.7971821],[99.038269,18.7962723],[99.0406723,18.7942333],[99.04216,18.7934132],[99.0449472,18.7924652]],[[99.0293934,18.890123],[98.9995106,18.9025335],[99.0060861,18.8865626],[99.0333322,18.8829168],[99.0293934,18.890123]],[[99.8044052,11.8034992],[99.8045035,11.8129921],[99.8026356,11.8195339],[99.7879546,11.8054063],[99.8054464,11.8004081],[99.8044052,11.8034992]],[[100.7692118,14.564254],[100.7637177,14.5650845],[100.7601166,14.565815],[100.7584152,14.5658445],[100.7562276,14.5656844]],[[100.7562276,14.5656844],[100.7666655,14.5579168],[100.7692118,14.564254]],[[100.7316473,14.5694281],[100.7305145,14.5692148],[100.7289124,14.5691233],[100.7270126,14.5692234],[100.7262115,14.5693932],[100.7247014,14.5701378]],[[100.7247014,14.5701378],[100.7148426,14.5606105],[100.7333322,14.5579168],[100.7316473,14.5694281]],[[100.4526356,14.6028672],[100.4379546,14.5887396],[100.4583322,14.5829168],[100.4526356,14.6028672]],[[101.0499989,13.6579168],[101.0398426,13.6550645],[101.0471343,13.6477565],[101.0499989,13.6579168]],[[101.0916655,13.6662502],[101.0961903,13.6556707],[101.1108387,13.6628729],[101.0916655,13.6662502]],[[101.0916655,13.6662502],[101.0916655,13.6745835],[101.0833322,13.6745835]],[[101.0833322,13.6745835],[101.0833322,13.6662502],[101.0916655,13.6662502]],[[101.0833322,13.6745835],[101.0939767,13.6959824],[101.053189,13.702383],[101.0499989,13.6579168]],[[101.0499989,13.6579168],[101.0833322,13.6745835]],[[100.9727949,13.7752025],[100.9668266,13.7794243]],[[100.9668266,13.7794243],[100.9648426,13.7774359],[100.9727949,13.7752025]],[[100.9499989,13.7912502],[100.9528635,13.7810898],[100.9577655,13.7860028]],[[100.9577655,13.7860028],[100.9509493,13.7909832]],[[100.9509493,13.7909832],[100.9499989,13.7912502]],[[100.9499989,13.7912502],[100.949847,13.7917889]],[[100.949847,13.7917889],[100.9427309,13.7969972]],[[100.9427309,13.7969972],[100.9398426,13.7941025],[100.9499989,13.7912502]],[[100.4737167,13.7112522],[100.4726715,13.7119637],[100.4704971,13.7126017],[100.4692383,13.7125959],[100.4659958,13.71066],[100.4643631,13.7073107],[100.4623108,13.707058],[100.4616394,13.7073679],[100.4604034,13.7072954],[100.4583817,13.7049398],[100.4569931,13.7031946],[100.4549103,13.703371],[100.4542999,13.7037449],[100.4512939,13.7035456],[100.4502945,13.7030077],[100.4475555,13.7022438],[100.4470749,13.7022219],[100.444191,13.7033663],[100.4427567,13.7032328],[100.4415588,13.7029305],[100.4400253,13.7008915],[100.4395905,13.6997509],[100.4391251,13.6965084],[100.439209,13.6952906],[100.4407883,13.6920042],[100.4415207,13.6908388],[100.4447861,13.6863012]],[[100.4562598,13.6136465],[100.4628895,13.6219264],[100.4785055,13.6199812]],[[100.4785055,13.6199812],[100.477211,13.6233149],[100.4776077,13.6248837],[100.4793091,13.6282654],[100.4768372,13.6333771],[100.4767456,13.6340036],[100.475769,13.6367197],[100.4756546,13.638135],[100.47612,13.6471605],[100.4761505,13.6486721],[100.4754868,13.6521358],[100.4748001,13.6593466],[100.4759521,13.6608992],[100.4767303,13.660718],[100.4786987,13.6598873],[100.4812164,13.6595716],[100.4838638,13.6665144],[100.4843063,13.6683769],[100.4888306,13.6716976],[100.4895935,13.6742449],[100.4890289,13.6753082],[100.4857941,13.6777105],[100.4850845,13.6779881],[100.4838943,13.6803141],[100.4832993,13.6812134],[100.4826355,13.6844807],[100.4826508,13.6852684],[100.4842911,13.6873693],[100.484314,13.6886177],[100.4854431,13.6888227],[100.4872131,13.6883259]],[[100.4872131,13.6883259],[100.4866943,13.690177],[100.48452,13.6965656],[100.4844742,13.6997862],[100.4843521,13.700511],[100.4820404,13.7030582],[100.479332,13.702426],[100.476738,13.7023153],[100.4744949,13.7047291],[100.473732,13.7063236],[100.4737167,13.7112522]],[[100.4648426,13.6357692],[100.4721343,13.6430771],[100.4749989,13.6329168],[100.4648426,13.6357692]],[[99.8062489,16.0102646],[99.7970366,15.9954697],[99.8166655,15.9912502],[99.8062489,16.0102646]],[[99.863801,16.0764105],[99.8565093,16.0691025],[99.8666655,16.0662502],[99.863801,16.0764105]],[[99.8951486,8.9961045],[99.9048491,9.0030625],[99.9093413,9.0197292],[99.8798491,8.9997178],[99.8916655,8.9912502],[99.8951486,8.9961045]],[[98.6799794,18.4351873],[98.6724924,18.4208847],[98.6833322,18.4162501],[98.6799794,18.4351873]],[[101.7640288,13.992597],[101.748176,13.9772772],[101.7666655,13.9745835],[101.7640288,13.992597]],[[101.7038075,14.0184963],[101.689159,14.0112941],[101.7083322,14.0079168],[101.7038075,14.0184963]],[[101.8118153,14.0627712],[101.8395822,14.0700994],[101.8213205,14.0832017],[101.7965158,14.0663844],[101.8083322,14.0579168],[101.8118153,14.0627712]],[[99.8633127,17.176854],[99.8558257,17.1625514],[99.8666655,17.1579168],[99.8633127,17.176854]],[[104.1555327,15.8051173],[104.1320627,15.8107163],[104.1442371,15.7857611],[104.1583322,15.7829168],[104.1555327,15.8051173]],[[100.7249989,14.0412502],[100.7204741,14.0518296],[100.7058257,14.0446274],[100.7249989,14.0412502]],[[100.7249989,14.0412502],[100.7209001,14.0252572]],[[100.7209001,14.0252572],[100.7271118,14.0279846],[100.7311172,14.0299654],[100.7342148,14.0313053],[100.7388153,14.032835],[100.7440186,14.0348053],[100.7538147,14.0387344],[100.7610168,14.0416842]],[[100.7610168,14.0416842],[100.7608868,14.055353]],[[100.7608868,14.055353],[100.7249989,14.0412502]],[[100.7147448,14.0225858],[100.6744129,14.0336655],[100.6687489,14.0588893],[100.7009103,14.051679],[100.7059559,14.0742743],[100.6881825,14.1000352],[100.6742502,14.0628485],[100.6476877,14.0927394],[100.6382476,14.1295151],[100.6284168,14.1363185],[100.6256504,14.1403183]],[[100.6256504,14.1403183],[100.6251144,14.1395493],[100.6247177,14.1381397],[100.6247177,14.1373587],[100.625412,14.1353397],[100.625618,14.1342297],[100.6255188,14.1327591],[100.6249161,14.1306095],[100.6244125,14.129549],[100.6236114,14.1284294],[100.622612,14.127449],[100.6214142,14.1266994],[100.6194153,14.1258392]],[[100.592514,14.0550833],[100.5936127,14.0514441],[100.5941162,14.0500832],[100.5954132,14.0456142],[100.5956116,14.0440655],[100.5956116,14.0416336],[100.5957184,14.0393571]],[[100.5957184,14.0393571],[100.6014312,14.035875],[100.5968985,14.0267661]],[[100.5968985,14.0267661],[100.5980148,14.0206451],[100.5982132,14.0186148],[100.5983124,14.0152464],[100.5986176,14.0098057],[100.5991135,14.004796],[100.5999146,13.998497],[100.6005173,13.9950666]],[[100.6005173,13.9950666],[100.6028137,13.9956369],[100.606514,13.9964256],[100.6091156,13.9968872],[100.612915,13.9973955],[100.6151123,13.9978571],[100.6177139,13.9988871],[100.6224136,14.0000563],[100.6245117,14.0004263],[100.628572,14.0009204]],[[100.628572,14.0009204],[100.623176,14.0024359],[100.6304676,14.0097438],[100.6326776,14.0019054]],[[100.6326776,14.0019054],[100.637413,14.0034065],[100.6396179,14.0040159],[100.6440125,14.0048056],[100.650116,14.0056467],[100.6538162,14.0061159],[100.6592178,14.0067167],[100.6635132,14.0070772],[100.6698151,14.0074863],[100.6732178,14.0080357],[100.6762161,14.0087957],[100.6802139,14.0100756],[100.6831131,14.0109463],[100.692215,14.0133162],[100.6944122,14.013916],[100.6969147,14.0147057],[100.6991119,14.0154963],[100.7037125,14.0173759],[100.708313,14.0194254],[100.7112122,14.0209551],[100.7147448,14.0225858]],[[100.6221994,14.0260972],[100.6293283,14.052383],[100.6388661,14.046784],[100.6416655,14.0162502],[100.6221994,14.0260972]],[[100.6583322,14.1495835],[100.6611968,14.1394232],[100.6684885,14.1467311],[100.6583322,14.1495835]],[[100.6583322,14.1495835],[100.6564416,14.1562892]],[[100.6564416,14.1562892],[100.6483893,14.152376]],[[100.6483893,14.152376],[100.6583322,14.1495835]],[[102.3221343,13.7514105],[102.3148426,13.7441025],[102.3249989,13.7412502],[102.3221343,13.7514105]],[[100.2416655,13.7412502],[100.2416655,13.7495835],[100.1999989,13.7495835]],[[100.1999989,13.7495835],[100.2159168,13.7211493],[100.2286447,13.7376206],[100.2416655,13.7412502]],[[100.3339745,13.749746],[100.319758,13.7460964],[100.3224924,13.7339137],[100.2963856,13.7397609],[100.2835601,13.7211818],[100.2614247,13.7280869],[100.265689,13.7471502],[100.2416655,13.7412502]],[[100.2416655,13.7412502],[100.2346668,13.7127508],[100.2416655,13.7079168],[100.2445301,13.7180771],[100.2518218,13.7107692],[100.2416655,13.7079168],[100.2448556,13.7027614],[100.273534,13.6871445],[100.2642061,13.6813936]],[[100.1999989,13.7495835],[100.1999989,13.7562191]],[[100.1999989,13.7562191],[100.1987076,13.7545614],[100.1977081,13.7530403],[100.1965103,13.7508402],[100.1954458,13.7495835]],[[100.1954458,13.7495835],[100.1999989,13.7495835]],[[100.2238768,13.7785634],[100.2227097,13.7774296],[100.2211344,13.7756688]],[[100.2211344,13.7756688],[100.2249989,13.7745835],[100.2238768,13.7785634]],[[100.2979555,13.7831824],[100.2981186,13.7844696],[100.2976151,13.7856398],[100.2960129,13.7885084],[100.295517,13.7898693],[100.294014,13.7924881],[100.2931922,13.7932634]],[[100.2931922,13.7932634],[100.2721343,13.7865382],[100.2979555,13.7831824]],[[100.1295236,14.4889837],[100.089159,14.4830226],[100.0796864,14.4670273],[100.1333322,14.4579168],[100.1295236,14.4889837]],[[103.5208973,16.450556],[103.4881174,16.4262518],[103.5249989,16.4162502],[103.5208973,16.450556]],[[98.9249989,18.6912501],[98.9148426,18.6883978],[98.9221343,18.6810898],[98.9249989,18.6912501]],[[98.9249989,18.6912501],[98.9351551,18.6941025],[98.9278635,18.7014105],[98.9249989,18.6912501]],[[98.9561555,18.7286395],[98.9528809,18.7292767],[98.9503937,18.7294674],[98.9484863,18.7294559],[98.9467697,18.7298775],[98.9422073,18.7321472],[98.9408722,18.7329369],[98.9380722,18.7351475],[98.9350586,18.7371063],[98.9315567,18.7388172],[98.9270776,18.7407578]],[[98.9270776,18.7407578],[98.9212879,18.7365016],[98.9320301,18.7125433],[98.9454416,18.7293157],[98.9542958,18.7282171],[98.9561555,18.7286395]],[[102.538801,16.1347438],[102.5315093,16.1274359],[102.5416655,16.1245835],[102.538801,16.1347438]],[[102.2221343,16.5264105],[102.2148426,16.5191025],[102.2249989,16.5162502],[102.2221343,16.5264105]],[[102.1124663,16.5512518],[102.0882476,16.5441961],[102.1166655,16.5245835],[102.1124663,16.5512518]],[[102.746646,15.3601873],[102.739159,15.3458848],[102.7499989,15.3412502],[102.746646,15.3601873]],[[102.4960926,15.2355535],[102.4802398,15.2124375],[102.4999989,15.2079168],[102.4960926,15.2355535]],[[103.2963003,15.2958696],[103.2941818,15.2949648],[103.2927399,15.2946644],[103.2921371,15.2949152],[103.2918396,15.29632],[103.2916412,15.2986555],[103.2909823,15.2996724]],[[103.2909823,15.2996724],[103.2796213,15.2887396],[103.2999989,15.2829168],[103.2963003,15.2958696]],[[101.361034,13.751972],[101.338801,13.7448716],[101.3666655,13.7412502],[101.361034,13.751972]],[[101.5235607,13.7895923],[101.5224924,13.7875514],[101.5333322,13.7829168],[101.5328686,13.7855351]],[[99.9054676,19.1764105],[99.898176,19.1691025],[99.9083322,19.1662501],[99.9054676,19.1764105]],[[102.021646,14.726854],[102.014159,14.7125514],[102.0249989,14.7079168],[102.021646,14.726854]],[[99.8554676,16.6014105],[99.848176,16.5941025],[99.8583322,16.5912502],[99.8554676,16.6014105]],[[99.7971343,13.5097438],[99.7898426,13.5024359],[99.7999989,13.4995835],[99.7971343,13.5097438]],[[99.838508,13.5367051],[99.8322905,13.5644801],[99.7976551,13.5499334],[99.7820301,13.5272813],[99.8249989,13.5162502],[99.838508,13.5367051]],[[99.8924593,13.5921374],[99.8923569,13.5936508],[99.8923874,13.5960798],[99.8925095,13.5976],[99.8927841,13.5984993],[99.8935471,13.5997095],[99.8961868,13.6029596]],[[99.8931884,13.6053201],[99.8793934,13.602208],[99.8916655,13.5912502],[99.8924593,13.5921374]],[[101.3868153,14.0461045],[101.4032866,14.0579168],[101.3711903,14.0809149],[101.3631825,14.0697292],[101.3534819,14.0627712],[101.3465158,14.0509629],[101.3833322,14.0412502],[101.3868153,14.0461045]],[[100.7701071,14.0451289],[100.7619129,14.0557562],[100.7608868,14.055353]],[[100.7610168,14.0416842],[100.7701071,14.0451289]],[[101.0049793,15.7935207],[100.9974924,15.7792181],[101.0083322,15.7745835],[101.0049793,15.7935207]],[[100.5359116,13.7008581],[100.5308075,13.6976719],[100.5299149,13.6974268],[100.5259705,13.6982613],[100.5243149,13.6989527],[100.5204849,13.7003441],[100.5200806,13.7005835],[100.520607,13.704917],[100.5176239,13.7069168],[100.5149612,13.7079573]],[[100.5149612,13.7079573],[100.5117645,13.7044344],[100.5050888,13.6996965]],[[100.5050888,13.6996965],[100.4976654,13.6948423],[100.4971085,13.6939325],[100.4966965,13.6918669],[100.4963303,13.6886177]],[[100.4963303,13.6886177],[100.4967041,13.6868992],[100.4975204,13.6847773],[100.4996948,13.6828251],[100.5004807,13.6826782],[100.5055847,13.6822815],[100.5075531,13.6814194],[100.5167999,13.679821],[100.5182495,13.6791668],[100.5209961,13.678422],[100.5236511,13.6781054]],[[100.5236511,13.6781054],[100.5262833,13.6839762],[100.5290375,13.6871128],[100.5316925,13.6921921],[100.5377808,13.696908],[100.5362015,13.6999331],[100.5359116,13.7008581]],[[99.9482228,13.0676218],[99.9499989,13.0662502],[99.9511281,13.0680085]],[[99.9511281,13.0680085],[99.9500351,13.0679703],[99.9482228,13.0676218]],[[100.5436859,13.7905283],[100.5407562,13.7929516],[100.5392685,13.7934427],[100.5364456,13.7939291],[100.5309219,13.7943735],[100.5295258,13.7943048],[100.5238724,13.7950144]],[[100.5238724,13.7950144],[100.5226288,13.7924423],[100.5206299,13.7899513],[100.5170898,13.7868032],[100.5165863,13.785367],[100.51577,13.7836075],[100.5140991,13.781868],[100.5112152,13.7772579],[100.5102234,13.7753057],[100.5088959,13.7738209],[100.5079803,13.7723932],[100.5064163,13.7709131],[100.5048294,13.7665062]],[[100.5048294,13.7665062],[100.5058365,13.7671423],[100.507576,13.7671404],[100.5088882,13.7662249],[100.5106506,13.7638865],[100.5126266,13.7619705]],[[100.5126266,13.7619705],[100.513443,13.7616901],[100.5148315,13.759491],[100.5201874,13.7536898],[100.521431,13.7526779],[100.5230026,13.751132],[100.5258408,13.7478838]],[[100.5258408,13.7478838],[100.5276489,13.7514954],[100.5295486,13.756856],[100.5349884,13.7685595]],[[100.5349884,13.7685595],[100.5363693,13.7732363],[100.5365829,13.7737255],[100.5395508,13.7824841],[100.5402145,13.7836885],[100.5436859,13.7905283]],[[103.8054676,15.6097438],[103.7981759,15.6024359],[103.8083322,15.5995835],[103.8054676,15.6097438]],[[101.2054676,14.6514105],[101.198176,14.6441025],[101.2083322,14.6412502],[101.2054676,14.6514105]],[[101.1257603,14.6361542],[101.1333322,14.6329168],[101.1299793,14.651854],[101.12613,14.6445004]],[[101.12613,14.6445004],[101.1264267,14.6431704],[101.1264267,14.6411304],[101.1260223,14.6398401],[101.1255264,14.6375208],[101.1257603,14.6361542]],[[100.2979555,13.7831824],[100.2999989,13.7829168],[100.2943674,13.7936387],[100.2931922,13.7932634]],[[100.3316116,13.8013172],[100.3300171,13.8028479],[100.329216,13.8039675],[100.3287125,13.8050184],[100.3274155,13.8072672],[100.3272171,13.8078976],[100.3258133,13.8099775],[100.324576,13.812411]],[[100.324576,13.812411],[100.3236642,13.8123073],[100.3335859,13.7736481]],[[102.8054676,16.7264105],[102.798176,16.7191025],[102.8083322,16.7162502],[102.8054676,16.7264105]],[[105.2221343,16.0430771],[105.2148426,16.0357692],[105.2249989,16.0329168],[105.2221343,16.0430771]],[[100.3538075,15.2684963],[100.339159,15.2612941],[100.3583322,15.2579168],[100.3538075,15.2684963]],[[100.2454741,15.3851629],[100.2308257,15.3779608],[100.2499989,15.3745835],[100.2454741,15.3851629]],[[103.7888009,14.9514105],[103.7815093,14.9441025],[103.7916655,14.9412502],[103.7888009,14.9514105]],[[100.5654221,13.7414303],[100.5557175,13.7421837]],[[100.5557175,13.7421837],[100.559433,13.7167425]],[[100.559433,13.7167425],[100.5598679,13.7125216],[100.5597153,13.7100897],[100.5601578,13.707942]],[[100.5601578,13.707942],[100.5602951,13.7052565]],[[100.6053619,13.7401276],[100.6036835,13.7372694],[100.6021194,13.7356558],[100.6014252,13.7352095],[100.6003342,13.7349348],[100.5986633,13.735199],[100.5981293,13.7356043],[100.5948715,13.7367563],[100.5939941,13.7369061],[100.5878448,13.7382469],[100.5862808,13.7387066],[100.5791779,13.7400351],[100.5768738,13.7406731],[100.5698166,13.74121],[100.5654221,13.7414303]],[[104.0645857,14.3410506],[104.0623627,14.345212],[104.0611652,14.3468086]],[[104.0611652,14.3468086],[104.0489968,14.3377608],[104.0518188,14.3379335],[104.0645857,14.3410506]],[[100.1390334,18.1144502],[100.1383127,18.1185207],[100.1368651,18.1157553]],[[100.1368651,18.1157553],[100.1390334,18.1144502]],[[100.1583322,18.1495835],[100.1296864,18.1443589],[100.1530588,18.1207261],[100.1583322,18.1495835]],[[100.1583322,18.1495835],[100.1684885,18.1524359],[100.1611968,18.1597438],[100.1583322,18.1495835]],[[100.1804676,18.1680771],[100.173176,18.1607692],[100.1833322,18.1579168],[100.1804676,18.1680771]],[[100.3624497,13.8167181],[100.3643188,13.8160162],[100.3662186,13.8150978],[100.3677139,13.8146763],[100.3693161,13.814846],[100.3712158,13.8152676],[100.374115,13.8160477],[100.3759155,13.8166571],[100.3787155,13.8178072],[100.381788,13.8189173]],[[100.381788,13.8189173],[100.3624497,13.8167181]],[[100.3833322,13.8495835],[100.373176,13.8467311],[100.3804676,13.8394232],[100.3833322,13.8495835]],[[100.3833322,13.8495835],[100.4006499,13.8376165],[100.3902868,13.8226056]],[[100.3902868,13.8226056],[100.3939133,13.824316],[100.3982162,13.8267269],[100.3994141,13.8275566],[100.4007187,13.8275766],[100.4015121,13.8268471],[100.4025116,13.8252468],[100.4044189,13.8231068],[100.4059143,13.8224173],[100.4066162,13.8225069],[100.4100189,13.8243065],[100.4125137,13.8257275],[100.4153137,13.827116],[100.4173126,13.8283463],[100.4184189,13.8288965],[100.4213181,13.8307867],[100.4249115,13.8329067],[100.4260178,13.8334265],[100.4271164,13.8336954],[100.4278183,13.8336258],[100.4291153,13.8329754],[100.4304123,13.8318062],[100.4313126,13.8312464],[100.4339142,13.8301067]],[[100.4339142,13.8301067],[100.4360123,13.8314867],[100.4369125,13.8321953],[100.4378128,13.8331652],[100.4385147,13.8344955],[100.439415,13.8379269],[100.4403152,13.8429756],[100.440918,13.8457451],[100.4411163,13.8470745],[100.4420166,13.8512554],[100.4429169,13.8537941],[100.443718,13.8552446],[100.4453125,13.8564053],[100.4475174,13.8582945],[100.4485168,13.8596945],[100.4488144,13.8613749],[100.4484177,13.8630543],[100.4475174,13.866045],[100.4467163,13.8681841]],[[100.3830103,13.9018335],[100.3809852,13.9012647]],[[100.3717489,13.8909321],[100.3703156,13.8871165]],[[100.3675836,13.8798441],[100.3668609,13.8779201],[100.395051,13.8807969],[100.3833322,13.8495835]],[[104.3138009,15.6597438],[104.3065093,15.6524359],[104.3166655,15.6495835],[104.3138009,15.6597438]],[[100.0347645,15.385875],[100.021353,15.3940496],[100.0138661,15.3718817],[100.0249989,15.3662502],[100.0347645,15.385875]],[[99.9511281,13.0680085],[99.9632476,13.08688],[99.9526356,13.1232692],[99.9255848,13.1192734],[99.9448882,13.0701971],[99.9482228,13.0676218]],[[100.4038075,14.9018296],[100.389159,14.8946274],[100.4083322,14.8912502],[100.4038075,14.9018296]],[[102.0749989,13.8162502],[102.0778635,13.8060898],[102.0851551,13.8133978],[102.0749989,13.8162502]],[[102.0749989,13.8162502],[102.0645822,13.8352646],[102.05537,13.8204697],[102.0749989,13.8162502]],[[102.2621408,16.1184962],[102.2474924,16.1112941],[102.2666655,16.1079168],[102.2621408,16.1184962]],[[98.6304676,9.8930772],[98.623176,9.8857692],[98.6333322,9.8829168],[98.6304676,9.8930772]],[[98.6297515,9.9353745],[98.6221343,9.913821],[98.6333322,9.9079168],[98.6297515,9.9353745]],[[98.6019894,9.9404817],[98.5986023,9.9424963],[98.5944519,9.9473543],[98.5913783,9.9473729],[98.5881825,9.9413845],[98.5999989,9.9329168],[98.6019894,9.9404817]],[[98.6156235,9.957346],[98.6172748,9.9647725],[98.6131825,9.9613958],[98.6066254,9.9588659],[98.6076202,9.9576321],[98.6038513,9.9549999],[98.6036301,9.9534645],[98.6085052,9.9528046],[98.6156235,9.957346]],[[98.653482,9.9946478],[98.6284627,9.9740039],[98.6291733,9.9740582],[98.632637,9.971735],[98.633522,9.9636755],[98.6295547,9.9600201],[98.630661,9.951499],[98.624382,9.9485474],[98.6222529,9.9459576],[98.6424468,9.9419663],[98.653482,9.9946478]],[[99.1804676,19.8680771],[99.173176,19.8607692],[99.1833322,19.8579168],[99.1804676,19.8680771]],[[99.1971343,19.8930771],[99.1898426,19.8857692],[99.1999989,19.8829168],[99.1971343,19.8930771]],[[99.2252593,19.9274969],[99.1959299,19.9115138],[99.2083322,19.8995835],[99.2252593,19.9274969]],[[101.2221343,14.0014105],[101.2148426,13.9941025],[101.2249989,13.9912502],[101.2221343,14.0014105]],[[99.4054676,18.2014105],[99.398176,18.1941025],[99.4083322,18.1912501],[99.4054676,18.2014105]],[[102.3804676,16.6597438],[102.373176,16.6524359],[102.3833322,16.6495835],[102.3804676,16.6597438]],[[101.2304676,16.8930771],[101.223176,16.8857692],[101.2333322,16.8829168],[101.2304676,16.8930771]],[[100.7979311,13.9279288],[100.796646,13.9351873],[100.7924874,13.9272431]],[[100.863801,13.9597438],[100.8565093,13.9524359],[100.8666655,13.9495835],[100.863801,13.9597438]],[[100.7249989,13.9912502],[100.7278635,13.9810898],[100.7351551,13.9883978],[100.7249989,13.9912502]],[[100.8971343,14.0014105],[100.8898426,13.9941025],[100.8999989,13.9912502],[100.8971343,14.0014105]],[[100.7249989,13.9912502],[100.7258403,13.9947225]],[[100.7258403,13.9947225],[100.7238159,13.9942465],[100.7186127,13.9931469],[100.7146149,13.9924374],[100.7101135,13.9915667],[100.7066116,13.990737],[100.7039177,13.9899219]],[[100.7039177,13.9899219],[100.7109689,13.9813747],[100.6999989,13.9579168],[100.6886382,13.9643947],[100.6977826,13.9877778]],[[100.6977826,13.9877778],[100.6948166,13.9868679],[100.6890182,13.9852581],[100.6847153,13.9839182],[100.6755142,13.9808578],[100.6713181,13.9796886],[100.6682129,13.9786777],[100.6654129,13.9779682],[100.6617126,13.9768877],[100.6570129,13.9758492],[100.6530151,13.9748278],[100.651413,13.9745579],[100.6492157,13.9740086],[100.6463165,13.9735785],[100.6437149,13.9733877],[100.6424179,13.9731379],[100.640419,13.9730282],[100.6379166,13.9726181],[100.6357117,13.9719276],[100.6340179,13.9715176],[100.6295166,13.9699879],[100.628212,13.9692678],[100.6249161,13.9666586],[100.6238174,13.9659176],[100.6225128,13.9652987],[100.6210175,13.9651489],[100.6195145,13.9654188],[100.6180115,13.9653692],[100.6162186,13.9649992],[100.6136169,13.9640684],[100.6107178,13.9628391],[100.6096115,13.9622078],[100.6083145,13.9612589]],[[100.6083145,13.9612589],[100.6085129,13.9591885],[100.6100159,13.9561787],[100.6123123,13.952219]],[[100.7345164,13.9182623],[100.7221343,13.9198716],[100.7443674,13.926972],[100.7482551,13.9195702]],[[100.7616547,13.9220026],[100.7604481,13.9301743],[100.796353,13.9448797],[100.8036447,13.9638494],[100.7743478,13.9595241],[100.7623361,13.9439723],[100.7529937,13.9667547],[100.7587304,14.0055582]],[[100.7587304,14.0055582],[100.7490615,14.0019265]],[[100.7490615,14.0019265],[100.7387359,13.968895],[100.7291655,13.9715887],[100.7134103,13.9671616],[100.7199208,13.987999],[100.7249989,13.9912502]],[[100.7221343,13.9597438],[100.7249989,13.9495835],[100.7148426,13.9524359],[100.7221343,13.9597438]],[[102.8243478,17.3774359],[102.8046864,17.3671494],[102.8166655,17.3579168],[102.8243478,17.3774359]],[[102.7946278,17.440709],[102.7588205,17.4159938],[102.7634429,17.3954168],[102.7598622,17.3795151],[102.7715809,17.3863185],[102.7787424,17.3966782],[102.8034168,17.3863185],[102.8333322,17.3829168],[102.8299142,17.3961818],[102.8109364,17.4092921],[102.8156564,17.430394],[102.8036122,17.4276922],[102.7946278,17.440709]],[[100.71521,13.7553215],[100.7156982,13.7557058],[100.7170258,13.7574167],[100.7189178,13.7601671],[100.7206955,13.7639389],[100.7210846,13.764555],[100.7213135,13.765666],[100.7214203,13.771841]],[[100.5082016,13.7313538],[100.5066681,13.7316465],[100.5053101,13.73174],[100.5036774,13.7321997]],[[100.5036774,13.7321997],[100.5029449,13.7299452],[100.5009308,13.7262049],[100.4977951,13.7193317],[100.4993515,13.7146959],[100.4991226,13.7117729],[100.4992218,13.7096338],[100.4991302,13.7083216],[100.4997787,13.7047558],[100.5011063,13.702919],[100.502243,13.7018108],[100.5050888,13.6996965]],[[100.5149612,13.7079573],[100.5162659,13.7100372],[100.5165863,13.7107534],[100.5182571,13.7161169]],[[100.5182571,13.7161169],[100.5184402,13.7170343],[100.5189438,13.7182093],[100.5187531,13.721076]],[[100.5187531,13.721076],[100.5187073,13.7241688],[100.5181427,13.7266808],[100.5156631,13.7291985],[100.5146484,13.7296791],[100.5120316,13.7301254],[100.5102692,13.7308187],[100.5082016,13.7313538]],[[100.5502243,13.8424158],[100.5447311,13.844614]],[[100.5447311,13.844614],[100.5390167,13.8398952],[100.5350189,13.8365164],[100.5269165,13.8295565],[100.5204163,13.8237572],[100.518013,13.821557],[100.5162125,13.819767],[100.5140152,13.8172274],[100.5135117,13.8163767],[100.5133133,13.8152475]],[[100.5133133,13.8152475],[100.5184174,13.8135777],[100.5190125,13.8132572],[100.5184174,13.8122578],[100.5169144,13.8109074]],[[100.5169144,13.8109074],[100.5219803,13.8068924],[100.522316,13.8064575],[100.523468,13.8025856],[100.5237503,13.799325],[100.5238724,13.7950144]],[[100.5436859,13.7905283],[100.5471115,13.7983227],[100.5499725,13.8054066],[100.5501938,13.806159],[100.5504379,13.8118448],[100.5503769,13.8125381],[100.5446854,13.8146915],[100.5502243,13.8424158]],[[100.813801,13.1430772],[100.8068185,13.1360791],[100.8071388,13.1355924],[100.8166655,13.1329168],[100.813801,13.1430772]],[[100.8131274,13.1674021],[100.8065093,13.1607692],[100.8155695,13.1582247],[100.8131274,13.1674021]],[[102.1499989,12.6245835],[102.1398426,12.6217311],[102.1471343,12.6144232],[102.1499989,12.6245835]],[[102.1283192,12.5962551],[102.1407541,12.6045111],[102.0907866,12.627912],[102.0968739,12.6037502],[102.0945952,12.5946234],[102.1249989,12.5912502],[102.1283192,12.5962551]],[[102.1499989,12.6245835],[102.1601551,12.6274359],[102.1528635,12.6347438],[102.1499989,12.6245835]],[[102.0971343,12.6430772],[102.0898426,12.6357692],[102.0999989,12.6329168],[102.0971343,12.6430772]],[[100.6140137,13.9424906],[100.6133118,13.9415693],[100.6124115,13.9416599],[100.6091156,13.9432201],[100.6043167,13.9449701],[100.5955124,13.9478798],[100.5855179,13.9510794],[100.5830154,13.9520197],[100.5814133,13.95222],[100.5804138,13.9520197],[100.5775146,13.9508486],[100.5727158,13.9491396],[100.5712128,13.9482794]],[[100.5712128,13.9482794],[100.5568161,13.8833323]],[[100.5568161,13.8833323],[100.5498123,13.8485956],[100.5494156,13.8481255],[100.5479126,13.8471251],[100.5447311,13.844614]],[[100.5502243,13.8424158],[100.559021,13.8439169],[100.5676804,13.8469009],[100.570488,13.8476343],[100.5771255,13.8482904],[100.5822678,13.8496342],[100.5932159,13.8511562]],[[102.5812489,17.8602646],[102.5720366,17.8454697],[102.5916655,17.8412501],[102.5812489,17.8602646]],[[100.1916655,13.7579168],[100.1916655,13.7495835],[100.1954458,13.7495835]],[[100.1999989,13.7562191],[100.1999989,13.7579168],[100.1916655,13.7579168]],[[100.1916655,13.7579168],[100.188801,13.7680771],[100.1815093,13.7607692],[100.1916655,13.7579168]],[[100.2238768,13.7785634],[100.2221343,13.7847438],[100.2148426,13.7774359],[100.2211344,13.7756688]],[[100.1866851,13.8115464],[100.1630197,13.7902492],[100.1833322,13.7745835],[100.1870106,13.7877712],[100.202896,13.7854233],[100.1866851,13.8115464]],[[100.1248068,13.8087987],[100.1393869,13.8120306],[100.1270306,13.8156542]],[[100.1270306,13.8156542],[100.1264114,13.8131561],[100.1248068,13.8087987]],[[100.1971343,13.8847438],[100.1898426,13.8774359],[100.1999989,13.8745835],[100.1971343,13.8847438]],[[104.1138009,15.6847438],[104.1065093,15.6774359],[104.1166655,15.6745835],[104.1138009,15.6847438]],[[100.4963303,13.6886177],[100.4944916,13.6889505],[100.4937058,13.6888342],[100.4914856,13.6889114],[100.4898224,13.6891737],[100.4872131,13.6883259]],[[100.4785055,13.6199812],[100.4908843,13.6184393],[100.488892,13.6024102]],[[100.488892,13.6024102],[100.4919128,13.6015396],[100.4945145,13.6011686],[100.4965134,13.6010084],[100.5000153,13.6009102],[100.5031128,13.6009893],[100.5051117,13.6011496],[100.5080185,13.6016703],[100.5113144,13.6012096],[100.5138168,13.6006994],[100.516716,13.6005001],[100.5187149,13.600769],[100.5200119,13.6011486],[100.5214157,13.6017685],[100.5230179,13.6026697],[100.5248184,13.60392],[100.5268173,13.6055489]],[[100.526619,13.6771555],[100.5259171,13.6771383],[100.5241928,13.6777658],[100.5236511,13.6781054]],[[100.1999989,16.7579168],[100.1800445,16.7522121],[100.1941721,16.7375433],[100.1999989,16.7579168]],[[100.1999989,16.7579168],[100.2198556,16.7631536],[100.1917307,16.7780625],[100.1999989,16.7579168]],[[100.3304676,16.8264105],[100.323176,16.8191025],[100.3333322,16.8162502],[100.3304676,16.8264105]],[[100.3471343,16.8264105],[100.3398426,16.8191025],[100.3499989,16.8162502],[100.3471343,16.8264105]],[[100.2249989,16.8495835],[100.2381174,16.8293605],[100.2421864,16.7960272],[100.2296538,16.812881],[100.2158517,16.8105088],[100.204784,16.7933701],[100.2208322,16.796133],[100.2665679,16.7882594],[100.2785471,16.8043605],[100.304784,16.8114731],[100.3118804,16.8182033],[100.2808257,16.8305446],[100.2624989,16.8551865],[100.2533517,16.8428859],[100.2249989,16.8495835]],[[100.2249989,16.8495835],[100.2221343,16.8597438],[100.2148426,16.8524359],[100.2249989,16.8495835]],[[100.163801,14.4097438],[100.1565093,14.4024359],[100.1666655,14.3995835],[100.163801,14.4097438]],[[100.7587304,14.0055582],[100.7596343,14.0116725],[100.7949208,14.0261094],[100.811978,14.0508774],[100.770409,14.0447373],[100.7701071,14.0451289]],[[100.7209001,14.0252572],[100.7198556,14.0211818],[100.7147448,14.0225858]],[[100.6326776,14.0019054],[100.6333322,13.9995835],[100.628572,14.0009204]],[[100.6005173,13.9950666],[100.6013184,13.9894571],[100.6015167,13.9869871],[100.6018143,13.9847269],[100.6022186,13.9808378],[100.6023178,13.9791679],[100.6028137,13.9751682],[100.6038132,13.9704189],[100.6047134,13.967598],[100.6055145,13.965559],[100.6074142,13.9623489],[100.6083145,13.9612589]],[[100.6977826,13.9877778],[100.7003244,13.9942775],[100.7039177,13.9899219]],[[100.7258403,13.9947225],[100.7291981,14.0085801],[100.7532541,14.0153387],[100.7490615,14.0019265]],[[100.8666655,14.0662502],[100.8320627,14.0620225],[100.8130197,14.0495184],[100.8458322,14.0543646],[100.856314,14.0528184],[100.8666655,14.0662502]],[[100.8666655,14.0662502],[100.8768218,14.0691025],[100.8695301,14.0764105],[100.8666655,14.0662502]],[[100.8971343,14.0847438],[100.8898426,14.0774359],[100.8999989,14.0745835],[100.8971343,14.0847438]],[[99.2416655,10.4329168],[99.2315093,10.4300645],[99.238801,10.4227565],[99.2416655,10.4329168]],[[99.2416655,10.4329168],[99.2519901,10.4373365],[99.2470245,10.4391499],[99.2458725,10.43962],[99.2449799,10.4444609],[99.2439082,10.4456124],[99.2416655,10.4329168]],[[99.1852528,10.5100287],[99.1632476,10.4923447],[99.1999989,10.4829168],[99.1852528,10.5100287]],[[99.1221343,10.5180772],[99.1148426,10.5107692],[99.1249989,10.5079168],[99.1221343,10.5180772]],[[102.538801,14.6930771],[102.5315093,14.6857692],[102.5416655,14.6829168],[102.538801,14.6930771]],[[100.8554676,16.1930771],[100.848176,16.1857692],[100.8583322,16.1829168],[100.8554676,16.1930771]],[[100.8355132,13.5117539],[100.8140939,13.5190496],[100.8055327,13.5028957],[100.8416655,13.4995835],[100.8355132,13.5117539]],[[100.8034403,13.544525],[100.801918,13.5450525],[100.7952118,13.5477438],[100.7928162,13.5486126],[100.7903137,13.5491524],[100.7891159,13.5491428],[100.7863159,13.5487022],[100.7848129,13.548583],[100.7839127,13.5486727],[100.7791138,13.5498524],[100.7763138,13.5507116],[100.7727127,13.5514917],[100.7719116,13.5514927],[100.7713165,13.5511427],[100.7712173,13.5497026],[100.7720184,13.5475826],[100.7729187,13.5458527],[100.773634,13.544775]],[[100.773634,13.544775],[100.7765288,13.542776],[100.7777551,13.5409981]],[[100.7777551,13.5409981],[100.779213,13.5410137],[100.7816162,13.5416937],[100.7831116,13.5418825],[100.7845154,13.5416927],[100.7858124,13.5410538],[100.7861176,13.5404825],[100.7855148,13.5375834],[100.7843806,13.531392]],[[100.7843806,13.531392],[100.7887033,13.5251247],[100.8052398,13.536526],[100.8034403,13.544525]],[[100.8448107,13.594724],[100.8428116,13.5921707],[100.8420181,13.5908604],[100.8414154,13.5895205],[100.8410187,13.5880499],[100.8407135,13.5863495],[100.840416,13.5809507],[100.8402176,13.5792112],[100.8396149,13.5782108],[100.8379135,13.5778713],[100.8357162,13.5770311],[100.833313,13.5754614],[100.830719,13.5732307],[100.8291168,13.5715313],[100.8272171,13.5688114],[100.8255157,13.5658817],[100.8232117,13.5626717],[100.821312,13.560442],[100.8163147,13.5550518],[100.8155657,13.5539959]],[[100.8155657,13.5539959],[100.8227202,13.5523911],[100.8465809,13.5613185],[100.8649077,13.5732489],[100.9105168,13.5591131],[100.9110285,13.559704],[100.9149077,13.5769883],[100.8448107,13.594724]],[[100.8475119,13.6070202],[100.8522124,13.6279852],[100.8441565,13.6228607]],[[100.8441565,13.6228607],[100.8439178,13.6219587],[100.8437119,13.6199389],[100.8441162,13.6184788],[100.8448181,13.6174488],[100.8459167,13.6162891],[100.8466187,13.6152592],[100.8471146,13.6134186],[100.8471146,13.6120195],[100.8467178,13.6099987],[100.8469162,13.6087198],[100.8475119,13.6070202]],[[100.850602,13.6357464],[100.8666655,13.6329168],[100.8621408,13.6434963],[100.8521147,13.6385668]],[[100.8521147,13.6385668],[100.8514175,13.6370878],[100.850602,13.6357464]],[[99.9705392,13.5358099],[99.9469064,13.5202297],[99.9749989,13.5162502],[99.9705392,13.5358099]],[[99.8924593,13.5921374],[99.8956043,13.5956528],[99.9037524,13.6029298]],[[99.9054247,13.6044233],[99.9109038,13.6093166],[99.9050354,13.6079927]],[[101.2333322,16.7745835],[101.223176,16.7717311],[101.2304676,16.7644232],[101.2333322,16.7745835]],[[101.2333322,16.7745835],[101.2510731,16.7666326],[101.2455718,16.794428],[101.2333322,16.7745835]],[[103.1971343,15.5180771],[103.1898426,15.5107692],[103.1999989,15.5079168],[103.1971343,15.5180771]],[[99.977615,13.4226761],[99.9719064,13.4230291],[99.9748716,13.421271]],[[99.963801,13.4347438],[99.9565093,13.4274359],[99.9666655,13.4245835],[99.963801,13.4347438]],[[100.0049793,13.9435207],[99.9974924,13.9292181],[100.0083322,13.9245835],[100.0049793,13.9435207]],[[99.9927072,14.0196396],[99.9799142,14.0051092],[99.9999989,13.9912502],[99.9927072,14.0196396]],[[104.6576812,14.6524359],[104.6380197,14.6421494],[104.6499989,14.6329168],[104.6576812,14.6524359]],[[99.9288075,13.8018296],[99.914159,13.7946274],[99.9333322,13.7912502],[99.9288075,13.8018296]],[[99.9538075,13.8018296],[99.939159,13.7946274],[99.9583322,13.7912502],[99.9538075,13.8018296]],[[99.8999989,13.8079168],[99.9028635,13.7977565],[99.9101551,13.8050645],[99.8999989,13.8079168]],[[99.8999989,13.8079168],[99.8629546,13.85421],[99.8400054,13.8638779],[99.8296213,13.859223],[99.8535796,13.8400498],[99.8652658,13.8122585],[99.8999989,13.8079168]],[[102.013801,12.6264105],[102.0065093,12.6191025],[102.0166655,12.6162502],[102.013801,12.6264105]],[[100.0971343,14.7597438],[100.0898426,14.7524359],[100.0999989,14.7495835],[100.0971343,14.7597438]],[[100.4964981,13.7534666],[100.4959793,13.7546606],[100.4949112,13.7561617],[100.4927673,13.756567],[100.4899826,13.756918],[100.4857025,13.7580557],[100.4845123,13.7584419],[100.4801102,13.7618513],[100.4780045,13.7661047],[100.4776154,13.767231],[100.4757767,13.7693081],[100.4750977,13.771328],[100.4733276,13.7753439]],[[100.4940338,13.7454529],[100.4943466,13.7494946],[100.4964981,13.7534666]],[[103.2963003,15.2958696],[103.2943023,15.3028672],[103.2909823,15.2996724]],[[99.8971343,8.6514105],[99.8898426,8.6441026],[99.8999989,8.6412502],[99.8971343,8.6514105]],[[99.9302723,8.673965],[99.9138661,8.6594305],[99.9333322,8.6495835],[99.9302723,8.673965]],[[100.7777551,13.5409981],[100.7843806,13.531392]],[[100.8521147,13.6385668],[100.8474924,13.6362941],[100.850602,13.6357464]],[[100.7749989,13.6412502],[100.7833322,13.6412502],[100.7833322,13.6495835]],[[100.7833322,13.6495835],[100.7749989,13.6495835],[100.7749989,13.6412502]],[[100.7833322,13.6495835],[100.796353,13.6532131],[100.7982085,13.6865464],[100.7833322,13.6495835]],[[100.7749989,13.6412502],[100.7703114,13.6376206],[100.7239247,13.6307684],[100.730728,13.6767279],[100.7574859,13.6876857],[100.7703114,13.7042873],[100.7809234,13.7115464],[100.7775379,13.6885443],[100.8083322,13.7071234],[100.82884,13.6947536],[100.8392241,13.6962876],[100.8385752,13.7006668]],[[100.8385752,13.7006668],[100.8340149,13.7021532],[100.830513,13.7033443],[100.8229141,13.705863],[100.8202133,13.7068129],[100.8151169,13.7087736],[100.8083115,13.7116041],[100.8069153,13.7120943],[100.8025131,13.7138634],[100.8002167,13.7144928],[100.7976151,13.7148533],[100.7946167,13.7149735],[100.7926178,13.7152433],[100.7894135,13.715373],[100.7865143,13.7155933],[100.7785187,13.715663],[100.7729187,13.7159128],[100.7632141,13.7160225],[100.7603149,13.7162533],[100.7566147,13.716403],[100.7553177,13.7165928],[100.7510147,13.7168131],[100.7470169,13.7168922],[100.7368164,13.7169228],[100.7284164,13.7169123],[100.7172089,13.7168598]],[[100.7177822,13.705382],[100.7221343,13.7097438],[100.7249989,13.6995835],[100.7175278,13.7016818]],[[100.699626,13.5573885],[100.7047189,13.5647609],[100.7212879,13.56105],[100.7601226,13.5934596],[100.7643543,13.5745835],[100.7598296,13.5543076],[100.773634,13.544775]],[[100.8034403,13.544525],[100.8005523,13.5573634],[100.8155657,13.5539959]],[[100.8448107,13.594724],[100.844758,13.5947373],[100.8475119,13.6070202]],[[100.8441565,13.6228607],[100.8284168,13.6128485],[100.8249989,13.6079168],[100.8351551,13.6050645],[100.8278635,13.5977565],[100.8249989,13.6079168],[100.8138661,13.6134507],[100.7777984,13.6190496],[100.7749989,13.6412502]],[[100.6833322,13.6245835],[100.664159,13.6279608],[100.6788075,13.6351629],[100.6833322,13.6245835],[100.6934885,13.6217311],[100.6861968,13.6144232],[100.6833322,13.6245835]],[[100.7312489,13.618598],[100.7416655,13.5995835],[100.7220366,13.6038031],[100.7312489,13.618598]],[[100.9633127,13.5601873],[100.9558257,13.5458848],[100.9666655,13.5412502],[100.9633127,13.5601873]],[[100.9304676,13.5847438],[100.923176,13.5774359],[100.9333322,13.5745835],[100.9304676,13.5847438]],[[103.5097319,14.8932318],[103.4889963,14.8978867],[103.4823556,14.8683294],[103.4958648,14.8713568],[103.5166655,14.8662502],[103.5097319,14.8932318]],[[100.1971343,19.6930771],[100.1898426,19.6857692],[100.1999989,19.6829168],[100.1971343,19.6930771]],[[100.459949,14.0048307],[100.4607085,14.0052313],[100.4565724,14.0181874]],[[100.4565724,14.0181874],[100.4558182,14.0173655],[100.4554138,14.0164957],[100.4552155,14.0147762],[100.4554138,14.0127764],[100.4558182,14.0113268],[100.4566116,14.0091858],[100.4578171,14.007226],[100.4586182,14.0061855],[100.459949,14.0048307]],[[100.5121498,14.0369031],[100.4985846,14.0363654]],[[100.4985846,14.0363654],[100.4979172,14.0339737],[100.4953156,14.027215],[100.4942824,14.0253135]],[[100.4942824,14.0253135],[100.5158843,14.015119],[100.4994129,13.9630519],[100.4745375,13.9620664]],[[100.4745375,13.9620664],[100.4767151,13.9597292],[100.4782181,13.957839],[100.4804153,13.9554586],[100.4825134,13.9532995],[100.4852142,13.9506798],[100.4865189,13.9492502],[100.4900131,13.9446011],[100.4926147,13.940671],[100.4941177,13.9380808],[100.4952164,13.9358397],[100.4962158,13.93433],[100.4969177,13.9339695],[100.4977188,13.9339504],[100.4987183,13.93431],[100.5000153,13.935111],[100.5030136,13.9366798],[100.507515,13.93892],[100.5112152,13.9406595],[100.5138168,13.9415207],[100.5175171,13.9423399],[100.5187149,13.9424696],[100.5237122,13.9435196],[100.5250168,13.9435902],[100.526619,13.9438601],[100.5295181,13.9440012],[100.5324173,13.9443998],[100.5346146,13.9449797],[100.5370178,13.9460697],[100.5406189,13.9483099],[100.5432129,13.9501791],[100.5448151,13.9510584],[100.5463181,13.9516697],[100.5473175,13.95189],[100.5494156,13.9518785],[100.5524139,13.9514189],[100.5542145,13.9509401],[100.5555115,13.9507694],[100.5577164,13.9502001],[100.5590134,13.9500294],[100.5612183,13.94946],[100.5646133,13.9488697],[100.5691147,13.9486198],[100.5712128,13.9482794]],[[100.5968985,14.0267661],[100.5916655,14.0162502],[100.5805327,14.0218817],[100.5880197,14.0440496],[100.5957184,14.0393571]],[[100.5648426,14.0274359],[100.5721343,14.0347438],[100.5749989,14.0245835],[100.5648426,14.0274359]],[[100.3083322,15.8912502],[100.298176,15.8883978],[100.3054676,15.8810898],[100.3083322,15.8912502]],[[100.3083322,15.8912502],[100.3184885,15.8941025],[100.3111968,15.9014105],[100.3083322,15.8912502]],[[100.163801,15.0514105],[100.1565093,15.0441025],[100.1666655,15.0412502],[100.163801,15.0514105]],[[100.3902868,13.8226056],[100.3882476,13.8196519],[100.381788,13.8189173]],[[100.3624497,13.8167181],[100.324576,13.812411]],[[100.342053,13.8014131],[100.346646,13.8101873],[100.3482147,13.8013274]],[[100.4770432,13.7889071],[100.4808121,13.7901297],[100.4838181,13.7911997],[100.4893188,13.7934685],[100.4917145,13.7942486],[100.493515,13.7945194],[100.4959183,13.7943983],[100.4973145,13.7944384],[100.4990158,13.7948484],[100.5000153,13.7952576],[100.5035172,13.7986984],[100.5073166,13.8020582],[100.5104141,13.805047],[100.5128174,13.8071184],[100.515213,13.8094778],[100.5169144,13.8109074]],[[100.5133133,13.8152475],[100.5110168,13.8158274],[100.5090179,13.8164463],[100.5042191,13.8181677],[100.5026169,13.8182573],[100.5017166,13.8180475],[100.5000153,13.8172178],[100.4980164,13.8158569],[100.4961166,13.8143778],[100.4949188,13.8138371],[100.4930115,13.8137569],[100.4915161,13.8140373],[100.4902115,13.8146973],[100.4877167,13.8166475],[100.4863129,13.8178673],[100.4835129,13.820466],[100.481514,13.8217373],[100.4796143,13.8224468],[100.4777145,13.8227673],[100.4744186,13.8231268],[100.4729156,13.8234978],[100.4720154,13.8243465],[100.4714127,13.8252563],[100.4705124,13.8276367],[100.4695129,13.8291464],[100.4683151,13.8302469],[100.4665146,13.8310957],[100.4655151,13.8312063],[100.464119,13.8308764],[100.4622116,13.8294764],[100.4612122,13.8289967],[100.4597168,13.8286667],[100.4568176,13.8284168],[100.4520187,13.8281565],[100.4481125,13.8277569],[100.4427185,13.8270569],[100.4402161,13.8269472],[100.4387131,13.8272762],[100.4365158,13.8282967],[100.435318,13.8289967],[100.4339142,13.8301067]],[[102.638801,16.4597438],[102.6315093,16.4524359],[102.6416655,16.4495835],[102.638801,16.4597438]],[[99.746646,19.551854],[99.739159,19.5375514],[99.7499989,19.5329168],[99.746646,19.551854]],[[100.3855783,13.9896149],[100.383853,13.9910101],[100.3840496,13.98968]],[[100.4416655,13.9912502],[100.4297515,13.9820664],[100.4292422,13.9808211]],[[100.4292422,13.9808211],[100.4312134,13.9800377],[100.4365158,13.9775381],[100.4399185,13.975668],[100.4441458,13.9730586]],[[100.4441458,13.9730586],[100.4416655,13.9912502]],[[100.4416655,13.9912502],[100.4499989,13.9912502],[100.4499989,13.9995835]],[[100.4499989,13.9995835],[100.4416655,13.9995835],[100.4416655,13.9912502]],[[100.4499989,13.9995835],[100.459949,14.0048307]],[[100.4565724,14.0181874],[100.4536122,14.0274603],[100.4499989,13.9995835]],[[100.3804676,14.0347438],[100.373176,14.0274359],[100.3833322,14.0245835],[100.3804676,14.0347438]],[[100.3418725,14.0277117],[100.3666655,14.0245835],[100.3638661,14.0301173],[100.3450835,14.0396144],[100.3405272,14.0311698]],[[100.3405272,14.0311698],[100.3418725,14.0277117]],[[100.4985846,14.0363654],[100.4979155,14.0363389],[100.4790028,14.0452581],[100.4416655,14.0650213],[100.4054676,14.0314805],[100.4458973,14.045661],[100.4540028,14.0369126],[100.4684885,14.0374863],[100.4942824,14.0253135]],[[102.7387033,16.0730413],[102.7291655,16.0683823],[102.7200184,16.0728542],[102.7097319,16.0525132],[102.7416655,16.0495835],[102.7387033,16.0730413]],[[99.8111642,13.8863104],[99.7965809,13.8735378],[99.8249989,13.8662502],[99.8111642,13.8863104]],[[99.7583322,13.9329168],[99.7625314,13.9063503],[99.7853504,13.8961818],[99.7639637,13.9290269],[99.7583322,13.9329168]],[[99.7583322,13.9329168],[99.7555327,13.9634507],[99.7388661,13.9638494],[99.7525379,13.9358465],[99.7583322,13.9329168]],[[99.613801,11.5097438],[99.6065093,11.5024359],[99.6166655,11.4995835],[99.613801,11.5097438]],[[102.7333322,17.8829168],[102.7321012,17.8857951],[102.7262427,17.8841656],[102.7333322,17.8829168]],[[102.7333322,17.8829168],[102.7299142,17.8779852],[102.7186512,17.8701889],[102.7457345,17.8600571],[102.7638986,17.8863633],[102.7598546,17.8959679],[102.7551116,17.8922005],[102.7416655,17.8884575],[102.7416655,17.8829168],[102.7333322,17.8829168]],[[102.7684885,17.9024359],[102.7673642,17.9035626],[102.7659596,17.9017256],[102.7684885,17.9024359]],[[102.9054676,17.9847438],[102.898176,17.9774359],[102.9083322,17.9745835],[102.9054676,17.9847438]],[[100.9416655,14.5329168],[100.9692697,14.5412257],[100.9724731,14.5621243]],[[100.9724731,14.5621243],[100.9712143,14.5624247],[100.9699173,14.5629644],[100.9684706,14.5640396]],[[100.9684706,14.5640396],[100.9416655,14.5329168]],[[100.8888779,14.5541872],[100.8884125,14.5527954],[100.8869171,14.5494642],[100.8857117,14.5464354],[100.8850174,14.5433855],[100.8843155,14.5388756],[100.8841171,14.5362263],[100.8840511,14.5341902]],[[100.8840511,14.5341902],[100.9149403,14.4958034],[100.9287749,14.51247],[100.9378895,14.5200303],[100.9416655,14.5329168]],[[100.9416655,14.5329168],[100.9223296,14.5366929],[100.9319976,14.554922],[100.9166655,14.5579168],[100.913801,14.5477565],[100.9065093,14.5550645],[100.9166655,14.5579168],[100.9048817,14.5721136],[100.8924468,14.5571478],[100.8888779,14.5541872]],[[100.5568161,13.8833323],[100.5465164,13.8861027],[100.5375137,13.888443],[100.5297165,13.8904028],[100.5229187,13.892024],[100.5172119,13.8933325],[100.512413,13.8943825],[100.5053177,13.8958216],[100.5007172,13.8966427],[100.4981155,13.8969126],[100.4966125,13.8966923],[100.4961166,13.8964224],[100.493515,13.8938532],[100.4916153,13.8916426],[100.4901123,13.8895626],[100.4896164,13.8884239],[100.4884186,13.8868723],[100.4870148,13.8854733],[100.4854126,13.8845339],[100.4835129,13.8844833],[100.4827118,13.884634],[100.4817123,13.8852825],[100.4804153,13.8864622],[100.4788132,13.888154],[100.477417,13.8890638],[100.475914,13.889493],[100.4738159,13.8896732],[100.4692154,13.8897829],[100.4666138,13.8897438],[100.4642181,13.8896027],[100.4621124,13.8893423],[100.4596176,13.8887625],[100.4548187,13.8870935],[100.4526138,13.8866634]],[[102.2554676,15.1847438],[102.248176,15.1774359],[102.2583322,15.1745835],[102.2554676,15.1847438]],[[102.413801,15.2597438],[102.4065093,15.2524359],[102.4166655,15.2495835],[102.413801,15.2597438]],[[102.838801,15.0347438],[102.8315093,15.0274359],[102.8416655,15.0245835],[102.838801,15.0347438]],[[100.3499989,13.9662502],[100.3549318,13.9588508]],[[100.3569183,13.9643183],[100.3499989,13.9662502]],[[100.3499989,13.9662502],[100.3454741,13.9768296],[100.3308257,13.9696274],[100.3499989,13.9662502]],[[100.3223622,13.992597],[100.3065093,13.9772772],[100.3249989,13.9745835],[100.3223622,13.992597]],[[100.3405272,14.0311698],[100.3388661,14.028091],[100.3418725,14.0277117]],[[100.313801,14.0930771],[100.3065093,14.0857692],[100.3166655,14.0829168],[100.313801,14.0930771]],[[100.3554676,14.6014105],[100.348176,14.5941025],[100.3583322,14.5912502],[100.3554676,14.6014105]],[[100.5436859,13.7905283],[100.5462952,13.7894564],[100.5467834,13.7901373],[100.547821,13.7907743],[100.5550156,13.7904987],[100.5664902,13.7892809]],[[100.5664902,13.7892809],[100.5680466,13.7886906],[100.5708008,13.7879438],[100.5743866,13.7883654],[100.575264,13.7893019],[100.576561,13.791316],[100.5803528,13.7933445],[100.5884323,13.7949247],[100.595871,13.7951393]],[[100.9609689,12.6112005],[100.9484109,12.5991158],[100.9496002,12.5981407],[100.9561768,12.5998869],[100.9626465,12.5935774],[100.9660794,12.5933028],[100.9609689,12.6112005]],[[100.9333322,12.6329168],[100.9311195,12.6329168],[100.930069,12.6237469],[100.9248276,12.620306],[100.9214706,12.6203346],[100.9222336,12.6175413],[100.9219129,12.6162502],[100.9333322,12.6162502],[100.9333322,12.6329168]],[[100.8916655,12.6579168],[100.8727202,12.6545802],[100.8781287,12.65175],[100.8803635,12.6525459],[100.8896039,12.6530858],[100.8916655,12.6579168]],[[100.9924046,12.6735172],[100.992424,12.6745844],[100.9920197,12.6771936],[100.9902115,12.6808624],[100.9892197,12.6835432],[100.9885178,12.6863422],[100.9881134,12.6876125],[100.9874115,12.6888533],[100.9871216,12.6899319],[100.9862213,12.6922436],[100.985817,12.6935625],[100.9858246,12.6947823],[100.9862632,12.6953464]],[[100.9862632,12.6953464],[100.9791655,12.7056178],[100.9666981,12.6875759],[100.9882476,12.6795151],[100.9924046,12.6735172]],[[100.8916655,12.6579168],[100.907936,12.6591907],[100.9104538,12.6597109],[100.9121994,12.6595245],[100.9425444,12.6619004],[100.961978,12.6746486],[100.9291655,12.6698024],[100.9092762,12.6727402],[100.8936512,12.710932],[100.8999989,12.7495835]],[[100.8999989,12.7495835],[100.8950835,12.7461818],[100.8814767,12.7264837],[100.8893543,12.6912502],[100.8865549,12.6787135],[100.8916655,12.6579168]],[[100.8999989,12.7495835],[100.9108387,12.7546291],[100.9018751,12.7702625],[100.8962784,12.7655745],[100.8863546,12.7603955],[100.8973622,12.7552679],[100.8999989,12.7495835]],[[100.90148,12.8550511],[100.903389,12.8515615],[100.9138031,12.8256321],[100.915947,12.8129416],[100.9149202,12.8015877],[100.9264637,12.7961045],[100.9147168,12.8555332]],[[100.8554676,14.5347438],[100.848176,14.5274359],[100.8583322,14.5245835],[100.8554676,14.5347438]],[[100.8888779,14.5541872],[100.8763335,14.5437811],[100.8840511,14.5341902]],[[99.8562163,19.9120672],[99.8459624,19.9330633],[99.8388661,19.9190496],[99.8167958,19.9078761],[99.8275705,19.885761],[99.8416655,19.8829168],[99.8562163,19.9120672]],[[99.863801,19.9347438],[99.8565093,19.9274358],[99.8666655,19.9245835],[99.863801,19.9347438]],[[99.9799793,13.2185207],[99.9724924,13.2042181],[99.9833322,13.1995835],[99.9799793,13.2185207]],[[98.8883127,18.601854],[98.8808257,18.5875514],[98.8916656,18.5829168],[98.8883127,18.601854]],[[98.896646,18.6351873],[98.889159,18.6208847],[98.8999989,18.6162501],[98.896646,18.6351873]],[[100.0554676,9.5264105],[100.048176,9.5191026],[100.0583322,9.5162502],[100.0554676,9.5264105]],[[104.2054676,16.3180771],[104.1981759,16.3107692],[104.2083322,16.3079168],[104.2054676,16.3180771]],[[101.1383127,15.2185207],[101.1308257,15.2042181],[101.1416655,15.1995835],[101.1383127,15.2185207]],[[101.2204741,14.2101629],[101.2058257,14.2029608],[101.2249989,14.1995835],[101.2204741,14.2101629]],[[103.0721343,16.2514105],[103.0648426,16.2441025],[103.0749989,16.2412502],[103.0721343,16.2514105]],[[102.5005264,12.9250269],[102.4971248,12.9334137],[102.4888661,12.9260972],[102.5017763,12.9195665],[102.5005264,12.9250269]],[[102.4347124,13.0977294],[102.4312163,13.0977606],[102.4362356,13.0925544],[102.4347124,13.0977294]],[[98.9791629,18.8530992],[98.9793777,18.8523006],[98.9797668,18.8487816],[98.9804077,18.84762],[98.981163,18.8474312],[98.983963,18.8474312],[98.9850464,18.8470802],[98.9853897,18.8464603],[98.9856033,18.8450909],[98.9854736,18.8430901],[98.9848633,18.842001],[98.983551,18.8402214],[98.981987,18.8384018],[98.9792633,18.8356915],[98.9774628,18.8342304],[98.9754868,18.8329906],[98.9743271,18.8324699],[98.9728984,18.8320337]],[[98.9728984,18.8320337],[98.9749989,18.8245835],[98.9648426,18.8274359],[98.9695923,18.8321961]],[[98.9695923,18.8321961],[98.9682465,18.8324814],[98.9660492,18.8331909],[98.9647675,18.8338699],[98.9624634,18.8353901],[98.9600601,18.836771],[98.957254,18.8380224]],[[98.957254,18.8380224],[98.9505523,18.7919826],[98.9673166,18.7634588],[98.9453765,18.7542099],[98.9270776,18.7407578]],[[98.9561555,18.7286395],[98.983258,18.7347948]],[[98.983258,18.7347948],[98.9831772,18.7356663],[98.9836502,18.7367268],[98.9850311,18.738596],[98.9857635,18.7400475],[98.9864883,18.7420769],[98.9868164,18.7425861],[98.9877701,18.7430973],[98.9884567,18.7438374],[98.9891663,18.7454872],[98.9898834,18.746664],[98.9909592,18.7478065],[98.9923172,18.748745],[98.9938583,18.749424],[98.9989929,18.7507858],[99.0007019,18.7510242],[99.0035629,18.7510967],[99.0058517,18.7509155],[99.0072021,18.7506542],[99.0115433,18.7492275],[99.017662,18.7469368],[99.0224762,18.7453251],[99.0259323,18.7443047],[99.0289917,18.7436867],[99.0303268,18.7437668],[99.0318909,18.7443867],[99.0342865,18.7460251],[99.0361176,18.7475758],[99.0384827,18.7497253],[99.0469971,18.7577248],[99.0498962,18.7601452],[99.0511932,18.7608643],[99.0522919,18.7607555],[99.0532303,18.7587872],[99.0543823,18.7579651]],[[99.0543823,18.7579651],[99.0547485,18.7590256],[99.054895,18.7603506]],[[99.054895,18.7603506],[99.0536447,18.7704168],[99.0547189,18.7790757],[99.0449472,18.7924652]],[[99.0145947,18.8421976],[98.9999989,18.8329168],[98.9971343,18.8227565],[98.9898426,18.8300644],[98.9999989,18.8329168],[98.9962879,18.8458766],[98.9791629,18.8530992]],[[98.9758229,18.8568939],[98.976059,18.8562508],[98.9770533,18.8553581]],[[98.9770533,18.8553581],[98.9758229,18.8568939]],[[100.4304676,16.8264105],[100.423176,16.8191025],[100.4333322,16.8162502],[100.4304676,16.8264105]],[[103.0910145,14.6191025],[103.071353,14.6088161],[103.0833322,14.5995835],[103.0910145,14.6191025]],[[104.8702763,15.2207678],[104.888508,15.2457179],[104.8620431,15.2532904],[104.8546213,15.27921],[104.8453765,15.2866237],[104.8374989,15.2964544],[104.8198231,15.27438],[104.8225249,15.2526922],[104.8497158,15.2186935]],[[104.8497158,15.2186935],[104.8509979,15.2200909],[104.852005,15.2207594],[104.854332,15.2215242],[104.8557358,15.2216625],[104.8572617,15.221446],[104.8612289,15.2200747],[104.8628311,15.2196627],[104.864502,15.2195272],[104.8663177,15.219676],[104.8687668,15.2202368],[104.8702763,15.2207678]],[[99.8416655,17.2995835],[99.8416655,17.3245835],[99.8249989,17.3245835],[99.8249989,17.2995835],[99.8416655,17.2995835]],[[99.045995,18.7181789],[99.03037,18.7103379],[99.0499989,18.6995835],[99.045995,18.7181789]],[[99.0553708,18.7565193],[99.0543823,18.7579651]],[[98.983258,18.7347948],[99.0243478,18.7441269],[99.0373361,18.7279201],[99.0574533,18.7397527],[99.0553708,18.7565193]],[[100.6256504,14.1403183],[100.6208322,14.1472845],[100.6188179,14.1443722]],[[100.6564416,14.1562892],[100.6554676,14.1597438],[100.648176,14.1524359],[100.6483893,14.152376]],[[104.9049793,15.126854],[104.8974924,15.1125514],[104.9083322,15.1079168],[104.9049793,15.126854]],[[104.8221343,15.1930771],[104.8148426,15.1857692],[104.8249989,15.1829168],[104.8221343,15.1930771]],[[104.8497158,15.2186935],[104.8556304,15.2112982],[104.8516265,15.1791367],[104.8833322,15.1662502],[104.8684559,15.2182765],[104.8702763,15.2207678]],[[100.9724731,14.5621243],[100.9736968,14.5701076],[100.9684706,14.5640396]],[[101.011034,14.5936387],[100.988801,14.5865382],[101.0166655,14.5829168],[101.011034,14.5936387]],[[101.12613,14.6445004],[101.1224924,14.6375514],[101.1257603,14.6361542]],[[101.038801,14.6514105],[101.0315093,14.6441025],[101.0416655,14.6412502],[101.038801,14.6514105]],[[100.4737167,13.7112522],[100.4745255,13.7141199],[100.4754562,13.7167015],[100.47789,13.719121]],[[100.8499989,14.6745835],[100.8398426,14.6717311],[100.8471343,14.6644232],[100.8499989,14.6745835]],[[100.8054676,14.6764105],[100.798176,14.6691025],[100.8083322,14.6662502],[100.8054676,14.6764105]],[[100.8499989,14.6745835],[100.8601551,14.6774359],[100.8528635,14.6847438],[100.8499989,14.6745835]],[[100.8083322,14.7162502],[100.8083322,14.7329168],[100.7833322,14.7329168],[100.7833322,14.7162502],[100.8083322,14.7162502]],[[99.9578552,12.5716677],[99.9556498,12.5826029],[99.9382476,12.5775295],[99.9602699,12.5623308],[99.9578552,12.5716677]],[[99.9535922,12.6017237],[99.939159,12.5946274],[99.9540143,12.5920107],[99.9535922,12.6017237]],[[100.1166655,13.4995835],[100.1166655,13.5009608]],[[100.1166655,13.5009608],[100.1156002,13.4999992]],[[100.1156002,13.4999992],[100.1166655,13.4995835]],[[100.3304676,13.5180771],[100.323176,13.5107692],[100.3333322,13.5079168],[100.3304676,13.5180771]],[[100.213801,13.5764105],[100.2065093,13.5691025],[100.2166655,13.5662502],[100.213801,13.5764105]],[[100.2249989,13.5912502],[100.2249989,13.596162]],[[100.2249989,13.596162],[100.2239075,13.5955791],[100.2219162,13.5947599],[100.2194705,13.5939963]],[[100.2194705,13.5939963],[100.2249989,13.5912502]],[[100.2333322,13.597355],[100.2333322,13.5912502],[100.2249989,13.5912502]],[[100.2249989,13.5912502],[100.2287098,13.5866237],[100.2453765,13.5732773],[100.2129546,13.5532904],[100.1953765,13.5458766],[100.1874989,13.5360459],[100.1796213,13.5458766],[100.1518201,13.5561528]],[[100.1518201,13.5561528],[100.1520081,13.5547028],[100.1533051,13.5495529],[100.1544113,13.5464125],[100.1544113,13.5454025],[100.1541061,13.5441027],[100.1541061,13.5424738],[100.1547089,13.5399237],[100.1554108,13.5375233],[100.1555099,13.5356531],[100.155304,13.5350227],[100.1546097,13.534174],[100.154007,13.5330925],[100.1528091,13.5318336],[100.1516113,13.5312138],[100.149704,13.530694],[100.1483078,13.5301132],[100.1466064,13.5292034],[100.1446075,13.5279341],[100.1426086,13.5263939],[100.1408081,13.5248442],[100.1395936,13.5235992]],[[100.1395936,13.5235992],[100.1416655,13.5162502],[100.1343322,13.5183097]],[[100.1343322,13.5183097],[100.1330109,13.5170135],[100.1312103,13.5150337],[100.1277084,13.5113344],[100.1263046,13.5102854],[100.1240082,13.5095243],[100.1233063,13.5091648],[100.1229095,13.5085449],[100.1224962,13.5056415]],[[100.1224962,13.5056415],[100.1273426,13.5037502],[100.1166655,13.4995835]],[[100.1166655,13.4995835],[100.1215158,13.4917344],[100.1586903,13.5033188],[100.1666655,13.5162502],[100.1471994,13.5201808],[100.1559559,13.5357163],[100.1733713,13.5297186],[100.1666655,13.5162502],[100.1857736,13.5089015],[100.1953765,13.5208766],[100.2236317,13.5327907],[100.2719999,13.5142007],[100.2692108,13.5242701],[100.2750742,13.5130191],[100.2789377,13.5115342],[100.30537,13.514826],[100.3017241,13.5442856],[100.3150705,13.5549831],[100.3363596,13.5523382],[100.3537098,13.5625433],[100.3796213,13.569957],[100.388421,13.580931]],[[100.3416655,13.6162502],[100.3308257,13.6208848],[100.3383127,13.6351873],[100.3416655,13.6162502]],[[99.5249989,14.0329168],[99.5332671,14.0068182],[99.5601758,13.9918208]],[[99.5601758,13.9918208],[99.5628625,13.9952767]],[[99.5628625,13.9952767],[99.5455392,14.0204534],[99.5546213,14.0288682],[99.5249989,14.0329168]],[[99.5249989,14.0329168],[99.5249989,14.0412502],[99.5166655,14.0412502]],[[99.5166655,14.0412502],[99.5166655,14.0329168],[99.5249989,14.0329168]],[[99.5166655,14.0412502],[99.5166655,14.0495835],[99.5083322,14.0495835]],[[99.5083322,14.0495835],[99.5083322,14.0412502],[99.5166655,14.0412502]],[[99.5083322,14.0495835],[99.5083322,14.0579168],[99.4999989,14.0579168]],[[99.4999989,14.0579168],[99.4999989,14.0495835],[99.5083322,14.0495835]],[[99.4999989,14.0579168],[99.4971343,14.0680771],[99.4898426,14.0607692],[99.4999989,14.0579168]],[[101.2142748,13.7325834],[101.2140288,13.7342637],[101.2012822,13.7219456]],[[100.013801,14.9930771],[100.0065093,14.9857692],[100.0166655,14.9829168],[100.013801,14.9930771]],[[100.4298452,14.3192336],[100.4322254,14.3207017],[100.4279816,14.3221481]],[[100.4279816,14.3221481],[100.429512,14.3199978],[100.4298452,14.3192336]],[[103.4666655,17.4745835],[103.4695301,17.4644232],[103.4768218,17.4717311],[103.4666655,17.4745835]],[[103.4666655,17.4745835],[103.4574207,17.4865464],[103.4471343,17.4669093],[103.4666655,17.4745835]],[[99.8766829,20.4355903],[99.8812814,20.4150742],[99.8916655,20.4079168],[99.8950835,20.4295151],[99.9049142,20.4363185],[99.9108828,20.4449302],[99.9073868,20.4447365],[99.8973236,20.4417458],[99.8839264,20.4421463],[99.8766829,20.4355903]],[[100.4279816,14.3221481],[100.4036447,14.3304429],[100.3968088,14.3201442],[100.4166655,14.3079168],[100.4198556,14.3130723],[100.4298452,14.3192336]],[[100.1554676,15.6680771],[100.148176,15.6607692],[100.1583322,15.6579168],[100.1554676,15.6680771]],[[100.0554676,15.7264105],[100.048176,15.7191025],[100.0583322,15.7162502],[100.0554676,15.7264105]],[[100.118521,15.7359442],[100.0917958,15.725499],[100.1057932,15.6955389],[100.0979807,15.674848],[100.1172189,15.6821071],[100.1333322,15.6745835],[100.1363596,15.6965561],[100.1530262,15.7060614],[100.1390614,15.7225775],[100.1284168,15.7185695],[100.118521,15.7359442]],[[99.2307824,9.1139848],[99.2279309,9.1146074]],[[99.2279309,9.1146074],[99.2224924,9.1042181],[99.2333322,9.0995835],[99.2307824,9.1139848]],[[99.1721343,9.1180772],[99.1648426,9.1107692],[99.1749989,9.1079168],[99.1721343,9.1180772]],[[102.138801,16.3680771],[102.1315093,16.3607692],[102.1416655,16.3579168],[102.138801,16.3680771]],[[100.6471343,15.6014105],[100.6398426,15.5941025],[100.6499989,15.5912502],[100.6471343,15.6014105]],[[104.742362,16.5513527],[104.7392567,16.5454901],[104.7447326,16.5438769],[104.742362,16.5513527]],[[104.7273752,16.5561509],[104.7075509,16.5517034],[104.6965809,16.5370957],[104.7333322,16.5329168],[104.7273752,16.5561509]],[[104.7408589,16.5795885],[104.7389312,16.5792588],[104.7402286,16.576814],[104.7408589,16.5795885]],[[99.2307824,9.1139848],[99.2299794,9.1185207],[99.2279309,9.1146074]],[[99.3746355,9.1459896],[99.3784169,9.151968],[99.3352202,9.1681219],[99.3064442,9.1264593],[99.2826486,9.1100287],[99.3234689,9.0961818],[99.3191721,9.1152533],[99.3474924,9.1089056],[99.3583322,9.1245835],[99.3525379,9.1275132],[99.340396,9.152383],[99.3555327,9.146784],[99.3583322,9.1245835],[99.3632476,9.1279852],[99.3730934,9.1435516]],[[99.3795759,9.1755168],[99.373176,9.1691026],[99.3833322,9.1662502],[99.3817125,9.171995]],[[102.213801,13.1347438],[102.2065093,13.1274359],[102.2166655,13.1245835],[102.213801,13.1347438]],[[100.7934511,13.7924035],[100.7883993,13.7932934]],[[100.7749989,13.7762182],[100.7749989,13.7662502],[100.7583322,13.7662502],[100.7583322,13.7732127]],[[100.8385752,13.7006668],[100.836327,13.7158392],[100.7987619,13.7448268],[100.8216535,13.7756975]],[[100.8216535,13.7756975],[100.8202667,13.7765532],[100.8143463,13.7775412],[100.8134918,13.7775602],[100.8116608,13.7778654],[100.7992477,13.7788353],[100.7992554,13.7793274],[100.8004379,13.7877121]],[[100.9727949,13.7752025],[100.9749989,13.7745835],[100.9721343,13.7847438],[100.9668266,13.7794243]],[[100.9577655,13.7860028],[100.9601551,13.7883978],[100.9509493,13.7909832]],[[100.949847,13.7917889],[100.9471343,13.8014105],[100.9427309,13.7969972]],[[99.713801,13.9514105],[99.7065093,13.9441025],[99.7166655,13.9412502],[99.713801,13.9514105]],[[99.6388661,13.9801173],[99.6237294,13.9857163],[99.6358713,13.9608465],[99.6416655,13.9579168],[99.6388661,13.9801173]],[[99.5601758,13.9918208],[99.5683908,13.9872422],[99.5628625,13.9952767]],[[99.6304676,14.0597438],[99.623176,14.0524359],[99.6333322,14.0495835],[99.6304676,14.0597438]],[[101.0721343,15.4430771],[101.0648426,15.4357692],[101.0749989,15.4329168],[101.0721343,15.4430771]],[[103.2648217,16.2095649],[103.2629248,16.2101632]],[[103.2629248,16.2101632],[103.264122,16.209549],[103.2648217,16.2095649]],[[103.2583322,16.2412502],[103.2628569,16.2306707],[103.2775054,16.2378729],[103.2583322,16.2412502]],[[103.2583322,16.2412502],[103.2554676,16.2514105],[103.248176,16.2441025],[103.2583322,16.2412502]],[[104.3385405,15.1251369],[104.3139312,15.1209255],[104.3233387,15.1031602],[104.3416655,15.0995835],[104.3385405,15.1251369]],[[99.4583322,18.2579168],[99.448176,18.2550644],[99.4554676,18.2477565],[99.4583322,18.2579168]],[[99.4954741,18.2601629],[99.4808257,18.2529608],[99.4999989,18.2495835],[99.4954741,18.2601629]],[[99.4583322,18.2579168],[99.4784169,18.2711818],[99.5132476,18.2779852],[99.5200835,18.3070949],[99.4666981,18.2905543],[99.4583322,18.2579168]],[[99.1605835,9.9439621],[99.1567632,9.9571533],[99.1462879,9.9470729],[99.1599845,9.9431592],[99.1605835,9.9439621]],[[99.0788075,9.9601629],[99.064159,9.9529608],[99.0833322,9.9495835],[99.0788075,9.9601629]],[[98.9791629,18.8530992],[98.9787098,18.8532903],[98.9770533,18.8553581]],[[98.9758229,18.8568939],[98.9624338,18.8736069],[98.957254,18.8380224]],[[98.9695923,18.8321961],[98.9721343,18.8347438],[98.9728984,18.8320337]],[[98.946646,18.926854],[98.939159,18.9125514],[98.9499989,18.9079168],[98.946646,18.926854]],[[104.5549793,15.401854],[104.5474924,15.3875514],[104.5583322,15.3829168],[104.5549793,15.401854]],[[98.7657204,10.4026858],[98.7833322,10.3995835],[98.7788075,10.4101629],[98.7662704,10.4039989],[98.7657204,10.4026858]],[[103.7471343,16.7014105],[103.7398426,16.6941025],[103.7499989,16.6912502],[103.7471343,16.7014105]],[[102.4567046,17.2130519],[102.4392892,17.2190496],[102.4305327,17.2035141],[102.4499989,17.1995835],[102.4567046,17.2130519]],[[103.1054676,17.3680771],[103.098176,17.3607692],[103.1083322,17.3579168],[103.1054676,17.3680771]],[[104.1454741,15.1184963],[104.1308257,15.1112941],[104.1499989,15.1079168],[104.1454741,15.1184963]],[[104.1563791,17.1624253],[104.1439767,17.177383],[104.1305327,17.1535141],[104.1499989,17.1495835],[104.1563791,17.1624253]],[[104.096646,17.201854],[104.089159,17.1875514],[104.0999989,17.1829168],[104.096646,17.201854]],[[100.4721343,13.5847438],[100.4648426,13.5774359],[100.4749989,13.5745835],[100.4721343,13.5847438]],[[100.488892,13.6024102],[100.4867827,13.5854396],[100.5136382,13.5887803],[100.5287749,13.5698512],[100.5374989,13.5709336],[100.5582997,13.5683457],[100.5765614,13.5455715],[100.5987556,13.5392215]],[[102.5298491,12.2625107],[102.519172,12.2698797],[102.5046864,12.2385687],[102.5249989,12.2329168],[102.5298491,12.2625107]],[[103.9799793,16.3101873],[103.9724924,16.2958848],[103.9833322,16.2912502],[103.9799793,16.3101873]],[[100.838801,14.3264105],[100.8315093,14.3191025],[100.8416655,14.3162502],[100.838801,14.3264105]],[[100.8710926,14.3605535],[100.8552398,14.3374375],[100.8749989,14.3329168],[100.8710926,14.3605535]],[[100.911034,14.3936387],[100.888801,14.3865382],[100.9166655,14.3829168],[100.911034,14.3936387]],[[100.8388661,14.3884507],[100.8237293,14.3940496],[100.8359038,14.3690944],[100.8499989,14.3662502],[100.8388661,14.3884507]],[[100.9101877,14.4105332],[100.8802398,14.4033229],[100.9166655,14.3995835],[100.9101877,14.4105332]],[[100.8964181,14.4520412],[100.888801,14.4304876],[100.8999989,14.4245835],[100.8964181,14.4520412]],[[101.0721343,14.2680771],[101.0648426,14.2607692],[101.0749989,14.2579168],[101.0721343,14.2680771]],[[99.7954741,15.7601629],[99.7808257,15.7529608],[99.7999989,15.7495835],[99.7954741,15.7601629]],[[103.7554676,17.6430771],[103.7481759,17.6357692],[103.7583322,17.6329168],[103.7554676,17.6430771]],[[99.1221343,18.7514105],[99.1148426,18.7441025],[99.1249989,18.7412501],[99.1221343,18.7514105]],[[99.0553708,18.7565193],[99.054895,18.7603506]],[[99.0784494,18.7539943],[99.0951486,18.7673854],[99.0726877,18.7782903],[99.0629546,18.7470729],[99.0833322,18.7412501],[99.0784494,18.7539943]],[[104.7276356,16.9528672],[104.7129546,16.9387396],[104.7333322,16.9329168],[104.7276356,16.9528672]],[[105.2376616,15.2515122],[105.2220366,15.2436712],[105.2416655,15.2329168],[105.2376616,15.2515122]],[[104.6304676,15.8680771],[104.6231759,15.8607692],[104.6333322,15.8579168],[104.6304676,15.8680771]],[[100.1721343,14.0264105],[100.1648426,14.0191025],[100.1749989,14.0162502],[100.1721343,14.0264105]],[[103.0812489,16.718598],[103.0720366,16.703803],[103.0916655,16.6995835],[103.0812489,16.718598]],[[98.5249989,16.6912502],[98.5039377,16.701328],[98.501442,16.6954021],[98.5043866,16.6861791],[98.5097122,16.6916065],[98.5149612,16.6924477],[98.5184937,16.689642],[98.5204565,16.6838853],[98.5249989,16.6912502]],[[98.5249989,16.6912502],[98.5351551,16.6941025],[98.5278635,16.7014105],[98.5249989,16.6912502]],[[98.5865223,16.7130723],[98.5988921,16.7207016],[98.5681304,16.7311834],[98.5551421,16.7120184],[98.5833322,16.7079168],[98.5865223,16.7130723]],[[98.5358097,16.8205563],[98.5403675,16.8192852],[98.5382159,16.8243159]],[[101.7721343,17.3180771],[101.7648426,17.3107692],[101.7749989,17.3079168],[101.7721343,17.3180771]],[[102.3304676,15.4514105],[102.323176,15.4441025],[102.3333322,15.4412502],[102.3304676,15.4514105]],[[100.4292422,13.9808211],[100.4260523,13.9730217]],[[100.4745375,13.9620664],[100.4457997,13.9609279],[100.4441458,13.9730586]],[[100.4916655,13.9329168],[100.4630197,13.9377793],[100.4763335,13.9527655],[100.4916655,13.9329168],[100.5018218,13.9300645],[100.4945301,13.9227565],[100.4916655,13.9329168]],[[100.464159,13.9112941],[100.4788075,13.9184963],[100.4833322,13.9079168],[100.464159,13.9112941]],[[100.3898514,13.9861594],[100.3864783,13.9888871]],[[102.4229155,15.6019313],[102.4137033,15.5871364],[102.4333322,15.5829168],[102.4229155,15.6019313]],[[100.5896799,14.3772568],[100.53509,14.3603379],[100.5384103,14.3455348],[100.5965809,14.3378485],[100.6117502,14.3279852],[100.6249989,14.3245835],[100.5896799,14.3772568]],[[100.6054676,14.3847438],[100.598176,14.3774359],[100.6083322,14.3745835],[100.6054676,14.3847438]],[[102.5333757,17.9666451],[102.5224924,17.9612941],[102.5416655,17.9579168],[102.5380117,17.9664599],[102.5341263,17.966423],[102.5333757,17.9666451]],[[102.6087443,17.954642],[102.6069565,17.9573116],[102.6015091,17.9617157],[102.5873871,17.9667244],[102.5813904,17.9669704],[102.5709915,17.9688969],[102.5619241,17.969167],[102.5880523,17.9633734],[102.5869455,17.9524196],[102.6087443,17.954642]],[[100.113801,18.0347438],[100.1065093,18.0274359],[100.1166655,18.0245835],[100.113801,18.0347438]],[[100.1245432,18.078091],[100.1043934,18.052208],[100.1166655,18.0412501],[100.1245432,18.078091]],[[100.1368651,18.1157553],[100.1308257,18.1042181],[100.1416655,18.0995835],[100.1390334,18.1144502]],[[103.6719064,16.0626247],[103.6527332,16.0758693],[103.6299142,16.045429],[103.6666655,16.0412502],[103.6719064,16.0626247]],[[103.3804676,15.8514105],[103.3731759,15.8441025],[103.3833322,15.8412502],[103.3804676,15.8514105]],[[102.6146473,15.8122747],[102.6046864,15.827383],[102.5971994,15.805215],[102.6083322,15.7995835],[102.6146473,15.8122747]],[[99.3304676,8.5764105],[99.323176,8.5691026],[99.3333322,8.5662502],[99.3304676,8.5764105]],[[99.3721343,8.6430772],[99.3648426,8.6357692],[99.3749989,8.6329168],[99.3721343,8.6430772]],[[99.3549794,8.6435207],[99.3474924,8.6292181],[99.3583322,8.6245835],[99.3549794,8.6435207]],[[99.8471343,15.3930771],[99.8398426,15.3857692],[99.8499989,15.3829168],[99.8471343,15.3930771]],[[103.0735008,18.0190113],[103.0833322,18.0162501],[103.0804676,18.0264105],[103.0742407,18.0201696],[103.0735008,18.0190113]],[[100.0871408,13.9684963],[100.0724924,13.9612941],[100.0916655,13.9579168],[100.0871408,13.9684963]],[[103.5804676,16.3430771],[103.5731759,16.3357692],[103.5833322,16.3329168],[103.5804676,16.3430771]],[[99.1336903,16.8890285],[99.1183583,16.8855942],[99.123534,16.8625718],[99.1416655,16.8579168],[99.1336903,16.8890285]],[[100.6221343,16.1597438],[100.6148426,16.1524359],[100.6249989,16.1495835],[100.6221343,16.1597438]],[[101.0471343,12.6764105],[101.0398426,12.6691025],[101.0499989,12.6662502],[101.0471343,12.6764105]],[[100.9924046,12.6735172],[100.9950835,12.6696519],[100.9999989,12.6662502],[101.0139637,12.6873683],[100.9997059,12.6972153],[100.9869455,12.6943589],[100.9862632,12.6953464]],[[101.0971343,12.7097438],[101.0898426,12.7024359],[101.0999989,12.6995835],[101.0971343,12.7097438]],[[101.0854155,12.7441961],[101.0380197,12.7235825],[101.0583322,12.7079168],[101.0854155,12.7441961]],[[101.2304676,13.2347438],[101.223176,13.2274359],[101.2333322,13.2245835],[101.2304676,13.2347438]],[[101.1554676,13.2597438],[101.148176,13.2524359],[101.1583322,13.2495835],[101.1554676,13.2597438]],[[101.1971343,13.2847438],[101.1898426,13.2774359],[101.1999989,13.2745835],[101.1971343,13.2847438]],[[101.1804676,13.2930772],[101.173176,13.2857692],[101.1833322,13.2829168],[101.1804676,13.2930772]],[[101.1471343,13.3097438],[101.1398426,13.3024359],[101.1499989,13.2995835],[101.1471343,13.3097438]],[[101.1083322,13.3162502],[101.1140288,13.2962998],[101.1287098,13.3104274],[101.1083322,13.3162502]],[[101.1083322,13.3162502],[101.1054676,13.3264105],[101.098176,13.3191025],[101.1083322,13.3162502]],[[101.1221343,13.3430772],[101.1148426,13.3357692],[101.1249989,13.3329168],[101.1221343,13.3430772]],[[100.7316473,14.5694281],[100.7306955,14.5759303],[100.7247014,14.5701378]],[[100.7692118,14.564254],[100.7779611,14.5860296],[100.7464507,14.57296],[100.7562276,14.5656844]],[[100.7312489,14.6269313],[100.7220366,14.6121364],[100.7416655,14.6079168],[100.7312489,14.6269313]],[[100.0804676,13.7430771],[100.073176,13.7357692],[100.0833322,13.7329168],[100.0804676,13.7430771]],[[100.0166655,13.8495835],[100.0283843,13.8184149],[99.9943999,13.8036769],[100.0212228,13.7958034],[100.0523752,13.7840928],[100.0621734,13.7958766],[100.0749989,13.7945664],[100.0874989,13.79584],[100.0961577,13.794957],[100.1037749,13.8041367],[100.1248068,13.8087987]],[[100.1270306,13.8156542],[100.1121083,13.8200303],[100.1044911,13.82921],[100.0955392,13.8282944],[100.0711252,13.8458726],[100.0452137,13.8432277],[100.0166655,13.8495835]],[[100.0166655,13.8495835],[100.013801,13.8597438],[100.0065093,13.8524359],[100.0166655,13.8495835]],[[104.0554676,16.5430771],[104.0481759,16.5357692],[104.0583322,16.5329168],[104.0554676,16.5430771]],[[101.063507,13.4147098],[101.0642892,13.4199896],[101.0634232,13.4206574]],[[101.0687972,13.4409822],[101.0703114,13.4421494],[101.0621408,13.4651068],[101.020995,13.4531073],[101.0179633,13.4535557]],[[101.0971343,13.4764105],[101.0898426,13.4691025],[101.0999989,13.4662502],[101.0971343,13.4764105]],[[100.413801,14.6597438],[100.4065093,14.6524359],[100.4166655,14.6495835],[100.413801,14.6597438]],[[100.1471343,14.6264105],[100.1398426,14.6191025],[100.1499989,14.6162502],[100.1471343,14.6264105]],[[101.3971343,14.6680771],[101.3898426,14.6607692],[101.3999989,14.6579168],[101.3971343,14.6680771]],[[101.4333322,14.7162502],[101.4049468,14.7089626],[101.419465,14.6961818],[101.4333322,14.7162502]],[[101.4333322,14.7162502],[101.4434885,14.7191025],[101.4361968,14.7264105],[101.4333322,14.7162502]],[[102.8049793,16.351854],[102.7974924,16.3375514],[102.8083322,16.3329168],[102.8049793,16.351854]],[[102.8249989,16.3912502],[102.8064116,16.3872503],[102.8142567,16.3716335],[102.8249989,16.3912502]],[[102.8249989,16.3912502],[102.8333322,16.3912502],[102.8333322,16.3995835]],[[102.8333322,16.3995835],[102.8249989,16.3995835],[102.8249989,16.3912502]],[[102.7221343,16.4514105],[102.7148426,16.4441025],[102.7249989,16.4412502],[102.7221343,16.4514105]],[[102.8333322,16.3995835],[102.8469064,16.4030706],[102.844758,16.4126735],[102.8728179,16.4286769],[102.8568023,16.4397243],[102.8370757,16.4682847],[102.8333322,16.4829168]],[[102.8333322,16.4829168],[102.8192697,16.4796046],[102.8246082,16.46247],[102.8131825,16.4439113],[102.7892241,16.4513698],[102.8139312,16.4208563],[102.8077463,16.400971],[102.8284819,16.4074326],[102.8333322,16.3995835]],[[102.8333322,16.4829168],[102.8450184,16.491946],[102.8253569,16.503213],[102.8333322,16.4829168]],[[99.545995,8.3931789],[99.53037,8.3853379],[99.5499989,8.3745835],[99.545995,8.3931789]],[[100.8471343,13.7847438],[100.8398426,13.7774359],[100.8499989,13.7745835],[100.8471343,13.7847438]],[[100.8216535,13.7756975],[100.83662,13.7958807],[100.8724598,13.803445],[100.8524077,13.8189235],[100.8673166,13.8436631],[100.8798491,13.8533229],[100.8777658,13.867418],[100.8333322,13.8608506],[100.8208322,13.8626979],[100.8054676,13.8604315],[100.7986448,13.8563149]],[[100.8031498,13.8446516],[100.8473947,13.8511908],[100.8416655,13.8162502],[100.8099864,13.8187299]],[[100.8029871,13.7912502],[100.8166655,13.7912502],[100.8195301,13.8014105],[100.8268218,13.7941025],[100.8166655,13.7912502],[100.8083322,13.779625],[100.8010896,13.7897285]],[[100.7962798,13.9178403],[100.7999989,13.9162502],[100.797941,13.9278731]],[[100.1297515,15.2020412],[100.1221343,15.1804876],[100.1333322,15.1745835],[100.1297515,15.2020412]],[[100.5349884,13.7685595],[100.5409698,13.7656097],[100.544487,13.7637959],[100.5452194,13.7629919],[100.5490875,13.761631],[100.5499954,13.7612181],[100.5483627,13.755887],[100.5494232,13.7558002],[100.5516281,13.7552624],[100.5526352,13.7542887],[100.5532608,13.7532225],[100.5547562,13.7510538],[100.5555649,13.7505112],[100.5591812,13.7487936],[100.5605698,13.7484369],[100.5670013,13.749032]],[[100.5670013,13.749032],[100.5683136,13.7518024],[100.5685654,13.7526855],[100.5671844,13.7536011],[100.5642014,13.7525425],[100.5631256,13.7534857],[100.5628281,13.7559261],[100.5622864,13.7579107],[100.5602417,13.7597952],[100.5543137,13.7640924],[100.5544434,13.7670183],[100.562294,13.7763033],[100.5663605,13.7840853],[100.5664902,13.7892809]],[[104.0645857,14.3410506],[104.0689468,14.3421154],[104.070239,14.3423276],[104.0661121,14.3504868],[104.0611652,14.3468086]],[[101.0471343,16.2680771],[101.0398426,16.2607692],[101.0499989,16.2579168],[101.0471343,16.2680771]],[[101.1588205,16.4360337],[101.1405588,16.412352],[101.1666655,16.4079168],[101.1588205,16.4360337]],[[101.1554676,16.5764105],[101.148176,16.5691025],[101.1583322,16.5662502],[101.1554676,16.5764105]],[[103.2629248,16.2101632],[103.2876616,16.1872422],[103.2956694,16.1785915],[103.3166655,16.1745835],[103.311327,16.1914333],[103.2648217,16.2095649]],[[103.7221343,17.3930771],[103.7148426,17.3857692],[103.7249989,17.3829168],[103.7221343,17.3930771]],[[104.7304676,15.5180771],[104.7231759,15.5107692],[104.7333322,15.5079168],[104.7304676,15.5180771]],[[100.5871408,15.8684962],[100.5724924,15.8612941],[100.5916655,15.8579168],[100.5871408,15.8684962]],[[99.138801,19.7347438],[99.1315093,19.7274358],[99.1416655,19.7245835],[99.138801,19.7347438]],[[102.246646,14.5351873],[102.239159,14.5208848],[102.2499989,14.5162502],[102.246646,14.5351873]],[[100.1166655,13.5079168],[100.1059885,13.5037502],[100.1156002,13.4999992]],[[100.1166655,13.5009608],[100.1166655,13.5079168]],[[100.0721343,13.5514105],[100.0648426,13.5441025],[100.0749989,13.5412502],[100.0721343,13.5514105]],[[100.0554676,13.5680771],[100.048176,13.5607692],[100.0583322,13.5579168],[100.0554676,13.5680771]],[[100.163801,13.6014105],[100.1565093,13.5941025],[100.1666655,13.5912502],[100.163801,13.6014105]],[[100.1666655,13.6162502],[100.1565093,13.6133978],[100.163801,13.6060898],[100.1666655,13.6162502]],[[100.1473622,13.617597],[100.1315093,13.6022772],[100.1499989,13.5995835],[100.1473622,13.617597]],[[100.2249989,13.596162],[100.2249989,13.5995835],[100.2281898,13.5995835]],[[100.2206501,13.6182608],[100.1971994,13.6064032],[100.2032866,13.5929551],[100.2124989,13.5974595],[100.2194705,13.5939963]],[[100.1666655,13.6162502],[100.1768218,13.6191025],[100.1695301,13.6264105],[100.1666655,13.6162502]],[[100.1166655,13.5079168],[100.1224962,13.5056415]],[[100.1343322,13.5183097],[100.1315093,13.5191025],[100.138801,13.5264105],[100.1395936,13.5235992]],[[100.1518201,13.5561528],[100.13037,13.5640814],[100.1206695,13.5980291],[100.1037098,13.6116237],[100.0956695,13.6396795],[100.0879546,13.5866237],[100.0633127,13.566889],[100.102896,13.5718125],[100.123176,13.5248521],[100.1166655,13.5079168]],[[100.1416655,13.5329168],[100.1308257,13.5375514],[100.1383127,13.551854],[100.1416655,13.5329168]],[[100.2149532,13.6428129],[100.1884754,13.6365749],[100.1968088,13.6250189],[100.2335032,13.6370852]],[[100.138801,13.6514105],[100.1315093,13.6441025],[100.1416655,13.6412502],[100.138801,13.6514105]],[[100.3721343,14.4597438],[100.3648426,14.4524359],[100.3749989,14.4495835],[100.3721343,14.4597438]],[[100.4964981,13.7534666],[100.4984665,13.7567072],[100.5003281,13.7610416],[100.5027771,13.7643785],[100.5048294,13.7665062]],[[100.5234604,13.7318859],[100.5180206,13.7368336],[100.5154572,13.7384653],[100.5133286,13.7393312],[100.5119171,13.7406425],[100.5113602,13.7419701]],[[100.5113602,13.7419701],[100.5103912,13.7394915],[100.5082016,13.7313538]],[[100.5187531,13.721076],[100.5208282,13.7226677],[100.5216675,13.723834],[100.5219879,13.7246161],[100.5221176,13.7259626],[100.5227966,13.7295647],[100.5234604,13.7318859]],[[100.5557175,13.7421837],[100.5545349,13.7428331],[100.5527573,13.7428694],[100.5488586,13.7441969],[100.5470276,13.7445297],[100.5446777,13.7441359],[100.539978,13.7429848],[100.5381699,13.7429562],[100.537323,13.7432699],[100.5334549,13.7443705],[100.5306625,13.7449551],[100.52948,13.7453413],[100.526947,13.7469397],[100.5258408,13.7478838]],[[100.5258408,13.7478838],[100.5248108,13.7455702],[100.5239563,13.7439108],[100.5239868,13.7416744],[100.5238724,13.7392769],[100.5234528,13.7351418],[100.5234604,13.7318859]],[[100.5234604,13.7318859],[100.5256653,13.7313128],[100.5289688,13.7294035],[100.5329971,13.7276421],[100.5385361,13.7245665],[100.5410767,13.7235928],[100.5473251,13.722249],[100.5502167,13.7198229]],[[100.5502167,13.7198229],[100.555397,13.7179413],[100.5579758,13.7173634],[100.559433,13.7167425]],[[100.5654221,13.7414303],[100.5670013,13.749032]],[[100.5036774,13.7321997],[100.5027008,13.7328453],[100.5015488,13.7333279],[100.4986649,13.7339783],[100.4957962,13.7358437]],[[100.5113602,13.7419701],[100.5127945,13.7453279],[100.513237,13.7473564],[100.513443,13.7488985],[100.5138702,13.7499409],[100.5142975,13.7545033],[100.5142593,13.7560167],[100.51371,13.7597771],[100.5126266,13.7619705]],[[100.5502167,13.7198229],[100.5452576,13.7174864],[100.5445404,13.7172709],[100.5412216,13.7166138],[100.5389252,13.7160664],[100.533989,13.7152233],[100.531868,13.7146759],[100.5273743,13.7133884],[100.523468,13.7128782],[100.5208359,13.7142487],[100.5182571,13.7161169]],[[100.5359116,13.7008581],[100.5425797,13.7017136],[100.5455399,13.7014246],[100.5474319,13.7024069],[100.5481033,13.7034464],[100.5483932,13.7065001],[100.5488892,13.7074451],[100.5509872,13.7081594],[100.5515442,13.7087078],[100.5548859,13.7107134],[100.5559769,13.7106581],[100.5601578,13.707942]],[[98.9204741,8.0684963],[98.9058257,8.0612941],[98.9249989,8.0579169],[98.9204741,8.0684963]],[[98.913801,8.0847438],[98.9065093,8.0774359],[98.9166656,8.0745835],[98.913801,8.0847438]],[[98.913801,8.1097438],[98.9065093,8.1024359],[98.9166656,8.0995835],[98.913801,8.1097438]],[[99.6788075,8.1101629],[99.664159,8.1029608],[99.6833322,8.0995835],[99.6788075,8.1101629]],[[99.6915353,8.1691433],[99.6772775,8.1779852],[99.6549142,8.1568711],[99.6833322,8.1495835],[99.6915353,8.1691433]],[[100.0971343,8.1180772],[100.0898426,8.1107692],[100.0999989,8.1079169],[100.0971343,8.1180772]],[[99.8880848,8.1020412],[99.8804676,8.0804877],[99.8916655,8.0745835],[99.8880848,8.1020412]],[[100.2026356,8.3612005],[100.1879546,8.3470729],[100.2083322,8.3412502],[100.2026356,8.3612005]]],"bbox":[98.2726653,5.7662502,105.2416655,20.4449302]}