{"type":"Topology","objects":{"foo":{"type":"GeometryCollection","geometries":[{"type":"Polygon","arcs":[[0]],"properties":{"name":"Santuario","gaul_code":13444,"targetarea":14.6897805,"totpop":36719.7569389,"country_id":"COL","targetpop":22167.2509155,"new_mean":0.0908161,"totalarea":64.5617207}},{"type":"Polygon","arcs":[[1]],"properties":{"name":"Sopetran","gaul_code":13447,"targetarea":1.861448,"totpop":21629.0175257,"country_id":"COL","targetpop":1386.8823852,"new_mean":0.1131088,"totalarea":188.1526346}},{"type":"Polygon","arcs":[[2]],"properties":{"name":"Venadillo","gaul_code":14361,"targetarea":5.1118771,"totpop":21203.0870295,"country_id":"COL","targetpop":7333.3931885,"new_mean":0.1324391,"totalarea":266.5299739}},{"type":"MultiPolygon","arcs":[[[3]],[[4]]],"properties":{"name":"Quinchia","gaul_code":14200,"targetarea":9.4877925,"totpop":34469.9019012,"country_id":"COL","targetpop":11895.9084473,"new_mean":0.1114678,"totalarea":149.1845492}},{"type":"Polygon","arcs":[[5]],"properties":{"name":"San Jose Del Guaviare","gaul_code":13972,"targetarea":13.7591197,"totpop":141236.004774,"country_id":"COL","targetpop":25430.0971069,"new_mean":0.0255866,"totalarea":24205.3527086}},{"type":"Polygon","arcs":[[6]],"properties":{"name":"Saravena","gaul_code":13472,"targetarea":18.5476715,"totpop":77313.4757214,"country_id":"COL","targetpop":32768.1013794,"new_mean":0.1047419,"totalarea":898.6631341}},{"type":"Polygon","arcs":[[7,8]],"properties":{"name":"La Virginia","gaul_code":14195,"targetarea":13.014871,"totpop":38058.641201,"country_id":"COL","targetpop":33142.9080811,"new_mean":0.117297,"totalarea":30.595745}},{"type":"Polygon","arcs":[[9]],"properties":{"name":"Jardin","gaul_code":13400,"targetarea":3.1963699,"totpop":23586.9776525,"country_id":"COL","targetpop":4093.8977051,"new_mean":0.1041252,"totalarea":237.6236025}},{"type":"Polygon","arcs":[[10]],"properties":{"name":"Toca","gaul_code":13645,"targetarea":2.2860891,"totpop":13718.0928297,"country_id":"COL","targetpop":2718.5584717,"new_mean":0.0835282,"totalarea":156.3965715}},{"type":"Polygon","arcs":[[11]],"properties":{"name":"Falan","gaul_code":14333,"targetarea":2.527135,"totpop":18443.6384087,"country_id":"COL","targetpop":2770.0757446,"new_mean":0.1118607,"totalarea":257.1377504}},{"type":"Polygon","arcs":[[12]],"properties":{"name":"Sandona","gaul_code":14115,"targetarea":8.7097902,"totpop":28557.4249992,"country_id":"COL","targetpop":12080.9910889,"new_mean":0.0887135,"totalarea":118.1345858}},{"type":"Polygon","arcs":[[13,14,15]],"properties":{"name":"Enciso","gaul_code":14236,"targetarea":4.7660195,"totpop":17834.9811058,"country_id":"COL","targetpop":7174.4175415,"new_mean":0.103703,"totalarea":103.1436066}},{"type":"Polygon","arcs":[[16,17,18]],"properties":{"name":"Trujillo","gaul_code":14400,"targetarea":1.1679707,"totpop":11913.4752045,"country_id":"COL","targetpop":1567.6408081,"new_mean":0.1056302,"totalarea":241.3078044}},{"type":"MultiPolygon","arcs":[[[19,20]],[[21,22]],[[23]],[[24]]],"properties":{"name":"Florida","gaul_code":14383,"targetarea":31.0637317,"totpop":103702.93301,"country_id":"COL","targetpop":46846.3846741,"new_mean":0.1145299,"totalarea":434.9820635}},{"type":"MultiPolygon","arcs":[[[25]],[[26,27]]],"properties":{"name":"Moniquira","gaul_code":13590,"targetarea":13.6159617,"totpop":40400.4512811,"country_id":"COL","targetpop":28083.3852539,"new_mean":0.1045568,"totalarea":212.7959389}},{"type":"MultiPolygon","arcs":[[[28,29]],[[30]],[[31]]],"properties":{"name":"Orito","gaul_code":14167,"targetarea":21.3181211,"totpop":124756.588636,"country_id":"COL","targetpop":40633.3515015,"new_mean":0.0372911,"totalarea":1796.0438097}},{"type":"Polygon","arcs":[[32]],"properties":{"name":"Samaniego","gaul_code":14110,"targetarea":4.6486912,"totpop":37391.2510819,"country_id":"COL","targetpop":7797.8566894,"new_mean":0.0868986,"totalarea":426.9222261}},{"type":"Polygon","arcs":[[33]],"properties":{"name":"Montebello","gaul_code":13409,"targetarea":2.922722,"totpop":13475.9859467,"country_id":"COL","targetpop":2597.1911621,"new_mean":0.1003809,"totalarea":80.1035605}},{"type":"Polygon","arcs":[[34,35]],"properties":{"name":"Sibate","gaul_code":13917,"targetarea":11.9211444,"totpop":27430.4337788,"country_id":"COL","targetpop":15951.7818604,"new_mean":0.0931357,"totalarea":105.4053718}},{"type":"Polygon","arcs":[[36]],"properties":{"name":"Simijaca","gaul_code":13919,"targetarea":5.1057648,"totpop":16182.3651085,"country_id":"COL","targetpop":6109.1797485,"new_mean":0.0885047,"totalarea":106.2852022}},{"type":"MultiPolygon","arcs":[[[37]],[[38]]],"properties":{"name":"Trinidad","gaul_code":13716,"targetarea":11.0363651,"totpop":60054.1684553,"country_id":"COL","targetpop":22153.6564331,"new_mean":0.0998867,"totalarea":3037.5026911}},{"type":"Polygon","arcs":[[39]],"properties":{"name":"Manzanares","gaul_code":13669,"targetarea":5.6098273,"totpop":16542.5338197,"country_id":"COL","targetpop":6651.1630249,"new_mean":0.112845,"totalarea":171.9162727}},{"type":"Polygon","arcs":[[40,41]],"properties":{"name":"La Tebaida","gaul_code":14184,"targetarea":16.7403658,"totpop":50862.5046692,"country_id":"COL","targetpop":38284.3225098,"new_mean":0.1104888,"totalarea":84.8492628}},{"type":"MultiPolygon","arcs":[[[42,43]],[[44,45,46]]],"properties":{"name":"Marinilla","gaul_code":13407,"targetarea":38.0914271,"totpop":79874.3155518,"country_id":"COL","targetpop":57311.9051514,"new_mean":0.0893795,"totalarea":113.7498182}},{"type":"Polygon","arcs":[[47,48]],"properties":{"name":"San Bernardo","gaul_code":14111,"targetarea":2.7608541,"totpop":13918.1698017,"country_id":"COL","targetpop":3765.3724976,"new_mean":0.084956,"totalarea":50.882124}},{"type":"MultiPolygon","arcs":[[[49,50]],[[51]]],"properties":{"name":"Cartago","gaul_code":14377,"targetarea":38.8195939,"totpop":138766.01586,"country_id":"COL","targetpop":98129.6522217,"new_mean":0.1194785,"totalarea":354.9871583}},{"type":"MultiPolygon","arcs":[[[52,53]],[[54]]],"properties":{"name":"Supia","gaul_code":13681,"targetarea":19.7023804,"totpop":64290.379158,"country_id":"COL","targetpop":46669.1588745,"new_mean":0.1324949,"totalarea":111.6002405}},{"type":"MultiPolygon","arcs":[[[55]],[[56]]],"properties":{"name":"Arauca","gaul_code":13467,"targetarea":28.170315,"totpop":156001.235059,"country_id":"COL","targetpop":71566.4151001,"new_mean":0.0927328,"totalarea":5698.3868448}},{"type":"Polygon","arcs":[[57,58,59,60]],"properties":{"name":"Dos Quebradas","gaul_code":14192,"targetarea":56.1483735,"totpop":282142.89975,"country_id":"COL","targetpop":276269.374359,"new_mean":0.1076585,"totalarea":70.8813802}},{"type":"MultiPolygon","arcs":[[[61,62]],[[63,-18,64]]],"properties":{"name":"Tulua","gaul_code":14401,"targetarea":58.2824418,"totpop":204348.03663,"country_id":"COL","targetpop":157080.427551,"new_mean":0.1256329,"totalarea":608.8801829}},{"type":"MultiPolygon","arcs":[[[65]],[[66]]],"properties":{"name":"Guadalupe","gaul_code":13984,"targetarea":6.9976456,"totpop":44508.9476223,"country_id":"COL","targetpop":11145.2529907,"new_mean":0.11859,"totalarea":446.8838873}},{"type":"MultiPolygon","arcs":[[[67,68]],[[69]]],"properties":{"name":"Apartado","gaul_code":13352,"targetarea":54.9109883,"totpop":189064.545113,"country_id":"COL","targetpop":107744.443817,"new_mean":0.0957545,"totalarea":573.7306994}},{"type":"MultiPolygon","arcs":[[[70,71]],[[72]]],"properties":{"name":"Nilo","gaul_code":13895,"targetarea":20.3596644,"totpop":47826.0157976,"country_id":"COL","targetpop":20433.1520386,"new_mean":0.1396414,"totalarea":205.92134}},{"type":"Polygon","arcs":[[73,74]],"properties":{"name":"Simiti","gaul_code":13528,"targetarea":3.8343751,"totpop":50021.2694508,"country_id":"COL","targetpop":5768.0744629,"new_mean":0.1167039,"totalarea":1782.5899665}},{"type":"Polygon","arcs":[[75]],"properties":{"name":"El Doncello","gaul_code":13689,"targetarea":3.1781734,"totpop":47889.498754,"country_id":"COL","targetpop":4177.4160156,"new_mean":0.0908415,"totalarea":1735.2096435}},{"type":"Polygon","arcs":[[76]],"properties":{"name":"Tumaco (is.)","gaul_code":14122,"targetarea":3.8943383,"totpop":2365.5893936,"country_id":"COL","targetpop":0,"new_mean":0,"totalarea":9.1231613}},{"type":"MultiPolygon","arcs":[[[77,78]],[[79,80,81]],[[82]]],"properties":{"name":"Filandia","gaul_code":14182,"targetarea":7.7894831,"totpop":37531.8124313,"country_id":"COL","targetpop":12701.6762695,"new_mean":0.1029154,"totalarea":143.2759983}},{"type":"MultiPolygon","arcs":[[[83]],[[84]]],"properties":{"name":"Hobo","gaul_code":13985,"targetarea":1.0461199,"totpop":8965.3229694,"country_id":"COL","targetpop":1359.2697144,"new_mean":0.1334712,"totalarea":173.6954061}},{"type":"Polygon","arcs":[[85,86]],"properties":{"name":"Angostura","gaul_code":13348,"targetarea":1.9551489,"totpop":22124.1614914,"country_id":"COL","targetpop":2318.6090088,"new_mean":0.1003527,"totalarea":364.5846795}},{"type":"MultiPolygon","arcs":[[[87,88]],[[89,90]]],"properties":{"name":"Espinal","gaul_code":14332,"targetarea":24.9360747,"totpop":79533.5483208,"country_id":"COL","targetpop":45124.0692749,"new_mean":0.1522282,"totalarea":225.5503811}},{"type":"Polygon","arcs":[[91]],"properties":{"name":"Agrado","gaul_code":13974,"targetarea":6.2911684,"totpop":17403.9209275,"country_id":"COL","targetpop":6454.4643555,"new_mean":0.1280442,"totalarea":250.1538052}},{"type":"Polygon","arcs":[[92,93,94]],"properties":{"name":"Ospina","gaul_code":14101,"targetarea":10.0993023,"totpop":32913.513237,"country_id":"COL","targetpop":18269.0030518,"new_mean":0.0838646,"totalarea":78.5738209}},{"type":"Polygon","arcs":[[95]],"properties":{"name":"La Vega","gaul_code":13886,"targetarea":4.0571322,"totpop":17451.058136,"country_id":"COL","targetpop":5008.576416,"new_mean":0.108521,"totalarea":161.5963907}},{"type":"Polygon","arcs":[[96]],"properties":{"name":"Canasgordas","gaul_code":13368,"targetarea":1.9671368,"totpop":26450.9262362,"country_id":"COL","targetpop":2066.7127685,"new_mean":0.1050543,"totalarea":465.2345476}},{"type":"Polygon","arcs":[[97,98]],"properties":{"name":"Montenegro","gaul_code":14185,"targetarea":3.5708146,"totpop":29263.3953266,"country_id":"COL","targetpop":3886.512207,"new_mean":0.1074594,"totalarea":119.0679589}},{"type":"Polygon","arcs":[[99]],"properties":{"name":"Sutatenza","gaul_code":13638,"targetarea":2.8349261,"totpop":8078.8690491,"country_id":"COL","targetpop":3019.1061401,"new_mean":0.0941682,"totalarea":33.1393331}},{"type":"Polygon","arcs":[[100]],"properties":{"name":"Belen De Umbria","gaul_code":14191,"targetarea":4.1766371,"totpop":22027.8323841,"country_id":"COL","targetpop":9189.0904541,"new_mean":0.1100416,"totalarea":175.2919795}},{"type":"MultiPolygon","arcs":[[[101,102]],[[103,104,105,106]]],"properties":{"name":"Candelaria","gaul_code":14376,"targetarea":87.7317804,"totpop":375457.800266,"country_id":"COL","targetpop":332666.190674,"new_mean":0.1344484,"totalarea":260.725197}},{"type":"MultiPolygon","arcs":[[[107]],[[108]]],"properties":{"name":"Isnos","gaul_code":13987,"targetarea":6.0841869,"totpop":40056.7627563,"country_id":"COL","targetpop":9272.8962097,"new_mean":0.1093876,"totalarea":461.8158347}},{"type":"Polygon","arcs":[[109]],"properties":{"name":"Armero (guayabal)","gaul_code":14322,"targetarea":2.0178011,"totpop":17389.4344139,"country_id":"COL","targetpop":2499.5540161,"new_mean":0.1294802,"totalarea":456.7060918}},{"type":"MultiPolygon","arcs":[[[110]],[[111,112,113]]],"properties":{"name":"Bolivar","gaul_code":13722,"targetarea":6.105243,"totpop":58133.784368,"country_id":"COL","targetpop":7467.8112183,"new_mean":0.0982499,"totalarea":937.9305106}},{"type":"Polygon","arcs":[[114]],"properties":{"name":"Susa","gaul_code":13925,"targetarea":4.9982525,"totpop":18901.8492393,"country_id":"COL","targetpop":9371.2822876,"new_mean":0.088504,"totalarea":115.0703857}},{"type":"Polygon","arcs":[[115,116]],"properties":{"name":"Villa De Leyva","gaul_code":13656,"targetarea":8.3333514,"totpop":22430.0547304,"country_id":"COL","targetpop":11055.7106018,"new_mean":0.0897051,"totalarea":112.8994026}},{"type":"Polygon","arcs":[[117]],"properties":{"name":"Socorro","gaul_code":14283,"targetarea":11.2089805,"totpop":39389.512373,"country_id":"COL","targetpop":22398.1876831,"new_mean":0.1121964,"totalarea":118.9690666}},{"type":"Polygon","arcs":[[118]],"properties":{"name":"La Union","gaul_code":14092,"targetarea":3.8100691,"totpop":21237.3085289,"country_id":"COL","targetpop":5197.7474365,"new_mean":0.0969041,"totalarea":126.0579728}},{"type":"Polygon","arcs":[[119]],"properties":{"name":"Pamplona","gaul_code":14150,"targetarea":13.7462896,"totpop":58626.3250966,"country_id":"COL","targetpop":43932.1561279,"new_mean":0.1260922,"totalarea":284.9517836}},{"type":"MultiPolygon","arcs":[[[120]],[[121,122,123]]],"properties":{"name":"Chinchina","gaul_code":13664,"targetarea":3.9608586,"totpop":26176.3884888,"country_id":"COL","targetpop":6304.4488525,"new_mean":0.1184299,"totalarea":125.3408211}},{"type":"Polygon","arcs":[[124]],"properties":{"name":"Natagaima","gaul_code":14346,"targetarea":2.2921595,"totpop":28070.3205376,"country_id":"COL","targetpop":3460.8721924,"new_mean":0.1509541,"totalarea":951.8106908}},{"type":"Polygon","arcs":[[125]],"properties":{"name":"Ventaquemada","gaul_code":13655,"targetarea":1.8651777,"totpop":18360.1986523,"country_id":"COL","targetpop":1410.4111328,"new_mean":0.0827421,"totalarea":183.9077509}},{"type":"Polygon","arcs":[[126,127]],"properties":{"name":"Popayan","gaul_code":13745,"targetarea":110.0671332,"totpop":377355.926515,"country_id":"COL","targetpop":311852.279846,"new_mean":0.0729294,"totalarea":484.5211879}},{"type":"Polygon","arcs":[[128]],"properties":{"name":"Toro","gaul_code":14399,"targetarea":1.7568788,"totpop":12826.9723663,"country_id":"COL","targetpop":1277.3630371,"new_mean":0.1160921,"totalarea":192.0401356}},{"type":"Polygon","arcs":[[-69,129]],"properties":{"name":"Carepa","gaul_code":13371,"targetarea":11.7901485,"totpop":45158.1621513,"country_id":"COL","targetpop":22448.769165,"new_mean":0.0965343,"totalarea":246.3212862}},{"type":"MultiPolygon","arcs":[[[130,131,132,133]],[[134]]],"properties":{"name":"Suesca","gaul_code":13923,"targetarea":23.3694217,"totpop":57331.8577366,"country_id":"COL","targetpop":42353.857605,"new_mean":0.0849103,"totalarea":187.3329744}},{"type":"MultiPolygon","arcs":[[[135]],[[136,137]]],"properties":{"name":"Villa Del Rosario","gaul_code":14164,"targetarea":68.9751394,"totpop":229642.095641,"country_id":"COL","targetpop":211447.306,"new_mean":0.23804,"totalarea":213.2003658}},{"type":"MultiPolygon","arcs":[[[-94,138,139]],[[140]]],"properties":{"name":"Tuquerres","gaul_code":14123,"targetarea":10.0890029,"totpop":50209.2192855,"country_id":"COL","targetpop":9444.5599365,"new_mean":0.0841545,"totalarea":196.0443062}},{"type":"Polygon","arcs":[[141]],"properties":{"name":"Velez","gaul_code":14289,"targetarea":3.9459241,"totpop":17419.8710709,"country_id":"COL","targetpop":4460.7438355,"new_mean":0.1045522,"totalarea":361.1687872}},{"type":"Polygon","arcs":[[142]],"properties":{"name":"Garzon","gaul_code":13982,"targetarea":22.439221,"totpop":117857.009157,"country_id":"COL","targetpop":66859.0619507,"new_mean":0.1400106,"totalarea":540.9617436}},{"type":"Polygon","arcs":[[143,144,145,146]],"properties":{"name":"Corrales","gaul_code":13561,"targetarea":17.8731495,"totpop":41476.2057924,"country_id":"COL","targetpop":35596.7643433,"new_mean":0.0879155,"totalarea":63.5890695}},{"type":"Polygon","arcs":[[147]],"properties":{"name":"Venecia","gaul_code":13460,"targetarea":3.5929759,"totpop":20659.8745098,"country_id":"COL","targetpop":4302.5010986,"new_mean":0.1072727,"totalarea":144.652116}},{"type":"Polygon","arcs":[[148]],"properties":{"name":"Apia","gaul_code":14189,"targetarea":2.3027624,"totpop":15875.7680751,"country_id":"COL","targetpop":3329.8400879,"new_mean":0.108638,"totalarea":255.130403}},{"type":"Polygon","arcs":[[149,-106,150,151,152,153]],"properties":{"name":"Cali","gaul_code":14374,"targetarea":294.5728503,"totpop":2049084.9635,"country_id":"COL","targetpop":2001679.26947,"new_mean":0.1438808,"totalarea":503.288547}},{"type":"Polygon","arcs":[[154]],"properties":{"name":"Viterbo","gaul_code":13684,"targetarea":2.2728588,"totpop":18901.7066116,"country_id":"COL","targetpop":5940.6246338,"new_mean":0.1151546,"totalarea":105.7549067}},{"type":"Polygon","arcs":[[155]],"properties":{"name":"Florencia","gaul_code":13691,"targetarea":45.3230803,"totpop":204933.406988,"country_id":"COL","targetpop":130430.841217,"new_mean":0.0927751,"totalarea":2023.9012441}},{"type":"Polygon","arcs":[[156,157,158,159,160]],"properties":{"name":"Chia","gaul_code":13852,"targetarea":65.9852962,"totpop":307354.0047,"country_id":"COL","targetpop":301936.986938,"new_mean":0.0885201,"totalarea":81.0906695}},{"type":"Polygon","arcs":[[161,162,163,164,165]],"properties":{"name":"Girardota","gaul_code":13390,"targetarea":37.277073,"totpop":71276.6274376,"country_id":"COL","targetpop":58832.5679321,"new_mean":0.0918795,"totalarea":82.6646399}},{"type":"Polygon","arcs":[[166,167,168,169,170]],"properties":{"name":"La Estrella","gaul_code":13403,"targetarea":12.7291425,"totpop":22332.4320831,"country_id":"COL","targetpop":17129.1071777,"new_mean":0.0975604,"totalarea":37.0186702}},{"type":"Polygon","arcs":[[171]],"properties":{"name":"Pensilvania","gaul_code":13676,"targetarea":3.2591071,"totpop":29697.7586718,"country_id":"COL","targetpop":6559.2420044,"new_mean":0.1055835,"totalarea":572.2006405}},{"type":"MultiPolygon","arcs":[[[172,-50]],[[173,-60]],[[-9,174]]],"properties":{"name":"Pereira","gaul_code":14198,"targetarea":155.7917498,"totpop":513153.151156,"country_id":"COL","targetpop":420235.605133,"new_mean":0.112114,"totalarea":651.8373477}},{"type":"MultiPolygon","arcs":[[[175]],[[-154,176,177,178]]],"properties":{"name":"Jamundi","gaul_code":14386,"targetarea":67.987627,"totpop":209356.63708,"country_id":"COL","targetpop":144018.817871,"new_mean":0.1125394,"totalarea":683.3565627}},{"type":"MultiPolygon","arcs":[[[179]],[[180]],[[181,182,183]]],"properties":{"name":"Fusagasuga","gaul_code":13866,"targetarea":69.2920583,"totpop":172379.242691,"country_id":"COL","targetpop":133691.103149,"new_mean":0.1037637,"totalarea":307.4382518}},{"type":"Polygon","arcs":[[184]],"properties":{"name":"Restrepo","gaul_code":14394,"targetarea":4.7411572,"totpop":14595.771245,"country_id":"COL","targetpop":5675.2802734,"new_mean":0.1082817,"totalarea":136.2983603}},{"type":"Polygon","arcs":[[185]],"properties":{"name":"Vistahermosa","gaul_code":14059,"targetarea":2.2931652,"totpop":27401.3990874,"country_id":"COL","targetpop":2611.767395,"new_mean":0.0872019,"totalarea":4498.9690933}},{"type":"Polygon","arcs":[[-81,186,187]],"properties":{"name":"Quimbaya","gaul_code":14187,"targetarea":2.6525524,"totpop":8850.940321,"country_id":"COL","targetpop":1474.1835938,"new_mean":0.1129761,"totalarea":83.3517264}},{"type":"Polygon","arcs":[[188]],"properties":{"name":"Taraza","gaul_code":13449,"targetarea":5.085162,"totpop":41455.7140568,"country_id":"COL","targetpop":6958.543396,"new_mean":0.1059137,"totalarea":1748.7598672}},{"type":"Polygon","arcs":[[189]],"properties":{"name":"San Vicente De Chucuri","gaul_code":14279,"targetarea":2.3141789,"totpop":36794.2404454,"country_id":"COL","targetpop":2074.5878296,"new_mean":0.1071604,"totalarea":1039.3867839}},{"type":"Polygon","arcs":[[190]],"properties":{"name":"Coyaima","gaul_code":14329,"targetarea":2.0210686,"totpop":30372.05441,"country_id":"COL","targetpop":2252.756958,"new_mean":0.158069,"totalarea":609.7655728}},{"type":"MultiPolygon","arcs":[[[191,-90]],[[192,193]]],"properties":{"name":"Coello","gaul_code":14328,"targetarea":9.7293615,"totpop":38574.824316,"country_id":"COL","targetpop":14745.9699707,"new_mean":0.1482009,"totalarea":443.2528961}},{"type":"Polygon","arcs":[[194]],"properties":{"name":"Viracacha","gaul_code":13657,"targetarea":2.4474858,"totpop":10672.1420021,"country_id":"COL","targetpop":2280.5383911,"new_mean":0.0831177,"totalarea":59.8893502}},{"type":"Polygon","arcs":[[195]],"properties":{"name":"San Jeronimo","gaul_code":13432,"targetarea":2.7486438,"totpop":16878.6306562,"country_id":"COL","targetpop":2995.6676636,"new_mean":0.1093677,"totalarea":151.1836855}},{"type":"Polygon","arcs":[[196,197,198]],"properties":{"name":"Tona","gaul_code":14287,"targetarea":5.6843861,"totpop":19232.3918753,"country_id":"COL","targetpop":4755.8074341,"new_mean":0.1018755,"totalarea":306.8818865}},{"type":"Polygon","arcs":[[199]],"properties":{"name":"Pueblorrico","gaul_code":13420,"targetarea":4.3265432,"totpop":18043.7017632,"country_id":"COL","targetpop":4986.6875,"new_mean":0.1049918,"totalarea":116.9149332}},{"type":"MultiPolygon","arcs":[[[-102,200]],[[201]]],"properties":{"name":"Pradera","gaul_code":14393,"targetarea":17.7126572,"totpop":80576.4892712,"country_id":"COL","targetpop":28475.536499,"new_mean":0.1116664,"totalarea":427.6931765}},{"type":"Polygon","arcs":[[202]],"properties":{"name":"Cuaspud","gaul_code":14072,"targetarea":3.8876066,"totpop":18831.3421936,"country_id":"COL","targetpop":4710.2716065,"new_mean":0.0809586,"totalarea":87.8470026}},{"type":"Polygon","arcs":[[203]],"properties":{"name":"Gigante","gaul_code":13983,"targetarea":8.8783941,"totpop":49804.7833786,"country_id":"COL","targetpop":13650.1617432,"new_mean":0.1260992,"totalarea":699.7157548}},{"type":"Polygon","arcs":[[204,205]],"properties":{"name":"Honda","gaul_code":14338,"targetarea":0.5839315,"totpop":10358.5452967,"country_id":"COL","targetpop":717.1593628,"new_mean":0.1308615,"totalarea":300.6246446}},{"type":"Polygon","arcs":[[206]],"properties":{"name":"Campo Alegre","gaul_code":13979,"targetarea":6.4592326,"totpop":38965.3794027,"country_id":"COL","targetpop":11901.2734375,"new_mean":0.1431839,"totalarea":385.5782191}},{"type":"Polygon","arcs":[[207,208]],"properties":{"name":"Paz De Ariporo","gaul_code":13708,"targetarea":5.0436512,"totpop":40500.5043261,"country_id":"COL","targetpop":8299.8619385,"new_mean":0.0901618,"totalarea":12435.9448275}},{"type":"MultiPolygon","arcs":[[[209]],[[210]]],"properties":{"name":"Sonson","gaul_code":13446,"targetarea":11.4160599,"totpop":50868.0050712,"country_id":"COL","targetpop":13140.9690552,"new_mean":0.1003655,"totalarea":1302.7397148}},{"type":"Polygon","arcs":[[211,212,213,214,215,216]],"properties":{"name":"Funza","gaul_code":13864,"targetarea":57.5753181,"totpop":193340.699127,"country_id":"COL","targetpop":188441.092712,"new_mean":0.0853083,"totalarea":69.9350286}},{"type":"MultiPolygon","arcs":[[[217]],[[218,-30]]],"properties":{"name":"Valle Del Guamuez (la Hor","gaul_code":14175,"targetarea":12.4729372,"totpop":99859.4989653,"country_id":"COL","targetpop":18434.088562,"new_mean":0.0377118,"totalarea":1088.5209119}},{"type":"Polygon","arcs":[[219,220]],"properties":{"name":"Ipiales","gaul_code":14087,"targetarea":43.11696,"totpop":168167.560895,"country_id":"COL","targetpop":98371.2540894,"new_mean":0.0802834,"totalarea":1717.6719399}},{"type":"Polygon","arcs":[[221]],"properties":{"name":"Algeciras","gaul_code":13976,"targetarea":3.0357652,"totpop":30168.3401511,"country_id":"COL","targetpop":5151.5861206,"new_mean":0.1154538,"totalarea":841.7122063}},{"type":"Polygon","arcs":[[222,223]],"properties":{"name":"Paipa","gaul_code":13599,"targetarea":13.666203,"totpop":30583.899946,"country_id":"COL","targetpop":14229.3392944,"new_mean":0.0812232,"totalarea":416.2508738}},{"type":"Polygon","arcs":[[224,225,226]],"properties":{"name":"Combita","gaul_code":13559,"targetarea":10.8619337,"totpop":57358.1557288,"country_id":"COL","targetpop":43608.8034668,"new_mean":0.0621303,"totalarea":187.0965869}},{"type":"Polygon","arcs":[[227]],"properties":{"name":"Chinacota","gaul_code":14131,"targetarea":5.6408362,"totpop":20279.9657774,"country_id":"COL","targetpop":6702.6798706,"new_mean":0.1163299,"totalarea":181.497951}},{"type":"Polygon","arcs":[[228]],"properties":{"name":"La Ceja","gaul_code":13402,"targetarea":27.7027312,"totpop":61243.3232136,"country_id":"COL","targetpop":45425.9570007,"new_mean":0.0942992,"totalarea":134.6244549}},{"type":"Polygon","arcs":[[229]],"properties":{"name":"Salamina","gaul_code":13679,"targetarea":1.7565531,"totpop":18633.3492155,"country_id":"COL","targetpop":3320.0217285,"new_mean":0.1116213,"totalarea":375.7748765}},{"type":"Polygon","arcs":[[230,231,232]],"properties":{"name":"Guatavita","gaul_code":13876,"targetarea":0.0056692,"totpop":9345.1438189,"country_id":"COL","targetpop":0,"new_mean":0.0912158,"totalarea":139.5799817}},{"type":"MultiPolygon","arcs":[[[233]],[[234,235]],[[236]],[[237,238,239]]],"properties":{"name":"Aguazul","gaul_code":13700,"targetarea":30.1048302,"totpop":99803.1125741,"country_id":"COL","targetpop":42143.3831482,"new_mean":0.1219575,"totalarea":1433.4264014}},{"type":"MultiPolygon","arcs":[[[240,241,242]],[[243,-21]],[[-23,244]]],"properties":{"name":"Miranda","gaul_code":13739,"targetarea":11.0499474,"totpop":40666.4555836,"country_id":"COL","targetpop":12387.9406128,"new_mean":0.1110071,"totalarea":150.9259985}},{"type":"Polygon","arcs":[[245]],"properties":{"name":"Jerico","gaul_code":13401,"targetarea":2.2852202,"totpop":17849.5480862,"country_id":"COL","targetpop":2915.0360718,"new_mean":0.1037801,"totalarea":177.993862}},{"type":"Polygon","arcs":[[246]],"properties":{"name":"Puerto Rondon","gaul_code":13471,"targetarea":3.6935873,"totpop":51670.2234995,"country_id":"COL","targetpop":3785.2994995,"new_mean":0.0914007,"totalarea":4579.9443336}},{"type":"Polygon","arcs":[[247,248,249]],"properties":{"name":"Girardot","gaul_code":13871,"targetarea":30.6024749,"totpop":87909.3954258,"country_id":"COL","targetpop":70893.0251465,"new_mean":0.1452603,"totalarea":106.2344258}},{"type":"Polygon","arcs":[[250]],"properties":{"name":"Iquira","gaul_code":13986,"targetarea":2.2935891,"totpop":15493.2885821,"country_id":"COL","targetpop":2201.8866577,"new_mean":0.1016312,"totalarea":583.8207111}},{"type":"Polygon","arcs":[[251]],"properties":{"name":"Medina","gaul_code":13891,"targetarea":4.1255149,"totpop":24837.161759,"country_id":"COL","targetpop":5926.0557251,"new_mean":0.1105683,"totalarea":1633.3706623}},{"type":"MultiPolygon","arcs":[[[252,253,-152]],[[254,255]]],"properties":{"name":"Yumbo","gaul_code":14406,"targetarea":33.8879074,"totpop":175182.453701,"country_id":"COL","targetpop":149108.43927,"new_mean":0.148399,"totalarea":158.8849905}},{"type":"Polygon","arcs":[[256]],"properties":{"name":"Icononzo","gaul_code":14340,"targetarea":3.2281632,"totpop":19177.7569532,"country_id":"COL","targetpop":3476.7175293,"new_mean":0.1067922,"totalarea":229.4998954}},{"type":"Polygon","arcs":[[257,258,259]],"properties":{"name":"Pijao","gaul_code":14186,"targetarea":1.4891435,"totpop":12937.5691686,"country_id":"COL","targetpop":3556.0498047,"new_mean":0.1091516,"totalarea":188.8381769}},{"type":"MultiPolygon","arcs":[[[260]],[[261,262,263]]],"properties":{"name":"Calarca","gaul_code":14179,"targetarea":33.9636973,"totpop":102840.342754,"country_id":"COL","targetpop":76270.130188,"new_mean":0.0903269,"totalarea":207.6225884}},{"type":"MultiPolygon","arcs":[[[264]],[[265]]],"properties":{"name":"El Tablon","gaul_code":14078,"targetarea":11.9089907,"totpop":49416.2021062,"country_id":"COL","targetpop":13818.3739014,"new_mean":0.0869594,"totalarea":701.7278107}},{"type":"Polygon","arcs":[[266,267]],"properties":{"name":"Amaga","gaul_code":13344,"targetarea":12.8311094,"totpop":34951.3887825,"country_id":"COL","targetpop":17739.4515076,"new_mean":0.1050186,"totalarea":102.1745271}},{"type":"MultiPolygon","arcs":[[[268]],[[269]]],"properties":{"name":"Buenaventura","gaul_code":14369,"targetarea":74.0699227,"totpop":485300.501317,"country_id":"COL","targetpop":285332.819672,"new_mean":0.086436,"totalarea":6497.7170748}},{"type":"Polygon","arcs":[[270]],"properties":{"name":"San Vicente Del Caguan","gaul_code":13697,"targetarea":8.2468888,"totpop":139001.240983,"country_id":"COL","targetpop":10988.8015747,"new_mean":0.0924985,"totalarea":18040.1179272}},{"type":"MultiPolygon","arcs":[[[271,272,273,274]],[[-107,-150,-179,275,276]]],"properties":{"name":"Puerto Tejada","gaul_code":13746,"targetarea":35.7447001,"totpop":78711.0404587,"country_id":"COL","targetpop":58509.9406738,"new_mean":0.1129149,"totalarea":100.1777413}},{"type":"Polygon","arcs":[[277]],"properties":{"name":"Puente Nacional","gaul_code":14268,"targetarea":1.8635928,"totpop":14212.6191998,"country_id":"COL","targetpop":1506.6135254,"new_mean":0.1043373,"totalarea":256.9878737}},{"type":"Polygon","arcs":[[278]],"properties":{"name":"Providencia","gaul_code":14105,"targetarea":4.0728893,"totpop":21402.684845,"country_id":"COL","targetpop":4332.6460571,"new_mean":0.0849907,"totalarea":77.3428059}},{"type":"Polygon","arcs":[[279,280,281]],"properties":{"name":"Piendamo","gaul_code":13744,"targetarea":6.7919821,"totpop":33614.4153633,"country_id":"COL","targetpop":13659.7759399,"new_mean":0.0880427,"totalarea":143.78505}},{"type":"MultiPolygon","arcs":[[[282,283,284]],[[285,286,-233,287,288]]],"properties":{"name":"Gachancipa","gaul_code":13868,"targetarea":18.3585101,"totpop":32422.3825226,"country_id":"COL","targetpop":23660.1851807,"new_mean":0.090716,"totalarea":43.5885956}},{"type":"Polygon","arcs":[[289]],"properties":{"name":"San Gil","gaul_code":14275,"targetarea":17.0125023,"totpop":59498.7399588,"country_id":"COL","targetpop":41414.4610596,"new_mean":0.1198892,"totalarea":151.7943302}},{"type":"Polygon","arcs":[[290]],"properties":{"name":"San Vicente","gaul_code":13440,"targetarea":1.9945409,"totpop":25949.4234657,"country_id":"COL","targetpop":1963.5581665,"new_mean":0.0944724,"totalarea":204.9608314}},{"type":"Polygon","arcs":[[291,292,293]],"properties":{"name":"Facatativa","gaul_code":13861,"targetarea":47.8160948,"totpop":177732.104944,"country_id":"COL","targetpop":148344.099365,"new_mean":0.0874613,"totalarea":155.7059737}},{"type":"Polygon","arcs":[[-75,294]],"properties":{"name":"Santa Rosa Del Sur","gaul_code":13527,"targetarea":1.8575289,"totpop":45035.8907323,"country_id":"COL","targetpop":2611.2724609,"new_mean":0.1168943,"totalarea":2488.1428083}},{"type":"MultiPolygon","arcs":[[[295,-187,-80]],[[296,297]]],"properties":{"name":"Alcala","gaul_code":14364,"targetarea":8.6573337,"totpop":32841.7098579,"country_id":"COL","targetpop":16439.6838379,"new_mean":0.1103264,"totalarea":90.4792238}},{"type":"MultiPolygon","arcs":[[[-242,298,299]],[[300,-272,301]]],"properties":{"name":"Padilla","gaul_code":13741,"targetarea":6.5835938,"totpop":22245.9098988,"country_id":"COL","targetpop":4596.8926392,"new_mean":0.112427,"totalarea":112.834967}},{"type":"Polygon","arcs":[[302]],"properties":{"name":"Lenguazaque","gaul_code":13887,"targetarea":2.0177514,"totpop":11788.1921101,"country_id":"COL","targetpop":1959.4307251,"new_mean":0.0843544,"totalarea":145.3593192}},{"type":"Polygon","arcs":[[303,304,305,306]],"properties":{"name":"Tabio","gaul_code":13927,"targetarea":26.3343054,"totpop":43914.2278404,"country_id":"COL","targetpop":34407.3019714,"new_mean":0.0899546,"totalarea":73.4597222}},{"type":"MultiPolygon","arcs":[[[307]],[[308]],[[309]]],"properties":{"name":"Barrancabermeja","gaul_code":14211,"targetarea":79.9360908,"totpop":246947.971994,"country_id":"COL","targetpop":142800.508972,"new_mean":0.1114416,"totalarea":1256.5424796}},{"type":"MultiPolygon","arcs":[[[310]],[[311]]],"properties":{"name":"Risaralda","gaul_code":13678,"targetarea":3.6417055,"totpop":23200.5719337,"country_id":"COL","targetpop":4018.4874268,"new_mean":0.1206577,"totalarea":216.9343518}},{"type":"Polygon","arcs":[[312,313,314]],"properties":{"name":"Choachi","gaul_code":13854,"targetarea":16.548008,"totpop":31820.3682613,"country_id":"COL","targetpop":19313.3696136,"new_mean":0.0887311,"totalarea":215.3576268}},{"type":"Polygon","arcs":[[315]],"properties":{"name":"San Pablo","gaul_code":14113,"targetarea":3.3217114,"totpop":23326.9896469,"country_id":"COL","targetpop":4513.1224365,"new_mean":0.0845245,"totalarea":88.0200293}},{"type":"Polygon","arcs":[[-140,316,-95]],"properties":{"name":"Sapuyes","gaul_code":14118,"targetarea":0.9154875,"totpop":10812.1853657,"country_id":"COL","targetpop":552.3112183,"new_mean":0.0829152,"totalarea":137.0323286}},{"type":"Polygon","arcs":[[317]],"properties":{"name":"Rovira","gaul_code":14354,"targetarea":3.0190082,"totpop":23556.3474517,"country_id":"COL","targetpop":3711.7536011,"new_mean":0.1160089,"totalarea":903.0179938}},{"type":"Polygon","arcs":[[318]],"properties":{"name":"Guatape","gaul_code":13395,"targetarea":2.2834148,"totpop":9502.0565649,"country_id":"COL","targetpop":2015.8162231,"new_mean":0.0938496,"totalarea":81.445194}},{"type":"Polygon","arcs":[[319,-236]],"properties":{"name":"Tauramena","gaul_code":13715,"targetarea":3.7614885,"totpop":32096.303091,"country_id":"COL","targetpop":5610.0143433,"new_mean":0.1108523,"totalarea":2441.8986904}},{"type":"MultiPolygon","arcs":[[[320,321]],[[322,323]],[[324,325]],[[326]]],"properties":{"name":"El Cerrito","gaul_code":14381,"targetarea":19.2180593,"totpop":78630.4320374,"country_id":"COL","targetpop":25633.124054,"new_mean":0.1154888,"totalarea":506.6789324}},{"type":"Polygon","arcs":[[327]],"properties":{"name":"Sevilla","gaul_code":14398,"targetarea":7.9295224,"totpop":54969.8235743,"country_id":"COL","targetpop":14987.6282959,"new_mean":0.1099088,"totalarea":920.3569994}},{"type":"Polygon","arcs":[[-54,328]],"properties":{"name":"Riosucio","gaul_code":13677,"targetarea":2.7971815,"totpop":32546.439147,"country_id":"COL","targetpop":5491.3161011,"new_mean":0.1038923,"totalarea":353.5544003}},{"type":"Polygon","arcs":[[329]],"properties":{"name":"Bolivar","gaul_code":13361,"targetarea":7.6156795,"totpop":47716.4379978,"country_id":"COL","targetpop":12682.4492188,"new_mean":0.1026405,"totalarea":409.7971398}},{"type":"MultiPolygon","arcs":[[[330,331]],[[332,333,334,335,-157,336,337,338,339]]],"properties":{"name":"Sopo","gaul_code":13921,"targetarea":47.7711112,"totpop":88773.034462,"country_id":"COL","targetpop":71072.6490631,"new_mean":0.0905581,"totalarea":119.7672118}},{"type":"Polygon","arcs":[[340]],"properties":{"name":"Mocoa","gaul_code":14166,"targetarea":11.8026705,"totpop":65898.7053494,"country_id":"COL","targetpop":19497.2197266,"new_mean":0.0359433,"totalarea":1062.1743076}},{"type":"Polygon","arcs":[[341]],"properties":{"name":"Arauquita","gaul_code":13468,"targetarea":3.394147,"totpop":30984.4197631,"country_id":"COL","targetpop":4543.0748291,"new_mean":0.0922972,"totalarea":1087.5784044}},{"type":"Polygon","arcs":[[342]],"properties":{"name":"Ortega","gaul_code":14347,"targetarea":4.1452069,"totpop":35293.4369802,"country_id":"COL","targetpop":6379.3811035,"new_mean":0.1375828,"totalarea":910.4398546}},{"type":"Polygon","arcs":[[343]],"properties":{"name":"Penol","gaul_code":13417,"targetarea":6.0463674,"totpop":25951.7815347,"country_id":"COL","targetpop":8219.3691406,"new_mean":0.0933756,"totalarea":148.4262655}},{"type":"MultiPolygon","arcs":[[[344,345,-217]],[[346,347]]],"properties":{"name":"Tenjo","gaul_code":13930,"targetarea":13.0737357,"totpop":34371.2649117,"country_id":"COL","targetpop":15340.237854,"new_mean":0.0883286,"totalarea":100.6159794}},{"type":"MultiPolygon","arcs":[[[348]],[[349]]],"properties":{"name":"San Martin","gaul_code":14057,"targetarea":7.5335267,"totpop":41222.7792535,"country_id":"COL","targetpop":8554.4426269,"new_mean":0.1153357,"totalarea":6510.9920665}},{"type":"MultiPolygon","arcs":[[[350,-345,-216,351,352]],[[353,354,-160,355]]],"properties":{"name":"Cota","gaul_code":13857,"targetarea":29.9128499,"totpop":53450.0005951,"country_id":"COL","targetpop":45881.7106323,"new_mean":0.0919184,"totalarea":53.1606452}},{"type":"Polygon","arcs":[[356,357,358]],"properties":{"name":"Guacheta","gaul_code":13872,"targetarea":1.5916712,"totpop":17574.7845631,"country_id":"COL","targetpop":642.4887695,"new_mean":0.0889051,"totalarea":180.0090751}},{"type":"Polygon","arcs":[[359,360,-14]],"properties":{"name":"Concepcion","gaul_code":14226,"targetarea":2.7965745,"totpop":11350.6808462,"country_id":"COL","targetpop":2316.9134522,"new_mean":0.1002343,"totalarea":318.8081473}},{"type":"Polygon","arcs":[[361]],"properties":{"name":"Caucasia","gaul_code":13374,"targetarea":23.0882588,"totpop":114147.719734,"country_id":"COL","targetpop":49253.8309631,"new_mean":0.1262166,"totalarea":1320.4792225}},{"type":"Polygon","arcs":[[362]],"properties":{"name":"San Francisco","gaul_code":14172,"targetarea":7.7210204,"totpop":31143.1452689,"country_id":"COL","targetpop":9844.9562073,"new_mean":0.0688897,"totalarea":704.4750581}},{"type":"Polygon","arcs":[[363,-167,364,365]],"properties":{"name":"Itagui","gaul_code":13398,"targetarea":23.4967069,"totpop":301212.202148,"country_id":"COL","targetpop":301212.202148,"new_mean":0.0992144,"totalarea":23.4967069}},{"type":"MultiPolygon","arcs":[[[366]],[[367,368]]],"properties":{"name":"Rivera","gaul_code":13998,"targetarea":6.1512525,"totpop":40964.4073191,"country_id":"COL","targetpop":9578.7731323,"new_mean":0.1467266,"totalarea":518.548407}},{"type":"MultiPolygon","arcs":[[[369,370,371]],[[372,373,374,375,-45]]],"properties":{"name":"Rionegro","gaul_code":13425,"targetarea":82.085607,"totpop":145188.55969,"country_id":"COL","targetpop":107259.992126,"new_mean":0.0854864,"totalarea":215.6182779}},{"type":"MultiPolygon","arcs":[[[376]],[[377]],[[378]]],"properties":{"name":"Yopal","gaul_code":13718,"targetarea":72.5932173,"totpop":308270.297494,"country_id":"COL","targetpop":187172.904083,"new_mean":0.1317602,"totalarea":2520.2298215}},{"type":"MultiPolygon","arcs":[[[379]],[[380]]],"properties":{"name":"Los Patios","gaul_code":14146,"targetarea":7.0415081,"totpop":16059.6599388,"country_id":"COL","targetpop":7410.3804321,"new_mean":0.1281287,"totalarea":75.717583}},{"type":"Polygon","arcs":[[381]],"properties":{"name":"Andes","gaul_code":13346,"targetarea":8.1687553,"totpop":54076.4704227,"country_id":"COL","targetpop":16555.387207,"new_mean":0.1034453,"totalarea":540.0786906}},{"type":"MultiPolygon","arcs":[[[382]],[[383,-193,384]],[[385]],[[386]]],"properties":{"name":"Ibague","gaul_code":14339,"targetarea":198.3347066,"totpop":713461.553039,"country_id":"COL","targetpop":588893.681671,"new_mean":0.1548263,"totalarea":1172.5023756}},{"type":"Polygon","arcs":[[387]],"properties":{"name":"Quibdo","gaul_code":13802,"targetarea":28.6416292,"totpop":224477.295662,"country_id":"COL","targetpop":45445.7716675,"new_mean":0.0189334,"totalarea":6807.5474582}},{"type":"Polygon","arcs":[[-147,388,389]],"properties":{"name":"Topaga","gaul_code":13647,"targetarea":0.8997091,"totpop":6124.8355427,"country_id":"COL","targetpop":1221.4854736,"new_mean":0.0920351,"totalarea":34.0296362}},{"type":"MultiPolygon","arcs":[[[390]],[[391]]],"properties":{"name":"Santa Barbara","gaul_code":13441,"targetarea":8.8467323,"totpop":40526.8673973,"country_id":"COL","targetpop":10043.9856567,"new_mean":0.1050768,"totalarea":245.7579328}},{"type":"MultiPolygon","arcs":[[[392]],[[393]],[[394,395]]],"properties":{"name":"Zarzal","gaul_code":14407,"targetarea":19.044951,"totpop":69497.8272743,"country_id":"COL","targetpop":32917.6824951,"new_mean":0.1234029,"totalarea":354.4306334}},{"type":"Polygon","arcs":[[396]],"properties":{"name":"Fredonia","gaul_code":13387,"targetarea":4.5550651,"totpop":27741.943203,"country_id":"COL","targetpop":5583.1027832,"new_mean":0.1070647,"totalarea":225.6950393}},{"type":"Polygon","arcs":[[397]],"properties":{"name":"El Playon","gaul_code":14234,"targetarea":3.2356125,"totpop":33116.7276058,"country_id":"COL","targetpop":3941.3664551,"new_mean":0.1110511,"totalarea":388.036854}},{"type":"MultiPolygon","arcs":[[[398]],[[399,-281,400]]],"properties":{"name":"Silvia","gaul_code":13752,"targetarea":12.9975082,"totpop":63747.2045174,"country_id":"COL","targetpop":24766.5343933,"new_mean":0.0847862,"totalarea":643.5447994}},{"type":"Polygon","arcs":[[401,402]],"properties":{"name":"Chiquinquira","gaul_code":13551,"targetarea":19.468722,"totpop":56814.2444248,"country_id":"COL","targetpop":42399.0998535,"new_mean":0.0679581,"totalarea":129.8664804}},{"type":"MultiPolygon","arcs":[[[403]],[[404,405,406,-214,407,408,409,410]]],"properties":{"name":"Mosquera","gaul_code":13892,"targetarea":78.7532636,"totpop":141678.616638,"country_id":"COL","targetpop":135391.655396,"new_mean":0.0878296,"totalarea":94.9019218}},{"type":"Polygon","arcs":[[411,-208]],"properties":{"name":"Hato Corozal","gaul_code":13702,"targetarea":4.1814605,"totpop":26685.6538178,"country_id":"COL","targetpop":3947.4083557,"new_mean":0.1147432,"totalarea":5063.1413036}},{"type":"Polygon","arcs":[[412]],"properties":{"name":"San Roque","gaul_code":13439,"targetarea":2.2823342,"totpop":21164.9847107,"country_id":"COL","targetpop":2605.4107666,"new_mean":0.1029344,"totalarea":432.2668015}},{"type":"MultiPolygon","arcs":[[[413]],[[414]],[[415,416]]],"properties":{"name":"Villavicencio","gaul_code":14058,"targetarea":144.8184431,"totpop":524234.683883,"country_id":"COL","targetpop":396285.945343,"new_mean":0.1497175,"totalarea":1369.7473944}},{"type":"MultiPolygon","arcs":[[[417]],[[418]],[[419]],[[-274,420,421]],[[-276,-178,422]]],"properties":{"name":"Santander De Quilichao","gaul_code":13751,"targetarea":35.9263071,"totpop":131776.817393,"country_id":"COL","targetpop":61420.9309998,"new_mean":0.1066818,"totalarea":518.9740179}},{"type":"Polygon","arcs":[[423,-416]],"properties":{"name":"Restrepo","gaul_code":14053,"targetarea":34.6605953,"totpop":115860.600917,"country_id":"COL","targetpop":93183.946228,"new_mean":0.1112072,"totalarea":566.6066269}},{"type":"Polygon","arcs":[[424]],"properties":{"name":"Anapoima","gaul_code":13838,"targetarea":4.9502715,"totpop":14343.1496248,"country_id":"COL","targetpop":5085.9537964,"new_mean":0.1297956,"totalarea":119.2318515}},{"type":"Polygon","arcs":[[425,-402]],"properties":{"name":"Saboya","gaul_code":13612,"targetarea":5.5966803,"totpop":34818.2190895,"country_id":"COL","targetpop":12520.3974609,"new_mean":0.0894511,"totalarea":283.8372544}},{"type":"Polygon","arcs":[[426]],"properties":{"name":"Villanueva","gaul_code":13717,"targetarea":8.7429535,"totpop":32648.5883958,"country_id":"COL","targetpop":16071.0856934,"new_mean":0.112654,"totalarea":755.0388415}},{"type":"Polygon","arcs":[[-336,427,-306,428,-158]],"properties":{"name":"Cajica","gaul_code":13847,"targetarea":40.9976981,"totpop":92212.3708954,"country_id":"COL","targetpop":89642.4459839,"new_mean":0.089682,"totalarea":49.1268001}},{"type":"Polygon","arcs":[[429,-162]],"properties":{"name":"Barbosa","gaul_code":13356,"targetarea":31.2835431,"totpop":72258.0573902,"country_id":"COL","targetpop":43167.3131104,"new_mean":0.0942079,"totalarea":221.3842916}},{"type":"Polygon","arcs":[[430]],"properties":{"name":"Planadas","gaul_code":14349,"targetarea":3.1374775,"totpop":29343.8135791,"country_id":"COL","targetpop":3712.1459351,"new_mean":0.0999111,"totalarea":1599.4414685}},{"type":"MultiPolygon","arcs":[[[431]],[[432]],[[433]]],"properties":{"name":"Guacari","gaul_code":14385,"targetarea":10.9058241,"totpop":43007.3959694,"country_id":"COL","targetpop":14445.100647,"new_mean":0.1189539,"totalarea":188.1751137}},{"type":"MultiPolygon","arcs":[[[434,-63]],[[435,-19,-64]]],"properties":{"name":"Andalucia","gaul_code":14365,"targetarea":16.246551,"totpop":49302.7242851,"country_id":"COL","targetpop":27164.0491943,"new_mean":0.1199782,"totalarea":217.1100542}},{"type":"Polygon","arcs":[[436,437]],"properties":{"name":"Lebrija","gaul_code":14253,"targetarea":5.6596658,"totpop":33757.2104087,"country_id":"COL","targetpop":7371.1791992,"new_mean":0.1206421,"totalarea":533.0521772}},{"type":"Polygon","arcs":[[438]],"properties":{"name":"Pacho","gaul_code":13898,"targetarea":5.6575027,"totpop":27381.6773529,"country_id":"COL","targetpop":6370.2907105,"new_mean":0.100685,"totalarea":393.4824774}},{"type":"MultiPolygon","arcs":[[[439,-304]],[[440,441,442]],[[443,444,-334,445,446,447,448,449]]],"properties":{"name":"Zipaquira","gaul_code":13950,"targetarea":50.5399636,"totpop":113765.162455,"country_id":"COL","targetpop":85680.6057129,"new_mean":0.0860652,"totalarea":188.5995942}},{"type":"Polygon","arcs":[[450]],"properties":{"name":"Santa Rosa","gaul_code":13750,"targetarea":4.6293226,"totpop":36438.7854402,"country_id":"COL","targetpop":4422.3555298,"new_mean":0.0677693,"totalarea":4284.1528499}},{"type":"Polygon","arcs":[[451,452,-145]],"properties":{"name":"Floresta","gaul_code":13570,"targetarea":1.403299,"totpop":11234.3493538,"country_id":"COL","targetpop":711.5426636,"new_mean":0.0849207,"totalarea":98.6763791}},{"type":"Polygon","arcs":[[453]],"properties":{"name":"Curiti","gaul_code":14230,"targetarea":2.6661416,"totpop":16587.6876192,"country_id":"COL","targetpop":3445.7251587,"new_mean":0.1172162,"totalarea":202.7339015}},{"type":"Polygon","arcs":[[454]],"properties":{"name":"Monterrey","gaul_code":13705,"targetarea":4.9016935,"totpop":25071.4838831,"country_id":"COL","targetpop":7996.0999756,"new_mean":0.1146662,"totalarea":720.9100463}},{"type":"Polygon","arcs":[[455,456]],"properties":{"name":"Buga","gaul_code":14371,"targetarea":41.2616133,"totpop":136232.703727,"country_id":"COL","targetpop":80014.2239075,"new_mean":0.120684,"totalarea":975.6133063}},{"type":"Polygon","arcs":[[457]],"properties":{"name":"La Esperanza","gaul_code":14143,"targetarea":2.3206614,"totpop":17170.5427523,"country_id":"COL","targetpop":4415.7872315,"new_mean":0.1077653,"totalarea":534.4987338}},{"type":"Polygon","arcs":[[458]],"properties":{"name":"Villa Vieja","gaul_code":14008,"targetarea":3.2681129,"totpop":22887.8392928,"country_id":"COL","targetpop":4238.8742065,"new_mean":0.1698647,"totalarea":647.4919285}},{"type":"MultiPolygon","arcs":[[[459]],[[460,-205]]],"properties":{"name":"Guaduas","gaul_code":13873,"targetarea":18.541445,"totpop":65175.9730291,"country_id":"COL","targetpop":24332.67276,"new_mean":0.1277457,"totalarea":785.9132626}},{"type":"Polygon","arcs":[[461]],"properties":{"name":"Obando","gaul_code":14391,"targetarea":2.4441095,"totpop":15061.0769939,"country_id":"COL","targetpop":2663.0698852,"new_mean":0.1220583,"totalarea":149.542663}},{"type":"Polygon","arcs":[[462]],"properties":{"name":"Tangua","gaul_code":14120,"targetarea":2.2955543,"totpop":13865.0109863,"country_id":"COL","targetpop":2190.4505615,"new_mean":0.0854694,"totalarea":155.8211296}},{"type":"Polygon","arcs":[[-250,463,464]],"properties":{"name":"Ricaurte","gaul_code":13908,"targetarea":24.6830952,"totpop":62172.5663691,"country_id":"COL","targetpop":43501.8737488,"new_mean":0.1434521,"totalarea":147.2960573}},{"type":"MultiPolygon","arcs":[[[465]],[[-243,-300,466]]],"properties":{"name":"Corinto","gaul_code":13727,"targetarea":5.3606898,"totpop":42008.7939997,"country_id":"COL","targetpop":4873.0305176,"new_mean":0.1023925,"totalarea":310.1772139}},{"type":"Polygon","arcs":[[467]],"properties":{"name":"Neira","gaul_code":13673,"targetarea":3.3257625,"totpop":43133.7475586,"country_id":"COL","targetpop":3962.4634399,"new_mean":0.1199098,"totalarea":407.5756671}},{"type":"Polygon","arcs":[[468,-371,469,470]],"properties":{"name":"Retiro","gaul_code":13424,"targetarea":25.3286402,"totpop":100108.338046,"country_id":"COL","targetpop":77772.2368774,"new_mean":0.0917415,"totalarea":267.5095771}},{"type":"Polygon","arcs":[[471]],"properties":{"name":"San Pedro","gaul_code":13436,"targetarea":5.3525614,"totpop":29685.8614101,"country_id":"COL","targetpop":7662.9293213,"new_mean":0.0931171,"totalarea":215.7718319}},{"type":"Polygon","arcs":[[472]],"properties":{"name":"Nunchia","gaul_code":13706,"targetarea":2.286371,"totpop":22365.1922398,"country_id":"COL","targetpop":2633.8464356,"new_mean":0.1186767,"totalarea":1046.8568237}},{"type":"MultiPolygon","arcs":[[[-87,473]],[[474]]],"properties":{"name":"Yarumal","gaul_code":13463,"targetarea":9.2561303,"totpop":56176.2183199,"country_id":"COL","targetpop":19887.5332642,"new_mean":0.100548,"totalarea":734.3011078}},{"type":"Polygon","arcs":[[475,476]],"properties":{"name":"La Union","gaul_code":14388,"targetarea":11.5061368,"totpop":36564.0492363,"country_id":"COL","targetpop":24184.6235352,"new_mean":0.1215897,"totalarea":123.9205148}},{"type":"Polygon","arcs":[[477,478,-259]],"properties":{"name":"Caicedonia","gaul_code":14373,"targetarea":4.75737,"totpop":15393.7982922,"country_id":"COL","targetpop":6853.6447754,"new_mean":0.1108614,"totalarea":131.5499459}},{"type":"Polygon","arcs":[[479]],"properties":{"name":"Fresno","gaul_code":14335,"targetarea":4.9493341,"totpop":33809.2328072,"country_id":"COL","targetpop":9130.9003906,"new_mean":0.1119321,"totalarea":229.0215943}},{"type":"Polygon","arcs":[[480]],"properties":{"name":"Tame","gaul_code":13473,"targetarea":6.7544697,"totpop":84465.2650553,"country_id":"COL","targetpop":11231.9799805,"new_mean":0.1040676,"totalarea":5381.3222296}},{"type":"Polygon","arcs":[[481,482]],"properties":{"name":"Piedecuesta","gaul_code":14266,"targetarea":66.2154328,"totpop":207256.972457,"country_id":"COL","targetpop":142559.774567,"new_mean":0.1232463,"totalarea":448.2979032}},{"type":"Polygon","arcs":[[483]],"properties":{"name":"Chigorodo","gaul_code":13375,"targetarea":11.8840418,"totpop":83427.0474567,"country_id":"COL","targetpop":21804.3205872,"new_mean":0.0958915,"totalarea":673.7254146}},{"type":"Polygon","arcs":[[484,-58]],"properties":{"name":"Santa Rosa De Cabal","gaul_code":14201,"targetarea":47.3987233,"totpop":142261.650296,"country_id":"COL","targetpop":100808.612335,"new_mean":0.1061008,"totalarea":510.1630215}},{"type":"Polygon","arcs":[[485]],"properties":{"name":"Raquira","gaul_code":13610,"targetarea":1.9971448,"totpop":14641.073391,"country_id":"COL","targetpop":2611.164978,"new_mean":0.0923885,"totalarea":207.7593286}},{"type":"Polygon","arcs":[[-164,486,487,488,489,490,491]],"properties":{"name":"Copacabana","gaul_code":13380,"targetarea":43.7983892,"totpop":188883.289253,"country_id":"COL","targetpop":183919.989868,"new_mean":0.0883399,"totalarea":66.26827}},{"type":"MultiPolygon","arcs":[[[492]],[[493]]],"properties":{"name":"Acacias","gaul_code":14031,"targetarea":18.0204266,"totpop":91634.310586,"country_id":"COL","targetpop":25583.3400879,"new_mean":0.1299865,"totalarea":975.3869769}},{"type":"Polygon","arcs":[[494,495]],"properties":{"name":"Puerto Triunfo","gaul_code":13422,"targetarea":3.2278835,"totpop":25982.6718597,"country_id":"COL","targetpop":6367.6296387,"new_mean":0.0969237,"totalarea":354.2624238}},{"type":"Polygon","arcs":[[496]],"properties":{"name":"Villapinzon","gaul_code":13945,"targetarea":5.1081053,"totpop":21580.0048771,"country_id":"COL","targetpop":6947.6810303,"new_mean":0.084678,"totalarea":198.6055674}},{"type":"Polygon","arcs":[[497,498,-239]],"properties":{"name":"Pajarito","gaul_code":13600,"targetarea":33.8187489,"totpop":41798.1217633,"country_id":"COL","targetpop":27358.3279953,"new_mean":0.0952727,"totalarea":272.2270592}},{"type":"Polygon","arcs":[[499]],"properties":{"name":"Pacora","gaul_code":13674,"targetarea":3.7363284,"totpop":21444.7185698,"country_id":"COL","targetpop":5290.6629028,"new_mean":0.1151012,"totalarea":288.3360029}},{"type":"MultiPolygon","arcs":[[[500]],[[501]]],"properties":{"name":"Cimitarra","gaul_code":14225,"targetarea":13.6565064,"totpop":83005.6532751,"country_id":"COL","targetpop":22399.623291,"new_mean":0.0996143,"totalarea":2821.2945106}},{"type":"Polygon","arcs":[[502]],"properties":{"name":"Vegachi","gaul_code":13459,"targetarea":2.28102,"totpop":17041.664825,"country_id":"COL","targetpop":3512.1650391,"new_mean":0.1066031,"totalarea":531.73185}},{"type":"Polygon","arcs":[[503,-225,504]],"properties":{"name":"Oicata","gaul_code":13595,"targetarea":17.4775901,"totpop":56508.8072891,"country_id":"COL","targetpop":51209.8395538,"new_mean":0.0747596,"totalarea":54.3063927}},{"type":"Polygon","arcs":[[505]],"properties":{"name":"Cajamarca","gaul_code":14324,"targetarea":2.6470209,"totpop":17671.5515633,"country_id":"COL","targetpop":3928.7336426,"new_mean":0.1042857,"totalarea":480.513633}},{"type":"MultiPolygon","arcs":[[[506,-268]],[[-170,507,508,509]]],"properties":{"name":"Caldas","gaul_code":13366,"targetarea":28.6594872,"totpop":91812.6664314,"country_id":"COL","targetpop":66646.2742615,"new_mean":0.0944774,"totalarea":152.6318345}},{"type":"Polygon","arcs":[[510,-72]],"properties":{"name":"Melgar","gaul_code":14344,"targetarea":25.9251846,"totpop":57469.7650928,"country_id":"COL","targetpop":35643.6860046,"new_mean":0.1392809,"totalarea":166.2916586}},{"type":"Polygon","arcs":[[511,-292,512]],"properties":{"name":"Bojaca","gaul_code":13844,"targetarea":1.1220903,"totpop":12528.1721725,"country_id":"COL","targetpop":1356.6060181,"new_mean":0.0889448,"totalarea":75.9961758}},{"type":"MultiPolygon","arcs":[[[513,514]],[[515]]],"properties":{"name":"Santa Rosa De Viterbo","gaul_code":13621,"targetarea":8.6984997,"totpop":20938.0419512,"country_id":"COL","targetpop":13097.3494263,"new_mean":0.0788715,"totalarea":74.6901631}},{"type":"MultiPolygon","arcs":[[[516]],[[517,518,-488,519]]],"properties":{"name":"Bello","gaul_code":13357,"targetarea":84.217438,"totpop":584412.724407,"country_id":"COL","targetpop":560830.457184,"new_mean":0.0516991,"totalarea":150.3587843}},{"type":"Polygon","arcs":[[520]],"properties":{"name":"Villeta","gaul_code":13946,"targetarea":7.921418,"totpop":25160.078166,"country_id":"COL","targetpop":11994.159729,"new_mean":0.1148912,"totalarea":147.2570918}},{"type":"Polygon","arcs":[[521,-183]],"properties":{"name":"Silvania","gaul_code":13918,"targetarea":8.5227781,"totpop":31750.4980774,"country_id":"COL","targetpop":13514.0379639,"new_mean":0.0984986,"totalarea":174.8663785}},{"type":"Polygon","arcs":[[522]],"properties":{"name":"Concordia","gaul_code":13379,"targetarea":3.0106702,"totpop":23354.0867462,"country_id":"COL","targetpop":3304.8640137,"new_mean":0.1070626,"totalarea":201.4119373}},{"type":"Polygon","arcs":[[523]],"properties":{"name":"Caqueza","gaul_code":13849,"targetarea":4.5466153,"totpop":18551.6266861,"country_id":"COL","targetpop":5425.6318359,"new_mean":0.0962104,"totalarea":117.5099864}},{"type":"Polygon","arcs":[[524]],"properties":{"name":"Tuta","gaul_code":13652,"targetarea":2.250842,"totpop":11752.1278038,"country_id":"COL","targetpop":2205.3212891,"new_mean":0.0790046,"totalarea":149.9112011}},{"type":"Polygon","arcs":[[525,526,527,528,-41,529,-262]],"properties":{"name":"Armenia","gaul_code":14177,"targetarea":76.0312464,"totpop":311845.903313,"country_id":"COL","targetpop":294994.86615,"new_mean":0.1061073,"totalarea":113.0066855}},{"type":"Polygon","arcs":[[530]],"properties":{"name":"Purificacion","gaul_code":14351,"targetarea":7.7349209,"totpop":39836.5525469,"country_id":"COL","targetpop":11954.354126,"new_mean":0.1424266,"totalarea":433.9891603}},{"type":"Polygon","arcs":[[531]],"properties":{"name":"San Martin","gaul_code":13780,"targetarea":2.2748715,"totpop":20384.6091356,"country_id":"COL","targetpop":1925.8695068,"new_mean":0.1178543,"totalarea":784.7426342}},{"type":"Polygon","arcs":[[532,-365,-171,-510,533,534]],"properties":{"name":"Sabaneta","gaul_code":13427,"targetarea":20.9704403,"totpop":95636.019165,"country_id":"COL","targetpop":95636.019165,"new_mean":0,"totalarea":21.5496122}},{"type":"MultiPolygon","arcs":[[[-490,535,536]],[[537,-374,538]],[[539,-165,-492,540]]],"properties":{"name":"Guarne","gaul_code":13394,"targetarea":52.9094081,"totpop":106730.269882,"country_id":"COL","targetpop":81274.9797058,"new_mean":0.0899674,"totalarea":159.737406}},{"type":"Polygon","arcs":[[541]],"properties":{"name":"Tocaima","gaul_code":13933,"targetarea":5.2013651,"totpop":22783.4084702,"country_id":"COL","targetpop":6931.517334,"new_mean":0.1431993,"totalarea":262.0756473}},{"type":"Polygon","arcs":[[542]],"properties":{"name":"Marquetalia","gaul_code":13671,"targetarea":4.5266442,"totpop":15683.3999557,"country_id":"COL","targetpop":5524.1052246,"new_mean":0.1135366,"totalarea":81.8738159}},{"type":"Polygon","arcs":[[-132,543,-288,-232,544,545]],"properties":{"name":"Sesquile","gaul_code":13916,"targetarea":34.6152793,"totpop":81504.5922043,"country_id":"COL","targetpop":61939.387207,"new_mean":0.0898855,"totalarea":143.1560415}},{"type":"Polygon","arcs":[[546]],"properties":{"name":"La Plata","gaul_code":13989,"targetarea":12.8836595,"totpop":82475.2216244,"country_id":"COL","targetpop":27296.4918213,"new_mean":0.1137901,"totalarea":1230.6871266}},{"type":"Polygon","arcs":[[547,-27]],"properties":{"name":"San Jose De Pare","gaul_code":13616,"targetarea":6.8823001,"totpop":17310.4537144,"country_id":"COL","targetpop":8236.9562378,"new_mean":0.1072321,"totalarea":100.2405022}},{"type":"MultiPolygon","arcs":[[[548]],[[549]]],"properties":{"name":"Subachoque","gaul_code":13922,"targetarea":11.2731098,"totpop":55219.2701015,"country_id":"COL","targetpop":12164.5931396,"new_mean":0.0880296,"totalarea":288.1319439}},{"type":"Polygon","arcs":[[550,551]],"properties":{"name":"San Pablo","gaul_code":13524,"targetarea":2.9666151,"totpop":20175.1118009,"country_id":"COL","targetpop":3605.382019,"new_mean":0.1027994,"totalarea":1141.7494342}},{"type":"MultiPolygon","arcs":[[[-89,552]],[[-464,-249,553]]],"properties":{"name":"Flandes","gaul_code":14334,"targetarea":4.1328378,"totpop":24236.598671,"country_id":"COL","targetpop":4972.1724243,"new_mean":0.1421977,"totalarea":91.9238181}},{"type":"MultiPolygon","arcs":[[[554,-133,-546]],[[555]]],"properties":{"name":"Choconta","gaul_code":13855,"targetarea":6.3904329,"totpop":36830.8252068,"country_id":"COL","targetpop":6550.1584473,"new_mean":0.0816012,"totalarea":319.8663614}},{"type":"Polygon","arcs":[[556,557,558]],"properties":{"name":"Chipaque","gaul_code":13853,"targetarea":2.4535659,"totpop":19666.2473593,"country_id":"COL","targetpop":2728.7711182,"new_mean":0.0907951,"totalarea":119.1770673}},{"type":"Polygon","arcs":[[559]],"properties":{"name":"Segovia","gaul_code":13445,"targetarea":7.2384664,"totpop":54828.5055959,"country_id":"COL","targetpop":13573.5961304,"new_mean":0.1061132,"totalarea":1216.2667801}},{"type":"MultiPolygon","arcs":[[[560,-534,-509]],[[561,-366,-533,562,-471]]],"properties":{"name":"Envigado","gaul_code":13386,"targetarea":38.4494124,"totpop":280688.693542,"country_id":"COL","targetpop":277330.718262,"new_mean":0.0527052,"totalarea":46.7769626}},{"type":"Polygon","arcs":[[563]],"properties":{"name":"Fortul","gaul_code":13470,"targetarea":5.5943379,"totpop":53002.9629712,"country_id":"COL","targetpop":7483.0315552,"new_mean":0.1038146,"totalarea":1702.1684613}},{"type":"Polygon","arcs":[[564]],"properties":{"name":"La Mesa","gaul_code":13883,"targetarea":16.7292635,"totpop":44261.8857632,"country_id":"COL","targetpop":24390.6835937,"new_mean":0.1179327,"totalarea":157.1551865}},{"type":"Polygon","arcs":[[565]],"properties":{"name":"Anserma","gaul_code":13661,"targetarea":7.1502494,"totpop":33607.9991989,"country_id":"COL","targetpop":10897.989502,"new_mean":0.1209036,"totalarea":196.7107349}},{"type":"Polygon","arcs":[[566]],"properties":{"name":"Mariquita","gaul_code":14343,"targetarea":11.9520177,"totpop":44865.3733311,"country_id":"COL","targetpop":19227.2388916,"new_mean":0.1265498,"totalarea":293.4306761}},{"type":"Polygon","arcs":[[567,568,-357]],"properties":{"name":"Fuquene","gaul_code":13865,"targetarea":1.7118769,"totpop":9246.6335792,"country_id":"COL","targetpop":2275.6374512,"new_mean":0.0868822,"totalarea":74.2153242}},{"type":"MultiPolygon","arcs":[[[569]],[[570,571]]],"properties":{"name":"Pitalito","gaul_code":13997,"targetarea":38.6751555,"totpop":165669.380453,"country_id":"COL","targetpop":107355.768738,"new_mean":0.1187355,"totalarea":710.9014099}},{"type":"Polygon","arcs":[[572]],"properties":{"name":"Amalfi","gaul_code":13345,"targetarea":3.1885907,"totpop":29261.537868,"country_id":"COL","targetpop":2905.1980591,"new_mean":0.108821,"totalarea":1181.1046054}},{"type":"MultiPolygon","arcs":[[[573,574,-122]],[[575,576]]],"properties":{"name":"Villamaria","gaul_code":13683,"targetarea":12.1896849,"totpop":51400.8716736,"country_id":"COL","targetpop":19077.038147,"new_mean":0.1297577,"totalarea":440.0080183}},{"type":"MultiPolygon","arcs":[[[577]],[[578,579]]],"properties":{"name":"Zaragoza","gaul_code":13466,"targetarea":6.7097643,"totpop":40962.4132934,"country_id":"COL","targetpop":12847.3734131,"new_mean":0.1054129,"totalarea":1021.989232}},{"type":"Polygon","arcs":[[-298,580]],"properties":{"name":"Ulloa","gaul_code":14402,"targetarea":8.9744408,"totpop":27788.7427559,"country_id":"COL","targetpop":14315.9719238,"new_mean":0.1097551,"totalarea":65.8388891}},{"type":"Polygon","arcs":[[581]],"properties":{"name":"Cucaita","gaul_code":13564,"targetarea":2.2462554,"totpop":12468.553997,"country_id":"COL","targetpop":4287.4819336,"new_mean":0.082977,"totalarea":33.2367523}},{"type":"Polygon","arcs":[[582,-396]],"properties":{"name":"Roldanillo","gaul_code":14396,"targetarea":3.394286,"totpop":18685.550849,"country_id":"COL","targetpop":4063.0840454,"new_mean":0.1140028,"totalarea":274.9010529}},{"type":"MultiPolygon","arcs":[[[583]],[[584]]],"properties":{"name":"Montelibano","gaul_code":13819,"targetarea":24.1319648,"totpop":145784.534228,"country_id":"COL","targetpop":53179.7541504,"new_mean":0.1374446,"totalarea":2398.1080806}},{"type":"Polygon","arcs":[[585]],"properties":{"name":"Santa Rosa De Osos","gaul_code":13442,"targetarea":7.1741818,"totpop":45542.4089127,"country_id":"COL","targetpop":8636.9775391,"new_mean":0.0959319,"totalarea":871.8167069}},{"type":"Polygon","arcs":[[586]],"properties":{"name":"Oiba","gaul_code":14261,"targetarea":1.994603,"totpop":13726.3484564,"country_id":"COL","targetpop":2863.4543457,"new_mean":0.108558,"totalarea":240.4984211}},{"type":"Polygon","arcs":[[587]],"properties":{"name":"Caramanta","gaul_code":13370,"targetarea":2.0161616,"totpop":7523.1850948,"country_id":"COL","targetpop":2069.6990967,"new_mean":0.1087153,"totalarea":78.8707447}},{"type":"Polygon","arcs":[[588]],"properties":{"name":"Puerto Asis","gaul_code":14168,"targetarea":7.6232003,"totpop":79183.5841088,"country_id":"COL","targetpop":9666.6090698,"new_mean":0.0349502,"totalarea":2366.0477026}},{"type":"Polygon","arcs":[[589]],"properties":{"name":"Libano","gaul_code":14342,"targetarea":9.0635209,"totpop":40585.4628267,"country_id":"COL","targetpop":22599.2304077,"new_mean":0.114397,"totalarea":350.1854509}},{"type":"Polygon","arcs":[[590]],"properties":{"name":"Santana","gaul_code":13624,"targetarea":1.9739285,"totpop":9527.0289345,"country_id":"COL","targetpop":1881.0239258,"new_mean":0.1074078,"totalarea":72.3415044}},{"type":"Polygon","arcs":[[591]],"properties":{"name":"Balboa","gaul_code":13721,"targetarea":2.0045662,"totpop":30340.6862011,"country_id":"COL","targetpop":1972.2189331,"new_mean":0.0934007,"totalarea":425.3018305}},{"type":"Polygon","arcs":[[592]],"properties":{"name":"San Rafael","gaul_code":13438,"targetarea":1.8621869,"totpop":19768.2217636,"country_id":"COL","targetpop":1759.5302734,"new_mean":0.1020821,"totalarea":369.0472589}},{"type":"Polygon","arcs":[[593]],"properties":{"name":"Agua De Dios","gaul_code":13836,"targetarea":4.650776,"totpop":11090.6454401,"country_id":"COL","targetpop":5146.0230713,"new_mean":0.1458874,"totalarea":76.1521314}},{"type":"Polygon","arcs":[[-444,594,595]],"properties":{"name":"Cogua","gaul_code":13856,"targetarea":28.8376545,"totpop":77867.0760536,"country_id":"COL","targetpop":61864.6030273,"new_mean":0.0857881,"totalarea":127.4883982}},{"type":"Polygon","arcs":[[596,-198,597,598]],"properties":{"name":"Bucaramanga","gaul_code":14214,"targetarea":143.0781078,"totpop":822386.178925,"country_id":"COL","targetpop":813090.02417,"new_mean":0.1339709,"totalarea":169.4537385}},{"type":"MultiPolygon","arcs":[[[599,-78,600,-98,601,-528]],[[602,603]]],"properties":{"name":"Circasia","gaul_code":14180,"targetarea":8.4982032,"totpop":29326.0206833,"country_id":"COL","targetpop":19214.8197021,"new_mean":0.0976587,"totalarea":62.2677172}},{"type":"Polygon","arcs":[[604,605]],"properties":{"name":"Santa Rita","gaul_code":14418,"targetarea":1.0770353,"totpop":23678.2592575,"country_id":"COL","targetpop":577.2481079,"new_mean":0.0500497,"totalarea":19205.9518433}},{"type":"Polygon","arcs":[[606]],"properties":{"name":"Antioquia","gaul_code":13350,"targetarea":3.7992566,"totpop":21574.218152,"country_id":"COL","targetpop":7584.8809815,"new_mean":0.1138671,"totalarea":444.9055367}},{"type":"Polygon","arcs":[[607]],"properties":{"name":"Abejorral","gaul_code":13341,"targetarea":2.806876,"totpop":28859.8855772,"country_id":"COL","targetpop":4048.9319458,"new_mean":0.1032144,"totalarea":507.6162901}},{"type":"Polygon","arcs":[[-499,608,-240]],"properties":{"name":"Recetor","gaul_code":13710,"targetarea":68.097763,"totpop":89176.7530065,"country_id":"COL","targetpop":63319.7324829,"new_mean":0.0909138,"totalarea":179.3650931}},{"type":"Polygon","arcs":[[609,-477]],"properties":{"name":"La Victoria","gaul_code":14389,"targetarea":4.6464865,"totpop":25003.3609676,"country_id":"COL","targetpop":3482.7761231,"new_mean":0.1228206,"totalarea":309.7198686}},{"type":"Polygon","arcs":[[610]],"properties":{"name":"Puerto Rico","gaul_code":13695,"targetarea":2.2947394,"totpop":41980.0090075,"country_id":"COL","targetpop":2419.112793,"new_mean":0.0883568,"totalarea":2733.4907268}},{"type":"MultiPolygon","arcs":[[[611,-446,-333]],[[-286,612,-448,613,-339,614,-331,615]],[[616,-443,617,-284]]],"properties":{"name":"Tocancipa","gaul_code":13934,"targetarea":44.5811605,"totpop":66084.0259247,"country_id":"COL","targetpop":57210.5762939,"new_mean":0.091043,"totalarea":66.4213819}},{"type":"MultiPolygon","arcs":[[[-457,618]],[[619]]],"properties":{"name":"San Pedro","gaul_code":14397,"targetarea":9.3636949,"totpop":40418.7160311,"country_id":"COL","targetpop":10379.6375122,"new_mean":0.1172156,"totalarea":300.7290432}},{"type":"Polygon","arcs":[[620]],"properties":{"name":"El Colegio","gaul_code":13859,"targetarea":6.2137983,"totpop":24235.6987476,"country_id":"COL","targetpop":9144.1758423,"new_mean":0.1100922,"totalarea":120.187723}},{"type":"Polygon","arcs":[[621]],"properties":{"name":"Garagoa","gaul_code":13573,"targetarea":5.1091482,"totpop":20272.9463539,"country_id":"COL","targetpop":6833.4799194,"new_mean":0.0914149,"totalarea":201.7377075}},{"type":"Polygon","arcs":[[622]],"properties":{"name":"Puerto Salgar","gaul_code":13903,"targetarea":22.2875366,"totpop":78120.6869178,"country_id":"COL","targetpop":52214.9148254,"new_mean":0.1449788,"totalarea":566.9520807}},{"type":"Polygon","arcs":[[-302,-275,-422,623]],"properties":{"name":"Caloto","gaul_code":13726,"targetarea":5.6450529,"totpop":69262.322525,"country_id":"COL","targetpop":7446.3718567,"new_mean":0.1055313,"totalarea":427.2122691}},{"type":"Polygon","arcs":[[624]],"properties":{"name":"Puerto Caicedo","gaul_code":14169,"targetarea":3.8444363,"totpop":38161.5757924,"country_id":"COL","targetpop":3971.2488403,"new_mean":0.0457295,"totalarea":1554.8110653}},{"type":"MultiPolygon","arcs":[[[625,-495]],[[626]],[[627]]],"properties":{"name":"Puerto Boyaca","gaul_code":13607,"targetarea":17.9516768,"totpop":109123.94926,"country_id":"COL","targetpop":25021.8863068,"new_mean":0.0959493,"totalarea":1439.2672952}},{"type":"Polygon","arcs":[[628]],"properties":{"name":"Acevedo","gaul_code":13973,"targetarea":4.2008472,"totpop":35990.2430162,"country_id":"COL","targetpop":5347.8276977,"new_mean":0.1010078,"totalarea":521.1727684}},{"type":"Polygon","arcs":[[-389,629,630]],"properties":{"name":"Sogamoso","gaul_code":13631,"targetarea":27.1584034,"totpop":71468.5414495,"country_id":"COL","targetpop":54011.0378723,"new_mean":0.0784713,"totalarea":207.2207102}},{"type":"Polygon","arcs":[[631]],"properties":{"name":"Chaparral","gaul_code":14327,"targetarea":6.824315,"totpop":54134.3791299,"country_id":"COL","targetpop":7791.987793,"new_mean":0.1255307,"totalarea":2197.1074726}},{"type":"Polygon","arcs":[[632]],"properties":{"name":"Buenos Aires","gaul_code":13723,"targetarea":7.7354547,"totpop":62171.37292,"country_id":"COL","targetpop":6318.5558472,"new_mean":0.106096,"totalarea":559.6732023}},{"type":"Polygon","arcs":[[633,-221]],"properties":{"name":"Potosi","gaul_code":14104,"targetarea":10.263501,"totpop":27353.876256,"country_id":"COL","targetpop":11561.0687866,"new_mean":0.0865223,"totalarea":353.5635801}},{"type":"Polygon","arcs":[[634,-606]],"properties":{"name":"Inirida","gaul_code":13953,"targetarea":4.4749301,"totpop":54033.5979909,"country_id":"COL","targetpop":6040.5350952,"new_mean":0.0451352,"totalarea":23529.7672107}},{"type":"MultiPolygon","arcs":[[[-575,635,-123]],[[-576,636]]],"properties":{"name":"Manizales","gaul_code":13668,"targetarea":129.6876909,"totpop":506932.911829,"country_id":"COL","targetpop":438105.524445,"new_mean":0.1722026,"totalarea":443.8588054}},{"type":"MultiPolygon","arcs":[[[637,-437,638]],[[639,640,-599,641]]],"properties":{"name":"Giron","gaul_code":14241,"targetarea":51.8436281,"totpop":141309.378306,"country_id":"COL","targetpop":79528.8323975,"new_mean":0.1294239,"totalarea":660.8827453}},{"type":"Polygon","arcs":[[-49,642]],"properties":{"name":"Alban","gaul_code":14060,"targetarea":5.2237841,"totpop":18190.8999157,"country_id":"COL","targetpop":6091.5579224,"new_mean":0.0857126,"totalarea":72.0097643}},{"type":"MultiPolygon","arcs":[[[643,-558,644]],[[645,646]]],"properties":{"name":"Ubaque","gaul_code":13937,"targetarea":2.9066057,"totpop":10932.640583,"country_id":"COL","targetpop":3593.9009399,"new_mean":0.092147,"totalarea":112.9478106}},{"type":"Polygon","arcs":[[-453,647,-630,-146]],"properties":{"name":"Nobsa","gaul_code":13593,"targetarea":17.1818548,"totpop":46863.8803902,"country_id":"COL","targetpop":34732.0824585,"new_mean":0.0717515,"totalarea":51.2570754}},{"type":"Polygon","arcs":[[648,649]],"properties":{"name":"Timbio","gaul_code":13755,"targetarea":1.9369534,"totpop":25878.9896202,"country_id":"COL","targetpop":870.34021,"new_mean":0.093021,"totalarea":302.9380948}},{"type":"MultiPolygon","arcs":[[[-264,650,-526]],[[651,-603]]],"properties":{"name":"Salento","gaul_code":14188,"targetarea":22.3843087,"totpop":97376.9057268,"country_id":"COL","targetpop":81870.0720825,"new_mean":0.0889811,"totalarea":392.6873156}},{"type":"Polygon","arcs":[[652]],"properties":{"name":"Urrao","gaul_code":13456,"targetarea":1.9687966,"totpop":58705.0809011,"country_id":"COL","targetpop":1815.3430786,"new_mean":0.0950385,"totalarea":2642.2397297}},{"type":"Polygon","arcs":[[653]],"properties":{"name":"Cisneros","gaul_code":13376,"targetarea":5.4696379,"totpop":12254.2381477,"country_id":"COL","targetpop":6793.9060669,"new_mean":0.1046862,"totalarea":39.0052692}},{"type":"Polygon","arcs":[[654]],"properties":{"name":"Granada","gaul_code":14041,"targetarea":20.7963735,"totpop":73242.8337955,"country_id":"COL","targetpop":46637.1263428,"new_mean":0.1343413,"totalarea":229.6672468}},{"type":"Polygon","arcs":[[655]],"properties":{"name":"Pasto","gaul_code":14102,"targetarea":133.8482008,"totpop":554230.08112,"country_id":"COL","targetpop":429153.734497,"new_mean":0.0880877,"totalarea":1469.1872114}},{"type":"Polygon","arcs":[[656]],"properties":{"name":"Puerto Libertador","gaul_code":13825,"targetarea":7.8589732,"totpop":68103.527712,"country_id":"COL","targetpop":13700.7369385,"new_mean":0.1277918,"totalarea":1386.1830792}},{"type":"Polygon","arcs":[[657,-127]],"properties":{"name":"Inza","gaul_code":13733,"targetarea":9.7852013,"totpop":77941.1053934,"country_id":"COL","targetpop":8306.515564,"new_mean":0.0903337,"totalarea":1343.7515547}},{"type":"MultiPolygon","arcs":[[[658,-369]],[[659]],[[660]],[[661]]],"properties":{"name":"Neiva","gaul_code":13991,"targetarea":104.1010675,"totpop":429498.210421,"country_id":"COL","targetpop":327543.487427,"new_mean":0.2221559,"totalarea":1472.2187778}},{"type":"MultiPolygon","arcs":[[[662,-224]],[[663]],[[-515,664]]],"properties":{"name":"Duitama","gaul_code":13566,"targetarea":52.8451018,"totpop":130899.37388,"country_id":"COL","targetpop":106732.955322,"new_mean":0.0715499,"totalarea":281.1106101}},{"type":"Polygon","arcs":[[665]],"properties":{"name":"Puerto Lopez","gaul_code":14051,"targetarea":7.2746557,"totpop":36052.6359822,"country_id":"COL","targetpop":9798.1355591,"new_mean":0.1030005,"totalarea":5576.297787}},{"type":"MultiPolygon","arcs":[[[666,-572]],[[667]]],"properties":{"name":"Timana","gaul_code":14007,"targetarea":6.4156293,"totpop":33502.5587959,"country_id":"COL","targetpop":8901.5827332,"new_mean":0.1202157,"totalarea":204.3018156}},{"type":"MultiPolygon","arcs":[[[668]],[[669]],[[670,671,-406,672,-35,673]]],"properties":{"name":"Soacha","gaul_code":13920,"targetarea":104.4548692,"totpop":497998.987194,"country_id":"COL","targetpop":467324.509644,"new_mean":0.0893075,"totalarea":252.1521769}},{"type":"Polygon","arcs":[[674,-117]],"properties":{"name":"Chiquiza","gaul_code":13552,"targetarea":1.4399456,"totpop":4446.6600666,"country_id":"COL","targetpop":1582.4830933,"new_mean":0.0903669,"totalarea":38.8343306}},{"type":"Polygon","arcs":[[675,-114,676]],"properties":{"name":"Patia (el Bordo)","gaul_code":13743,"targetarea":2.2452803,"totpop":41008.6519675,"country_id":"COL","targetpop":3991.4310303,"new_mean":0.1123701,"totalarea":757.2408892}},{"type":"Polygon","arcs":[[677,-677,-113]],"properties":{"name":"La Vega","gaul_code":13736,"targetarea":0.6109384,"totpop":65265.9659309,"country_id":"COL","targetpop":800.7629395,"new_mean":0.0896495,"totalarea":511.5252851}},{"type":"MultiPolygon","arcs":[[[678,-168,-364,-562,-470,-370,679,-536,-489,-519,680]],[[681]]],"properties":{"name":"Medellin","gaul_code":13408,"targetarea":254.5166517,"totpop":2792185.82895,"country_id":"COL","targetpop":2761078.72339,"new_mean":0.0421271,"totalarea":361.4384535}},{"type":"Polygon","arcs":[[682]],"properties":{"name":"Narino","gaul_code":13412,"targetarea":2.2859308,"totpop":19396.6400747,"country_id":"COL","targetpop":2093.5578003,"new_mean":0.0973233,"totalarea":303.9514694}},{"type":"MultiPolygon","arcs":[[[-283,683,-441,-617]],[[684,-595,-450]],[[685]]],"properties":{"name":"Nemocon","gaul_code":13894,"targetarea":8.0227112,"totpop":26723.3466377,"country_id":"COL","targetpop":6450.9274292,"new_mean":0.086149,"totalarea":99.7881024}},{"type":"Polygon","arcs":[[686,-579]],"properties":{"name":"El Bagre","gaul_code":13384,"targetarea":8.8860293,"totpop":73044.5378942,"country_id":"COL","targetpop":12392.6502075,"new_mean":0.1025586,"totalarea":1927.7619391}},{"type":"Polygon","arcs":[[-569,687,-358]],"properties":{"name":"Ubate","gaul_code":13938,"targetarea":13.176483,"totpop":39499.9260006,"country_id":"COL","targetpop":26834.1246338,"new_mean":0.0826627,"totalarea":111.0884474}},{"type":"Polygon","arcs":[[-199,-597,-641,688,-483,689]],"properties":{"name":"Floridablanca","gaul_code":14238,"targetarea":84.9920911,"totpop":354726.971588,"country_id":"COL","targetpop":349570.189178,"new_mean":0.138461,"totalarea":98.940352}},{"type":"Polygon","arcs":[[690]],"properties":{"name":"Don Matias","gaul_code":13382,"targetarea":3.2422366,"totpop":22913.8154449,"country_id":"COL","targetpop":3950.4269409,"new_mean":0.0952886,"totalarea":183.022344}},{"type":"Polygon","arcs":[[691,-161,-355,692,-352,-215,-407,-672,693,-559,-644,694,-647,695,-315]],"properties":{"name":"Santafe De Bogota D.c.","gaul_code":13914,"targetarea":630.3328133,"totpop":10093640.3208,"country_id":"COL","targetpop":9998388.70283,"new_mean":0.0921962,"totalarea":1650.701243}},{"type":"Polygon","arcs":[[696]],"properties":{"name":"Leticia","gaul_code":13336,"targetarea":9.1266886,"totpop":71428.4255237,"country_id":"COL","targetpop":21229.9006653,"new_mean":0.0659751,"totalarea":4060.1868488}},{"type":"MultiPolygon","arcs":[[[697]],[[-43,698]],[[-46,-376,699]]],"properties":{"name":"Carmen De Viboral","gaul_code":13372,"targetarea":18.0764665,"totpop":50532.1695094,"country_id":"COL","targetpop":20943.190979,"new_mean":0.093034,"totalarea":423.6939593}},{"type":"MultiPolygon","arcs":[[[700]],[[701]]],"properties":{"name":"Bugalagrande","gaul_code":14372,"targetarea":6.5736406,"totpop":35609.6410666,"country_id":"COL","targetpop":8709.8967896,"new_mean":0.1203463,"totalarea":371.4180514}},{"type":"Polygon","arcs":[[-260,-479,702]],"properties":{"name":"Genova","gaul_code":14183,"targetarea":1.5719845,"totpop":9936.4879289,"country_id":"COL","targetpop":1357.9141235,"new_mean":0.1094043,"totalarea":215.8455311}},{"type":"MultiPolygon","arcs":[[[703]],[[704]]],"properties":{"name":"Guamo","gaul_code":14336,"targetarea":10.8117139,"totpop":45182.1123085,"country_id":"COL","targetpop":13804.2317505,"new_mean":0.1542319,"totalarea":528.5348802}},{"type":"MultiPolygon","arcs":[[[-410,705]],[[706,-293,-512,707,-408,-213]],[[708]],[[-347,709]]],"properties":{"name":"Madrid","gaul_code":13889,"targetarea":43.2060209,"totpop":97894.5571899,"country_id":"COL","targetpop":68262.3760223,"new_mean":0.0874375,"totalarea":119.1129388}},{"type":"Polygon","arcs":[[710]],"properties":{"name":"Salgar","gaul_code":13428,"targetarea":2.5681608,"totpop":27636.9188185,"country_id":"COL","targetpop":3991.7449341,"new_mean":0.1061394,"totalarea":448.0786542}},{"type":"MultiPolygon","arcs":[[[711]],[[712]],[[-552,713]]],"properties":{"name":"Puerto Wilches","gaul_code":14270,"targetarea":6.8350285,"totpop":57923.7099329,"country_id":"COL","targetpop":10854.5192871,"new_mean":0.0996177,"totalarea":1696.0147729}},{"type":"Polygon","arcs":[[-361,714,-15]],"properties":{"name":"Malaga","gaul_code":14256,"targetarea":1.4141704,"totpop":6570.1552248,"country_id":"COL","targetpop":3706.661438,"new_mean":0.1013427,"totalarea":55.8533448}},{"type":"Polygon","arcs":[[715]],"properties":{"name":"Lerida","gaul_code":14341,"targetarea":4.3400648,"totpop":23212.3483257,"country_id":"COL","targetpop":5414.3275757,"new_mean":0.1248583,"totalarea":308.4486933}},{"type":"Polygon","arcs":[[716,-649]],"properties":{"name":"Sotara","gaul_code":13753,"targetarea":6.7013216,"totpop":51233.7084017,"country_id":"COL","targetpop":12856.7424927,"new_mean":0.0863894,"totalarea":471.7261878}},{"type":"Polygon","arcs":[[717]],"properties":{"name":"Cabrera","gaul_code":14215,"targetarea":2.1969119,"totpop":27894.525279,"country_id":"COL","targetpop":3286.4585571,"new_mean":0.1111218,"totalarea":104.6217259}},{"type":"Polygon","arcs":[[-227,718,-505]],"properties":{"name":"Tunja","gaul_code":13649,"targetarea":37.6212594,"totpop":169354.908813,"country_id":"COL","targetpop":136183.739197,"new_mean":0.0662758,"totalarea":221.1874529}},{"type":"MultiPolygon","arcs":[[[719]],[[-337,-692,-314,720]]],"properties":{"name":"La Calera","gaul_code":13882,"targetarea":47.8932212,"totpop":413060.901304,"country_id":"COL","targetpop":388570.805206,"new_mean":0.0959095,"totalarea":348.7030401}},{"type":"MultiPolygon","arcs":[[[721,-326]],[[722]]],"properties":{"name":"Ginebra","gaul_code":14384,"targetarea":4.8523001,"totpop":25505.4969282,"country_id":"COL","targetpop":5265.2524414,"new_mean":0.11285,"totalarea":232.9725938}},{"type":"MultiPolygon","arcs":[[[723]],[[724]],[[725]],[[726]],[[727]],[[728,-256,729,-253,-151,-105]],[[730,-323]],[[731,-322]],[[732]]],"properties":{"name":"Palmira","gaul_code":14392,"targetarea":200.3254694,"totpop":821908.502594,"country_id":"COL","targetpop":665734.750977,"new_mean":0.1314492,"totalarea":1036.814241}},{"type":"Polygon","arcs":[[-401,-280,733]],"properties":{"name":"Cajibio","gaul_code":13724,"targetarea":2.0280945,"totpop":43874.7621207,"country_id":"COL","targetpop":1435.7457275,"new_mean":0.0929146,"totalarea":694.4673583}},{"type":"Polygon","arcs":[[734]],"properties":{"name":"La Union","gaul_code":13404,"targetarea":5.6688547,"totpop":26536.690011,"country_id":"COL","targetpop":7238.2097168,"new_mean":0.0941791,"totalarea":200.9621582}},{"type":"Polygon","arcs":[[735]],"properties":{"name":"Tumaco","gaul_code":14121,"targetarea":7.8907713,"totpop":181414.075287,"country_id":"COL","targetpop":10912.4259949,"new_mean":0.0868071,"totalarea":2753.9145533}},{"type":"MultiPolygon","arcs":[[[736]],[[737]]],"properties":{"name":"Cartagena (dist. Esp.) (i","gaul_code":13504,"targetarea":11.2956629,"totpop":15723.9537752,"country_id":"COL","targetpop":11617.4961548,"new_mean":0.1310269,"totalarea":22.4092128}},{"type":"MultiPolygon","arcs":[[[738]],[[739,740,741]]],"properties":{"name":"Fundacion","gaul_code":14017,"targetarea":6.1095391,"totpop":48271.6783428,"country_id":"COL","targetpop":13373.0134277,"new_mean":0.1306135,"totalarea":1084.0563678}},{"type":"Polygon","arcs":[[742,743]],"properties":{"name":"Agustin Codazzi","gaul_code":13760,"targetarea":5.6566905,"totpop":38774.3772054,"country_id":"COL","targetpop":8672.6755371,"new_mean":0.132239,"totalarea":1645.8810547}},{"type":"Polygon","arcs":[[744]],"properties":{"name":"Guamal","gaul_code":14018,"targetarea":5.0569518,"totpop":38616.8272166,"country_id":"COL","targetpop":8691.3117065,"new_mean":0.1305538,"totalarea":555.5530326}},{"type":"MultiPolygon","arcs":[[[745]],[[746]]],"properties":{"name":"Cienaga De Oro","gaul_code":13814,"targetarea":10.0381145,"totpop":83482.5233879,"country_id":"COL","targetpop":13842.4315186,"new_mean":0.1706277,"totalarea":633.6114399}},{"type":"Polygon","arcs":[[747,748]],"properties":{"name":"Tiquisio","gaul_code":13531,"targetarea":70.0264507,"totpop":292482.876884,"country_id":"COL","targetpop":66072.8258057,"new_mean":0.1106461,"totalarea":862.6758272}},{"type":"Polygon","arcs":[[749]],"properties":{"name":"MoÃ‘itos","gaul_code":13821,"targetarea":4.8356916,"totpop":37508.2656417,"country_id":"COL","targetpop":4607.2788086,"new_mean":0.1578742,"totalarea":275.3714934}},{"type":"Polygon","arcs":[[750]],"properties":{"name":"San Andres Y Providencia","gaul_code":14203,"targetarea":24.4925886,"totpop":65404.1332092,"country_id":"COL","targetpop":65404.1332092,"new_mean":0.1083473,"totalarea":27.957555}},{"type":"Polygon","arcs":[[751]],"properties":{"name":"Canalete","gaul_code":13810,"targetarea":2.2704081,"totpop":36249.7969398,"country_id":"COL","targetpop":3327.7528686,"new_mean":0.1627297,"totalarea":481.3992646}},{"type":"Polygon","arcs":[[752]],"properties":{"name":"Villanueva","gaul_code":13534,"targetarea":5.4745164,"totpop":26271.1241264,"country_id":"COL","targetpop":7785.0563355,"new_mean":0.1606138,"totalarea":157.2817779}},{"type":"MultiPolygon","arcs":[[[753]],[[754]]],"properties":{"name":"Santa Catalina","gaul_code":13525,"targetarea":6.9200877,"totpop":27798.7541733,"country_id":"COL","targetpop":8599.9639511,"new_mean":0.1558072,"totalarea":179.4568297}},{"type":"MultiPolygon","arcs":[[[755]],[[756]]],"properties":{"name":"San Andres De Sotavento","gaul_code":13828,"targetarea":17.1515751,"totpop":93046.5402946,"country_id":"COL","targetpop":30143.788208,"new_mean":0.1828111,"totalarea":281.779121}},{"type":"Polygon","arcs":[[757]],"properties":{"name":"Sampues","gaul_code":14306,"targetarea":10.297846,"totpop":47008.5215855,"country_id":"COL","targetpop":15383.5822754,"new_mean":0.1931483,"totalarea":235.4880474}},{"type":"Polygon","arcs":[[758,759]],"properties":{"name":"Turbaco","gaul_code":13532,"targetarea":34.9376207,"totpop":86564.9314461,"country_id":"COL","targetpop":57743.8103333,"new_mean":0.1658302,"totalarea":182.7617108}},{"type":"MultiPolygon","arcs":[[[760,761]],[[762]]],"properties":{"name":"Fonseca","gaul_code":13960,"targetarea":7.6104867,"totpop":34957.6070819,"country_id":"COL","targetpop":9348.363678,"new_mean":0.1485927,"totalarea":663.387868}},{"type":"Polygon","arcs":[[763]],"properties":{"name":"El Copey","gaul_code":13767,"targetarea":4.8143208,"totpop":31950.351835,"country_id":"COL","targetpop":6793.7711792,"new_mean":0.1422584,"totalarea":996.4283201}},{"type":"MultiPolygon","arcs":[[[764]],[[765]]],"properties":{"name":"Luruaco","gaul_code":13480,"targetarea":7.1948366,"totpop":35304.4491529,"country_id":"COL","targetpop":11528.0325928,"new_mean":0.1570944,"totalarea":285.4401925}},{"type":"Polygon","arcs":[[766]],"properties":{"name":"Astrea","gaul_code":13761,"targetarea":2.2659618,"totpop":19461.1326485,"country_id":"COL","targetpop":2094.8410034,"new_mean":0.1391064,"totalarea":572.325204}},{"type":"Polygon","arcs":[[767]],"properties":{"name":"Necocli","gaul_code":13414,"targetarea":3.1371937,"totpop":60860.4693842,"country_id":"COL","targetpop":3510.0487671,"new_mean":0.1311644,"totalarea":1161.7398952}},{"type":"Polygon","arcs":[[768]],"properties":{"name":"Pueblo Nuevo","gaul_code":13823,"targetarea":5.0738803,"totpop":52756.7760434,"country_id":"COL","targetpop":6925.8101196,"new_mean":0.172466,"totalarea":890.9144966}},{"type":"Polygon","arcs":[[769]],"properties":{"name":"Pelaya","gaul_code":13776,"targetarea":4.9642918,"totpop":18834.6698952,"country_id":"COL","targetpop":6806.7365723,"new_mean":0.1358903,"totalarea":421.52717}},{"type":"MultiPolygon","arcs":[[[770]],[[771]]],"properties":{"name":"Purisima","gaul_code":13826,"targetarea":3.9577476,"totpop":20501.9167309,"country_id":"COL","targetpop":6719.8244019,"new_mean":0.1698157,"totalarea":111.213648}},{"type":"Polygon","arcs":[[772]],"properties":{"name":"Galeras","gaul_code":14298,"targetarea":5.0650655,"totpop":23339.3733196,"country_id":"COL","targetpop":5253.8716431,"new_mean":0.1773441,"totalarea":272.9982974}},{"type":"Polygon","arcs":[[773,774]],"properties":{"name":"Pueblo Viejo","gaul_code":14022,"targetarea":4.5419163,"totpop":21236.6614023,"country_id":"COL","targetpop":4959.25383,"new_mean":0.1178955,"totalarea":672.1174616}},{"type":"MultiPolygon","arcs":[[[775]],[[776]]],"properties":{"name":"Villanueva","gaul_code":13968,"targetarea":13.2846412,"totpop":43367.3812084,"country_id":"COL","targetpop":22850.8615723,"new_mean":0.147414,"totalarea":317.2679454}},{"type":"MultiPolygon","arcs":[[[777,-761]],[[778]],[[779]]],"properties":{"name":"Barrancas","gaul_code":13958,"targetarea":20.2461711,"totpop":61211.0443573,"country_id":"COL","targetpop":33072.1802979,"new_mean":0.1512335,"totalarea":445.2393331}},{"type":"Polygon","arcs":[[780]],"properties":{"name":"Usiacuri","gaul_code":13496,"targetarea":1.8412014,"totpop":9611.4456949,"country_id":"COL","targetpop":1934.0056763,"new_mean":0.163154,"totalarea":93.9001064}},{"type":"Polygon","arcs":[[781,782,783,784,785]],"properties":{"name":"Galapa","gaul_code":13478,"targetarea":34.0120329,"totpop":92876.8395157,"country_id":"COL","targetpop":71482.5142212,"new_mean":0.165882,"totalarea":102.832979}},{"type":"MultiPolygon","arcs":[[[786]],[[787]]],"properties":{"name":"Tolu","gaul_code":14316,"targetarea":18.4552698,"totpop":56048.9627399,"country_id":"COL","targetpop":25426.8374786,"new_mean":0.1731411,"totalarea":369.4715268}},{"type":"MultiPolygon","arcs":[[[788,789,790]],[[791,792,793]],[[794,795,796,-782,797,798,799]]],"properties":{"name":"Barranquilla  (dist.port.","gaul_code":13475,"targetarea":179.6050441,"totpop":1638046.30002,"country_id":"COL","targetpop":1585571.33053,"new_mean":0.1738927,"totalarea":1184.275357}},{"type":"Polygon","arcs":[[800]],"properties":{"name":"Puerto Santander","gaul_code":14152,"targetarea":4.0875678,"totpop":20550.6443253,"country_id":"COL","targetpop":4835.0499878,"new_mean":0.1157113,"totalarea":161.4129049}},{"type":"Polygon","arcs":[[801]],"properties":{"name":"Santa Lucia","gaul_code":13491,"targetarea":2.2604151,"totpop":14180.9460522,"country_id":"COL","targetpop":4423.4703369,"new_mean":0.1463576,"totalarea":69.2333636}},{"type":"MultiPolygon","arcs":[[[802,803,804]],[[805]]],"properties":{"name":"Campo De La Cruz","gaul_code":13476,"targetarea":5.1563938,"totpop":17337.0695038,"country_id":"COL","targetpop":6384.6531372,"new_mean":0.1491249,"totalarea":98.8048842}},{"type":"Polygon","arcs":[[806,807]],"properties":{"name":"Since","gaul_code":14313,"targetarea":3.4226443,"totpop":30235.2041245,"country_id":"COL","targetpop":4987.5349121,"new_mean":0.1907054,"totalarea":374.5954949}},{"type":"Polygon","arcs":[[808]],"properties":{"name":"San Jacinto","gaul_code":13521,"targetarea":4.4805468,"totpop":20700.2004676,"country_id":"COL","targetpop":6813.614563,"new_mean":0.1422078,"totalarea":438.3320369}},{"type":"MultiPolygon","arcs":[[[809]],[[810]],[[811,812,-760,813]],[[814]],[[815]]],"properties":{"name":"Cartagena (dist. Esp.)","gaul_code":13503,"targetarea":253.2322844,"totpop":1255804.82551,"country_id":"COL","targetpop":1149981.06625,"new_mean":0.165865,"totalarea":728.8425535}},{"type":"MultiPolygon","arcs":[[[816]],[[817,818]]],"properties":{"name":"Plato","gaul_code":14021,"targetarea":11.6286295,"totpop":93583.4567025,"country_id":"COL","targetpop":19459.8044434,"new_mean":0.1375686,"totalarea":2584.6424048}},{"type":"Polygon","arcs":[[819]],"properties":{"name":"San Juan De Uraba","gaul_code":13434,"targetarea":4.9176393,"totpop":29348.5899868,"country_id":"COL","targetpop":5210.2247009,"new_mean":0.1412791,"totalarea":309.8541591}},{"type":"Polygon","arcs":[[820]],"properties":{"name":"Arboletes","gaul_code":13353,"targetarea":2.8705048,"totpop":29551.7705917,"country_id":"COL","targetpop":6277.0931397,"new_mean":0.1419657,"totalarea":482.9715552}},{"type":"Polygon","arcs":[[821,822,823]],"properties":{"name":"Soplaviento","gaul_code":13529,"targetarea":2.3822346,"totpop":10761.5884393,"country_id":"COL","targetpop":4106.6673508,"new_mean":0.1489717,"totalarea":120.9042657}},{"type":"MultiPolygon","arcs":[[[824,-748]],[[825,826]],[[827]],[[828]],[[829,830,831]],[[832]],[[833,834]],[[835,836]],[[837,838,839]],[[840]],[[841,842,-834,843,-837,844]]],"properties":{"name":"Pinillos","gaul_code":13517,"targetarea":196.4711345,"totpop":330806.743855,"country_id":"COL","targetpop":164865.12207,"new_mean":0.1148904,"totalarea":756.0394437}},{"type":"MultiPolygon","arcs":[[[-831,845]],[[846]],[[847]]],"properties":{"name":"Magangue","gaul_code":13510,"targetarea":31.874466,"totpop":158468.582849,"country_id":"COL","targetpop":68359.3119507,"new_mean":0.1418171,"totalarea":1298.5470243}},{"type":"Polygon","arcs":[[848]],"properties":{"name":"Curumani","gaul_code":13766,"targetarea":3.7160678,"totpop":25636.6865277,"country_id":"COL","targetpop":5024.595398,"new_mean":0.1358847,"totalarea":806.7560319}},{"type":"Polygon","arcs":[[849,850]],"properties":{"name":"Monteria","gaul_code":13820,"targetarea":97.1106689,"totpop":563194.075619,"country_id":"COL","targetpop":331795.30542,"new_mean":0.1675634,"totalarea":3034.8770748}},{"type":"Polygon","arcs":[[851]],"properties":{"name":"Hato Nuevo","gaul_code":13961,"targetarea":2.8542999,"totpop":26826.0486944,"country_id":"COL","targetpop":5240.8387451,"new_mean":0.1501236,"totalarea":394.2308722}},{"type":"MultiPolygon","arcs":[[[852]],[[853]]],"properties":{"name":"Santa Ana","gaul_code":14027,"targetarea":4.2474867,"totpop":75603.2959006,"country_id":"COL","targetpop":4615.5716553,"new_mean":0.1416365,"totalarea":2211.635209}},{"type":"Polygon","arcs":[[854]],"properties":{"name":"El Banco","gaul_code":14015,"targetarea":10.2449598,"totpop":59642.3619978,"country_id":"COL","targetpop":22066.4249878,"new_mean":0.1234355,"totalarea":798.7527201}},{"type":"MultiPolygon","arcs":[[[-819,855]],[[856]]],"properties":{"name":"Tenerife","gaul_code":14030,"targetarea":5.590659,"totpop":26725.6645566,"country_id":"COL","targetpop":6638.4450073,"new_mean":0.1351092,"totalarea":746.1884631}},{"type":"Polygon","arcs":[[857]],"properties":{"name":"Ovejas","gaul_code":14304,"targetarea":2.5877218,"totpop":22206.1860723,"country_id":"COL","targetpop":3709.3373413,"new_mean":0.1600909,"totalarea":495.2653272}},{"type":"MultiPolygon","arcs":[[[858]],[[859]],[[-774,860,861,862]]],"properties":{"name":"Cienaga","gaul_code":14014,"targetarea":62.0877596,"totpop":231347.407099,"country_id":"COL","targetpop":112963.636093,"new_mean":0.1149356,"totalarea":1771.0271798}},{"type":"Polygon","arcs":[[863]],"properties":{"name":"Pailitas","gaul_code":13775,"targetarea":3.2237907,"totpop":18738.7919157,"country_id":"COL","targetpop":3225.1883545,"new_mean":0.1315134,"totalarea":447.8739633}},{"type":"MultiPolygon","arcs":[[[864,865,-740]],[[866]],[[867]]],"properties":{"name":"Aracataca","gaul_code":14010,"targetarea":28.6756575,"totpop":115577.496959,"country_id":"COL","targetpop":61625.7571411,"new_mean":0.1203838,"totalarea":1929.106272}},{"type":"Polygon","arcs":[[-794,868,869,870,-789,871]],"properties":{"name":"Santo Tomas","gaul_code":13492,"targetarea":8.6212537,"totpop":28720.2594872,"country_id":"COL","targetpop":21226.3894043,"new_mean":0.1547545,"totalarea":61.1698166}},{"type":"MultiPolygon","arcs":[[[872]],[[-866,873,-741]]],"properties":{"name":"Pivijay","gaul_code":14020,"targetarea":5.3912516,"totpop":61287.5537254,"country_id":"COL","targetpop":5439.3591919,"new_mean":0.1440274,"totalarea":2170.158556}},{"type":"MultiPolygon","arcs":[[[874,875,-799]],[[876,-785,877,878,879]]],"properties":{"name":"Malambo","gaul_code":13481,"targetarea":49.6840106,"totpop":147238.181862,"country_id":"COL","targetpop":125448.992462,"new_mean":0.1810672,"totalarea":107.0817474}},{"type":"MultiPolygon","arcs":[[[880,881]],[[882,883,884]]],"properties":{"name":"Urumita","gaul_code":13967,"targetarea":5.3911701,"totpop":34572.2811897,"country_id":"COL","targetpop":5867.3445435,"new_mean":0.1364178,"totalarea":481.2965811}},{"type":"Polygon","arcs":[[885]],"properties":{"name":"Polo Nuevo","gaul_code":13485,"targetarea":4.7994982,"totpop":18130.0846405,"country_id":"COL","targetpop":6112.288208,"new_mean":0.164457,"totalarea":72.753239}},{"type":"Polygon","arcs":[[886]],"properties":{"name":"Manaure Balcon Del Cesar","gaul_code":13774,"targetarea":5.0468609,"totpop":16492.914048,"country_id":"COL","targetpop":7618.0070801,"new_mean":0.1297587,"totalarea":218.7331619}},{"type":"MultiPolygon","arcs":[[[887,888,-822]],[[889]]],"properties":{"name":"Repelon","gaul_code":13488,"targetarea":7.3723781,"totpop":35432.9284551,"country_id":"COL","targetpop":8226.8500977,"new_mean":0.1495412,"totalarea":390.389641}},{"type":"MultiPolygon","arcs":[[[890]],[[891]]],"properties":{"name":"Uribia","gaul_code":13966,"targetarea":30.4283458,"totpop":302171.407108,"country_id":"COL","targetpop":68663.2770081,"new_mean":0.1396278,"totalarea":7934.3418325}},{"type":"Polygon","arcs":[[892]],"properties":{"name":"San Juan Nepomuceno","gaul_code":13522,"targetarea":7.875364,"totpop":31523.2142228,"country_id":"COL","targetpop":11728.2739868,"new_mean":0.140597,"totalarea":640.0549071}},{"type":"Polygon","arcs":[[-812,893]],"properties":{"name":"Turbana","gaul_code":13533,"targetarea":3.078908,"totpop":25425.902174,"country_id":"COL","targetpop":5285.4934082,"new_mean":0.1613922,"totalarea":183.2630236}},{"type":"Polygon","arcs":[[894]],"properties":{"name":"Chinu","gaul_code":13813,"targetarea":9.4211349,"totpop":77365.4193497,"country_id":"COL","targetpop":17348.8623657,"new_mean":0.1853527,"totalarea":575.6038564}},{"type":"MultiPolygon","arcs":[[[895]],[[896]],[[897]]],"properties":{"name":"Sabanalarga","gaul_code":13490,"targetarea":29.7784988,"totpop":121581.45086,"country_id":"COL","targetpop":63870.3225708,"new_mean":0.1634684,"totalarea":437.3177756}},{"type":"MultiPolygon","arcs":[[[898]],[[899]]],"properties":{"name":"San Juan Del Cesar","gaul_code":13965,"targetarea":11.802726,"totpop":54172.5371358,"country_id":"COL","targetpop":15417.6725464,"new_mean":0.1453511,"totalarea":1070.0246247}},{"type":"Polygon","arcs":[[900]],"properties":{"name":"Santa Rosa","gaul_code":13526,"targetarea":4.6640011,"totpop":25263.8335838,"country_id":"COL","targetpop":6971.7938843,"new_mean":0.1634161,"totalarea":128.8340252}},{"type":"Polygon","arcs":[[901,-842]],"properties":{"name":"San Fernando","gaul_code":13520,"targetarea":1.7805608,"totpop":38436.2929283,"country_id":"COL","targetpop":1221.100647,"new_mean":0.1249223,"totalarea":359.734862}},{"type":"Polygon","arcs":[[902,-879,903,-869,-793]],"properties":{"name":"Sabanagrande","gaul_code":13489,"targetarea":18.1910071,"totpop":37618.6648331,"country_id":"COL","targetpop":32372.4878235,"new_mean":0.1549565,"totalarea":31.8468785}},{"type":"Polygon","arcs":[[904]],"properties":{"name":"Palmito","gaul_code":14305,"targetarea":1.954969,"totpop":27065.3637238,"country_id":"COL","targetpop":1733.3077393,"new_mean":0.1762095,"totalarea":239.8365144}},{"type":"Polygon","arcs":[[905]],"properties":{"name":"Ariguani","gaul_code":14011,"targetarea":4.9852943,"totpop":51808.9431057,"country_id":"COL","targetpop":6124.0791626,"new_mean":0.1427627,"totalarea":1663.8585088}},{"type":"MultiPolygon","arcs":[[[906,907,908]],[[-805,909,910]]],"properties":{"name":"Suan","gaul_code":13494,"targetarea":0.0432836,"totpop":2883.1891289,"country_id":"COL","targetpop":0,"new_mean":0,"totalarea":23.0532587}},{"type":"Polygon","arcs":[[911,912,913]],"properties":{"name":"Remolino","gaul_code":14023,"targetarea":2.0112033,"totpop":12114.470561,"country_id":"COL","targetpop":3209.9641113,"new_mean":0.145387,"totalarea":547.7222071}},{"type":"MultiPolygon","arcs":[[[914,915,-913]],[[916,-790,-871]]],"properties":{"name":"Palmar De Varela","gaul_code":13483,"targetarea":3.7509152,"totpop":12564.6520157,"country_id":"COL","targetpop":5073.2146912,"new_mean":0.1590593,"totalarea":56.2434123}},{"type":"MultiPolygon","arcs":[[[917]],[[918]]],"properties":{"name":"Manati","gaul_code":13482,"targetarea":8.2154812,"totpop":23825.9866037,"country_id":"COL","targetpop":9680.6957397,"new_mean":0.1525237,"totalarea":216.6557862}},{"type":"Polygon","arcs":[[919]],"properties":{"name":"El Carmen De Bolivar","gaul_code":13507,"targetarea":13.2860919,"totpop":70148.0048199,"country_id":"COL","targetpop":34109.6521606,"new_mean":0.1547606,"totalarea":811.9194584}},{"type":"Polygon","arcs":[[920,-823,-889]],"properties":{"name":"San Estanislao","gaul_code":13519,"targetarea":4.4298474,"totpop":17373.5409765,"country_id":"COL","targetpop":6995.2225342,"new_mean":0.152696,"totalarea":191.914592}},{"type":"Polygon","arcs":[[-808,921]],"properties":{"name":"San Juan De Betulia","gaul_code":14308,"targetarea":3.3896422,"totpop":23736.526926,"country_id":"COL","targetpop":4283.7560425,"new_mean":0.1941107,"totalarea":248.3099976}},{"type":"Polygon","arcs":[[922,-850]],"properties":{"name":"Cerete","gaul_code":13811,"targetarea":37.9350524,"totpop":111117.197098,"country_id":"COL","targetpop":77206.8574524,"new_mean":0.1578249,"totalarea":242.823616}},{"type":"Polygon","arcs":[[923]],"properties":{"name":"Juan De Acosta","gaul_code":13479,"targetarea":5.4596131,"totpop":21304.3769951,"country_id":"COL","targetpop":5091.8242188,"new_mean":0.1605026,"totalarea":203.9015021}},{"type":"MultiPolygon","arcs":[[[924]],[[925]],[[926]],[[927]],[[928,929,-884]]],"properties":{"name":"Valledupar","gaul_code":13782,"targetarea":107.6841401,"totpop":590628.365811,"country_id":"COL","targetpop":342918.660278,"new_mean":0.1341305,"totalarea":4970.1374093}},{"type":"MultiPolygon","arcs":[[[930]],[[931]]],"properties":{"name":"Arjona","gaul_code":13499,"targetarea":17.3893627,"totpop":85164.6375235,"country_id":"COL","targetpop":35075.2490845,"new_mean":0.1588132,"totalarea":542.7589152}},{"type":"Polygon","arcs":[[-798,-786,-877,932,-875]],"properties":{"name":"Soledad","gaul_code":13493,"targetarea":50.1200757,"totpop":816608.133972,"country_id":"COL","targetpop":816484.422607,"new_mean":0.1812066,"totalarea":50.6977591}},{"type":"MultiPolygon","arcs":[[[933]],[[934]],[[935]],[[936]],[[937,938]]],"properties":{"name":"Riohacha","gaul_code":13964,"targetarea":41.5884787,"totpop":367918.052794,"country_id":"COL","targetpop":94443.9286041,"new_mean":0.1532656,"totalarea":5704.5069353}},{"type":"MultiPolygon","arcs":[[[939,940]],[[941]],[[942]]],"properties":{"name":"Mahates","gaul_code":13511,"targetarea":4.9599486,"totpop":37781.8208694,"country_id":"COL","targetpop":5489.7294311,"new_mean":0.1466052,"totalarea":465.2996977}},{"type":"MultiPolygon","arcs":[[[943]],[[944]]],"properties":{"name":"Maicao","gaul_code":13962,"targetarea":40.7334591,"totpop":247684.161567,"country_id":"COL","targetpop":114868.377716,"new_mean":0.1504477,"totalarea":2277.5027755}},{"type":"MultiPolygon","arcs":[[[945]],[[-916,946,-914]]],"properties":{"name":"Ponedera","gaul_code":13486,"targetarea":4.4238699,"totpop":28679.4520893,"country_id":"COL","targetpop":8885.5730591,"new_mean":0.1541837,"totalarea":198.2180701}},{"type":"MultiPolygon","arcs":[[[947,948,949]],[[950,951,952]],[[953,954]]],"properties":{"name":"Morroa","gaul_code":14303,"targetarea":17.0739049,"totpop":42771.0038433,"country_id":"COL","targetpop":28741.5007629,"new_mean":0.184544,"totalarea":169.9558258}},{"type":"Polygon","arcs":[[955]],"properties":{"name":"San Onofre","gaul_code":14310,"targetarea":7.4997938,"totpop":52999.2907143,"country_id":"COL","targetpop":11081.8312988,"new_mean":0.1583899,"totalarea":1012.0147594}},{"type":"Polygon","arcs":[[956]],"properties":{"name":"Toluviejo","gaul_code":14317,"targetarea":2.5315103,"totpop":18531.3363342,"country_id":"COL","targetpop":2768.8560181,"new_mean":0.1739613,"totalarea":265.1421614}},{"type":"Polygon","arcs":[[957,-954]],"properties":{"name":"Los Palmitos","gaul_code":14301,"targetarea":2.4931203,"totpop":18401.1748877,"country_id":"COL","targetpop":2026.1018677,"new_mean":0.1833161,"totalarea":229.2049163}},{"type":"MultiPolygon","arcs":[[[958,-909,959]],[[960]],[[-803,-911,961]]],"properties":{"name":"Cerro San Antonio","gaul_code":14012,"targetarea":11.1956014,"totpop":34660.9647079,"country_id":"COL","targetpop":18987.7073364,"new_mean":0.1409953,"totalarea":279.0382729}},{"type":"MultiPolygon","arcs":[[[962]],[[963]],[[964]],[[965]],[[966]]],"properties":{"name":"Sahagun","gaul_code":13827,"targetarea":74.3589058,"totpop":391291.869087,"country_id":"COL","targetpop":203791.103516,"new_mean":0.1802144,"totalarea":868.6113525}},{"type":"Polygon","arcs":[[-908,967,-960]],"properties":{"name":"Calamar","gaul_code":13501,"targetarea":2.0660773,"totpop":24145.2019993,"country_id":"COL","targetpop":2573.1848755,"new_mean":0.1458415,"totalarea":365.9227351}},{"type":"Polygon","arcs":[[968,-839]],"properties":{"name":"Barranco De Loba","gaul_code":13500,"targetarea":1.9429094,"totpop":24928.3598676,"country_id":"COL","targetpop":1803.6716919,"new_mean":0.1170043,"totalarea":406.0868987}},{"type":"Polygon","arcs":[[969]],"properties":{"name":"La Union","gaul_code":14300,"targetarea":4.2268812,"totpop":18797.2979507,"country_id":"COL","targetpop":3915.7298584,"new_mean":0.1772859,"totalarea":235.4283778}},{"type":"Polygon","arcs":[[970]],"properties":{"name":"San Bernardo El Viento","gaul_code":13830,"targetarea":7.673047,"totpop":61840.2365439,"country_id":"COL","targetpop":15941.0795898,"new_mean":0.1531404,"totalarea":339.4377927}},{"type":"MultiPolygon","arcs":[[[-797,971,-783]],[[972]],[[973]],[[-795,974]]],"properties":{"name":"Puerto Colombia","gaul_code":13487,"targetarea":16.7804155,"totpop":59429.8019338,"country_id":"COL","targetpop":42150.5595245,"new_mean":0.1465595,"totalarea":92.3181258}},{"type":"MultiPolygon","arcs":[[[975,-938]],[[976]]],"properties":{"name":"Manaure","gaul_code":13963,"targetarea":47.7933682,"totpop":342417.410593,"country_id":"COL","targetpop":156031.319542,"new_mean":0.1506161,"totalarea":1953.0752138}},{"type":"MultiPolygon","arcs":[[[977]],[[978,-952]]],"properties":{"name":"Corozal","gaul_code":14297,"targetarea":14.1998989,"totpop":65709.3585396,"country_id":"COL","targetpop":26407.2322998,"new_mean":0.1945657,"totalarea":422.7166992}},{"type":"MultiPolygon","arcs":[[[979]],[[-941,980]]],"properties":{"name":"Maria La Baja","gaul_code":13513,"targetarea":11.542454,"totpop":54274.7681093,"country_id":"COL","targetpop":15522.3756714,"new_mean":0.1333855,"totalarea":461.694543}},{"type":"Polygon","arcs":[[981]],"properties":{"name":"San Pelayo","gaul_code":13833,"targetarea":9.9373754,"totpop":55664.8865929,"country_id":"COL","targetpop":13250.197113,"new_mean":0.1630101,"totalarea":483.447143}},{"type":"Polygon","arcs":[[982]],"properties":{"name":"San Pedro","gaul_code":14312,"targetarea":2.6988887,"totpop":17425.1655464,"country_id":"COL","targetpop":3382.1535034,"new_mean":0.1804141,"totalarea":220.6128166}},{"type":"MultiPolygon","arcs":[[[983]],[[984]]],"properties":{"name":"Baranoa","gaul_code":13474,"targetarea":32.9663445,"totpop":71738.2805023,"country_id":"COL","targetpop":48648.9611053,"new_mean":0.1668883,"totalarea":134.2487224}},{"type":"MultiPolygon","arcs":[[[-744,985]],[[986,-881]],[[-885,-930,987]]],"properties":{"name":"La Paz","gaul_code":13773,"targetarea":12.4666793,"totpop":49124.7694902,"country_id":"COL","targetpop":16867.031189,"new_mean":0.1347014,"totalarea":1464.471046}},{"type":"MultiPolygon","arcs":[[[988]],[[989]]],"properties":{"name":"Lorica","gaul_code":13815,"targetarea":27.5736743,"totpop":161826.827202,"country_id":"COL","targetpop":60926.6671143,"new_mean":0.1681272,"totalarea":981.4504326}},{"type":"Polygon","arcs":[[990]],"properties":{"name":"San Sebastian De Buenavis","gaul_code":14025,"targetarea":2.2676045,"totpop":22771.046675,"country_id":"COL","targetpop":2246.4438477,"new_mean":0.1346044,"totalarea":417.2036873}},{"type":"Polygon","arcs":[[991]],"properties":{"name":"Bosconia","gaul_code":13763,"targetarea":9.935869,"totpop":46179.5063853,"country_id":"COL","targetpop":19511.7626953,"new_mean":0.1385882,"totalarea":593.3700111}},{"type":"Polygon","arcs":[[992]],"properties":{"name":"Salamina","gaul_code":14024,"targetarea":2.2592388,"totpop":8942.752635,"country_id":"COL","targetpop":2295.8825073,"new_mean":0.1457408,"totalarea":184.9184095}},{"type":"MultiPolygon","arcs":[[[993]],[[994,-949,995]]],"properties":{"name":"Sincelejo","gaul_code":14314,"targetarea":87.3766068,"totpop":354630.856302,"country_id":"COL","targetpop":299950.157288,"new_mean":0.2432471,"totalarea":303.2140486}},{"type":"Polygon","arcs":[[996,-827]],"properties":{"name":"Altos Del Rosario","gaul_code":13498,"targetarea":14.713171,"totpop":39063.6283046,"country_id":"COL","targetpop":10707.7931519,"new_mean":0.1126484,"totalarea":271.6427435}},{"type":"Polygon","arcs":[[997,-862]],"properties":{"name":"Santa Marta (dist. Esp.)","gaul_code":14028,"targetarea":130.0215103,"totpop":629303.557782,"country_id":"COL","targetpop":527402.422272,"new_mean":0.1075612,"totalarea":2416.5427304}},{"type":"Polygon","arcs":[[998]],"properties":{"name":"San Marcos","gaul_code":14309,"targetarea":8.0632617,"totpop":78267.1687635,"country_id":"COL","targetpop":10265.6591187,"new_mean":0.1673489,"totalarea":1119.5217675}},{"type":"Polygon","arcs":[[999]],"properties":{"name":"San Zenon","gaul_code":14026,"targetarea":9.2191693,"totpop":33428.4879016,"country_id":"COL","targetpop":18574.1610107,"new_mean":0.129608,"totalarea":271.4901486}},{"type":"Polygon","arcs":[[1000]],"properties":{"name":"Tierralta","gaul_code":13834,"targetarea":13.3264388,"totpop":152504.108067,"country_id":"COL","targetpop":23889.1677246,"new_mean":0.1325567,"totalarea":5058.4077007}},{"type":"MultiPolygon","arcs":[[[1001]],[[1002]]],"properties":{"name":"Ayapel","gaul_code":13808,"targetarea":10.5705043,"totpop":85692.2500222,"country_id":"COL","targetpop":16140.251709,"new_mean":0.137306,"totalarea":2153.454992}},{"type":"Polygon","arcs":[[1003]],"properties":{"name":"Sardinata","gaul_code":14158,"targetarea":2.2744164,"totpop":24828.6924474,"country_id":"COL","targetpop":2547.9107666,"new_mean":0.111159,"totalarea":1341.4512875}},{"type":"Polygon","arcs":[[1004]],"properties":{"name":"OcaÃ‘a","gaul_code":14149,"targetarea":33.2081034,"totpop":111069.41065,"country_id":"COL","targetpop":80368.7791443,"new_mean":0.1866691,"totalarea":381.4835933}},{"type":"MultiPolygon","arcs":[[[1005,-138]],[[1006]],[[1007]]],"properties":{"name":"Cucuta","gaul_code":14134,"targetarea":144.3492556,"totpop":742440.163736,"country_id":"COL","targetpop":612710.711121,"new_mean":0.2573317,"totalarea":1182.0551131}},{"type":"Polygon","arcs":[[1008]],"properties":{"name":"Buenavista","gaul_code":13809,"targetarea":1.9861826,"totpop":29773.3575935,"country_id":"COL","targetpop":2657.7767944,"new_mean":0.1471823,"totalarea":876.0828609}},{"type":"MultiPolygon","arcs":[[[1009]],[[1010]],[[1011]]],"properties":{"name":"Turbo","gaul_code":13453,"targetarea":20.3092991,"totpop":187326.811875,"country_id":"COL","targetpop":33461.695507,"new_mean":0.1061176,"totalarea":3595.4891011}},{"type":"Polygon","arcs":[[1012]],"properties":{"name":"Abrego","gaul_code":14125,"targetarea":4.7308802,"totpop":44289.3614326,"country_id":"COL","targetpop":7424.1314697,"new_mean":0.1324382,"totalarea":1529.5155041}},{"type":"Polygon","arcs":[[1013]],"properties":{"name":"Planeta Rica","gaul_code":13822,"targetarea":12.1978743,"totpop":74889.9897223,"country_id":"COL","targetpop":24757.3508911,"new_mean":0.1648868,"totalarea":1009.6715406}},{"type":"Polygon","arcs":[[1014]],"properties":{"name":"Aguachica","gaul_code":13759,"targetarea":26.0585405,"totpop":110946.830812,"country_id":"COL","targetpop":61897.5254822,"new_mean":0.1342309,"totalarea":915.6478823}},{"type":"Polygon","arcs":[[1015]],"properties":{"name":"Gamarra","gaul_code":13769,"targetarea":3.7245968,"totpop":24134.0415835,"country_id":"COL","targetpop":4136.644165,"new_mean":0.1304274,"totalarea":391.020372}},{"type":"Polygon","arcs":[[1016]],"properties":{"name":"San Pedro De Uraba","gaul_code":13437,"targetarea":3.1787341,"totpop":44319.8201447,"country_id":"COL","targetpop":2576.6377564,"new_mean":0.1461274,"totalarea":715.2585967}},{"type":"Polygon","arcs":[[1017]],"properties":{"name":"Valencia","gaul_code":13835,"targetarea":5.0770048,"totpop":53368.1063442,"country_id":"COL","targetpop":5124.3690796,"new_mean":0.1410793,"totalarea":926.6303498}},{"type":"Polygon","arcs":[[1018]],"properties":{"name":"Morales","gaul_code":13516,"targetarea":3.4144167,"totpop":85965.5708886,"country_id":"COL","targetpop":4556.5574341,"new_mean":0.1225646,"totalarea":3121.4471436}}]}},"arcs":[[[-75.25,6.1487291],[-75.254424,6.1518981],[-75.2979008,6.1421494],[-75.2950281,6.1293076],[-75.2534021,6.1211818],[-75.2416671,6.1162502],[-75.25,6.1487291]],[[-75.7339929,6.5107692],[-75.75363,6.5004828],[-75.7416671,6.4912502],[-75.7339929,6.5107692]],[[-74.9166671,4.7079169],[-74.9166671,4.7245835],[-74.9416671,4.7245835],[-74.9416671,4.7079169],[-74.9166671,4.7079169]],[[-75.8016333,5.3079169],[-75.7833337,5.3079169],[-75.7833337,5.3245835],[-75.8083337,5.3245835],[-75.8083337,5.3120427],[-75.8016333,5.3079169]],[[-75.7174981,5.3454886],[-75.7200304,5.3516456],[-75.7455977,5.3429877],[-75.7250004,5.3245835],[-75.7174981,5.3454886]],[[-72.6171472,2.5580634],[-72.6309168,2.5859442],[-72.6577722,2.5758205],[-72.6495203,2.5539292],[-72.6250004,2.5412502],[-72.6171472,2.5580634]],[[-71.8467534,6.9639186],[-71.8776534,6.9782131],[-71.90363,6.9391953],[-71.8666671,6.9329169],[-71.8467534,6.9639186]],[[-75.8601242,4.8888884],[-75.8633386,4.9145697],[-75.8971765,4.9103623],[-75.8934819,4.8806993],[-75.8765654,4.8777558]],[[-75.8765654,4.8777558],[-75.8601242,4.8888884]],[[-75.8144942,5.6111883],[-75.8372644,5.6001857],[-75.8083337,5.5912502],[-75.8144942,5.6111883]],[[-73.1807052,5.5778672],[-73.1953699,5.5637396],[-73.1750004,5.5579169],[-73.1807052,5.5778672]],[[-75.0281699,5.1248257],[-75.0361332,5.1177639],[-75.0166671,5.1079169],[-75.0193109,5.1288713],[-75.0281699,5.1248257]],[[-77.4557865,1.3056114],[-77.4681807,1.3113186],[-77.4867354,1.2743557],[-77.4750004,1.2662502],[-77.4522529,1.3006784],[-77.4557865,1.3056114]],[[-72.7190285,6.7035391],[-72.7347412,6.7127829]],[[-72.7347412,6.7127829],[-72.738758,6.6904575]],[[-72.738758,6.6904575],[-72.7250004,6.6829169],[-72.7190285,6.7035391]],[[-76.287617,4.1667143],[-76.288511,4.1650083]],[[-76.288511,4.1650083],[-76.2871017,4.1645651]],[[-76.2871017,4.1645651],[-76.287617,4.1667143]],[[-76.2197171,3.2434477],[-76.2087488,3.2655137],[-76.2290369,3.277383],[-76.2403738,3.2613165]],[[-76.2403738,3.2613165],[-76.2197171,3.2434477]],[[-76.3081666,3.2751305],[-76.3051599,3.2802598],[-76.3468998,3.2944281],[-76.3603427,3.2757731]],[[-76.3603427,3.2757731],[-76.3081666,3.2751305]],[[-76.2209721,3.3359361],[-76.2529708,3.3445787],[-76.2448246,3.3122422],[-76.2166671,3.3079169],[-76.2209721,3.3359361]],[[-76.2844156,3.3646299],[-76.2931474,3.3685633],[-76.30363,3.3492214],[-76.2750004,3.3412502],[-76.2844156,3.3646299]],[[-73.5618575,5.8842718],[-73.5790369,5.8939724],[-73.58606,5.8696397],[-73.5583338,5.8662502],[-73.5618575,5.8842718]],[[-73.6013542,5.9383847],[-73.6248372,5.9448647]],[[-73.6248372,5.9448647],[-73.629874,5.9372267],[-73.6298447,5.9199036],[-73.6083338,5.9162502],[-73.6013542,5.9383847]],[[-76.8931584,0.4220796],[-76.895435,0.4436998],[-76.9240157,0.4347968],[-76.9201496,0.4223853]],[[-76.9201496,0.4223853],[-76.9135971,0.4179],[-76.8931584,0.4220796]],[[-76.8390385,0.4861965],[-76.8537032,0.472077],[-76.8333337,0.4662502],[-76.8390385,0.4861965]],[[-76.8527999,0.6634507],[-76.8700932,0.6852199],[-76.8916264,0.6746975],[-76.8807377,0.6523993],[-76.8500004,0.6495835],[-76.8527999,0.6634507]],[[-77.5888188,1.3533189],[-77.6106205,1.3297919],[-77.5833337,1.3245835],[-77.5888188,1.3533189]],[[-75.525112,5.858307],[-75.5307052,5.8778672],[-75.5447928,5.8642955],[-75.5443739,5.8634549],[-75.5260996,5.8582311],[-75.525112,5.858307]],[[-74.2417984,4.4866936],[-74.2453003,4.5071998],[-74.2549665,4.5104849]],[[-74.2549665,4.5104849],[-74.27238,4.5045518],[-74.2728845,4.4846706],[-74.2620772,4.4671413],[-74.2448409,4.4777614],[-74.2417984,4.4866936]],[[-73.8416671,5.4912502],[-73.8416671,5.5162502],[-73.8583338,5.5162502],[-73.8583338,5.4912502],[-73.8416671,5.4912502]],[[-71.6578618,5.4278225],[-71.67863,5.404446],[-71.6500004,5.3995835],[-71.6578618,5.4278225]],[[-71.714714,5.4286119],[-71.7371505,5.4357163],[-71.7444666,5.4118475],[-71.7250004,5.4079169],[-71.714714,5.4286119]],[[-75.1400313,5.2613023],[-75.1560144,5.2690497],[-75.1694666,5.2451809],[-75.1500004,5.2412502],[-75.1400313,5.2613023]],[[-75.7713543,4.4410114],[-75.7682037,4.4489002],[-75.7711029,4.4696999],[-75.7788993,4.4747081]],[[-75.7788993,4.4747081],[-75.8289311,4.4476101],[-75.7833337,4.4329169],[-75.7713543,4.4410114]],[[-75.3515316,6.1034149],[-75.3321991,6.0805998],[-75.3132019,6.0862999],[-75.3108291,6.0933387]],[[-75.3108291,6.0933387],[-75.3531091,6.1113959],[-75.3515316,6.1034149]],[[-75.3417726,6.1954114],[-75.3472977,6.1834998],[-75.365097,6.1714001],[-75.3713989,6.131]],[[-75.3713989,6.131],[-75.3671985,6.1270284]],[[-75.3671985,6.1270284],[-75.3614018,6.1368882],[-75.3457361,6.1199855],[-75.3366948,6.1579738],[-75.3146248,6.1462952],[-75.3066854,6.154908],[-75.3043298,6.158926],[-75.3297612,6.1958889],[-75.3417726,6.1954114]],[[-77.0288058,1.5155206],[-77.0364994,1.531273],[-77.0565546,1.5184458]],[[-77.0565546,1.5184458],[-77.0288058,1.5155206]],[[-75.8825693,4.7310372],[-75.8843002,4.7521],[-75.8899994,4.7659998],[-75.8986969,4.7677002],[-75.9141998,4.7568002],[-75.9337997,4.7516999],[-75.9487991,4.7522998],[-75.9580994,4.7610002],[-75.9574923,4.7749751]],[[-75.9574923,4.7749751],[-75.9701502,4.7698269],[-75.9368168,4.7294379],[-75.9298507,4.6947292],[-75.9083337,4.6912502],[-75.9143722,4.7059475],[-75.8825693,4.7310372]],[[-75.9865199,4.7986999],[-75.9942206,4.7986999],[-75.9972471,4.797211],[-75.9984932,4.7939216],[-75.9865199,4.7986999]],[[-75.713312,5.4106671],[-75.6833338,5.4079169],[-75.6861332,5.4467841],[-75.6984867,5.452383],[-75.7120361,5.4416181]],[[-75.7120361,5.4416181],[-75.713312,5.4106671]],[[-75.643609,5.4541112],[-75.6520122,5.4651692],[-75.6666264,5.4580349],[-75.6557459,5.4357611],[-75.6416671,5.4329169],[-75.643609,5.4541112]],[[-71.080225,6.9782334],[-71.1038579,6.9548488],[-71.0750004,6.9495835],[-71.080225,6.9782334]],[[-70.7510147,7.0874529],[-70.7620697,7.088347],[-70.7816166,7.0752672],[-70.7867355,7.0623928],[-70.7367355,7.0545152],[-70.7250004,7.0495835],[-70.7110356,7.0707098],[-70.7325526,7.0851968],[-70.7510147,7.0874529]],[[-75.6519636,4.7728902],[-75.6526031,4.8151999],[-75.6509018,4.8389001],[-75.6868517,4.8627453]],[[-75.6868517,4.8627453],[-75.7121912,4.853441],[-75.7564572,4.847648]],[[-75.7564572,4.847648],[-75.7489014,4.8415999],[-75.7281036,4.8449998],[-75.714798,4.8379998],[-75.6847992,4.7817998],[-75.6621872,4.7540378]],[[-75.6621872,4.7540378],[-75.6629399,4.7634304],[-75.6519636,4.7728902]],[[-76.2251314,4.1298488],[-76.2450688,4.1166856],[-76.2329106,4.0624335],[-76.2117354,4.0545152],[-76.2049321,4.0446519],[-76.1636886,4.0584947],[-76.1485193,4.0804592],[-76.1511078,4.0843757]],[[-76.1511078,4.0843757],[-76.1766968,4.0913],[-76.2136002,4.1227002],[-76.2251314,4.1298488]],[[-76.2859071,4.164189],[-76.2871017,4.1645651]],[[-76.288511,4.1650083],[-76.2859071,4.164189]],[[-75.7839929,1.9857652],[-75.80363,1.9754869],[-75.7916671,1.9662502],[-75.7839929,1.9857652]],[[-75.7416671,2.0162502],[-75.7416671,2.0329169],[-75.7666671,2.0329169],[-75.7666671,2.0162502],[-75.7416671,2.0162502]],[[-76.6454625,7.7841354],[-76.6345463,7.828563],[-76.6523849,7.8363185],[-76.6650313,7.8025254],[-76.661909,7.7886194]],[[-76.661909,7.7886194],[-76.6454625,7.7841354]],[[-76.5891362,7.8877549],[-76.6134933,7.9027614],[-76.6212732,7.9358181],[-76.6365076,7.9110948],[-76.6545984,7.8999497],[-76.6672612,7.8593044],[-76.6430505,7.8668443],[-76.6498132,7.845132],[-76.6333337,7.8412502],[-76.6301599,7.854739],[-76.5969893,7.8625515],[-76.5891362,7.8877549]],[[-74.6454703,4.2256537],[-74.6771407,4.2181708],[-74.7067061,4.2364732],[-74.7018478,4.2154934],[-74.6876631,4.19864]],[[-74.6876631,4.19864],[-74.6766754,4.2023944],[-74.669176,4.2085076],[-74.6454703,4.2256537]],[[-74.6166401,4.2505577],[-74.6339767,4.2697292],[-74.6618168,4.238231],[-74.6416671,4.2329169],[-74.6335053,4.2395761],[-74.6166401,4.2505577]],[[-74.0600278,7.9532395],[-74.0416671,7.9495835],[-74.0447921,7.9751369],[-74.054412,7.9734901]],[[-74.054412,7.9734901],[-74.0600278,7.9532395]],[[-75.2854252,1.6936021],[-75.2946212,1.6788072],[-75.2750004,1.6745835],[-75.2854252,1.6936021]],[[-78.7440643,1.815086],[-78.7516864,1.8283688],[-78.7604828,1.8129981],[-78.7440643,1.815086]],[[-75.7673027,4.5668337],[-75.7439338,4.5781175]],[[-75.7439338,4.5781175],[-75.7481449,4.5828314],[-75.7673027,4.5668337]],[[-75.7509589,4.6289767],[-75.7634888,4.628068]],[[-75.7634888,4.628068],[-75.7795609,4.6133647]],[[-75.7795609,4.6133647],[-75.7583337,4.6079169],[-75.7509589,4.6289767]],[[-75.6557052,4.6862006],[-75.6703699,4.672073],[-75.6500004,4.6662502],[-75.6557052,4.6862006]],[[-75.4500004,2.5829169],[-75.4420566,2.577848],[-75.4449841,2.581506],[-75.4500004,2.5829169]],[[-75.4500004,2.5829169],[-75.4519802,2.589956],[-75.4541756,2.5917544],[-75.4500004,2.5829169]],[[-75.4926151,6.809791],[-75.4833338,6.8079169],[-75.4779498,6.8218379]],[[-75.4779498,6.8218379],[-75.4926151,6.809791]],[[-74.8674535,4.182567],[-74.9135014,4.1620835],[-74.9112065,4.1335028],[-74.8568445,4.1378729],[-74.8664715,4.1820197]],[[-74.8664715,4.1820197],[-74.8674535,4.182567]],[[-74.9676207,4.2073809],[-74.978464,4.2018868]],[[-74.978464,4.2018868],[-74.9666671,4.1995835],[-74.9676207,4.2073809]],[[-75.7916671,2.2579169],[-75.7916671,2.2745835],[-75.8166671,2.2745835],[-75.8166671,2.2579169],[-75.7916671,2.2579169]],[[-77.6248094,1.078257],[-77.5916671,1.0745835],[-77.5806319,1.1002997],[-77.6041671,1.0943671],[-77.614567,1.0969877]],[[-77.614567,1.0969877],[-77.6259003,1.0863]],[[-77.6259003,1.0863],[-77.6248094,1.078257]],[[-74.3264758,4.9897741],[-74.329102,5.0019802],[-74.3504887,5.0108669],[-74.3403243,4.9862128],[-74.3313319,4.9842787],[-74.3264758,4.9897741]],[[-76.020671,6.7598456],[-76.0362879,6.7520046],[-76.0166671,6.7412502],[-76.020671,6.7598456]],[[-75.7578964,4.5474687],[-75.7694986,4.5650001]],[[-75.7694986,4.5650001],[-75.7789311,4.5571234],[-75.7578964,4.5474687]],[[-73.4606287,5.0117263],[-73.478826,5.0164784],[-73.4861332,5.0035142],[-73.4666671,4.9995835],[-73.4606287,5.0117263]],[[-75.8625737,5.2162299],[-75.8869633,5.1992214],[-75.8583337,5.1912502],[-75.8625737,5.2162299]],[[-76.3485484,3.39925],[-76.3472366,3.4139764]],[[-76.3472366,3.4139764],[-76.351392,3.4159328],[-76.3875004,3.4068345],[-76.4209802,3.4152696],[-76.4283289,3.3903794],[-76.403573,3.3966172],[-76.396672,3.3862453],[-76.3801111,3.3752305],[-76.3619063,3.402615],[-76.3485484,3.39925]],[[-76.4614943,3.3156774],[-76.4601974,3.3186672],[-76.466016,3.3757798],[-76.4439376,3.4143337],[-76.4458482,3.4548394]],[[-76.4458482,3.4548394],[-76.4973984,3.4433999],[-76.5015411,3.4451139]],[[-76.5015411,3.4451139],[-76.4927979,3.4307001],[-76.495697,3.3845],[-76.5014038,3.3487],[-76.4962006,3.3129001]],[[-76.4962006,3.3129001],[-76.4898987,3.3162999],[-76.4614943,3.3156774]],[[-76.2589912,1.8688134],[-76.2649906,1.8922024],[-76.2825671,1.8870781],[-76.2767143,1.8789428],[-76.26816,1.8730357],[-76.2589912,1.8688134]],[[-76.2114099,1.9406317],[-76.2277999,1.9260972],[-76.2083337,1.9162502],[-76.2114099,1.9406317]],[[-74.8854252,5.043598],[-74.8946212,5.0288031],[-74.8750004,5.0245835],[-74.8854252,5.043598]],[[-76.9622481,1.8522203],[-76.978101,1.8291001],[-76.9583337,1.8245835],[-76.9622481,1.8522203]],[[-76.9916671,2.1032532],[-76.9750004,2.0995835],[-76.9750004,2.1186798]],[[-76.9750004,2.1186798],[-76.9750977,2.1185999]],[[-76.9750977,2.1185999],[-76.9916671,2.1032532]],[[-73.8007003,5.4566026],[-73.8196619,5.4690497],[-73.8277999,5.4510972],[-73.8083338,5.4412502],[-73.8007003,5.4566026]],[[-73.5134655,5.647351],[-73.5178146,5.6535142],[-73.5455978,5.6346543],[-73.5250004,5.6162502],[-73.5136843,5.6272509]],[[-73.5136843,5.6272509],[-73.5134655,5.647351]],[[-73.2383631,6.4772853],[-73.2655766,6.4863186],[-73.2784021,6.4540594],[-73.2500004,6.4495835],[-73.2383631,6.4772853]],[[-77.125199,1.5850834],[-77.1277999,1.6134507],[-77.1444666,1.6138495],[-77.1293846,1.5851336],[-77.125199,1.5850834]],[[-72.6595121,7.3885471],[-72.6701502,7.3622056],[-72.6333338,7.3579169],[-72.6217371,7.3861273],[-72.6431438,7.3913469],[-72.6595121,7.3885471]],[[-75.7323249,4.9266125],[-75.7271244,4.9370713],[-75.7339848,4.9511135],[-75.7493383,4.9374999],[-75.7323249,4.9266125]],[[-75.6272964,4.9696033],[-75.6203995,4.9791002]],[[-75.6203995,4.9791002],[-75.624918,4.9836159]],[[-75.624918,4.9836159],[-75.6272964,4.9696033]],[[-75.0890385,3.6362006],[-75.1037032,3.622073],[-75.0833338,3.6162502],[-75.0890385,3.6362006]],[[-73.5089929,5.3774359],[-73.52863,5.3671494],[-73.5166671,5.3579169],[-73.5089929,5.3774359]],[[-76.5335136,2.5034951],[-76.5686148,2.5257873]],[[-76.5686148,2.5257873],[-76.5670984,2.5209214],[-76.6016362,2.5021226],[-76.6115076,2.4860907],[-76.6277592,2.4760809],[-76.6480147,2.4902981],[-76.6747725,2.4819647],[-76.6615076,2.4630764],[-76.6537765,2.4403794],[-76.6365076,2.429743],[-76.6254245,2.4117501],[-76.6136669,2.4099056],[-76.5968266,2.4130764],[-76.5698409,2.4277574],[-76.5613692,2.452619],[-76.5312586,2.4628811],[-76.5407149,2.4932359],[-76.5335136,2.5034951]],[[-76.0701417,4.6005768],[-76.0734685,4.6184774],[-76.0870365,4.6054063],[-76.0701417,4.6005768]],[[-76.661909,7.7886194],[-76.6606287,7.7829169],[-76.6690108,7.7455593],[-76.6510801,7.7427336],[-76.6405801,7.7438387],[-76.6364181,7.7537502],[-76.6468347,7.7785508],[-76.6454625,7.7841354]],[[-73.7916671,5.0829169],[-73.8111983,5.0779038],[-73.8327797,5.0473841]],[[-73.8327797,5.0473841],[-73.7983017,5.0558],[-73.7895203,5.039681]],[[-73.7895203,5.039681],[-73.7704354,5.0452375]],[[-73.7704354,5.0452375],[-73.7685503,5.0481204],[-73.7690945,5.0623149],[-73.7916671,5.0829169]],[[-73.7916671,5.0829169],[-73.7817957,5.0879095],[-73.796615,5.1182399],[-73.8111332,5.0968817],[-73.7916671,5.0829169]],[[-72.5353671,7.7700262],[-72.5166671,7.7662502],[-72.5099695,7.7797186],[-72.5273767,7.7857163],[-72.5356687,7.7710051],[-72.5353671,7.7700262]],[[-72.5350924,7.8342243],[-72.5265467,7.7873928],[-72.5100427,7.7962591],[-72.4912927,7.8180202],[-72.4738541,7.7855878],[-72.4490204,7.8309231],[-72.4514653,7.8670834]],[[-72.4514653,7.8670834],[-72.509201,7.8720999],[-72.5305023,7.8526001],[-72.5350924,7.8342243]],[[-77.614567,1.0969877],[-77.6339441,1.1018703],[-77.6297875,1.0853769]],[[-77.6297875,1.0853769],[-77.6259003,1.0863]],[[-77.6644677,1.2029841],[-77.6642979,1.221587],[-77.6682865,1.2363023],[-77.6952234,1.2200344],[-77.6644677,1.2029841]],[[-73.6643734,6.0200861],[-73.6707825,6.0230417],[-73.6861332,6.0094305],[-73.6666671,5.9995835],[-73.6604578,6.0120713],[-73.6643734,6.0200861]],[[-75.6111821,2.2308661],[-75.6287927,2.2193996],[-75.6401371,2.2219387],[-75.6534021,2.1861477],[-75.6083338,2.1745835],[-75.6019617,2.1897528],[-75.6111821,2.2308661]],[[-72.8936506,5.7386026],[-72.8674158,5.7673854],[-72.8836837,5.7866237],[-72.913656,5.7690049],[-72.9233687,5.7702132]],[[-72.9233687,5.7702132],[-72.9259033,5.7655001]],[[-72.9259033,5.7655001],[-72.9017029,5.7382998]],[[-72.9017029,5.7382998],[-72.8936506,5.7386026]],[[-75.7297367,5.9774725],[-75.7452966,5.9652492],[-75.7250004,5.9495835],[-75.7297367,5.9774725]],[[-75.9640385,5.0862006],[-75.9787032,5.072073],[-75.9583337,5.0662502],[-75.9640385,5.0862006]],[[-76.5175018,3.2823999],[-76.5197983,3.2928],[-76.5054016,3.2985001],[-76.4962006,3.3129001]],[[-76.5015411,3.4451139],[-76.517601,3.4672]],[[-76.517601,3.4672],[-76.5378036,3.4754],[-76.550499,3.4909999],[-76.5661011,3.5009],[-76.5718002,3.5130999],[-76.5867575,3.5269301]],[[-76.5867575,3.5269301],[-76.5951746,3.530093],[-76.6166915,3.5278998],[-76.6287846,3.486697],[-76.6472009,3.4611029],[-76.6287846,3.4458034],[-76.6104089,3.4034369],[-76.6129561,3.3784816],[-76.6029952,3.3610948],[-76.6034672,3.3260525],[-76.5632735,3.2926622],[-76.5673182,3.2893016]],[[-76.5673182,3.2893016],[-76.5475006,3.2813001],[-76.5175018,3.2823999]],[[-75.9522094,5.1049793],[-75.9333337,5.0995835],[-75.9390385,5.1195339],[-75.9524013,5.1066605],[-75.9522094,5.1049793]],[[-75.6416671,1.5995835],[-75.5655976,1.5869705],[-75.562309,1.5993223],[-75.5713709,1.6115464],[-75.5797693,1.6320624],[-75.6107507,1.65598],[-75.6465662,1.6294257],[-75.6416671,1.5995835]],[[-74.0229034,4.7951002],[-74.0130997,4.8234],[-74.0126038,4.8390002],[-74.0171967,4.8881001],[-74.0237656,4.8973279]],[[-74.0237656,4.8973279],[-74.031601,4.8951001],[-74.0523987,4.8650999],[-74.0765991,4.8797002],[-74.0852675,4.8798189]],[[-74.0852675,4.8798189],[-74.0883468,4.8495835],[-74.0849776,4.816535],[-74.0977218,4.8318752],[-74.1054598,4.8193304]],[[-74.1054598,4.8193304],[-74.0979004,4.8098998]],[[-74.0979004,4.8098998],[-74.0960999,4.8150001],[-74.0708008,4.8161001],[-74.0488968,4.8102002],[-74.0229034,4.7951002]],[[-75.4246795,6.3833343],[-75.4490467,6.4025762]],[[-75.4490467,6.4025762],[-75.4880375,6.395954],[-75.4999671,6.3804948]],[[-75.4999671,6.3804948],[-75.4932022,6.3516002],[-75.4857025,6.3389001],[-75.4798965,6.3168998]],[[-75.4798965,6.3168998],[-75.4564505,6.3160417]],[[-75.4564505,6.3160417],[-75.4534021,6.3291937],[-75.4777673,6.3391669],[-75.4869633,6.3663153],[-75.4541671,6.3614691],[-75.4399337,6.3635728],[-75.4246795,6.3833343]],[[-75.6407013,6.1524],[-75.6492996,6.1511998],[-75.6499023,6.1691999],[-75.6603012,6.1784]],[[-75.6603012,6.1784],[-75.6777281,6.1753033]],[[-75.6777281,6.1753033],[-75.6501388,6.1319444],[-75.6538147,6.1023914]],[[-75.6538147,6.1023914],[-75.6371994,6.1009002]],[[-75.6371994,6.1009002],[-75.6481018,6.1430998],[-75.6407013,6.1524]],[[-75.1544763,5.3941433],[-75.178101,5.378563],[-75.1500004,5.3745835],[-75.1544763,5.3941433]],[[-75.8825693,4.7310372],[-75.8715173,4.7680406],[-75.9291101,4.7795843],[-75.9574923,4.7749751]],[[-75.7564572,4.847648],[-75.771143,4.8457261],[-75.7788578,4.8367743],[-75.8128097,4.8290594],[-75.8289392,4.8200629],[-75.8469568,4.8215114],[-75.8721521,4.7859727],[-75.7837569,4.7930772],[-75.764242,4.7704331],[-75.719963,4.7603745],[-75.7231531,4.7207139],[-75.7083338,4.7162502],[-75.7033289,4.7391831],[-75.6955245,4.7540594],[-75.6739832,4.7290594],[-75.6608728,4.7376369],[-75.6621872,4.7540378]],[[-75.8765654,4.8777558],[-75.8583337,4.8745835],[-75.8601242,4.8888884]],[[-76.6000004,3.1245835],[-76.6033061,3.1148765],[-76.6026981,3.1149918],[-76.6000004,3.1245835]],[[-76.5673182,3.2893016],[-76.5841069,3.2753526],[-76.5987309,3.257746],[-76.5870447,3.2373521],[-76.5879643,3.2283962],[-76.5674239,3.2194891],[-76.5416671,3.2221136],[-76.5043577,3.218312]],[[-76.5043577,3.218312],[-76.4955978,3.2418001]],[[-76.4955978,3.2418001],[-76.5076981,3.2458999],[-76.5001984,3.2614999],[-76.5175018,3.2823999]],[[-74.4980534,4.2617656],[-74.4861332,4.2690497],[-74.4859379,4.2857163],[-74.5353438,4.2611558],[-74.5034337,4.2582315],[-74.4980534,4.2617656]],[[-74.4333338,4.3162502],[-74.4547042,4.3042873],[-74.4772872,4.2830511],[-74.4379887,4.2888576],[-74.4333338,4.3162502]],[[-74.4333338,4.3162502],[-74.4006026,4.3082098],[-74.3468754,4.3202582],[-74.3382654,4.3571804],[-74.3736332,4.3704169],[-74.3700811,4.386265]],[[-74.3700811,4.386265],[-74.3997872,4.3847897]],[[-74.3997872,4.3847897],[-74.4037195,4.3501857],[-74.4215987,4.3378485],[-74.4333338,4.3162502]],[[-76.5228412,3.8354323],[-76.5361332,3.8118475],[-76.5166671,3.8079169],[-76.5102869,3.8207587],[-76.5225008,3.8354988],[-76.5228412,3.8354323]],[[-73.7473718,3.1362006],[-73.7620366,3.122077],[-73.7416671,3.1162502],[-73.7473718,3.1362006]],[[-75.7634888,4.628068],[-75.791011,4.6245999]],[[-75.791011,4.6245999],[-75.7795609,4.6133647]],[[-75.3916671,7.5662502],[-75.3916671,7.5912502],[-75.4083338,7.5912502],[-75.4083338,7.5662502],[-75.3916671,7.5662502]],[[-73.4104252,6.893598],[-73.4196212,6.8788031],[-73.4000004,6.8745835],[-73.4104252,6.893598]],[[-75.1937586,3.8102647],[-75.2029545,3.7954698],[-75.1833338,3.7912502],[-75.1937586,3.8102647]],[[-74.9676207,4.2073809],[-74.9697921,4.2251369],[-74.9943933,4.2209255],[-74.9849858,4.2031602],[-74.978464,4.2018868]],[[-75.051164,4.3153256],[-75.0577167,4.2988377]],[[-75.0577167,4.2988377],[-75.0492192,4.2886053],[-75.0295496,4.2852932],[-75.051164,4.3153256]],[[-73.3256596,5.4107692],[-73.3452967,5.4004828],[-73.3333338,5.3912502],[-73.3256596,5.4107692]],[[-75.7170496,6.4506659],[-75.7448409,6.4451442],[-75.7250004,6.4329169],[-75.7170496,6.4506659]],[[-73.0452757,7.1291006],[-73.0592534,7.1403265],[-73.0799054,7.1635043]],[[-73.0799054,7.1635043],[-73.0811996,7.1479001],[-73.0626984,7.1293001]],[[-73.0626984,7.1293001],[-73.0452757,7.1291006]],[[-75.8266362,5.7963853],[-75.8440434,5.802383],[-75.8527999,5.7868475],[-75.8333337,5.7829169],[-75.8266362,5.7963853]],[[-76.3485484,3.39925],[-76.3214278,3.392418],[-76.3166671,3.3995835],[-76.3472366,3.4139764]],[[-76.2224776,3.4254218],[-76.2434493,3.4398993],[-76.2688155,3.4233791],[-76.2333337,3.3995835],[-76.2224776,3.4254218]],[[-77.7819096,0.910871],[-77.7953129,0.9190497],[-77.8027999,0.8968817],[-77.7916671,0.8912502],[-77.7819096,0.910871]],[[-75.5346114,2.3949693],[-75.5486658,2.4029852],[-75.5617354,2.3714016],[-75.5416671,2.3662502],[-75.5346114,2.3949693]],[[-74.7581395,5.2070923],[-74.7580761,5.2079775]],[[-74.7580761,5.2079775],[-74.7583338,5.2079169],[-74.7581395,5.2070923]],[[-75.3063806,2.6952785],[-75.3288172,2.702383],[-75.3361332,2.6785142],[-75.3166671,2.6745835],[-75.3063806,2.6952785]],[[-71.8774181,5.8794968],[-71.8992627,5.8844325]],[[-71.8992627,5.8844325],[-71.9121912,5.8711167],[-71.8750004,5.8662502],[-71.8774181,5.8794968]],[[-75.289714,5.7202785],[-75.3121505,5.727383],[-75.3194666,5.7035142],[-75.3000004,5.6995835],[-75.289714,5.7202785]],[[-74.8416671,5.8495835],[-74.8416671,5.8745835],[-74.8583338,5.8745835],[-74.8583338,5.8495835],[-74.8416671,5.8495835]],[[-74.1954231,4.7539079],[-74.1944503,4.7443671],[-74.2223881,4.7548651],[-74.2378259,4.7532904],[-74.2546532,4.7701145]],[[-74.2546532,4.7701145],[-74.2621002,4.7528],[-74.2564011,4.7360001],[-74.2453995,4.7209001],[-74.2535019,4.7164001]],[[-74.2535019,4.7164001],[-74.2378998,4.6961002],[-74.2217026,4.6879001],[-74.1958008,4.6924],[-74.1876984,4.6866002]],[[-74.1876984,4.6866002],[-74.1722031,4.6940999],[-74.1722031,4.7084999]],[[-74.1722031,4.7084999],[-74.1733017,4.7247],[-74.1843033,4.7328],[-74.1837006,4.7414999]],[[-74.1837006,4.7414999],[-74.1954231,4.7539079]],[[-76.9012862,0.3153225],[-76.905461,0.3287502],[-76.9005945,0.3443915],[-76.9113285,0.3527574],[-76.9257817,0.3103339],[-76.9083337,0.2995836],[-76.9012862,0.3153225]],[[-76.9201496,0.4223853],[-76.916781,0.4115709],[-76.8916671,0.4079169],[-76.8931584,0.4220796]],[[-77.5980459,0.838962],[-77.632406,0.8518134],[-77.6272546,0.8747707],[-77.6440215,0.8831601],[-77.6481017,0.8763642],[-77.6431563,0.8543117],[-77.658643,0.8436184],[-77.6712081,0.8464341],[-77.6892664,0.8346747],[-77.6681293,0.8120315],[-77.6460697,0.8027655],[-77.6183671,0.8089709]],[[-77.6183671,0.8089709],[-77.5980459,0.838962]],[[-75.3153162,2.5360988],[-75.32863,2.5211167],[-75.3000004,2.5162502],[-75.3153162,2.5360988]],[[-73.1044017,5.7851536],[-73.1334396,5.7935044],[-73.1536788,5.7572251],[-73.12828,5.7713934],[-73.1083338,5.7495835],[-73.1018431,5.7672574]],[[-73.1018431,5.7672574],[-73.1044017,5.7851536]],[[-73.3528976,5.5472002],[-73.3350597,5.5885657]],[[-73.3350597,5.5885657],[-73.3640873,5.5820583],[-73.3724509,5.5699409]],[[-73.3724509,5.5699409],[-73.3702011,5.5577002],[-73.3528976,5.5472002]],[[-72.5960616,7.6279323],[-72.6120366,7.5992295],[-72.5916671,7.5829169],[-72.5960616,7.6279323]],[[-75.4127364,6.0123195],[-75.3794438,6.0420599],[-75.4072188,6.0548081],[-75.4410811,6.0527899],[-75.4539311,6.0129014],[-75.4166671,6.0079169],[-75.4127364,6.0123195]],[[-75.4868982,5.4187079],[-75.4945398,5.3971543],[-75.4833338,5.3912502],[-75.4868982,5.4187079]],[[-73.8750408,4.9764251],[-73.8733357,4.9771858]],[[-73.8733357,4.9771858],[-73.8748398,4.977057]],[[-73.8748398,4.977057],[-73.8750408,4.9764251]],[[-72.6804692,5.0089992],[-72.7196375,5.0195786],[-72.7116541,4.9879055],[-72.6916671,4.9829169],[-72.6804692,5.0089992]],[[-72.7394894,5.0039636],[-72.7305424,5.021959],[-72.7524772,5.034812]],[[-72.7524772,5.034812],[-72.7501984,5.0191002],[-72.7394894,5.0039636]],[[-72.5382654,5.1545152],[-72.5279057,5.1616644],[-72.5402836,5.1911281],[-72.5649663,5.1855943],[-72.5558435,5.1448879],[-72.5416671,5.1412502],[-72.5382654,5.1545152]],[[-72.7198942,5.2300399],[-72.7123657,5.2353044]],[[-72.7123657,5.2353044],[-72.713501,5.2350001]],[[-72.713501,5.2350001],[-72.7198942,5.2300399]],[[-76.3041149,3.2269807],[-76.3111031,3.2302986]],[[-76.3111031,3.2302986],[-76.3065033,3.2272]],[[-76.3065033,3.2272],[-76.3041149,3.2269807]],[[-76.2403738,3.2613165],[-76.2444666,3.2555162],[-76.2307947,3.2275132],[-76.2197171,3.2434477]],[[-76.3603427,3.2757731],[-76.3698409,3.2625922],[-76.3500004,3.2579169],[-76.3395105,3.2749375],[-76.3131026,3.26671],[-76.3081666,3.2751305]],[[-75.7807052,5.8028672],[-75.7953699,5.7887396],[-75.7750004,5.7829169],[-75.7807052,5.8028672]],[[-71.1623377,6.9431789],[-71.1779545,6.9353379],[-71.1583338,6.9245835],[-71.1623377,6.9431789]],[[-74.7851775,4.3640762],[-74.7845707,4.3700303],[-74.8045252,4.3570787],[-74.8454513,4.2921332],[-74.8363265,4.2746656]],[[-74.8363265,4.2746656],[-74.8251038,4.2768998]],[[-74.8251038,4.2768998],[-74.802597,4.2912002],[-74.7886963,4.3044],[-74.7967987,4.3344998],[-74.7928009,4.3634],[-74.7851775,4.3640762]],[[-75.6307052,2.6611965],[-75.6453699,2.647077],[-75.6250004,2.6412502],[-75.6307052,2.6611965]],[[-73.4761276,4.2623104],[-73.482048,4.2853868],[-73.5034021,4.2652045],[-73.488814,4.2614613],[-73.4761276,4.2623104]],[[-76.517601,3.4672],[-76.5170975,3.5151],[-76.5132214,3.5358813]],[[-76.5132214,3.5358813],[-76.5387211,3.5365342],[-76.5357914,3.5077785],[-76.5867575,3.5269301]],[[-76.4958678,3.5995654],[-76.513835,3.5959784],[-76.5112227,3.5704169],[-76.5128539,3.5544333]],[[-76.5128539,3.5544333],[-76.4957962,3.5659001],[-76.4958678,3.5995654]],[[-74.5670496,4.1839992],[-74.5948409,4.1784776],[-74.5750004,4.1662502],[-74.5670496,4.1839992]],[[-75.8207537,4.3249733],[-75.8161218,4.3344875],[-75.8247379,4.3442708]],[[-75.8247379,4.3442708],[-75.8265762,4.3250098]],[[-75.8265762,4.3250098],[-75.8207537,4.3249733]],[[-75.7140385,4.4362006],[-75.7287032,4.422073],[-75.7083338,4.4162502],[-75.7140385,4.4362006]],[[-75.6651001,4.5437999],[-75.6668015,4.5351],[-75.680603,4.5114999],[-75.7031021,4.4804001],[-75.7199496,4.4663362]],[[-75.7199496,4.4663362],[-75.7100753,4.4623195],[-75.6877364,4.4873195],[-75.659644,4.4959906],[-75.6456222,4.4951565],[-75.6173832,4.5230577],[-75.6279115,4.5424355]],[[-75.6279115,4.5424355],[-75.6461029,4.5345001],[-75.6651001,4.5437999]],[[-77.1000004,1.4495835],[-77.1158819,1.4467853],[-77.1177016,1.4455991],[-77.1046391,1.4387518],[-77.1000004,1.4495835]],[[-77.1000004,1.4495835],[-77.0869633,1.4532131],[-77.0616052,1.4685126],[-77.0638188,1.4835191],[-77.0801725,1.4938774],[-77.0825426,1.4929245],[-77.1000004,1.4495835]],[[-75.6864529,6.0585356],[-75.6997676,6.083096],[-75.7045632,6.0822001],[-75.7117354,6.0301092],[-75.6916671,6.0162502],[-75.686621,6.0238865]],[[-75.686621,6.0238865],[-75.6936035,6.0451002],[-75.6864529,6.0585356]],[[-76.9849369,3.9029079],[-77.0270515,3.908174],[-77.0579834,3.8876269],[-77.0765228,3.8916469],[-77.0767517,3.879087],[-77.0523758,3.87924],[-77.0601095,3.8592034],[-77.0249516,3.8515977],[-77.0073328,3.8295925],[-76.9702153,3.8514105],[-76.9546309,3.8708767],[-76.9274011,3.8786607],[-76.9849369,3.9029079]],[[-77.0453741,3.9104652],[-77.0792568,3.914702],[-77.0829544,3.907572],[-77.0615005,3.9027081],[-77.0453741,3.9104652]],[[-74.7616622,2.1348374],[-74.7862065,2.1235907],[-74.7771895,2.1035142],[-74.7583338,2.0995835],[-74.7616622,2.1348374]],[[-76.4078979,3.2028],[-76.4079971,3.2137001],[-76.4003355,3.2399433]],[[-76.4003355,3.2399433],[-76.4244796,3.2481716],[-76.4407963,3.2430935],[-76.4327822,3.21874]],[[-76.4327822,3.21874],[-76.4287033,3.2167001]],[[-76.4287033,3.2167001],[-76.4120026,3.2126],[-76.4078979,3.2028]],[[-76.4955978,3.2418001],[-76.4872255,3.2468974]],[[-76.4872255,3.2468974],[-76.48995,3.2736355],[-76.4833337,3.2912502],[-76.4704513,3.2950303],[-76.4614943,3.3156774]],[[-73.6673263,5.8857692],[-73.6869633,5.8754828],[-73.6750004,5.8662502],[-73.6673263,5.8857692]],[[-77.6223718,1.3028632],[-77.6370365,1.2887437],[-77.6166671,1.2829169],[-77.6223718,1.3028632]],[[-76.5246818,2.6224368],[-76.5199966,2.6262]],[[-76.5199966,2.6262],[-76.5401993,2.6471],[-76.5355988,2.6702001],[-76.5397303,2.6789291]],[[-76.5397303,2.6789291],[-76.55363,2.6447821],[-76.5246818,2.6224368]],[[-73.9342259,5.002757],[-73.9343033,5.0026999]],[[-73.9343033,5.0026999],[-73.9340523,4.9997853]],[[-73.9340523,4.9997853],[-73.9342259,5.002757]],[[-73.924325,4.9769842],[-73.9233017,4.9622002],[-73.9058872,4.9492478]],[[-73.9058872,4.9492478],[-73.888298,4.9705105],[-73.8750408,4.9764251]],[[-73.8748398,4.977057],[-73.8667984,4.9966002],[-73.8716125,5.0076766]],[[-73.8716125,5.0076766],[-73.8882654,4.9961818],[-73.9000004,4.9829169],[-73.9083338,4.992947],[-73.924325,4.9769842]],[[-73.1252432,6.5670786],[-73.1583989,6.5782131],[-73.1526046,6.5390204],[-73.1166671,6.5329169],[-73.110541,6.559368],[-73.1252432,6.5670786]],[[-75.327629,6.292597],[-75.34349,6.2772772],[-75.3250004,6.2745835],[-75.327629,6.292597]],[[-74.3378627,4.7616451],[-74.3290024,4.7721]],[[-74.3290024,4.7721],[-74.3056682,4.7833853]],[[-74.3056682,4.7833853],[-74.3121179,4.8124701],[-74.3297612,4.8271226],[-74.332437,4.8583795],[-74.3379739,4.8588573],[-74.3801925,4.8346747],[-74.3775395,4.8086167],[-74.3473637,4.7835476],[-74.3378627,4.7616451]],[[-74.054412,7.9734901],[-74.0693933,7.9709255],[-74.0600278,7.9532395]],[[-75.7509589,4.6289767],[-75.7844568,4.6363186],[-75.791011,4.6245999]],[[-75.8051548,4.6794857],[-75.782227,4.654739],[-75.7558966,4.6735454]],[[-75.7558966,4.6735454],[-75.7862015,4.6736999],[-75.8051548,4.6794857]],[[-76.3111031,3.2302986],[-76.3093394,3.2170263]],[[-76.3093394,3.2170263],[-76.3065033,3.2272]],[[-76.4076216,3.2026102],[-76.4051599,3.2130723],[-76.3865076,3.2194281],[-76.3801599,3.2330674],[-76.4003355,3.2399433]],[[-76.4078979,3.2028],[-76.4076216,3.2026102]],[[-73.7104252,5.318598],[-73.7196212,5.3038031],[-73.7000004,5.2995835],[-73.7104252,5.318598]],[[-74.0628806,4.9541791],[-74.0673981,4.9709001],[-74.0773053,4.9759786]],[[-74.0773053,4.9759786],[-74.0880701,4.9511582],[-74.1045496,4.9374701],[-74.1144291,4.9038153],[-74.0881681,4.8961097]],[[-74.0881681,4.8961097],[-74.0765991,4.9183998],[-74.0612144,4.9383977]],[[-74.0612144,4.9383977],[-74.0628806,4.9541791]],[[-73.7621179,6.9541367],[-73.7727299,6.972667],[-73.7698572,7.0007961],[-73.7845626,7.0200303],[-73.7954513,6.9679795],[-73.7787846,6.9541367],[-73.7628829,6.9283636],[-73.7621179,6.9541367]],[[-73.8166671,7.0329169],[-73.8096196,7.005447],[-73.7882654,7.0256293],[-73.8166671,7.0329169]],[[-73.8166671,7.0329169],[-73.804867,7.0658107],[-73.8480147,7.1043646],[-73.8750004,7.1027574],[-73.9033858,7.1044501],[-73.8762211,7.0391221],[-73.8166671,7.0329169]],[[-75.8687586,5.0769313],[-75.8779545,5.0621364],[-75.8583337,5.0579169],[-75.8687586,5.0769313]],[[-75.7584924,5.1579622],[-75.7674232,5.1746065],[-75.7787032,5.1637396],[-75.7584924,5.1579622]],[[-74.0259028,4.5556543],[-74.0110681,4.5622748],[-73.9941248,4.6002509],[-74.0018925,4.6214074]],[[-74.0018925,4.6214074],[-74.0101013,4.6229]],[[-74.0101013,4.6229],[-74.0251007,4.5924001],[-74.0259028,4.5556543]],[[-77.0003829,1.6756659],[-77.0281742,1.6701402],[-77.0083337,1.6579169],[-77.0003829,1.6756659]],[[-77.6297875,1.0853769],[-77.6248094,1.078257]],[[-75.2380701,4.2524725],[-75.25363,4.2402492],[-75.2333338,4.2245835],[-75.2380701,4.2524725]],[[-75.1557052,6.2445339],[-75.1703699,6.2304063],[-75.1500004,6.2245835],[-75.1557052,6.2445339]],[[-72.7524772,5.034812],[-72.7611332,5.0094305],[-72.7394894,5.0039636]],[[-76.3706971,3.6179319],[-76.382349,3.6309108],[-76.3939724,3.6293508]],[[-76.3939724,3.6293508],[-76.3706971,3.6179319]],[[-76.284924,3.6130992],[-76.2667828,3.620597]],[[-76.2667828,3.620597],[-76.2778324,3.6375596],[-76.2920007,3.6446519],[-76.284924,3.6130992]],[[-76.3242981,3.6980643],[-76.32863,3.6765448],[-76.2916671,3.6662502],[-76.2952966,3.6792873],[-76.3086797,3.6973384]],[[-76.3086797,3.6973384],[-76.3242981,3.6980643]],[[-76.4390385,3.7112006],[-76.4537032,3.697073],[-76.4333337,3.6912502],[-76.4390385,3.7112006]],[[-75.9136316,4.2766506],[-75.9353764,4.2863186],[-75.9450688,4.2634426],[-75.9250004,4.2495835],[-75.9136316,4.2766506]],[[-75.7120361,5.4416181],[-75.7243657,5.4318223],[-75.713312,5.4106671]],[[-76.0085372,5.8556504],[-76.0442875,5.8693508],[-76.0359054,5.8449326],[-76.0000004,5.8412502],[-76.0085372,5.8556504]],[[-73.9381429,4.8992243],[-73.9528282,4.9100834]],[[-73.9528282,4.9100834],[-73.9460209,4.8948309],[-73.9381429,4.8992243]],[[-73.9994121,4.9449823],[-74.0161285,4.957654]],[[-74.0161285,4.957654],[-74.0197786,4.9579719]],[[-74.0197786,4.9579719],[-74.0235977,4.9487543]],[[-74.0235977,4.9487543],[-74.0276031,4.9088998],[-74.0237656,4.8973279]],[[-74.0229034,4.7951002],[-74.0095155,4.7933002]],[[-74.0095155,4.7933002],[-74.0032312,4.8045681],[-74.0056889,4.8352159],[-73.9850183,4.8769883],[-73.9893233,4.930569],[-73.9775832,4.9296261]],[[-73.9775832,4.9296261],[-73.9962989,4.9422003]],[[-73.9962989,4.9422003],[-74.0000004,4.9412502],[-73.9994121,4.9449823]],[[-76.633407,1.1495347],[-76.6448328,1.1729397],[-76.668311,1.1614732],[-76.6557459,1.135757],[-76.6416671,1.1329169],[-76.633407,1.1495347]],[[-71.4218656,7.033075],[-71.4410927,7.0237943],[-71.4166671,7.0162502],[-71.4218656,7.033075]],[[-75.212533,3.9429185],[-75.2367354,3.9358628],[-75.2083338,3.9162502],[-75.212533,3.9429185]],[[-75.2285242,6.2259385],[-75.2457035,6.235639],[-75.2527267,6.2113063],[-75.2250004,6.2079169],[-75.2285242,6.2259385]],[[-74.1837006,4.7414999],[-74.1744995,4.7488999],[-74.1721868,4.7709805]],[[-74.1721868,4.7709805],[-74.1969649,4.7690293],[-74.1954231,4.7539079]],[[-74.2085236,4.8121558],[-74.221111,4.7961424]],[[-74.221111,4.7961424],[-74.2123539,4.7874294],[-74.1916671,4.7829169],[-74.2085236,4.8121558]],[[-73.6173836,3.4523779],[-73.6083338,3.4495835],[-73.6171228,3.4780341],[-73.6243195,3.4645707],[-73.6173836,3.4523779]],[[-73.6812993,3.7118068],[-73.7122644,3.701321],[-73.6916671,3.6829169],[-73.6812993,3.7118068]],[[-74.1416671,4.7745835],[-74.1557215,4.769302],[-74.1721868,4.7709805]],[[-74.1722031,4.7084999],[-74.1548996,4.7210999],[-74.1351516,4.7671699]],[[-74.1351516,4.7671699],[-74.1416671,4.7745835]],[[-74.1416671,4.7745835],[-74.1283721,4.7729061]],[[-74.1283721,4.7729061],[-74.1093979,4.7803998],[-74.0979004,4.8098998]],[[-74.1054598,4.8193304],[-74.1222335,4.7921372],[-74.1416671,4.7745835]],[[-73.7893206,5.3370238],[-73.7982178,5.3272319]],[[-73.7982178,5.3272319],[-73.7931924,5.3140964]],[[-73.7931924,5.3140964],[-73.7893206,5.3370238]],[[-72.7190285,6.7035391],[-72.7225509,6.7120835],[-72.7382525,6.7148479]],[[-72.7382525,6.7148479],[-72.7347412,6.7127829]],[[-75.1702885,7.9701809],[-75.1723149,7.9865098],[-75.2050297,8.0116237],[-75.2287032,7.9646348],[-75.1750004,7.9579169],[-75.1702885,7.9701809]],[[-76.9311257,1.2083317],[-76.9282963,1.1957098],[-76.9000004,1.1912502],[-76.9064132,1.2162502],[-76.9293203,1.2111129],[-76.9311257,1.2083317]],[[-75.5911026,6.1862001],[-75.6147003,6.1932998],[-75.6315002,6.1945],[-75.6407013,6.2020001],[-75.6528015,6.2014999],[-75.6603012,6.1784]],[[-75.6407013,6.1524],[-75.6207199,6.1631408]],[[-75.6207199,6.1631408],[-75.6019974,6.1718001],[-75.5911026,6.1862001]],[[-75.2540043,2.7848456],[-75.2696212,2.7770005],[-75.2500004,2.7662502],[-75.2540043,2.7848456]],[[-75.2393435,2.8745835],[-75.2416671,2.8579169],[-75.2166671,2.8579169],[-75.2166671,2.868092]],[[-75.2166671,2.868092],[-75.2393435,2.8745835]],[[-75.4825211,6.2059835],[-75.5070038,6.2125001],[-75.5173035,6.2044001]],[[-75.5173035,6.2044001],[-75.5086796,6.1902752]],[[-75.5086796,6.1902752],[-75.4838058,6.1956569],[-75.4825211,6.2059835]],[[-75.3417726,6.1954114],[-75.3708338,6.1949204],[-75.3800379,6.2144191],[-75.3887967,6.2225358]],[[-75.3887967,6.2225358],[-75.3969783,6.2163261]],[[-75.3969783,6.2163261],[-75.390544,6.2118516],[-75.3832686,6.1626206],[-75.4130375,6.1698798],[-75.4323328,6.1948798],[-75.4611088,6.1748236],[-75.441838,6.1599514],[-75.4476811,6.1204169],[-75.42863,6.1126206],[-75.4210291,6.1027736],[-75.4041508,6.1129543],[-75.3912239,6.1046513]],[[-75.3912239,6.1046513],[-75.3713989,6.131]],[[-72.3877771,5.2980536],[-72.3626388,5.3174587],[-72.3517908,5.3564195],[-72.4100672,5.3698798],[-72.4300053,5.3211696],[-72.4190434,5.2738715],[-72.3916671,5.2662502],[-72.3877771,5.2980536]],[[-72.2833338,5.4079169],[-72.2833338,5.4245835],[-72.3083338,5.4245835],[-72.3083338,5.4079169],[-72.2833338,5.4079169]],[[-72.4504562,5.4613674],[-72.4622644,5.4392767],[-72.4416671,5.4329169],[-72.4504562,5.4613674]],[[-72.5416671,7.7495835],[-72.5642427,7.7379141],[-72.574264,7.7250144],[-72.5695642,7.7132228],[-72.54585,7.7307196],[-72.5416671,7.7495835]],[[-72.5416671,7.7495835],[-72.5310179,7.7514598],[-72.5315787,7.7575586],[-72.5416671,7.7495835]],[[-75.8699386,5.6769558],[-75.8873702,5.6684434],[-75.8944666,5.6447577],[-75.8666671,5.6412502],[-75.8699386,5.6769558]],[[-75.0916671,4.3245835],[-75.1056319,4.3216742],[-75.1054203,4.2883734],[-75.080461,4.3015692],[-75.0916671,4.3245835]],[[-75.0916671,4.3245835],[-75.0750492,4.3197089],[-75.0577167,4.2988377]],[[-75.051164,4.3153256],[-75.0562016,4.3223252],[-75.1024825,4.3533636],[-75.0916671,4.3245835]],[[-75.1287846,4.4055406],[-75.1212162,4.4208034],[-75.1015792,4.4480902],[-75.1210698,4.4715562],[-75.2060063,4.480211],[-75.279631,4.4707912],[-75.2770431,4.4454169],[-75.2812179,4.4044867],[-75.2022221,4.3956285],[-75.1871749,4.3775092],[-75.1437667,4.379385],[-75.1128829,4.361697],[-75.1037846,4.3708034],[-75.1287846,4.4055406]],[[-75.295671,4.5181789],[-75.3112879,4.5103379],[-75.2916671,4.4995835],[-75.295671,4.5181789]],[[-76.6297042,5.670954],[-76.6201664,5.686758],[-76.6220056,5.6991726],[-76.6380375,5.7115464],[-76.6482833,5.7248236],[-76.6746749,5.7089056],[-76.6692794,5.6723944],[-76.6333337,5.6579169],[-76.6297042,5.670954]],[[-72.9017029,5.7382998],[-72.8964079,5.7320589]],[[-72.8964079,5.7320589],[-72.8936506,5.7386026]],[[-75.6030766,5.7572984],[-75.6194666,5.7427639],[-75.6000004,5.7329169],[-75.6030766,5.7572984]],[[-75.5541996,5.8747381],[-75.5779708,5.8945786],[-75.5699874,5.8629055],[-75.5500004,5.8579169],[-75.5541996,5.8747381]],[[-76.0615971,4.3208034],[-76.0863367,4.3309312],[-76.10363,4.3141954],[-76.0666671,4.3079169],[-76.0615971,4.3208034]],[[-76.0611332,4.4051174],[-76.0788741,4.4107163],[-76.0861332,4.386229],[-76.0500004,4.3829169],[-76.0611332,4.4051174]],[[-76.1670157,4.4060877],[-76.1416671,4.3995835],[-76.1363123,4.4123317],[-76.1436949,4.4212976]],[[-76.1436949,4.4212976],[-76.1670157,4.4060877]],[[-75.6693608,5.9348578],[-75.6945642,5.9443508],[-75.6774907,5.9206284],[-75.6583338,5.9162502],[-75.6693608,5.9348578]],[[-73.2004562,7.4863674],[-73.2122644,7.4642767],[-73.1916671,7.4579169],[-73.2004562,7.4863674]],[[-76.3673263,2.6190985],[-76.3869633,2.6088202],[-76.3750004,2.5995835],[-76.3673263,2.6190985]],[[-76.5120956,2.6278798],[-76.5097253,2.6339097],[-76.5224858,2.6550686],[-76.5200606,2.6715074],[-76.5339672,2.6841299],[-76.5385056,2.6819377],[-76.5397303,2.6789291]],[[-76.5199966,2.6262],[-76.5120956,2.6278798]],[[-73.7861573,5.6271398],[-73.8362463,5.6273256]],[[-73.8362463,5.6273256],[-73.8444666,5.5927639],[-73.8226841,5.5874957],[-73.8164475,5.5954789],[-73.7972661,5.6051825],[-73.7861573,5.6271398]],[[-74.2916671,4.6412502],[-74.3013,4.6385448],[-74.3013169,4.6378909],[-74.2916671,4.6412502]],[[-74.2916671,4.6412502],[-74.2721635,4.6148]],[[-74.2721635,4.6148],[-74.2429962,4.6198001],[-74.2297974,4.6261001]],[[-74.2297974,4.6261001],[-74.2154007,4.6353002],[-74.1929016,4.6433001],[-74.1958008,4.6617999],[-74.1940994,4.6785998],[-74.1876984,4.6866002]],[[-74.2535019,4.7164001],[-74.2664249,4.7107243]],[[-74.2664249,4.7107243],[-74.2694818,4.7012028]],[[-74.2694818,4.7012028],[-74.2730026,4.6893001],[-74.2877594,4.6771356]],[[-74.2877594,4.6771356],[-74.2857182,4.6570868],[-74.2916671,4.6412502]],[[-71.8774181,5.8794968],[-71.8816329,5.9025905],[-71.8992627,5.8844325]],[[-75.0140385,6.4945339],[-75.0287032,6.4804063],[-75.0083338,6.4745835],[-75.0140385,6.4945339]],[[-73.4390385,4.0528672],[-73.4537032,4.0387396],[-73.4333338,4.0329169],[-73.4390385,4.0528672]],[[-73.363892,4.0812079],[-73.3811121,4.1025336],[-73.4029545,4.0616563],[-73.3750004,4.0579169],[-73.363892,4.0812079]],[[-73.5407947,4.1389365],[-73.6074982,4.1388998],[-73.6427002,4.1511998],[-73.6421737,4.1810273]],[[-73.6421737,4.1810273],[-73.6733077,4.174376],[-73.6705733,4.1285834],[-73.6794275,4.103917],[-73.6789067,4.0951931],[-73.7032312,4.0840277],[-73.6666671,4.0495835],[-73.6503097,4.0776719],[-73.6205978,4.0868475],[-73.6043543,4.0956773],[-73.5868006,4.0946315],[-73.5883793,4.0681301],[-73.5331547,4.0714219],[-73.5492843,4.1011094],[-73.5210698,4.1298855],[-73.5407947,4.1389365]],[[-76.4895694,2.9775045],[-76.4882416,2.9793536],[-76.4881298,2.9794727],[-76.4643393,3.0000595],[-76.4674159,3.0156345],[-76.4749698,3.037161],[-76.518254,3.0447333],[-76.5033126,2.9955634],[-76.5055017,2.9844956],[-76.4895694,2.9775045]],[[-76.5500004,3.1329169],[-76.5539859,3.131796],[-76.552597,3.1236844],[-76.5500004,3.1329169]],[[-76.4476251,3.1682524],[-76.458171,3.1865464],[-76.4705245,3.1666042],[-76.4506632,3.1606251],[-76.4476251,3.1682524]],[[-76.4327822,3.21874],[-76.430081,3.2105316]],[[-76.430081,3.2105316],[-76.4287033,3.2167001]],[[-76.5043577,3.218312],[-76.4974614,3.2176093],[-76.4856856,3.2317857],[-76.4872255,3.2468974]],[[-73.5407947,4.1389365],[-73.5740483,4.1558579],[-73.6072351,4.1884914],[-73.6421737,4.1810273]],[[-74.5193379,4.5624345],[-74.5266751,4.5758897],[-74.54502,4.549319],[-74.5333338,4.5412502],[-74.5193379,4.5624345]],[[-73.7861573,5.6271398],[-73.8026046,5.6440497],[-73.8362463,5.6273256]],[[-72.9528984,4.610884],[-72.9166671,4.5829169],[-72.9206384,4.624555],[-72.9528041,4.6117769],[-72.9528984,4.610884]],[[-74.0235977,4.9487543],[-74.0612144,4.9383977]],[[-74.0881681,4.8961097],[-74.0852675,4.8798189]],[[-75.4246795,6.3833343],[-75.4017013,6.4028021],[-75.3702966,6.4115464],[-75.3189864,6.4317206],[-75.3207198,6.4615464],[-75.3619633,6.4282131],[-75.4167647,6.4204209],[-75.4490467,6.4025762]],[[-75.6353601,3.1956081],[-75.6453129,3.2107164],[-75.6527999,3.1885484],[-75.6416671,3.1829169],[-75.6353601,3.1956081]],[[-76.3098474,3.7644883],[-76.3442875,3.7776841],[-76.3361739,3.7540432],[-76.3166671,3.7495835],[-76.3098474,3.7644883]],[[-76.2770919,3.7852647],[-76.2862879,3.7704698],[-76.2666671,3.7662502],[-76.2770919,3.7852647]],[[-76.3028175,3.8127722],[-76.3196943,3.7990416],[-76.3000004,3.7912502],[-76.3028175,3.8127722]],[[-76.1511078,4.0843757],[-76.1818852,4.1309434],[-76.1958337,4.1278143],[-76.2200037,4.1332343],[-76.2251314,4.1298488]],[[-76.2859071,4.164189],[-76.287617,4.1667143]],[[-73.2197235,7.0981116],[-73.2062988,7.1340439]],[[-73.2062988,7.1340439],[-73.2361332,7.118952],[-73.2197235,7.0981116]],[[-74.1500004,5.1495835],[-74.1621749,5.1434271],[-74.1694666,5.1220201],[-74.1533126,5.1134507],[-74.1500004,5.1495835]],[[-74.0628806,4.9541791],[-74.0604578,4.9779486],[-74.0726567,4.986697],[-74.0773053,4.9759786]],[[-73.9404526,5.0025582],[-73.942424,5.0035031]],[[-73.942424,5.0035031],[-73.942491,5.0021554]],[[-73.942491,5.0021554],[-73.9404526,5.0025582]],[[-73.9557571,5.02952],[-73.9889984,5.0265999],[-74.0235977,5.0285001],[-74.0298789,5.0315532]],[[-74.0298789,5.0315532],[-74.0272221,5.0055161],[-74.0119389,4.9788316],[-74.0197786,4.9579719]],[[-74.0161285,4.957654],[-74.0063019,4.9568],[-73.9926662,4.9693999]],[[-73.9926662,4.9693999],[-73.9767175,4.9924994],[-73.9690098,4.9581086]],[[-73.9690098,4.9581086],[-73.9567032,4.9664001],[-73.9557554,4.9897961]],[[-73.9557554,4.9897961],[-73.9621179,5.0061875],[-73.951997,5.0145945]],[[-73.951997,5.0145945],[-73.9557571,5.02952]],[[-76.5419189,1.0254878],[-76.5492192,1.0516994],[-76.5733985,1.0416437],[-76.5419189,1.0254878]],[[-72.9233687,5.7702132],[-72.9375004,5.7719712],[-72.9416128,5.7622111]],[[-72.9416128,5.7622111],[-72.9259033,5.7655001]],[[-73.0687586,6.618598],[-73.0779545,6.6038031],[-73.0583338,6.5995835],[-73.0687586,6.618598]],[[-72.8885584,4.8949001],[-72.9121912,4.8715155],[-72.8833338,4.8662502],[-72.8885584,4.8949001]],[[-76.2888969,3.9452608],[-76.2984705,3.931391],[-76.3132654,3.9211818],[-76.3308354,3.8957343],[-76.3034021,3.8628485],[-76.2960616,3.8432196],[-76.2857019,3.8582261],[-76.2902999,3.8787502],[-76.2697514,3.8864406],[-76.2766606,3.9172349],[-76.2710647,3.9400148]],[[-76.2710647,3.9400148],[-76.2888969,3.9452608]],[[-73.4019,7.7531273],[-73.3833338,7.7495835],[-73.3874602,7.7712016],[-73.4019,7.7531273]],[[-75.2294763,3.2358099],[-75.253101,3.2202297],[-75.2250004,3.2162502],[-75.2294763,3.2358099]],[[-74.5888432,5.0793972],[-74.615129,5.0946519],[-74.607756,5.0617661],[-74.5833338,5.0579169],[-74.5888432,5.0793972]],[[-74.7581395,5.2070923],[-74.7538823,5.1890163],[-74.7220545,5.1989284],[-74.7294438,5.2360948],[-74.7448409,5.2110948],[-74.7580761,5.2079775]],[[-75.9723718,4.5862006],[-75.9870365,4.572073],[-75.9666671,4.5662502],[-75.9723718,4.5862006]],[[-77.3973718,1.1278632],[-77.4120365,1.1137437],[-77.3916671,1.1079169],[-77.3973718,1.1278632]],[[-74.8251038,4.2768998],[-74.8171065,4.2589001]],[[-74.8171065,4.2589001],[-74.7833338,4.2829169],[-74.7881026,4.2956203],[-74.7555424,4.3226711],[-74.7879643,4.3367295],[-74.7851775,4.3640762]],[[-76.2500004,3.1662502],[-76.2500004,3.1829169],[-76.2750004,3.1829169],[-76.2750004,3.1662502],[-76.2500004,3.1662502]],[[-76.3093394,3.2170263],[-76.3041149,3.2269807]],[[-75.5171228,5.1863674],[-75.5289311,5.1642767],[-75.5083338,5.1579169],[-75.5171228,5.1863674]],[[-75.5685676,6.1227278],[-75.5367761,6.118773],[-75.53995,6.1442857],[-75.5286056,6.1533718],[-75.5325525,6.1851101],[-75.5086796,6.1902752]],[[-75.5173035,6.2044001],[-75.5535965,6.1890001],[-75.5587997,6.1803002]],[[-75.5587997,6.1803002],[-75.5548019,6.1767998],[-75.5576019,6.1451001],[-75.5685676,6.1227278]],[[-75.5500004,6.4495835],[-75.5500004,6.4745835],[-75.5666671,6.4745835],[-75.5666671,6.4495835],[-75.5500004,6.4495835]],[[-72.2223719,5.5028672],[-72.2370366,5.4887396],[-72.2166671,5.4829169],[-72.2223719,5.5028672]],[[-75.4779498,6.8218379],[-75.4940434,6.827383],[-75.5027999,6.8118475],[-75.4926151,6.809791]],[[-75.4111332,6.971784],[-75.4361332,6.9721828],[-75.426742,6.9529567],[-75.4000004,6.9495835],[-75.4111332,6.971784]],[[-76.0778425,4.5460774],[-76.0822839,4.5578599],[-76.1186446,4.5408759],[-76.1109705,4.5205349],[-76.089381,4.520257]],[[-76.089381,4.520257],[-76.0836029,4.5432],[-76.0778425,4.5460774]],[[-75.8247379,4.3442708],[-75.8319503,4.3524603],[-75.8445398,4.3265448],[-75.8267567,4.3171755]],[[-75.8267567,4.3171755],[-75.8265762,4.3250098]],[[-75.0298263,5.1696722],[-75.05363,5.1492214],[-75.0250004,5.1412502],[-75.0298263,5.1696722]],[[-71.7209884,6.4770046],[-71.7575118,6.4532172],[-71.7166671,6.4495835],[-71.7209884,6.4770046]],[[-73.1190909,7.0040503],[-73.1092778,7.0028306],[-73.0860925,6.9738837],[-73.0394291,6.945543],[-73.0193364,6.9375433],[-73.0271896,7.0007066],[-73.0488732,7.0509368]],[[-73.0488732,7.0509368],[-73.0597992,7.0402999],[-73.0886002,7.0254002],[-73.0875015,7.0132999],[-73.1190909,7.0040503]],[[-76.6639815,7.6828395],[-76.6975509,7.6778794],[-76.6942712,7.655687],[-76.6583337,7.6495835],[-76.6639815,7.6828395]],[[-75.6519636,4.7728902],[-75.6387293,4.7842963],[-75.6368331,4.8079169],[-75.6389815,4.834695],[-75.6294763,4.8457261],[-75.5964522,4.86046],[-75.6192875,4.9116237],[-75.6294519,4.9124416],[-75.644727,4.8782131],[-75.6868517,4.8627453]],[[-73.627629,5.5509304],[-73.64349,5.5356105],[-73.6250004,5.5329169],[-73.627629,5.5509304]],[[-75.4999671,6.3804948],[-75.5087081,6.3691677],[-75.5413527,6.3745303]],[[-75.5413527,6.3745303],[-75.5329971,6.3621998],[-75.5404968,6.3547001],[-75.5456009,6.3056002]],[[-75.5456009,6.3056002],[-75.5341034,6.2940001],[-75.5214005,6.2940001]],[[-75.5214005,6.2940001],[-75.5096489,6.3006366]],[[-75.5096489,6.3006366],[-75.5013059,6.3112092]],[[-75.5013059,6.3112092],[-75.4798965,6.3168998]],[[-73.6867355,3.9211818],[-73.7200688,3.9242173],[-73.6833338,3.8995835],[-73.6867355,3.9211818]],[[-73.7478927,3.9905829],[-73.775684,4.0195787],[-73.7866622,3.9814927],[-73.7583338,3.9662502],[-73.7478927,3.9905829]],[[-74.6016724,5.9686602],[-74.5907974,5.9728999],[-74.5881771,5.9875351]],[[-74.5881771,5.9875351],[-74.6119633,5.9728054],[-74.6016724,5.9686602]],[[-73.5833338,5.2079169],[-73.5833338,5.2245835],[-73.6083338,5.2245835],[-73.6083338,5.2079169],[-73.5833338,5.2079169]],[[-72.7123657,5.2353044],[-72.6965987,5.2607245],[-72.7132654,5.2863186],[-72.7213709,5.3079901],[-72.7419763,5.3222154],[-72.7645675,5.3171494],[-72.7642695,5.2960821]],[[-72.7642695,5.2960821],[-72.748703,5.2721],[-72.7394028,5.2761002],[-72.713501,5.2350001]],[[-75.5986495,5.4860988],[-75.6119633,5.4711127],[-75.5833338,5.4662502],[-75.5986495,5.4860988]],[[-73.9473718,6.3278672],[-73.9620366,6.3137396],[-73.9416671,6.3079169],[-73.9473718,6.3278672]],[[-74.3861332,6.4801174],[-74.4007654,6.5095485],[-74.4277999,6.4844305],[-74.3975265,6.4691148],[-74.3833338,6.4662502],[-74.3861332,6.4801174]],[[-74.7973718,6.7862005],[-74.8120366,6.7720729],[-74.7916671,6.7662502],[-74.7973718,6.7862005]],[[-73.3315964,5.5258002],[-73.3159672,5.5612168],[-73.3227218,5.5913316],[-73.3350597,5.5885657]],[[-73.3528976,5.5472002],[-73.3420029,5.5402999],[-73.3315964,5.5258002]],[[-75.4176515,4.4372186],[-75.4261557,4.4491708],[-75.4447677,4.4368964],[-75.4176515,4.4372186]],[[-75.686621,6.0238865],[-75.6751713,6.0412136],[-75.6864529,6.0585356]],[[-75.6538147,6.1023914],[-75.655575,6.0882391],[-75.6452804,6.070718],[-75.6481938,6.0472642],[-75.6174076,6.0434353],[-75.6111732,6.0972453]],[[-75.6111732,6.0972453],[-75.6123962,6.0967999]],[[-75.6123962,6.0967999],[-75.6371994,6.1009002]],[[-74.6876631,4.19864],[-74.6898442,4.1859605],[-74.6555831,4.1918606],[-74.6333338,4.1829169],[-74.6262211,4.192475],[-74.6047774,4.2084255],[-74.6288172,4.2295884],[-74.6454703,4.2256537]],[[-74.3300449,4.7615694],[-74.3290024,4.7721]],[[-74.3378627,4.7616451],[-74.3300449,4.7615694]],[[-73.007202,5.8186829],[-73.0135177,5.8283799],[-73.0086674,5.8499986],[-73.0306058,5.8623209]],[[-73.0306058,5.8623209],[-73.0251007,5.8266001],[-73.007202,5.8186829]],[[-72.977629,5.8842637],[-72.99349,5.8689439],[-72.9750004,5.8662502],[-72.977629,5.8842637]],[[-75.6333338,6.3829169],[-75.6399355,6.3949582],[-75.6466981,6.3972021],[-75.6529545,6.3871364],[-75.6333338,6.3829169]],[[-75.6333338,6.3829169],[-75.613713,6.3429429],[-75.621086,6.3133002],[-75.6370701,6.3186503]],[[-75.6370701,6.3186503],[-75.6090012,6.2972002],[-75.5912018,6.2925],[-75.5681,6.2936001],[-75.5456009,6.3056002]],[[-75.5413527,6.3745303],[-75.5710535,6.3794094],[-75.6080652,6.3648586],[-75.603516,6.3956691],[-75.6100671,6.4115464],[-75.6202966,6.3865464],[-75.6333338,6.3829169]],[[-74.4552983,5.0183173],[-74.4770431,5.0279852],[-74.4867354,5.0051092],[-74.4666671,4.9912502],[-74.4552983,5.0183173]],[[-74.3700811,4.386265],[-74.3673751,4.3983384],[-74.3958256,4.4196519],[-74.3997872,4.3847897]],[[-75.9047367,6.0608059],[-75.9202966,6.0485826],[-75.9000004,6.0329169],[-75.9047367,6.0608059]],[[-73.9333744,4.4086289],[-73.958822,4.4192002],[-73.9489425,4.3952378],[-73.9416671,4.3912502],[-73.9333744,4.4086289]],[[-73.2772981,5.6716713],[-73.2583338,5.6662502],[-73.2640385,5.6862006],[-73.2754634,5.6751941],[-73.2772981,5.6716713]],[[-75.6651001,4.5437999],[-75.6687715,4.567369]],[[-75.6687715,4.567369],[-75.6789311,4.5618475],[-75.71849,4.5496364],[-75.7323761,4.5651802]],[[-75.7323761,4.5651802],[-75.754555,4.5459351]],[[-75.754555,4.5459351],[-75.7499597,4.5438259],[-75.7377364,4.502208],[-75.7575525,4.4845038],[-75.7788993,4.4747081]],[[-75.7713543,4.4410114],[-75.7622644,4.4451809],[-75.7455977,4.4618475],[-75.7326583,4.4900417],[-75.7127364,4.4855414],[-75.7297612,4.4703273],[-75.7199496,4.4663362]],[[-74.9226323,3.8728176],[-74.9424565,3.8683702],[-74.9534021,3.8537624],[-74.9166671,3.8495835],[-74.9226323,3.8728176]],[[-73.5057052,8.0112005],[-73.5203699,7.9970729],[-73.5000004,7.9912502],[-73.5057052,8.0112005]],[[-75.6100998,6.1201979],[-75.6100998,6.1325998],[-75.6207199,6.1631408]],[[-75.6123962,6.0967999],[-75.6115782,6.1005047]],[[-75.6115782,6.1005047],[-75.6100998,6.1201979]],[[-75.5214005,6.2940001],[-75.5253983,6.2616],[-75.5086975,6.2315001],[-75.4914017,6.2135],[-75.4819745,6.2103772]],[[-75.4819745,6.2103772],[-75.4777592,6.2442613],[-75.4879643,6.2616237],[-75.4959884,6.2896958],[-75.5096489,6.3006366]],[[-75.4583338,6.3079169],[-75.4544275,6.284931],[-75.4380375,6.2448798],[-75.3969783,6.2163261]],[[-75.3887967,6.2225358],[-75.4056238,6.2381293],[-75.4393071,6.2902899],[-75.4583338,6.3079169]],[[-75.4583338,6.3079169],[-75.4564505,6.3160417]],[[-75.5013059,6.3112092],[-75.4726323,6.3134141],[-75.4583338,6.3079169]],[[-74.6250004,4.4495835],[-74.6250004,4.4662502],[-74.6500004,4.4662502],[-74.6500004,4.4495835],[-74.6250004,4.4495835]],[[-75.0386967,5.3110297],[-75.0702234,5.29796],[-75.0500004,5.2829169],[-75.0386967,5.3110297]],[[-73.8327797,5.0473841],[-73.8515304,5.0344427],[-73.8716125,5.0076766]],[[-73.8733357,4.9771858],[-73.8544356,4.9957749],[-73.8310226,4.993891],[-73.821143,5.0373928],[-73.8170252,5.0451076],[-73.8042241,5.0026109],[-73.7953048,5.0226019],[-73.7866974,5.0300168]],[[-73.7866974,5.0300168],[-73.7895203,5.039681]],[[-75.8664474,2.4094061],[-75.9029627,2.4012193],[-75.9117354,2.3787583],[-75.8750004,2.3745835],[-75.8664474,2.4094061]],[[-73.6013542,5.9383847],[-73.5951502,5.9706651],[-73.5990971,5.9782131],[-73.6248372,5.9448647]],[[-74.2536463,4.8627753],[-74.2734786,4.8598456],[-74.2869633,4.8478054],[-74.2500004,4.8329169],[-74.2536463,4.8627753]],[[-74.1833338,4.9245835],[-74.1638188,4.9169094],[-74.1740971,4.9365464],[-74.1833338,4.9245835]],[[-73.9196665,7.4839154],[-73.9214929,7.4946722],[-73.9452966,7.4742214],[-73.9338502,7.4710344]],[[-73.9338502,7.4710344],[-73.9196665,7.4839154]],[[-74.8664715,4.1820197],[-74.8666671,4.1829169],[-74.8674535,4.182567]],[[-74.8363265,4.2746656],[-74.8256026,4.2541368],[-74.8171065,4.2589001]],[[-73.7866974,5.0300168],[-73.7704354,5.0452375]],[[-73.6686202,5.1457587],[-73.6810144,5.1607163],[-73.6944666,5.1368475],[-73.6750004,5.1329169],[-73.6686202,5.1457587]],[[-74.0945588,4.4547664],[-74.0750248,4.4634833],[-74.0700544,4.4799941]],[[-74.0700544,4.4799941],[-74.075798,4.4805002]],[[-74.075798,4.4805002],[-74.0774994,4.4713001],[-74.0945588,4.4547664]],[[-74.6836023,7.0911363],[-74.7058272,7.1024603],[-74.7195398,7.0782049],[-74.6916671,7.0745835],[-74.6836023,7.0911363]],[[-75.6111732,6.0972453],[-75.6115782,6.1005047]],[[-75.5587997,6.1803002],[-75.5698013,6.1785998],[-75.5911026,6.1862001]],[[-75.6100998,6.1201979],[-75.5791671,6.1240464],[-75.5685676,6.1227278]],[[-71.756698,6.8029689],[-71.7726811,6.8107163],[-71.7861332,6.7868475],[-71.7666671,6.7829169],[-71.756698,6.8029689]],[[-74.4610681,4.6189846],[-74.4444666,4.627383],[-74.4388676,4.643952],[-74.4632735,4.6562974],[-74.4694666,4.6440497],[-74.4805343,4.6384507],[-74.4861332,4.6118475],[-74.4666671,4.6079169],[-74.4610681,4.6189846]],[[-75.7720382,5.240941],[-75.7848881,5.2526841],[-75.8004643,5.2264064],[-75.7833337,5.2162502],[-75.7720382,5.240941]],[[-74.8722986,5.2008653],[-74.8949386,5.2196519],[-74.9117354,5.1941962],[-74.8833338,5.1745835],[-74.8722986,5.2008653]],[[-73.7893206,5.3370238],[-73.8118158,5.3279361]],[[-73.8118158,5.3279361],[-73.7982178,5.3272319]],[[-76.170671,1.7848456],[-76.1862879,1.7770005],[-76.1666671,1.7662502],[-76.170671,1.7848456]],[[-76.0445676,1.876318],[-76.0561609,1.8748765],[-76.0973881,1.8537502],[-76.0947188,1.8322577],[-76.0333337,1.8245835],[-76.0203699,1.8366197],[-76.0168193,1.8575369]],[[-76.0168193,1.8575369],[-76.0445676,1.876318]],[[-75.0728276,6.9195217],[-75.0955978,6.9085191],[-75.0666671,6.8995835],[-75.0728276,6.9195217]],[[-75.6272964,4.9696033],[-75.6083338,4.9579169],[-75.5808028,4.9780788],[-75.5845644,4.9901601]],[[-75.5845644,4.9901601],[-75.5904007,4.9858999],[-75.6203995,4.9791002]],[[-75.5156788,5.0209724],[-75.5263977,5.0267],[-75.5512937,5.0285425]],[[-75.5512937,5.0285425],[-75.549504,5.0189561],[-75.5156788,5.0209724]],[[-74.8640385,7.5028672],[-74.8787032,7.4887396],[-74.8583338,7.4829169],[-74.8640385,7.5028672]],[[-74.8172427,7.5900545],[-74.7962475,7.6165735]],[[-74.7962475,7.6165735],[-74.8244389,7.6091538],[-74.8172427,7.5900545]],[[-75.7558966,4.6735454],[-75.7828455,4.6985215],[-75.8083337,4.6829169],[-75.8051548,4.6794857]],[[-73.4930094,5.4880649],[-73.4750004,5.4829169],[-73.4807052,5.5028672],[-73.4931496,5.4908786],[-73.4930094,5.4880649]],[[-76.1436949,4.4212976],[-76.1560632,4.4363186],[-76.1670157,4.4060877]],[[-75.5455815,7.9355536],[-75.5614343,7.9124375],[-75.5416671,7.9079169],[-75.5455815,7.9355536]],[[-75.3952966,7.9869004],[-75.3971684,8.0019517],[-75.4406336,7.9852403],[-75.425627,7.946194],[-75.4083338,7.9412502],[-75.3952966,7.9869004]],[[-75.4500004,6.6329169],[-75.4500004,6.6579169],[-75.4666671,6.6579169],[-75.4666671,6.6329169],[-75.4500004,6.6329169]],[[-73.2942957,6.2759304],[-73.3101567,6.2606105],[-73.2916671,6.2579169],[-73.2942957,6.2759304]],[[-75.6437586,5.5602647],[-75.6529545,5.5454698],[-75.6333338,5.5412502],[-75.6437586,5.5602647]],[[-76.4854496,0.505801],[-76.5056563,0.5262356],[-76.5104496,0.4937649],[-76.4833337,0.4912502],[-76.4854496,0.505801]],[[-75.0485356,4.9346828],[-75.0816329,4.9272609],[-75.0782312,4.9120754],[-75.0416671,4.9079169],[-75.0485356,4.9346828]],[[-73.4773297,6.0655459],[-73.4791255,6.0661516],[-73.49349,6.0522772],[-73.4750004,6.0495835],[-73.4773297,6.0655459]],[[-77.2109623,2.0509263],[-77.2268233,2.0356106],[-77.2083337,2.0329169],[-77.2109623,2.0509263]],[[-75.0173263,6.3024359],[-75.0369633,6.2921494],[-75.0250004,6.2829169],[-75.0173263,6.3024359]],[[-74.6697511,4.3905137],[-74.6743169,4.3911472],[-74.6861332,4.3701809],[-74.6666671,4.3662502],[-74.6602869,4.379092],[-74.6697511,4.3905137]],[[-73.9557571,5.02952],[-73.941803,5.0414],[-73.9520596,5.0522831]],[[-73.9520596,5.0522831],[-73.9533005,5.0563234],[-73.951137,5.0600995],[-73.9440994,5.0723827],[-73.9440994,5.0727156],[-73.979517,5.0708767],[-73.9871179,5.0533636],[-74.0128829,5.0458034],[-74.0298789,5.0315532]],[[-73.1473999,7.0504999],[-73.1300964,7.0567999],[-73.0943985,7.0977001],[-73.0759964,7.1097002],[-73.0626984,7.1293001]],[[-73.0799054,7.1635043],[-73.1018478,7.1810736],[-73.1272791,7.2128363],[-73.141187,7.211107],[-73.1620366,7.1616237],[-73.179825,7.1393854]],[[-73.179825,7.1393854],[-73.1884003,7.1096001],[-73.1843033,7.0732002],[-73.1802979,7.0662999],[-73.1601028,7.0633001],[-73.1473999,7.0504999]],[[-75.7323761,4.5651802],[-75.7439338,4.5781175]],[[-75.7673027,4.5668337],[-75.7694986,4.5650001]],[[-75.7578964,4.5474687],[-75.754555,4.5459351]],[[-75.641504,4.6038881],[-75.6397914,4.6356572]],[[-75.6397914,4.6356572],[-75.6528731,4.6098781],[-75.641504,4.6038881]],[[-67.9136328,3.8640217],[-67.9088058,3.8737331],[-67.921713,3.8814622]],[[-67.921713,3.8814622],[-67.9136328,3.8640217]],[[-75.8185983,6.5535151],[-75.8208663,6.5679185],[-75.8450688,6.5608628],[-75.8220329,6.5449555],[-75.8185983,6.5535151]],[[-75.4223718,5.8028672],[-75.4370366,5.7887396],[-75.4166671,5.7829169],[-75.4223718,5.8028672]],[[-72.7642695,5.2960821],[-72.7882654,5.2795152],[-72.8098637,5.2594427],[-72.8195322,5.245433],[-72.822414,5.2399674],[-72.8198165,5.2283799],[-72.8308517,5.2114244],[-72.8000004,5.2079169],[-72.7809819,5.2236273],[-72.7575444,5.2183702],[-72.7198942,5.2300399]],[[-76.089381,4.520257],[-76.072144,4.5309597],[-76.0778425,4.5460774]],[[-75.1557052,1.9195298],[-75.1703699,1.9054104],[-75.1500004,1.8995835],[-75.1557052,1.9195298]],[[-73.9994121,4.9449823],[-73.9926662,4.9693999]],[[-73.924325,4.9769842],[-73.9518722,4.9797919],[-73.9557554,4.9897961]],[[-73.9690098,4.9581086],[-73.9671228,4.9496893],[-73.9962989,4.9422003]],[[-73.9775832,4.9296261],[-73.9609542,4.9282904],[-73.9528282,4.9100834]],[[-73.9381429,4.8992243],[-73.9308828,4.9032729],[-73.9284371,4.9071969],[-73.9295252,4.9206732],[-73.9058872,4.9492478]],[[-73.9343033,5.0026999],[-73.9404526,5.0025582]],[[-73.942491,5.0021554],[-73.9340523,4.9997853]],[[-76.2710647,3.9400148],[-76.2666671,3.9579169],[-76.2830652,3.9537095],[-76.2888969,3.9452608]],[[-76.2195561,3.9954372],[-76.2306238,4.0113186],[-76.2450688,3.982689],[-76.2333337,3.9745835],[-76.2195561,3.9954372]],[[-74.4667723,4.5842398],[-74.4416671,4.5662502],[-74.430697,4.592947],[-74.4569209,4.5887684],[-74.4667723,4.5842398]],[[-73.3500004,5.0745835],[-73.3500004,5.0912502],[-73.3750004,5.0912502],[-73.3750004,5.0745835],[-73.3500004,5.0745835]],[[-74.6901422,5.4879577],[-74.6799728,5.4364813],[-74.6534835,5.4447292],[-74.638184,5.4661159],[-74.6669438,5.4867255],[-74.6882127,5.4936634],[-74.6901422,5.4879577]],[[-76.430081,3.2105316],[-76.4280033,3.2042181],[-76.4076216,3.2026102]],[[-76.5599403,0.5834133],[-76.5671228,0.6113674],[-76.5789311,0.5892808],[-76.5610348,0.5837514],[-76.5599403,0.5834133]],[[-74.6016724,5.9686602],[-74.5750004,5.9579169],[-74.5615239,5.9702215],[-74.5763757,5.9948431],[-74.5881771,5.9875351]],[[-74.552629,6.0759304],[-74.56849,6.0606105],[-74.5500004,6.0579169],[-74.552629,6.0759304]],[[-74.5570479,6.2353867],[-74.5784021,6.2152045],[-74.5500004,6.2079169],[-74.5570479,6.2353867]],[[-75.8771244,1.8037421],[-75.8839848,1.8177802],[-75.9027999,1.8010972],[-75.8833337,1.7912502],[-75.8771244,1.8037421]],[[-72.9017029,5.7382998],[-72.9063034,5.7330999],[-72.9501017,5.7159046]],[[-72.9501017,5.7159046],[-72.9651127,5.6633449],[-72.9583338,5.6579169],[-72.9462976,5.67921],[-72.914893,5.6881903],[-72.8964079,5.7320589]],[[-75.4666671,3.7162502],[-75.4666671,3.7329169],[-75.5000004,3.7329169],[-75.5000004,3.7162502],[-75.4666671,3.7162502]],[[-76.6750004,2.9745835],[-76.6626143,2.9693833],[-76.6382654,2.976968],[-76.6632654,2.9863186],[-76.6862065,3.00126],[-76.6750004,2.9745835]],[[-77.6183671,0.8089709],[-77.6125004,0.810285],[-77.5717696,0.8011623],[-77.5632654,0.8103013],[-77.5882654,0.8196519],[-77.5980459,0.838962]],[[-67.921713,3.8814622],[-67.9288172,3.8857163],[-67.9361333,3.8618475],[-67.9166671,3.8579169],[-67.9136328,3.8640217]],[[-75.5845644,4.9901601],[-75.5913904,5.0120835],[-75.5860112,5.0293768],[-75.5953292,5.0360948],[-75.6031742,5.0027614],[-75.6218266,4.9964056],[-75.624918,4.9836159]],[[-75.5156788,5.0209724],[-75.5072514,5.0214748],[-75.4333338,5.0162502],[-75.4127364,5.0355414],[-75.4205977,5.0456529],[-75.4422449,5.0555894],[-75.4777104,5.0952744],[-75.5044031,5.1035142],[-75.5111588,5.1110786],[-75.5195169,5.1119136],[-75.5437341,5.112702],[-75.5651697,5.1028672],[-75.5512937,5.0285425]],[[-73.2000004,7.1079169],[-73.2062988,7.1340439]],[[-73.2197235,7.0981116],[-73.2000004,7.1079169]],[[-73.2000004,7.1079169],[-73.1929366,7.0895412],[-73.1963953,7.0450384],[-73.1789799,7.0310899],[-73.1688481,6.9614691],[-73.1516362,6.9375433],[-73.1559412,6.9721909],[-73.1371912,6.9698594],[-73.129631,6.9747097],[-73.1695317,6.9989488],[-73.1481775,7.0160467],[-73.1371261,7.0022406],[-73.1364957,7.002319]],[[-73.1364957,7.002319],[-73.1405029,7.0065999],[-73.1434021,7.0331998],[-73.1473999,7.0504999]],[[-73.179825,7.1393854],[-73.188062,7.1290879],[-73.1867436,7.1185288],[-73.2000004,7.1079169]],[[-77.0565546,1.5184458],[-77.0611332,1.5035142],[-77.0502131,1.5013092],[-77.0412764,1.5003559],[-77.0288058,1.5155206]],[[-74.0671854,4.4895241],[-74.075798,4.4805002]],[[-74.0700544,4.4799941],[-74.0671854,4.4895241]],[[-74.0533758,4.5121897],[-74.044906,4.5194891],[-74.0301064,4.5526478]],[[-74.0301064,4.5526478],[-74.0469971,4.5324001],[-74.0533758,4.5121897]],[[-72.9416128,5.7622111],[-72.9468836,5.7497015],[-72.9449304,5.7340114],[-72.9501017,5.7159046]],[[-76.6886394,2.3367031],[-76.6957223,2.3551076]],[[-76.6957223,2.3551076],[-76.7037032,2.3425604],[-76.6886394,2.3367031]],[[-75.6279115,4.5424355],[-75.6384037,4.5838731],[-75.6687715,4.567369]],[[-75.641504,4.6038881],[-75.6333338,4.5995835],[-75.6184168,4.6297308],[-75.6397914,4.6356572]],[[-76.1290043,6.3265122],[-76.1446212,6.3186713],[-76.1250004,6.3079169],[-76.1290043,6.3265122]],[[-75.0728276,6.5450873],[-75.0942306,6.552383],[-75.1027999,6.536229],[-75.0666671,6.5329169],[-75.0728276,6.5450873]],[[-73.7068291,3.5761361],[-73.7092567,3.5774045],[-73.7284021,3.5677435],[-73.7140711,3.5191311],[-73.6916671,3.5162502],[-73.6817631,3.5398342],[-73.7068291,3.5761361]],[[-77.3287927,1.280744],[-77.3448409,1.2689358],[-77.3175216,1.2352118],[-77.3221277,1.2204169],[-77.3140222,1.1943834],[-77.3352136,1.1642076],[-77.3193282,1.1544175],[-77.3224207,1.1444729],[-77.2833337,1.1412502],[-77.2729008,1.1581773],[-77.1981775,1.1970282],[-77.208822,1.2311916],[-77.2215011,1.2272447],[-77.2281742,1.2380764],[-77.2508712,1.2458075],[-77.2615076,1.2630764],[-77.2827559,1.269424],[-77.2777104,1.2532294],[-77.2845789,1.2464097],[-77.2951664,1.2635891],[-77.3145105,1.2575669],[-77.3287927,1.280744]],[[-75.6502283,7.8923041],[-75.6780847,7.9026841],[-75.6864343,7.878563],[-75.6583338,7.8745835],[-75.6502283,7.8923041]],[[-76.5335136,2.5034951],[-76.5274337,2.5121568],[-76.546908,2.5361965],[-76.5744226,2.544424],[-76.5686148,2.5257873]],[[-75.2166671,2.868092],[-75.2166671,2.8745835],[-75.2393435,2.8745835]],[[-75.2000004,2.9412502],[-75.2129643,2.944953],[-75.2546065,2.9782619],[-75.2651453,2.9914211],[-75.3064701,2.9862779],[-75.3218836,2.9496975],[-75.3214034,2.9283352],[-75.3037032,2.9208807],[-75.2835372,2.8876695],[-75.2520105,2.8792141],[-75.2333338,2.9235256],[-75.2037276,2.9198472],[-75.2000004,2.9412502]],[[-75.2692957,3.0342596],[-75.2851567,3.0189439],[-75.2666671,3.0162502],[-75.2692957,3.0342596]],[[-75.2937586,3.0852688],[-75.3029545,3.0704738],[-75.2833338,3.0662502],[-75.2937586,3.0852688]],[[-73.1018431,5.7672574],[-73.096143,5.7827785],[-73.1044017,5.7851536]],[[-72.9916671,5.7912502],[-72.9889262,5.7815008],[-72.9882007,5.7817005],[-72.9916671,5.7912502]],[[-73.0306058,5.8623209],[-73.0534021,5.8446519],[-73.0818933,5.8283962],[-73.0772953,5.8079169],[-73.085531,5.7711818],[-73.0450688,5.7779852],[-73.0366541,5.790176],[-73.0000004,5.7995835],[-73.007202,5.8186829]],[[-72.9419356,4.0911363],[-72.9641606,4.1024603],[-72.9778731,4.078205],[-72.9500004,4.0745835],[-72.9419356,4.0911363]],[[-76.0168193,1.8575369],[-76.0129643,1.8802476],[-76.0445676,1.876318]],[[-75.9307052,1.9861965],[-75.9453699,1.972077],[-75.9250004,1.9662502],[-75.9307052,1.9861965]],[[-74.2000004,4.4912502],[-74.2105799,4.4867214],[-74.2037756,4.4728937],[-74.2026381,4.4762821],[-74.2000004,4.4912502]],[[-74.3389083,4.5355129],[-74.3618901,4.5167588],[-74.3500004,4.5079169],[-74.3389083,4.5355129]],[[-74.2000004,4.4912502],[-74.199025,4.4920908]],[[-74.199025,4.4920908],[-74.1957016,4.5145001],[-74.1968994,4.5352998],[-74.2158966,4.5809999],[-74.2246017,4.5874],[-74.2297974,4.6261001]],[[-74.2721635,4.6148],[-74.2891687,4.6043239],[-74.3010584,4.5661485],[-74.279867,4.5272325],[-74.2701664,4.5302557],[-74.2549665,4.5104849]],[[-74.2417984,4.4866936],[-74.2306482,4.5194281],[-74.2031743,4.504739],[-74.2000004,4.4912502]],[[-73.5136843,5.6272509],[-73.5048507,5.6351426],[-73.5134655,5.647351]],[[-76.9750004,2.1240826],[-76.9916671,2.1245835],[-76.9916671,2.1032532]],[[-76.9750977,2.1185999],[-76.9750004,2.1240826]],[[-76.9750004,2.1186798],[-76.9750004,2.1240826]],[[-75.6750004,6.3162502],[-75.6797449,6.295364],[-75.6650476,6.2439073],[-75.6951583,6.2026963],[-75.6777281,6.1753033]],[[-75.4825211,6.2059835],[-75.4819745,6.2103772]],[[-75.6370701,6.3186503],[-75.6395328,6.3206952],[-75.6550582,6.3388951],[-75.6642338,6.3221503],[-75.6750004,6.3162502]],[[-75.6750004,6.3162502],[-75.681226,6.3660549],[-75.7171065,6.3782904],[-75.7099369,6.3206203],[-75.6750004,6.3162502]],[[-75.1723718,5.6195339],[-75.1870366,5.6054063],[-75.1666671,5.5995835],[-75.1723718,5.6195339]],[[-73.9342259,5.002757],[-73.942424,5.0035031]],[[-73.951997,5.0145945],[-73.9222091,5.0393378],[-73.9520596,5.0522831]],[[-73.8673263,5.0774359],[-73.8869633,5.0671494],[-73.8750004,5.0579169],[-73.8673263,5.0774359]],[[-74.8172427,7.5900545],[-74.8000004,7.5745835],[-74.7822677,7.5882757],[-74.7962475,7.6165735]],[[-73.8118158,5.3279361],[-73.8325037,5.3144639],[-73.8282963,5.2957098],[-73.8000004,5.2912502],[-73.7948113,5.3045099],[-73.7946494,5.3054685],[-73.7931924,5.3140964]],[[-73.1364957,7.002319],[-73.1190909,7.0040503]],[[-73.0488732,7.0509368],[-73.0536218,7.061937],[-73.0452757,7.1291006]],[[-75.3921228,6.503034],[-75.4039311,6.4809434],[-75.3833338,6.4745835],[-75.3921228,6.503034]],[[-74.0101013,4.6229],[-74.0158997,4.6276002],[-74.0315018,4.6171999],[-74.0348969,4.6317],[-74.043602,4.6306],[-74.0326004,4.6461],[-74.0257034,4.6536002],[-74.0326996,4.6732998],[-74.0240021,4.7090001],[-74.0304031,4.7772002],[-74.0229034,4.7951002]],[[-74.1283721,4.7729061],[-74.1138676,4.771076],[-74.1200932,4.7595526],[-74.1351516,4.7671699]],[[-74.199025,4.4920908],[-74.1826257,4.5100775],[-74.1610763,4.47567],[-74.1620854,4.436111],[-74.1284754,4.4360215],[-74.0945588,4.4547664]],[[-74.0671854,4.4895241],[-74.0628097,4.5040594],[-74.0533758,4.5121897]],[[-74.0301064,4.5526478],[-74.0259028,4.5556543]],[[-69.9264237,-4.2013942],[-69.9514327,-4.1724135],[-69.9470322,-4.2271919],[-69.9292221,-4.212647],[-69.9264237,-4.2013942]],[[-75.3826723,6.0592217],[-75.374392,6.0594001],[-75.3560877,6.0705837],[-75.3751062,6.0770046],[-75.3826723,6.0592217]],[[-75.3515316,6.1034149],[-75.343962,6.065119],[-75.3166671,6.0579169],[-75.3116297,6.0701768],[-75.3108291,6.0933387]],[[-75.3912239,6.1046513],[-75.3833338,6.0995835],[-75.3671985,6.1270284]],[[-76.170307,4.1597581],[-76.1569096,4.1775417],[-76.1703129,4.1857163],[-76.1766805,4.1668627],[-76.170307,4.1597581]],[[-76.1557052,4.2195339],[-76.1703699,4.2054063],[-76.1500004,4.1995835],[-76.1557052,4.2195339]],[[-75.8267567,4.3171755],[-75.8207537,4.3249733]],[[-75.0097306,3.9244751],[-75.0130701,3.9441392],[-75.02863,3.9319159],[-75.0161641,3.922294],[-75.0097306,3.9244751]],[[-74.9504561,4.0346136],[-74.9842045,4.0445787],[-74.9783207,4.0212388],[-74.9583338,4.0162502],[-74.9504561,4.0346136]],[[-74.2694818,4.7012028],[-74.2896082,4.6952948],[-74.2877594,4.6771356]],[[-74.2546532,4.7701145],[-74.2585047,4.773314],[-74.2788985,4.7616319],[-74.3013513,4.7639187],[-74.3056682,4.7833853]],[[-74.3300449,4.7615694],[-74.3204838,4.7625433],[-74.3128829,4.7450303],[-74.2954513,4.7374701],[-74.2878829,4.7200303],[-74.2664249,4.7107243]],[[-74.2359623,4.8009304],[-74.2518233,4.7856105],[-74.2333338,4.7829169],[-74.2359623,4.8009304]],[[-74.2085236,4.8121558],[-74.2179122,4.828441],[-74.2353357,4.8168199],[-74.2204757,4.8040188],[-74.221111,4.7961424]],[[-75.9611332,5.9634507],[-75.9799076,5.9729478],[-75.9861332,5.9614243],[-75.9611332,5.9634507]],[[-73.8922205,7.3588202],[-73.9111332,7.3447577],[-73.8833338,7.3412502],[-73.8922205,7.3588202]],[[-73.9140385,7.3862005],[-73.9287032,7.3720729],[-73.9083338,7.3662502],[-73.9140385,7.3862005]],[[-73.9338502,7.4710344],[-73.9166671,7.4662502],[-73.9196665,7.4839154]],[[-72.7382525,6.7148479],[-72.7446212,6.6936713],[-72.738758,6.6904575]],[[-74.9024662,4.8761704],[-74.9268478,4.8520697],[-74.9000004,4.8495835],[-74.9024662,4.8761704]],[[-76.6886394,2.3367031],[-76.6636316,2.3477932],[-76.6862797,2.369953],[-76.6957223,2.3551076]],[[-73.2868982,6.5520412],[-73.2945398,6.5304877],[-73.2833338,6.5245835],[-73.2868982,6.5520412]],[[-73.3724509,5.5699409],[-73.3882654,5.5545152],[-73.3950688,5.4954291],[-73.3583338,5.4912502],[-73.3382654,5.5211818],[-73.3315964,5.5258002]],[[-73.9640385,4.7362006],[-73.9787032,4.722073],[-73.9583338,4.7162502],[-73.9640385,4.7362006]],[[-74.0018925,4.6214074],[-74.0057133,4.6318142],[-74.0279871,4.6510036],[-74.0025151,4.6623724],[-74.0058435,4.7037502],[-74.0022628,4.7482448],[-74.0129236,4.7871893],[-74.0095155,4.7933002]],[[-76.3086797,3.6973384],[-76.3210779,3.7140611],[-76.3242981,3.6980643]],[[-76.2628097,3.7358099],[-76.2864343,3.7202297],[-76.2583337,3.7162502],[-76.2628097,3.7358099]],[[-76.4111332,3.5217841],[-76.4314783,3.527383],[-76.4444666,3.5028957],[-76.4083337,3.4995835],[-76.4111332,3.5217841]],[[-76.2333337,3.5579169],[-76.2500004,3.5579169],[-76.2500004,3.5329169],[-76.2333337,3.5329169],[-76.2333337,3.5579169]],[[-76.2565108,3.5483506],[-76.2882979,3.5695787],[-76.3284347,3.5589097],[-76.3379968,3.5325629],[-76.3613448,3.5170396],[-76.3369063,3.5108832],[-76.3277673,3.5246161],[-76.30835,3.4954128],[-76.2916671,3.4912502],[-76.2836837,3.5032538],[-76.2612716,3.5113837],[-76.2635502,3.5204169],[-76.2565108,3.5483506]],[[-76.3715336,3.5546088],[-76.3850671,3.5698798],[-76.4015304,3.5296495],[-76.3833337,3.5245835],[-76.3715336,3.5546088]],[[-76.2333337,3.5579169],[-76.2147384,3.5619167],[-76.2225834,3.5775336],[-76.2333337,3.5579169]],[[-76.4458482,3.4548394],[-76.455339,3.4714056],[-76.4526615,3.4976955],[-76.4795496,3.5200303],[-76.4871179,3.5414862],[-76.4204513,3.5533636],[-76.4128829,3.5602484],[-76.4503178,3.5712347],[-76.4685795,3.5693711],[-76.4800948,3.6086005],[-76.4958678,3.5995654]],[[-76.5128539,3.5544333],[-76.5132214,3.5358813]],[[-76.284924,3.6130992],[-76.2827559,3.6034328],[-76.2583337,3.5995835],[-76.2667828,3.620597]],[[-76.3939724,3.6293508],[-76.4371912,3.62355],[-76.4121912,3.6123928],[-76.3750004,3.5912502],[-76.3706971,3.6179319]],[[-76.4951532,3.6333818],[-76.4666671,3.6245835],[-76.4728276,3.6445217],[-76.4951623,3.6337295],[-76.4951532,3.6333818]],[[-76.5246818,2.6224368],[-76.5120956,2.6278798]],[[-75.3397215,5.9733284],[-75.3779627,5.9934963],[-75.3690352,5.9698146],[-75.3354104,5.9664575],[-75.3397215,5.9733284]],[[-78.7891693,1.805473],[-78.7959088,1.8061417],[-78.8034021,1.7884426],[-78.7833337,1.7745835],[-78.7714996,1.795428],[-78.7891693,1.805473]],[[-75.5807114,10.3247442],[-75.5693283,10.3433571],[-75.5740971,10.3532131],[-75.5909044,10.3335047],[-75.5807114,10.3247442]],[[-75.5669861,10.3725595],[-75.5581678,10.3449996],[-75.5445099,10.3410244],[-75.5389252,10.362174],[-75.5669861,10.3725595]],[[-74.1040043,10.4098456],[-74.1196212,10.4020046],[-74.1000004,10.3912502],[-74.1040043,10.4098456]],[[-74.1688761,10.4959733],[-74.1800995,10.5044003],[-74.2117996,10.5172997]],[[-74.2117996,10.5172997],[-74.2117996,10.5056558]],[[-74.2117996,10.5056558],[-74.1688761,10.4959733]],[[-73.2537662,10.0315023],[-73.2505538,10.020071],[-73.2250004,10.0162502],[-73.2163204,10.0360494]],[[-73.2163204,10.0360494],[-73.2537662,10.0315023]],[[-74.2127201,9.1521144],[-74.2359542,9.1610174],[-74.2278406,9.1373765],[-74.2083338,9.1329168],[-74.2127201,9.1521144]],[[-75.7040043,8.8848456],[-75.7196212,8.8770046],[-75.7000004,8.8662502],[-75.7040043,8.8848456]],[[-75.595671,8.8705755],[-75.6205733,8.8936428],[-75.645671,8.8719997],[-75.595671,8.8705755]],[[-74.2851617,8.6317166],[-74.3203842,8.6309157]],[[-74.3203842,8.6309157],[-74.3161625,8.6120835],[-74.3218591,8.5866644],[-74.3034021,8.5628485],[-74.2935877,8.5245835],[-74.2704594,8.5193996],[-74.2500004,8.5329169],[-74.236239,8.5537461],[-74.2465987,8.5696519],[-74.2547042,8.5913234],[-74.2791264,8.6081854],[-74.2851617,8.6317166]],[[-76.1150313,9.2529689],[-76.1238643,9.2572505],[-76.1383178,9.2477575],[-76.1444666,9.2368475],[-76.1250004,9.2329168],[-76.1150313,9.2529689]],[[-81.709137,12.5043278],[-81.7024662,12.5381537],[-81.6832829,12.5880642],[-81.6986237,12.5903578],[-81.7126389,12.5787954],[-81.7241364,12.5590029],[-81.7281113,12.5377541],[-81.71978,12.520442],[-81.72715,12.4940615],[-81.7160677,12.4922172],[-81.709137,12.5043278]],[[-76.2390385,8.7945339],[-76.2537032,8.7804063],[-76.2333337,8.7745835],[-76.2390385,8.7945339]],[[-75.2588058,10.4487331],[-75.2788172,10.4607163],[-75.2861332,10.4368475],[-75.2666671,10.4329168],[-75.2588058,10.4487331]],[[-75.3204886,10.584898],[-75.3221508,10.5832652],[-75.3364343,10.5624375],[-75.3166671,10.5579168],[-75.3204886,10.584898]],[[-75.2614099,10.748965],[-75.2749862,10.7330072],[-75.2583338,10.7245835],[-75.2614099,10.748965]],[[-75.4965743,9.1525946],[-75.5258712,9.1612453],[-75.5198246,9.1372422],[-75.4916671,9.1329168],[-75.4965743,9.1525946]],[[-75.5669022,9.1719521],[-75.5333338,9.1662502],[-75.5374353,9.1903753],[-75.5555343,9.2032131],[-75.5669022,9.1795843],[-75.5669022,9.1719521]],[[-75.3801599,9.1714056],[-75.3698409,9.1777614],[-75.3634933,9.1924912],[-75.3875981,9.2073472],[-75.3984379,9.175556],[-75.3801599,9.1714056]],[[-75.4550201,10.3124882],[-75.4226974,10.3136094],[-75.3922449,10.2966172],[-75.3969649,10.355333],[-75.421086,10.3533962],[-75.4371912,10.3652329],[-75.4341276,10.3707249]],[[-75.4341276,10.3707249],[-75.4470978,10.3606997],[-75.4557037,10.3399],[-75.4550201,10.3124882]],[[-72.8431489,10.8758216],[-72.8608017,10.8887997],[-72.863467,10.8971253]],[[-72.863467,10.8971253],[-72.8600753,10.8779567],[-72.8431489,10.8758216]],[[-72.8781743,10.8955755],[-72.8841069,10.9113185],[-72.9034021,10.8797349],[-72.8833338,10.8745835],[-72.8781743,10.8955755]],[[-73.9578292,10.169367],[-73.9761072,10.1456854],[-73.9500004,10.1412502],[-73.9578292,10.169367]],[[-75.1372481,10.6272202],[-75.153101,10.6041042],[-75.1333338,10.5995835],[-75.1372481,10.6272202]],[[-75.1031742,10.6110947],[-75.1029952,10.6444281],[-75.116545,10.6046454],[-75.1031742,10.6110947]],[[-73.9723718,9.5112005],[-73.9870366,9.4970729],[-73.9666671,9.4912502],[-73.9723718,9.5112005]],[[-76.7806563,8.4435899],[-76.7908968,8.4262837],[-76.7666671,8.4162502],[-76.7806563,8.4435899]],[[-75.5000004,8.4912502],[-75.5000004,8.5162502],[-75.5166671,8.5162502],[-75.5166671,8.4912502],[-75.5000004,8.4912502]],[[-73.6507003,8.6899359],[-73.6696619,8.702383],[-73.6777999,8.6844305],[-73.6583338,8.6745835],[-73.6507003,8.6899359]],[[-75.7192957,9.2509304],[-75.7351567,9.2356105],[-75.7166671,9.2329168],[-75.7192957,9.2509304]],[[-75.668744,9.2401803],[-75.6723718,9.2528672],[-75.6870366,9.2387396],[-75.6738413,9.2349676],[-75.668744,9.2401803]],[[-75.0416671,9.1495835],[-75.0416671,9.1745835],[-75.0583338,9.1745835],[-75.0583338,9.1495835],[-75.0416671,9.1495835]],[[-74.3010782,10.9766596],[-74.3036269,10.9893089]],[[-74.3036269,10.9893089],[-74.3390955,10.9787949],[-74.3213302,10.9708766],[-74.3010782,10.9766596]],[[-73.007048,10.5770534],[-73.0284021,10.5568711],[-73.0000004,10.5495835],[-73.007048,10.5770534]],[[-72.9615564,10.6120469],[-72.9639897,10.6228867],[-72.9862553,10.6178941],[-72.9950688,10.5957261],[-72.9666671,10.5912502],[-72.9615564,10.6120469]],[[-72.8431489,10.8758216],[-72.8333338,10.8745835],[-72.822323,10.8967311],[-72.863467,10.8971253]],[[-72.7716964,10.968952],[-72.7989099,10.9779852],[-72.8117355,10.9457261],[-72.7833338,10.9412502],[-72.7716964,10.968952]],[[-72.7673263,11.0024359],[-72.7869633,10.9921494],[-72.7750004,10.9829168],[-72.7673263,11.0024359]],[[-74.9673263,10.7524359],[-74.9869633,10.7421494],[-74.9750004,10.7329168],[-74.9673263,10.7524359]],[[-74.8247986,10.9294004],[-74.9032211,10.9543886]],[[-74.9032211,10.9543886],[-74.9104776,10.9563527]],[[-74.9104776,10.9563527],[-74.9137623,10.9526714],[-74.9160217,10.9451123],[-74.8975102,10.9458441],[-74.8626632,10.940709],[-74.8876632,10.9289089],[-74.8967778,10.881155],[-74.893547,10.8705755],[-74.8626632,10.9039089],[-74.8370121,10.9119248],[-74.8365001,10.8858512]],[[-74.8365001,10.8858512],[-74.8335037,10.8929996]],[[-74.8335037,10.8929996],[-74.8247986,10.9294004]],[[-75.6583338,9.4162502],[-75.6728683,9.4105373],[-75.703516,9.4150661],[-75.6856856,9.3855047],[-75.6660893,9.3884019],[-75.6583338,9.4162502]],[[-75.5613448,9.5205796],[-75.576509,9.5438639],[-75.5895628,9.5115251],[-75.5666671,9.5079168],[-75.5613448,9.5205796]],[[-74.7451349,10.7486538],[-74.7474976,10.7447996]],[[-74.7474976,10.7447996],[-74.7447265,10.7383764]],[[-74.7447265,10.7383764],[-74.7451349,10.7486538]],[[-74.7453585,10.7542821],[-74.7460047,10.770543],[-74.7370935,10.795958],[-74.7481003,10.8061553]],[[-74.7481003,10.8061553],[-74.7485962,10.7713003]],[[-74.7485962,10.7713003],[-74.7453585,10.7542821]],[[-74.8521948,11.0390974],[-74.8606033,11.0201998],[-74.8764802,11.0111208]],[[-74.8764802,11.0111208],[-74.8806808,10.9847642],[-74.89687,10.9697632]],[[-74.89687,10.9697632],[-74.9032211,10.9543886]],[[-74.8247986,10.9294004],[-74.8201981,10.9397001],[-74.7983017,10.9264002],[-74.7748871,10.9315786],[-74.7630997,10.9095001],[-74.7349014,10.8891001],[-74.7388992,10.8718004]],[[-74.7388992,10.8718004],[-74.7394054,10.870658]],[[-74.7394054,10.870658],[-74.7207768,10.8699204],[-74.7126632,10.8977077],[-74.7459965,10.9285915],[-74.7500004,10.9495835],[-74.7373377,10.9535915],[-74.7260502,10.9775132],[-74.7459965,10.9869248],[-74.8207605,11.0501084],[-74.8458012,11.0368556],[-74.8521948,11.0390974]],[[-72.3972544,8.3668111],[-72.4083874,8.3731724],[-72.4194666,8.3535142],[-72.4000004,8.3495835],[-72.3972544,8.3668111]],[[-74.9557052,10.3362005],[-74.9703699,10.3220729],[-74.9500004,10.3162502],[-74.9557052,10.3362005]],[[-74.8815994,10.3409996],[-74.8773743,10.3428702]],[[-74.8773743,10.3428702],[-74.8785649,10.3520412],[-74.8831415,10.3391327]],[[-74.8831415,10.3391327],[-74.8815994,10.3409996]],[[-74.8667643,10.3667832],[-74.8718917,10.3949001],[-74.8955245,10.3715155],[-74.8670787,10.3663253],[-74.8667643,10.3667832]],[[-75.1534274,9.2398453],[-75.1333338,9.2329168],[-75.1367718,9.2584166]],[[-75.1367718,9.2584166],[-75.1534274,9.2398453]],[[-75.1053634,9.844363],[-75.1368901,9.8312933],[-75.1166671,9.8162502],[-75.1053634,9.844363]],[[-75.5973718,10.2528672],[-75.604911,10.2367027],[-75.5916671,10.2329168],[-75.5973718,10.2528672]],[[-75.3691492,10.5460475],[-75.4170007,10.5529852],[-75.4116296,10.5290431],[-75.3833338,10.5245835],[-75.3691492,10.5460475]],[[-75.4827396,10.2620346],[-75.4815979,10.2799997],[-75.4705942,10.2799518]],[[-75.4705942,10.2799518],[-75.473324,10.3139593],[-75.4550201,10.3124882]],[[-75.4341276,10.3707249],[-75.4193119,10.3972845],[-75.4200444,10.4344468],[-75.4519291,10.4451076],[-75.4871912,10.4201076],[-75.5121912,10.4190781],[-75.4866622,10.479686],[-75.4614099,10.4776597],[-75.4628504,10.4956488],[-75.446143,10.5290594],[-75.4254236,10.5383042],[-75.4478276,10.5867743],[-75.4621912,10.5701076],[-75.5083338,10.5662502],[-75.4946518,10.5518379],[-75.493042,10.5405664],[-75.5007172,10.5217199],[-75.4995728,10.50562],[-75.4875183,10.4938726],[-75.5014648,10.467907],[-75.5453568,10.4337025],[-75.5618591,10.4042883],[-75.5509644,10.394845],[-75.5414276,10.4194393],[-75.5245056,10.4037781],[-75.5298538,10.3879185],[-75.5129242,10.3832941],[-75.5071411,10.3621292],[-75.5106506,10.3343086],[-75.5055695,10.3092356],[-75.5160217,10.2972927],[-75.5297089,10.2920237],[-75.5313416,10.2814474],[-75.5522156,10.2796364],[-75.5633712,10.2687363],[-75.5623018,10.2304672],[-75.5446127,10.2427323],[-75.5463058,10.2637966],[-75.5083338,10.2607448],[-75.4827396,10.2620346]],[[-75.4340336,10.6149359],[-75.4501288,10.6255014],[-75.4511402,10.6043755],[-75.4416671,10.5995835],[-75.4340336,10.6149359]],[[-75.3442957,10.667597],[-75.3601567,10.6522772],[-75.3416671,10.6495835],[-75.3442957,10.667597]],[[-74.8246125,9.7436218],[-74.8083338,9.7412502],[-74.8109623,9.7592637],[-74.8244897,9.7461979],[-74.8246125,9.7436218]],[[-74.81536,9.7928681],[-74.7833338,9.7745835],[-74.7642013,9.791889],[-74.7712882,9.8057775]],[[-74.7712882,9.8057775],[-74.81536,9.7928681]],[[-76.5166671,8.7495835],[-76.5166671,8.7745835],[-76.5333337,8.770056],[-76.5333337,8.7495835],[-76.5166671,8.7495835]],[[-76.419267,8.8548667],[-76.4250184,8.859625],[-76.4386063,8.8480721],[-76.4166671,8.8412502],[-76.419267,8.8548667]],[[-75.1279402,10.3981763],[-75.1445007,10.4004002]],[[-75.1445007,10.4004002],[-75.1323013,10.3807001],[-75.1335477,10.3747678]],[[-75.1335477,10.3747678],[-75.1279402,10.3981763]],[[-74.2851617,8.6317166],[-74.305811,8.6339138],[-74.3015385,8.6529852],[-74.3236495,8.645482],[-74.3203842,8.6309157]],[[-74.3044888,8.7194086],[-74.2998214,8.6885484],[-74.2867354,8.6795152],[-74.2799321,8.6613185],[-74.2573551,8.6602464]],[[-74.2573551,8.6602464],[-74.2678889,8.6705961],[-74.2708311,8.6751014],[-74.2984009,8.7084999],[-74.3044888,8.7194086]],[[-74.4500004,8.8162502],[-74.4555994,8.8051825],[-74.4755701,8.7950832],[-74.4539392,8.7884507],[-74.4388676,8.8106187],[-74.4500004,8.8162502]],[[-74.3629643,8.75421],[-74.3524744,8.7626043],[-74.3379643,8.7946478],[-74.394019,8.8286932],[-74.4148523,8.8366237],[-74.40363,8.7872178],[-74.4049239,8.7768622],[-74.379631,8.7532904],[-74.3629643,8.75421]],[[-74.4500004,8.8162502],[-74.4500004,8.8579168],[-74.4597015,8.8579168]],[[-74.4597015,8.8579168],[-74.4609985,8.8345003],[-74.4697684,8.8273146]],[[-74.4697684,8.8273146],[-74.4500004,8.8162502]],[[-74.2666671,8.8745835],[-74.281698,8.8909816],[-74.3037846,8.872964],[-74.2767338,8.8624701],[-74.2666671,8.8745835]],[[-74.3583338,8.8829168],[-74.3666671,8.8912502],[-74.3750004,8.8912502]],[[-74.3750004,8.8912502],[-74.3709802,8.863646],[-74.3313237,8.8501328],[-74.3218266,8.8580674],[-74.3551599,8.8694281],[-74.3583338,8.8829168]],[[-74.3333338,8.8829168],[-74.3227706,8.8710964],[-74.3044031,8.8986395],[-74.3250004,8.8912502]],[[-74.3250004,8.8912502],[-74.3333338,8.8829168]],[[-74.2666671,8.8745835],[-74.2555803,8.88283]],[[-74.2555803,8.88283],[-74.2582016,8.9058073]],[[-74.2582016,8.9058073],[-74.2666671,8.8745835]],[[-74.3583338,8.9495835],[-74.358702,8.9508934],[-74.3678776,8.9530489],[-74.3583338,8.9495835]],[[-74.4466758,8.9892148],[-74.464679,8.99364]],[[-74.464679,8.99364],[-74.4705082,8.9866237],[-74.4948572,8.9891058],[-74.5037846,8.9783636],[-74.5284184,8.9676784],[-74.4902755,8.935993],[-74.4666671,8.9412502],[-74.4801843,8.9207953],[-74.4770349,8.9067409],[-74.4617354,8.8961818],[-74.4379236,8.8691555],[-74.4059981,8.8825669],[-74.4000004,8.8912502],[-74.3875004,8.8850368],[-74.3750004,8.8912502]],[[-74.3583338,8.8829168],[-74.3333338,8.8829168]],[[-74.3250004,8.8912502],[-74.3666671,8.9162502],[-74.3726323,8.9255641],[-74.4087325,8.936168],[-74.4000004,8.9162502],[-74.4206873,8.9116441],[-74.4434737,8.91105],[-74.4285649,8.9370835],[-74.4454513,8.9708034],[-74.4550134,8.9787502],[-74.4466758,8.9892148]],[[-74.4597015,8.8579168],[-74.4666671,8.8579168],[-74.4697684,8.8273146]],[[-74.7416671,9.2579168],[-74.7789474,9.2708644],[-74.8107589,9.2723618],[-74.7696782,9.2382391],[-74.7524825,9.217536],[-74.7320199,9.2247974],[-74.7313941,9.2305821],[-74.7416671,9.2579168]],[[-74.7416671,9.2579168],[-74.7216069,9.2717678],[-74.7343754,9.2863185],[-74.7416671,9.2579168]],[[-73.5266362,9.2047186],[-73.5440434,9.2107163],[-73.5527999,9.1951808],[-73.5333338,9.1912502],[-73.5266362,9.2047186]],[[-75.8154833,8.8257099],[-75.8469771,8.8387793]],[[-75.8469771,8.8387793],[-75.8743087,8.7968085],[-75.8972335,8.7871486],[-75.9287032,8.7440659],[-75.8890222,8.70421],[-75.8375818,8.7227687],[-75.8294519,8.8060126],[-75.8166671,8.8162502],[-75.8154833,8.8257099]],[[-72.7751844,11.0625119],[-72.7500004,11.0579168],[-72.7535383,11.0773173],[-72.7751844,11.0625119]],[[-74.5609623,9.3342637],[-74.5768233,9.3189439],[-74.5583338,9.3162502],[-74.5609623,9.3342637]],[[-74.4557052,9.3445339],[-74.4703699,9.3304063],[-74.4500004,9.3245835],[-74.4557052,9.3445339]],[[-73.9545821,9.015827],[-73.9741622,9.0284409],[-73.9871912,8.9890977],[-73.9666671,8.9829168],[-73.9545821,9.015827]],[[-74.7712882,9.8057775],[-74.7743087,9.811697],[-74.81536,9.7928681]],[[-74.8540043,9.9098456],[-74.8696212,9.9020046],[-74.8500004,9.8912502],[-74.8540043,9.9098456]],[[-75.2139083,9.5438462],[-75.2368901,9.5250921],[-75.2250004,9.5162502],[-75.2139083,9.5438462]],[[-74.1623377,10.6598456],[-74.1779545,10.6520046],[-74.1583338,10.6412502],[-74.1623377,10.6598456]],[[-74.1474288,10.7553452],[-74.1309168,10.7627183],[-74.1626957,10.7688218],[-74.1692387,10.7447617],[-74.1500004,10.7412502],[-74.1474288,10.7553452]],[[-74.3010782,10.9766596],[-74.2601567,10.9883449],[-74.2375004,10.9855291],[-74.2148198,10.988349],[-74.1983159,11.0275295],[-74.2061288,11.0903795]],[[-74.2061288,11.0903795],[-74.2158078,11.0900338]],[[-74.2158078,11.0900338],[-74.2155533,11.0683765],[-74.2277145,11.0569506],[-74.2416671,11.0329168],[-74.2140222,11.039708],[-74.2098718,11.0211818],[-74.2382654,11.0279852],[-74.2416671,11.0329168],[-74.2511749,11.0200586],[-74.2675247,11.0081949],[-74.3036269,10.9893089]],[[-73.6254562,8.978034],[-73.6372644,8.9559434],[-73.6166671,8.9495835],[-73.6254562,8.978034]],[[-74.1688761,10.4959733],[-74.1615076,10.5130723],[-74.1718266,10.5277614],[-74.1788823,10.5484727],[-74.1865076,10.5360947],[-74.2179448,10.5253851],[-74.2167002,10.5213893]],[[-74.2167002,10.5213893],[-74.2117996,10.5172997]],[[-74.2000004,10.5745835],[-74.1736007,10.5778102],[-74.1639409,10.5957708],[-74.1966069,10.6023057],[-74.2000004,10.5745835]],[[-74.2671228,10.628034],[-74.2789311,10.6059434],[-74.2583338,10.5995835],[-74.2671228,10.628034]],[[-74.7485962,10.7713003],[-74.7710223,10.7614669]],[[-74.7710223,10.7614669],[-74.7640977,10.7272734]],[[-74.7640977,10.7272734],[-74.7474976,10.7447996]],[[-74.7451349,10.7486538],[-74.7453585,10.7542821]],[[-74.6000004,10.4495835],[-74.6000004,10.4662502],[-74.6250004,10.4662502],[-74.6250004,10.4495835],[-74.6000004,10.4495835]],[[-74.2167002,10.5213893],[-74.2117996,10.5056558]],[[-74.7388992,10.8718004],[-74.7439599,10.8708384]],[[-74.7439599,10.8708384],[-74.7394054,10.870658]],[[-74.7455235,10.8705411],[-74.7637024,10.8718996],[-74.7867966,10.8801003],[-74.8058014,10.8726997],[-74.8335037,10.8929996]],[[-74.8365001,10.8858512],[-74.8288334,10.8787502],[-74.8539474,10.8554876],[-74.8115564,10.8453884],[-74.7959965,10.8285915],[-74.771944,10.8172412]],[[-74.771944,10.8172412],[-74.7519057,10.8251479]],[[-74.7519057,10.8251479],[-74.7455896,10.8370835],[-74.7544112,10.8537502],[-74.7455235,10.8705411]],[[-73.182014,10.3858231],[-73.1582985,10.3954114]],[[-73.1582985,10.3954114],[-73.1726811,10.402383],[-73.182014,10.3858231]],[[-73.2117036,10.4464624],[-73.2044112,10.4602402],[-73.2102298,10.4678275]],[[-73.2102298,10.4678275],[-73.216301,10.4477997]],[[-73.216301,10.4477997],[-73.2117036,10.4464624]],[[-74.8496967,10.7921245],[-74.8705245,10.7715155],[-74.8416671,10.7662502],[-74.8466069,10.7933386],[-74.8496967,10.7921245]],[[-73.0166671,10.3829168],[-73.0166671,10.3995835],[-73.0416671,10.3995835],[-73.0416671,10.3829168],[-73.0166671,10.3829168]],[[-75.1279402,10.3981763],[-75.1514783,10.4045378]],[[-75.1514783,10.4045378],[-75.1445007,10.4004002]],[[-75.1166671,10.4829168],[-75.1166671,10.5079168],[-75.1333338,10.5079168],[-75.1333338,10.4829168],[-75.1166671,10.4829168]],[[-72.2405929,11.7180894],[-72.2606857,11.7319606],[-72.2913497,11.725084],[-72.2853194,11.6981756],[-72.2583338,11.6912502],[-72.2405929,11.7180894]],[[-71.9723604,12.2196716],[-71.9509048,12.244626],[-71.9567871,12.2582827],[-71.9726477,12.2559918],[-72.00363,12.2211126],[-71.9779931,12.2167585],[-71.9723604,12.2196716]],[[-75.0663334,9.9586452],[-75.0835372,9.9779852],[-75.0950688,9.9410223],[-75.0833338,9.9329168],[-75.0663334,9.9586452]],[[-75.4827396,10.2620346],[-75.4690678,10.260936],[-75.4705942,10.2799518]],[[-75.4015064,9.1235796],[-75.4114343,9.0957709],[-75.3916671,9.0912502],[-75.3832198,9.1097154],[-75.3970863,9.1245277],[-75.4015064,9.1235796]],[[-74.8417823,10.5920394],[-74.8442957,10.6092637],[-74.8601567,10.5939439],[-74.8419044,10.5912847],[-74.8417823,10.5920394]],[[-74.8925216,10.6318426],[-74.9085616,10.6696519],[-74.9200688,10.6529852],[-74.9490401,10.6421454],[-74.936532,10.6123602],[-74.9083338,10.6079168],[-74.8925216,10.6318426]],[[-74.9923263,10.6857692],[-75.0119633,10.6754828],[-75.0000004,10.6662502],[-74.9923263,10.6857692]],[[-72.9270919,10.668598],[-72.9362879,10.6538031],[-72.9166671,10.6495835],[-72.9270919,10.668598]],[[-72.9827478,10.7756903],[-73.0170008,10.7863185],[-73.0103683,10.7567409],[-73.0000004,10.7495835],[-72.9827478,10.7756903]],[[-75.3661951,10.4611558],[-75.3869633,10.4377793],[-75.3583338,10.4329168],[-75.3661951,10.4611558]],[[-74.4466758,8.9892148],[-74.4566004,9.0033636],[-74.464679,8.99364]],[[-74.7481003,10.8061553],[-74.7573979,10.8147691],[-74.7519057,10.8251479]],[[-74.771944,10.8172412],[-74.7877934,10.7869899],[-74.7703373,10.7787502],[-74.7710223,10.7614669]],[[-75.5373377,9.3431789],[-75.5529545,9.3353379],[-75.5333338,9.3245835],[-75.5373377,9.3431789]],[[-74.2235763,9.8525417],[-74.2369796,9.8607163],[-74.2444666,9.8385484],[-74.2333338,9.8329168],[-74.2235763,9.8525417]],[[-74.9250004,10.2511477],[-74.9250004,10.2507654]],[[-74.9250004,10.2507654],[-74.9246979,10.2504997]],[[-74.9246979,10.2504997],[-74.9250004,10.2511477]],[[-74.8831415,10.3391327],[-74.8859733,10.3311452]],[[-74.8859733,10.3311452],[-74.8815994,10.3409996]],[[-74.7535124,10.6349287],[-74.7416671,10.6329168],[-74.7501262,10.6604829]],[[-74.7501262,10.6604829],[-74.7526016,10.6420002]],[[-74.7526016,10.6420002],[-74.7535124,10.6349287]],[[-74.7501262,10.6604829],[-74.7596825,10.6497265]],[[-74.7596825,10.6497265],[-74.7526016,10.6420002]],[[-74.7640977,10.7272734],[-74.7604415,10.7133164],[-74.7444177,10.7306056],[-74.7447265,10.7383764]],[[-75.0623377,10.4015122],[-75.0779545,10.3936712],[-75.0583338,10.3829168],[-75.0623377,10.4015122]],[[-74.9405034,10.4598985],[-74.9556238,10.4696519],[-74.9700688,10.4410223],[-74.9583338,10.4329168],[-74.9405034,10.4598985]],[[-75.1029545,9.7216335],[-75.117367,9.7406887],[-75.1446212,9.7270046],[-75.1265711,9.7031398],[-75.1000004,9.6995835],[-75.1029545,9.7216335]],[[-75.1514783,10.4045378],[-75.1698165,10.4060125],[-75.1335477,10.3747678]],[[-75.1367718,9.2584166],[-75.16106,9.2542588],[-75.1534274,9.2398453]],[[-75.8154833,8.8257099],[-75.8112797,8.8593003],[-75.754631,8.8715602],[-75.7692224,8.90303],[-75.8117843,8.9083238],[-75.8231531,8.8685654],[-75.8469771,8.8387793]],[[-75.0416671,10.8329168],[-75.0326339,10.8212184],[-75.0213709,10.8408962],[-75.0416671,10.8329168]],[[-73.5750004,10.1745835],[-73.5750004,10.1912502],[-73.6000004,10.1912502],[-73.6000004,10.1745835],[-73.5750004,10.1745835]],[[-73.4890385,10.2362005],[-73.5037032,10.2220729],[-73.4833338,10.2162502],[-73.4890385,10.2362005]],[[-73.3839929,10.3107692],[-73.40363,10.3004828],[-73.3916671,10.2912502],[-73.3839929,10.3107692]],[[-73.575155,10.4278143],[-73.6034835,10.413231],[-73.5833338,10.4079168],[-73.575155,10.4278143]],[[-73.2102298,10.4678275],[-73.2440353,10.5119085],[-73.2848149,10.5202582],[-73.3188318,10.4481716],[-73.295671,10.4372422],[-73.2709965,10.4202582],[-73.2333338,10.3995835],[-73.2286056,10.414529],[-73.2142751,10.441604]],[[-73.2142751,10.441604],[-73.216301,10.4477997]],[[-75.270671,10.1515122],[-75.2862879,10.1436712],[-75.2666671,10.1329168],[-75.270671,10.1515122]],[[-75.3691093,10.2521989],[-75.3333338,10.2245835],[-75.3250899,10.2601629],[-75.3511235,10.2782131],[-75.3696466,10.2539664],[-75.3691093,10.2521989]],[[-74.7455235,10.8705411],[-74.7439599,10.8708384]],[[-72.9223718,11.1445339],[-72.9370366,11.1304063],[-72.9166671,11.1245835],[-72.9223718,11.1445339]],[[-72.8089929,11.2357692],[-72.82863,11.2254828],[-72.8166671,11.2162502],[-72.8089929,11.2357692]],[[-73.3045199,11.2820555],[-73.3203699,11.2720729],[-73.3000004,11.2662502],[-73.3045199,11.2820555]],[[-73.0500004,11.4162502],[-73.0500004,11.4329168],[-73.0750004,11.4329168],[-73.0750004,11.4162502],[-73.0500004,11.4162502]],[[-72.8677992,11.5026861],[-72.8853989,11.5191002],[-72.8957977,11.5202999],[-72.9328563,11.5466771]],[[-72.9328563,11.5466771],[-72.9448737,11.5406716],[-72.95363,11.5228501],[-72.92863,11.5126206],[-72.9000004,11.4912502],[-72.8887781,11.5057847],[-72.8677992,11.5026861]],[[-75.2508932,10.0485098],[-75.2678261,10.0576837]],[[-75.2678261,10.0576837],[-75.2619019,10.0486002],[-75.2508932,10.0485098]],[[-75.2270919,10.1519313],[-75.2362879,10.1371364],[-75.2166671,10.1329168],[-75.2270919,10.1519313]],[[-75.1873377,10.2431789],[-75.2029545,10.2353379],[-75.1833338,10.2245835],[-75.1873377,10.2431789]],[[-72.6290043,11.1348456],[-72.6446212,11.1270046],[-72.6250004,11.1162502],[-72.6290043,11.1348456]],[[-72.2297042,11.3542873],[-72.1966964,11.3677964],[-72.217725,11.4026515],[-72.2807052,11.3933416],[-72.2762049,11.3628932],[-72.2333338,11.3495835],[-72.2297042,11.3542873]],[[-74.8109623,10.517597],[-74.8268233,10.5022772],[-74.8083338,10.4995835],[-74.8109623,10.517597]],[[-74.7596825,10.6497265],[-74.7702966,10.6377793],[-74.7535124,10.6349287]],[[-75.3416671,9.3079168],[-75.3421805,9.3080793]],[[-75.3421805,9.3080793],[-75.3417146,9.3077315]],[[-75.3417146,9.3077315],[-75.3416671,9.3079168]],[[-75.3416671,9.3079168],[-75.3281115,9.3062235]],[[-75.3281115,9.3062235],[-75.3005981,9.3116999],[-75.2727985,9.3403933]],[[-75.2727985,9.3403933],[-75.2752039,9.3597316],[-75.2870366,9.344957],[-75.304631,9.3375433],[-75.3367029,9.3141139],[-75.3416671,9.3079168]],[[-75.2663959,9.3667956],[-75.2713013,9.3745003],[-75.2665565,9.3917586]],[[-75.2665565,9.3917586],[-75.2777999,9.3718817],[-75.2663959,9.3667956]],[[-75.500269,9.7411362],[-75.5224939,9.7524603],[-75.5362065,9.7282049],[-75.5083338,9.7245835],[-75.500269,9.7411362]],[[-75.4373377,9.4598456],[-75.4529545,9.4520046],[-75.4333338,9.4412502],[-75.4373377,9.4598456]],[[-75.2663959,9.3667956],[-75.2569096,9.385875],[-75.2665565,9.3917586]],[[-74.9250004,10.2496531],[-74.9250004,10.2329168],[-74.9083338,10.2329168],[-74.9083338,10.2662502],[-74.9250004,10.2662502],[-74.9250004,10.2511477]],[[-74.9246979,10.2504997],[-74.9250004,10.2496531]],[[-74.827629,10.267597],[-74.84349,10.2522772],[-74.8250004,10.2495835],[-74.827629,10.267597]],[[-74.8859733,10.3311452],[-74.8750004,10.3245835],[-74.8773743,10.3428702]],[[-75.4790043,8.6431789],[-75.4946212,8.6353379],[-75.4750004,8.6245835],[-75.4790043,8.6431789]],[[-75.3890222,8.6302679],[-75.3757979,8.6364284],[-75.389242,8.6522324],[-75.4026453,8.6296983],[-75.3890222,8.6302679]],[[-75.4853601,8.7372748],[-75.4953129,8.752383],[-75.5027999,8.730215],[-75.4916671,8.7245835],[-75.4853601,8.7372748]],[[-75.4833338,8.8329168],[-75.5069828,8.8275458],[-75.5285567,8.8302272],[-75.5042729,8.7958766],[-75.4833338,8.8329168]],[[-75.4548741,8.9861827],[-75.4787846,8.9651597],[-75.4621179,8.9208034],[-75.4545496,8.8950303],[-75.4462162,8.8958034],[-75.4280115,8.9109279],[-75.4128829,8.9291367],[-75.3882491,8.939822],[-75.4045496,8.9533636],[-75.4282402,8.9784818],[-75.4316778,8.9799944],[-75.4523034,8.9861083],[-75.4548741,8.9861827]],[[-74.9250004,10.2507654],[-74.9250004,10.2496531]],[[-74.2555803,8.88283],[-74.2469405,8.8892564],[-74.2565544,8.9112195],[-74.2568532,8.9107806],[-74.2582016,8.9058073]],[[-75.2790682,8.8678004],[-75.2861332,8.8468817],[-75.2750004,8.8412502],[-75.2686935,8.8539414],[-75.2779513,8.8679947],[-75.2790682,8.8678004]],[[-75.9449955,9.3653428],[-75.9697677,9.3624131],[-75.9611739,9.3373765],[-75.9416671,9.3329168],[-75.9449955,9.3653428]],[[-74.89687,10.9697632],[-74.9104776,10.9563527]],[[-74.9499188,11.0077526],[-74.9653406,10.9857285],[-74.9388676,10.985521],[-74.9499188,11.0077526]],[[-74.9073897,11.0111639],[-74.9228683,11.0196478],[-74.9162032,11.0358099],[-74.9359798,11.0276603],[-74.9497626,11.007935],[-74.9073897,11.0111639]],[[-74.8521948,11.0390974],[-74.8709721,11.0456813],[-74.8764802,11.0111208]],[[-72.8677992,11.5026861],[-72.844255,11.5138942],[-72.8468836,11.5316758],[-72.8728113,11.5278428],[-72.8691817,11.552444],[-72.879753,11.5698797],[-72.9328563,11.5466771]],[[-72.4201827,11.7618394],[-72.4201827,11.7789862],[-72.4262049,11.7948797],[-72.4702967,11.7678289],[-72.4250004,11.7495835],[-72.4201827,11.7618394]],[[-75.3122481,9.2772202],[-75.328101,9.2541042],[-75.3083338,9.2495835],[-75.3122481,9.2772202]],[[-75.3281115,9.3062235],[-75.2916996,9.301675],[-75.2683435,9.3045762],[-75.2727985,9.3403933]],[[-75.2808517,9.9807277],[-75.3086674,9.9946519],[-75.3019861,9.9648423],[-75.2750004,9.9579168],[-75.2808517,9.9807277]],[[-75.2678261,10.0576837],[-75.2656091,10.0369045],[-75.2583338,10.0329168],[-75.2508932,10.0485098]],[[-75.8297856,8.9703884],[-75.8274418,8.9862779],[-75.8350916,8.9948797],[-75.85363,8.9492214],[-75.8250004,8.9412502],[-75.8297856,8.9703884]],[[-75.0614099,9.4072984],[-75.0777999,9.3927639],[-75.0583338,9.3829168],[-75.0614099,9.4072984]],[[-74.9006596,10.7357692],[-74.9202966,10.7254828],[-74.9083338,10.7162502],[-74.9006596,10.7357692]],[[-74.9029595,10.853088],[-74.9242843,10.8483058],[-74.9181563,10.8209743],[-74.9299321,10.8128485],[-74.9367354,10.7756781],[-74.9000004,10.7662502],[-74.8929366,10.7950018],[-74.8986332,10.8204168],[-74.8931314,10.8449775],[-74.9029595,10.853088]],[[-73.2163204,10.0360494],[-73.2135909,10.0422756],[-73.235767,10.0564764],[-73.2567468,10.0421087],[-73.2537662,10.0315023]],[[-73.182014,10.3858231],[-73.1666671,10.3745835],[-73.1582985,10.3954114]],[[-73.2142751,10.441604],[-73.2117036,10.4464624]],[[-75.8083337,9.0329168],[-75.7861332,9.0357163],[-75.7805343,9.050853],[-75.8054041,9.0387071],[-75.8083337,9.0329168]],[[-75.7888432,9.2486721],[-75.8239994,9.2698797],[-75.8367924,9.2162095],[-75.804045,9.2210516],[-75.7833337,9.2162502],[-75.7888432,9.2486721]],[[-74.3473718,9.2528672],[-74.3620366,9.2387396],[-74.3416671,9.2329168],[-74.3473718,9.2528672]],[[-73.8686609,9.9837388],[-73.894548,9.9946519],[-73.9034021,9.9652044],[-73.8750004,9.9579168],[-73.8686609,9.9837388]],[[-74.7890385,10.5028672],[-74.8037032,10.4887396],[-74.7833338,10.4829168],[-74.7890385,10.5028672]],[[-75.3666671,9.2412502],[-75.3752845,9.23883],[-75.3674122,9.2385998],[-75.3666671,9.2412502]],[[-75.3666671,9.2412502],[-75.3386164,9.2343603],[-75.3347209,9.2627566],[-75.3339996,9.2722314],[-75.3340082,9.2773385],[-75.3452722,9.2610256],[-75.3580001,9.2638779],[-75.3417146,9.3077315]],[[-75.3421805,9.3080793],[-75.356372,9.3134705],[-75.3652398,9.3230416],[-75.385824,9.3452582],[-75.4288578,9.3324042],[-75.4303227,9.295482],[-75.4199794,9.2305427],[-75.4176679,9.2311796],[-75.3891769,9.2619248],[-75.370671,9.2539089],[-75.3666671,9.2412502]],[[-74.2573551,8.6602464],[-74.2485112,8.6812974],[-74.2818445,8.7043076],[-74.2770838,8.725556],[-74.3044888,8.7194086]],[[-74.2061288,11.0903795],[-74.198975,11.1579819],[-74.1808354,11.1888454],[-74.1530359,11.1853867],[-74.1321375,11.2114894],[-74.1120366,11.219957],[-74.0948002,11.2370835],[-74.1121261,11.2543158],[-74.1348881,11.2514837],[-74.1712976,11.269957],[-74.1908722,11.2722588],[-74.2139816,11.2606688],[-74.2171326,11.2390661],[-74.2344437,11.2230692],[-74.2282715,11.2034788],[-74.2367859,11.180068],[-74.2250366,11.1595249],[-74.2273407,11.1225052],[-74.2158078,11.0900338]],[[-75.121379,8.6692043],[-75.1508712,8.677912],[-75.1447514,8.653624],[-75.1083338,8.6495835],[-75.121379,8.6692043]],[[-74.430103,9.2673041],[-74.4446944,9.2603338],[-74.4324711,9.2279079],[-74.4083338,9.2245835],[-74.430103,9.2673041]],[[-76.0358972,8.1633246],[-76.047616,8.1946519],[-76.0784021,8.1659938],[-76.071436,8.15268],[-76.0624679,8.1546901],[-76.0416671,8.1495835],[-76.0358972,8.1633246]],[[-75.3311609,8.0611883],[-75.3539311,8.0501857],[-75.3250004,8.0412502],[-75.3311609,8.0611883]],[[-75.1364343,8.3214829],[-75.1502039,8.3360174],[-75.1614343,8.303563],[-75.1333338,8.2995835],[-75.1364343,8.3214829]],[[-72.7973718,8.0945339],[-72.8120366,8.0804063],[-72.7916671,8.0745835],[-72.7973718,8.0945339]],[[-73.3197375,8.2336253],[-73.3351078,8.2487656],[-73.3665694,8.2945013],[-73.3785567,8.2777655],[-73.369255,8.223729],[-73.3166671,8.2079169],[-73.3197375,8.2336253]],[[-72.4514653,7.8670834],[-72.4590988,7.883214],[-72.4643097,7.914371],[-72.4871979,7.9339719],[-72.4746857,7.9555922],[-72.4556327,7.960245],[-72.4397628,7.9739162],[-72.4916671,7.9697455],[-72.5074223,7.971015],[-72.5591801,7.9421372],[-72.6121912,7.9463975],[-72.6044763,7.9284409],[-72.5871912,7.9207261],[-72.5794682,7.8867254],[-72.5542648,7.8887477],[-72.5350924,7.8342243]],[[-72.4109726,8.0260115],[-72.4171228,8.053034],[-72.4289311,8.0309434],[-72.4109726,8.0260115]],[[-72.4527999,8.1634507],[-72.4781498,8.1762762],[-72.4861332,8.161229],[-72.4527999,8.1634507]],[[-75.4775358,8.2336253],[-75.49349,8.2189439],[-75.4750004,8.2162502],[-75.4775358,8.2336253]],[[-76.7109623,7.942597],[-76.7268233,7.9272772],[-76.7083337,7.9245835],[-76.7109623,7.942597]],[[-76.6271244,7.9954046],[-76.6339848,8.0094468],[-76.6527999,7.9927639],[-76.6333337,7.9829169],[-76.6271244,7.9954046]],[[-76.7020268,8.0913723],[-76.724683,8.1200303],[-76.7508464,8.0870589],[-76.7083337,8.0745835],[-76.7020268,8.0913723]],[[-73.2062179,8.0872788],[-73.2346033,8.0940497],[-73.2224614,8.0691799],[-73.2166671,8.0662502],[-73.2062179,8.0872788]],[[-75.5718185,8.3951849],[-75.5648116,8.4264349],[-75.6000818,8.4185288],[-75.5936528,8.3898423],[-75.5666671,8.3829169],[-75.5718185,8.3951849]],[[-73.6049321,8.2878485],[-73.5827071,8.3031927],[-73.5919763,8.344542],[-73.6034021,8.3279852],[-73.6416671,8.3181667],[-73.6346928,8.2870713],[-73.6083338,8.2829169],[-73.6049321,8.2878485]],[[-73.7266362,8.3297186],[-73.7440434,8.3357163],[-73.7527999,8.3201808],[-73.7333338,8.3162502],[-73.7266362,8.3297186]],[[-76.3728276,8.2861883],[-76.3955977,8.2751857],[-76.3666671,8.2662502],[-76.3728276,8.2861883]],[[-76.1333337,8.2495835],[-76.1333337,8.2662502],[-76.1583337,8.2662502],[-76.1583337,8.2495835],[-76.1333337,8.2495835]],[[-73.9390385,8.4695339],[-73.9537032,8.4554063],[-73.9333338,8.4495835],[-73.9390385,8.4695339]]],"bbox":[-81.7281113,-4.2271919,-67.9088058,12.5903578]}