{"type":"Topology","objects":{"foo":{"type":"GeometryCollection","geometries":[{"type":"Polygon","arcs":[[0,1,2,3,4]],"properties":{"name":"Cardenas","gaul_code":32115,"targetarea":65.5150336,"totpop":149442.275038,"country_id":"VEN","targetpop":127987.669037,"totalarea":311.9928652,"new_mean":0.0175272}},{"type":"Polygon","arcs":[[5]],"properties":{"name":"Autonomo Paez","gaul_code":31882,"targetarea":6.1673643,"totpop":115644.721912,"country_id":"VEN","targetpop":6373.6098328,"totalarea":11687.0231269,"new_mean":0.0171798}},{"type":"Polygon","arcs":[[6,7,8,9,-2]],"properties":{"name":"Guasimos","gaul_code":32119,"targetarea":56.6474648,"totpop":56935.532135,"country_id":"VEN","targetpop":54764.3059692,"totalarea":62.1228621,"new_mean":0.0177215}},{"type":"Polygon","arcs":[[10,11,12,13,-3,-10,14]],"properties":{"name":"Independencia","gaul_code":32120,"targetarea":28.7071137,"totpop":43061.8426819,"country_id":"VEN","targetpop":34743.7757568,"totalarea":53.4814144,"new_mean":0.017896}},{"type":"Polygon","arcs":[[15]],"properties":{"name":"Michelena","gaul_code":32126,"targetarea":9.1501169,"totpop":22861.2757282,"country_id":"VEN","targetpop":8760.950531,"totalarea":127.596532,"new_mean":0.0183053}},{"type":"Polygon","arcs":[[16,17,18,19]],"properties":{"name":"Cordoba","gaul_code":32116,"targetarea":14.8312882,"totpop":41665.9942989,"country_id":"VEN","targetpop":16556.8733215,"totalarea":454.4365867,"new_mean":0.0179591}},{"type":"Polygon","arcs":[[20,21]],"properties":{"name":"Autonomo Biruaca","gaul_code":31880,"targetarea":7.2498648,"totpop":70794.2060838,"country_id":"VEN","targetpop":12753.3505859,"totalarea":792.3499747,"new_mean":0.0187471}},{"type":"MultiPolygon","arcs":[[[-19,22]],[[23]]],"properties":{"name":"Junin","gaul_code":32122,"targetarea":52.1727328,"totpop":98783.1881447,"country_id":"VEN","targetpop":55097.7323608,"totalarea":450.2065068,"new_mean":0.0178519}},{"type":"Polygon","arcs":[[-12,24]],"properties":{"name":"Libertad","gaul_code":32123,"targetarea":8.2200851,"totpop":32786.4583969,"country_id":"VEN","targetpop":5375.2088013,"totalarea":97.9676226,"new_mean":0.0182039}},{"type":"Polygon","arcs":[[25,26]],"properties":{"name":"Bolivar","gaul_code":32114,"targetarea":39.0844219,"totpop":77093.608036,"country_id":"VEN","targetpop":51857.3131409,"totalarea":188.7623856,"new_mean":0.0177508}},{"type":"Polygon","arcs":[[27]],"properties":{"name":"D. Atures","gaul_code":31857,"targetarea":49.8413842,"totpop":156763.322858,"country_id":"VEN","targetpop":71011.3096466,"totalarea":45408.3052308,"new_mean":0.0186447}},{"type":"MultiPolygon","arcs":[[[28,-21]],[[29]]],"properties":{"name":"Autonomo San Fernando","gaul_code":31885,"targetarea":23.7908121,"totpop":203883.755836,"country_id":"VEN","targetpop":36597.7236328,"totalarea":6980.6597016,"new_mean":0.01642}},{"type":"Polygon","arcs":[[30]],"properties":{"name":"El Callao","gaul_code":31914,"targetarea":6.6202153,"totpop":26764.5656776,"country_id":"VEN","targetpop":4942.6919861,"totalarea":1828.4362216,"new_mean":0.0184959}},{"type":"MultiPolygon","arcs":[[[31]],[[32]]],"properties":{"name":"Fernandez Feo","gaul_code":32117,"targetarea":8.3498083,"totpop":60214.2144918,"country_id":"VEN","targetpop":6143.6827393,"totalarea":1068.2256816,"new_mean":0.0184759}},{"type":"Polygon","arcs":[[33]],"properties":{"name":"Ezequiel Zamora","gaul_code":31907,"targetarea":7.2793772,"totpop":84319.0461558,"country_id":"VEN","targetpop":5828.8818665,"totalarea":6033.5322273,"new_mean":0.0182631}},{"type":"Polygon","arcs":[[34]],"properties":{"name":"Gran Sabana","gaul_code":31915,"targetarea":2.906485,"totpop":77406.2826046,"country_id":"VEN","targetpop":2369.2766113,"totalarea":30101.0282571,"new_mean":0.0184602}},{"type":"Polygon","arcs":[[35,-4,-14,36,-17]],"properties":{"name":"San Cristobal","gaul_code":32130,"targetarea":139.1933234,"totpop":334763.183018,"country_id":"VEN","targetpop":275445.308105,"totalarea":452.6056632,"new_mean":0.0175586}},{"type":"Polygon","arcs":[[37,-15,-9]],"properties":{"name":"Lobatera","gaul_code":32125,"targetarea":0.7148179,"totpop":19163.2622786,"country_id":"VEN","targetpop":514.2450562,"totalarea":288.9100806,"new_mean":0.0181458}},{"type":"Polygon","arcs":[[38,39]],"properties":{"name":"Cedeno","gaul_code":31913,"targetarea":1.6270742,"totpop":88011.6595541,"country_id":"VEN","targetpop":1353.6602783,"totalarea":48968.7497108,"new_mean":0.0186399}},{"type":"Polygon","arcs":[[40,-7,-1]],"properties":{"name":"Andres Bello","gaul_code":32112,"targetarea":12.7282402,"totpop":25097.6489344,"country_id":"VEN","targetpop":11298.9057007,"totalarea":137.8593416,"new_mean":0.0184195}},{"type":"Polygon","arcs":[[41,-27]],"properties":{"name":"Pedro Maria Urena","gaul_code":32128,"targetarea":50.074476,"totpop":73350.8763046,"country_id":"VEN","targetpop":56924.2578735,"totalarea":153.1271573,"new_mean":0.0177241}},{"type":"Polygon","arcs":[[42,43,44,45,46]],"properties":{"name":"Jose Felix Ribas","gaul_code":31890,"targetarea":99.693867,"totpop":208595.091352,"country_id":"VEN","targetpop":135316.112732,"totalarea":551.9587055,"new_mean":0.0174082}},{"type":"Polygon","arcs":[[47,48]],"properties":{"name":"Andres Bello","gaul_code":32032,"targetarea":5.4336677,"totpop":21834.2897053,"country_id":"VEN","targetpop":5726.4901123,"totalarea":131.252329,"new_mean":0.0185761}},{"type":"MultiPolygon","arcs":[[[49,50,51]],[[52,53,54]]],"properties":{"name":"Palavecino","gaul_code":32004,"targetarea":140.3247202,"totpop":225141.267929,"country_id":"VEN","targetpop":184568.280792,"totalarea":305.1479513,"new_mean":0.0171138}},{"type":"Polygon","arcs":[[55,56,57]],"properties":{"name":"Sotillo","gaul_code":32063,"targetarea":16.5184714,"totpop":84762.0396275,"country_id":"VEN","targetpop":42242.4747925,"totalarea":3465.3412573,"new_mean":0.0177079}},{"type":"MultiPolygon","arcs":[[[58,59,60,61,62,63]],[[64,65]]],"properties":{"name":"San Rafael De Carvajal","gaul_code":32143,"targetarea":46.2393468,"totpop":63659.6236725,"country_id":"VEN","targetpop":51980.4313965,"totalarea":87.8210671,"new_mean":0.0172992}},{"type":"Polygon","arcs":[[66]],"properties":{"name":"Obispo Ramos De Lora","gaul_code":32021,"targetarea":3.0039921,"totpop":29023.963892,"country_id":"VEN","targetpop":2723.1856079,"totalarea":336.6562374,"new_mean":0.0182154}},{"type":"Polygon","arcs":[[67]],"properties":{"name":"Ezequiel Zamora","gaul_code":32058,"targetarea":41.6035653,"totpop":73485.191083,"country_id":"VEN","targetpop":30753.3003235,"totalarea":430.1917949,"new_mean":0.0182042}},{"type":"MultiPolygon","arcs":[[[68]],[[69,70]]],"properties":{"name":"Zamora","gaul_code":32052,"targetarea":90.2222102,"totpop":228213.760691,"country_id":"VEN","targetpop":178603.382751,"totalarea":397.7823814,"new_mean":0.0175945}},{"type":"Polygon","arcs":[[71]],"properties":{"name":"Zamora","gaul_code":31983,"targetarea":14.0188746,"totpop":42237.0583687,"country_id":"VEN","targetpop":12332.2180481,"totalarea":841.7668501,"new_mean":0.0183268}},{"type":"Polygon","arcs":[[72,73,74,75,76]],"properties":{"name":"Guacara","gaul_code":31925,"targetarea":94.1004766,"totpop":209419.599697,"country_id":"VEN","targetpop":195068.823029,"totalarea":183.8952528,"new_mean":0.0174528}},{"type":"MultiPolygon","arcs":[[[77,78,79]],[[80,81]],[[82,83,84,85]]],"properties":{"name":"Montalban","gaul_code":31930,"targetarea":80.4897674,"totpop":214475.259579,"country_id":"VEN","targetpop":176158.20401,"totalarea":283.077555,"new_mean":0.017252}},{"type":"MultiPolygon","arcs":[[[86,87,88]],[[89,90,91]],[[92]],[[93,94]]],"properties":{"name":"Araure","gaul_code":32084,"targetarea":81.5488211,"totpop":196942.377986,"country_id":"VEN","targetpop":108880.16925,"totalarea":759.8419131,"new_mean":0.0177622}},{"type":"MultiPolygon","arcs":[[[86,87,88]],[[89,90,91]],[[92]],[[93,94]]],"properties":{"name":"Araure","gaul_code":32084,"targetarea":81.5488211,"totpop":196942.377986,"country_id":"VEN","targetpop":108880.16925,"totalarea":759.8419131,"new_mean":0.0182036}},{"type":"MultiPolygon","arcs":[[[95,-63,96]],[[-66,97]]],"properties":{"name":"Motatan","gaul_code":32140,"targetarea":6.2047717,"totpop":27131.783473,"country_id":"VEN","targetpop":8039.5397949,"totalarea":129.0237213,"new_mean":0.017692}},{"type":"Polygon","arcs":[[98,99,100,101,102,103,104]],"properties":{"name":"Libertador","gaul_code":31891,"targetarea":50.2040609,"totpop":86484.2758179,"country_id":"VEN","targetpop":84550.4299316,"totalarea":51.2582157,"new_mean":0.0173533}},{"type":"MultiPolygon","arcs":[[[105,106]],[[107]],[[108]],[[109,110,111]],[[-103,112,113]]],"properties":{"name":"Zamora","gaul_code":31900,"targetarea":91.3818804,"totpop":167946.294362,"country_id":"VEN","targetpop":80335.0690613,"totalarea":666.1233268,"new_mean":0.0174263}},{"type":"Polygon","arcs":[[114,115,116,117]],"properties":{"name":"Autonomo San Felipe","gaul_code":32153,"targetarea":109.7212736,"totpop":266846.547437,"country_id":"VEN","targetpop":135605.556366,"totalarea":1444.4817488,"new_mean":0.0173504}},{"type":"Polygon","arcs":[[118,119]],"properties":{"name":"Santos Marquina","gaul_code":32026,"targetarea":4.602431,"totpop":22427.8219728,"country_id":"VEN","targetpop":4578.0372925,"totalarea":281.7628497,"new_mean":0.0185303}},{"type":"Polygon","arcs":[[120]],"properties":{"name":"Libertador","gaul_code":32059,"targetarea":6.6442023,"totpop":56026.3245946,"country_id":"VEN","targetpop":5443.8241577,"totalarea":3556.4490806,"new_mean":0.0183951}},{"type":"Polygon","arcs":[[121]],"properties":{"name":"Bruzual","gaul_code":31863,"targetarea":6.4865686,"totpop":37984.881916,"country_id":"VEN","targetpop":6405.6393433,"totalarea":1627.9705796,"new_mean":0.018206}},{"type":"MultiPolygon","arcs":[[[122,123,124]],[[125]]],"properties":{"name":"Mario Briceno Iragorry","gaul_code":31892,"targetarea":34.6698593,"totpop":121758.618667,"country_id":"VEN","targetpop":94013.5603333,"totalarea":442.9565589,"new_mean":0.017823}},{"type":"MultiPolygon","arcs":[[[122,123,124]],[[125]]],"properties":{"name":"Mario Briceno Iragorry","gaul_code":31892,"targetarea":34.6698593,"totpop":121758.618667,"country_id":"VEN","targetpop":94013.5603333,"totalarea":442.9565589,"new_mean":0.0180929}},{"type":"Polygon","arcs":[[126,127,128]],"properties":{"name":"Guanipa","gaul_code":31867,"targetarea":24.3995872,"totpop":88560.3937845,"country_id":"VEN","targetpop":30392.6989136,"totalarea":1160.8718672,"new_mean":0.0180807}},{"type":"MultiPolygon","arcs":[[[129,130]],[[131]]],"properties":{"name":"Cabimas","gaul_code":32158,"targetarea":109.8918984,"totpop":317975.969031,"country_id":"VEN","targetpop":242028.652344,"totalarea":888.6941469,"new_mean":0.0182305}},{"type":"MultiPolygon","arcs":[[[132]],[[133]]],"properties":{"name":"Colon","gaul_code":32160,"targetarea":7.340808,"totpop":189407.935688,"country_id":"VEN","targetpop":6530.6358643,"totalarea":3616.6655111,"new_mean":0.0184745}},{"type":"MultiPolygon","arcs":[[[134,135]],[[136,137,138,139]],[[140,141,142]],[[143,144,145]]],"properties":{"name":"Guaicaipuro","gaul_code":32040,"targetarea":177.8407284,"totpop":292660.358662,"country_id":"VEN","targetpop":202595.76297,"totalarea":694.6009292,"new_mean":0.0175503}},{"type":"Polygon","arcs":[[146,147]],"properties":{"name":"Antolin Del Cami","gaul_code":32070,"targetarea":27.9008433,"totpop":31029.0146942,"country_id":"VEN","targetpop":25420.1396484,"totalarea":39.4037149,"new_mean":0.0179138}},{"type":"MultiPolygon","arcs":[[[148]],[[149]],[[150]]],"properties":{"name":"Jimenez","gaul_code":32002,"targetarea":31.316333,"totpop":123119.77577,"country_id":"VEN","targetpop":28721.4235535,"totalarea":984.8811061,"new_mean":0.0177557}},{"type":"Polygon","arcs":[[151,152]],"properties":{"name":"Tovar","gaul_code":32028,"targetarea":20.3025152,"totpop":44392.3614616,"country_id":"VEN","targetpop":21940.8114014,"totalarea":176.0433808,"new_mean":0.0181608}},{"type":"Polygon","arcs":[[153,154]],"properties":{"name":"San Rafael De Onoto","gaul_code":32093,"targetarea":10.0025673,"totpop":21048.9605093,"country_id":"VEN","targetpop":9299.6871338,"totalarea":146.3359414,"new_mean":0.0181992}},{"type":"Polygon","arcs":[[155,156]],"properties":{"name":"Monsenor Jose Vicente De","gaul_code":32088,"targetarea":4.1417343,"totpop":25733.2946701,"country_id":"VEN","targetpop":3662.1773377,"totalarea":202.9238386,"new_mean":0.0183992}},{"type":"Polygon","arcs":[[157]],"properties":{"name":"Santa Rita","gaul_code":32171,"targetarea":34.5354161,"totpop":71487.173213,"country_id":"VEN","targetpop":37136.9562473,"totalarea":489.9100629,"new_mean":0.0182248}},{"type":"MultiPolygon","arcs":[[[158]],[[-61,159]],[[160,161]]],"properties":{"name":"Trujillo","gaul_code":32145,"targetarea":53.800565,"totpop":95845.798111,"country_id":"VEN","targetpop":46730.0863953,"totalarea":537.0844946,"new_mean":0.0174681}},{"type":"Polygon","arcs":[[-44,162,163,164]],"properties":{"name":"Bolivar","gaul_code":31886,"targetarea":26.8953997,"totpop":41036.2180634,"country_id":"VEN","targetpop":33581.5767212,"totalarea":52.7495004,"new_mean":0.0173026}},{"type":"Polygon","arcs":[[165]],"properties":{"name":"Rangel","gaul_code":32024,"targetarea":2.4302404,"totpop":23603.7943201,"country_id":"VEN","targetpop":1561.3022461,"totalarea":691.3522206,"new_mean":0.018406}},{"type":"MultiPolygon","arcs":[[[166]],[[167,168,169,-99,170,171,-164]]],"properties":{"name":"Santiago Marino","gaul_code":31895,"targetarea":110.6646056,"totpop":396889.362335,"country_id":"VEN","targetpop":342584.339447,"totalarea":483.7018669,"new_mean":0.017393}},{"type":"Polygon","arcs":[[172,173]],"properties":{"name":"Piritu","gaul_code":31876,"targetarea":6.6761719,"totpop":27026.6661167,"country_id":"VEN","targetpop":5093.2234192,"totalarea":255.3761938,"new_mean":0.0179696}},{"type":"Polygon","arcs":[[174]],"properties":{"name":"Zaraza","gaul_code":31998,"targetarea":15.4673395,"totpop":69885.0695652,"country_id":"VEN","targetpop":20446.9614868,"totalarea":3406.8416464,"new_mean":0.0180222}},{"type":"MultiPolygon","arcs":[[[175,-91,176,177]],[[178,-88,179]]],"properties":{"name":"Paez","gaul_code":32090,"targetarea":76.5747107,"totpop":198770.766347,"country_id":"VEN","targetpop":148039.961609,"totalarea":501.6909595,"new_mean":0.0182127}},{"type":"Polygon","arcs":[[180,181,182,183,184,185,186,-125]],"properties":{"name":"Diego Ibarra","gaul_code":31924,"targetarea":63.6912513,"totpop":112571.119568,"country_id":"VEN","targetpop":102145.960449,"totalarea":113.7179116,"new_mean":0.0174755}},{"type":"Polygon","arcs":[[-74,187,-86,188,189,190,191,192]],"properties":{"name":"Valencia","gaul_code":31933,"targetarea":563.9559996,"totpop":1562361.54261,"country_id":"VEN","targetpop":1456527.17176,"totalarea":1216.0408536,"new_mean":0.0173896}},{"type":"Polygon","arcs":[[193]],"properties":{"name":"Miranda","gaul_code":32168,"targetarea":39.9397137,"totpop":111065.69022,"country_id":"VEN","targetpop":43122.1540527,"totalarea":1989.3638755,"new_mean":0.0182477}},{"type":"MultiPolygon","arcs":[[[194,195]],[[196,197,198,199]]],"properties":{"name":"Simon Bolivar","gaul_code":32049,"targetarea":38.0214607,"totpop":60376.6059361,"country_id":"VEN","targetpop":35751.7896729,"totalarea":153.0173438,"new_mean":0.0177863}},{"type":"Polygon","arcs":[[200,201]],"properties":{"name":"Andres Mata","gaul_code":32098,"targetarea":5.7132849,"totpop":21174.5155401,"country_id":"VEN","targetpop":4829.4788513,"totalarea":336.4200446,"new_mean":0.0183212}},{"type":"MultiPolygon","arcs":[[[202]],[[203,204]],[[205,206]],[[207,-59,208]]],"properties":{"name":"Urdaneta","gaul_code":32146,"targetarea":6.9511556,"totpop":38324.138319,"country_id":"VEN","targetpop":4518.0393372,"totalarea":545.1782451,"new_mean":0.0181416}},{"type":"Polygon","arcs":[[209]],"properties":{"name":"San Carlos","gaul_code":31939,"targetarea":51.7742333,"totpop":157642.061459,"country_id":"VEN","targetpop":70691.5628052,"totalarea":2276.1613514,"new_mean":0.0181635}},{"type":"Polygon","arcs":[[210,211]],"properties":{"name":"Piar","gaul_code":32061,"targetarea":2.1192854,"totpop":55198.4795456,"country_id":"VEN","targetpop":2176.9069824,"totalarea":931.3440753,"new_mean":0.0182377}},{"type":"Polygon","arcs":[[212,213,-127]],"properties":{"name":"Freites","gaul_code":31866,"targetarea":5.2175137,"totpop":103607.594291,"country_id":"VEN","targetpop":14638.8112793,"totalarea":7576.9475274,"new_mean":0.0179484}},{"type":"Polygon","arcs":[[-120,214,215,216]],"properties":{"name":"Libertador","gaul_code":32019,"targetarea":98.9514538,"totpop":229567.656906,"country_id":"VEN","targetpop":157710.306015,"totalarea":1166.2501187,"new_mean":0.0183359}},{"type":"Polygon","arcs":[[217,218]],"properties":{"name":"Crespo","gaul_code":32000,"targetarea":6.6071733,"totpop":56992.9210882,"country_id":"VEN","targetpop":7373.1219482,"totalarea":818.5575176,"new_mean":0.0177649}},{"type":"Polygon","arcs":[[219]],"properties":{"name":"Pedro Gual","gaul_code":32047,"targetarea":3.7543158,"totpop":23594.9899635,"country_id":"VEN","targetpop":3370.7991943,"totalarea":939.6832259,"new_mean":0.0183978}},{"type":"MultiPolygon","arcs":[[[220]],[[221,-201]],[[222,223]]],"properties":{"name":"Bermudez","gaul_code":32100,"targetarea":72.4438937,"totpop":149522.140007,"country_id":"VEN","targetpop":117721.935883,"totalarea":198.2028757,"new_mean":0.0181856}},{"type":"MultiPolygon","arcs":[[[224]],[[225,226]]],"properties":{"name":"La Canada De Urdaneta","gaul_code":32163,"targetarea":40.6403112,"totpop":113505.331131,"country_id":"VEN","targetpop":45951.3430023,"totalarea":1813.1761844,"new_mean":0.0182854}},{"type":"Polygon","arcs":[[227]],"properties":{"name":"Cruz Salmeron Acosta","gaul_code":32103,"targetarea":3.5049325,"totpop":37071.9608016,"country_id":"VEN","targetpop":3320.8832703,"totalarea":578.8165458,"new_mean":0.0184078}},{"type":"Polygon","arcs":[[228]],"properties":{"name":"Rosario De Perija","gaul_code":32170,"targetarea":27.8033648,"totpop":104179.175448,"country_id":"VEN","targetpop":32703.362793,"totalarea":3649.6269159,"new_mean":0.0182579}},{"type":"Polygon","arcs":[[229]],"properties":{"name":"Ospino","gaul_code":32089,"targetarea":7.2604125,"totpop":60409.5471356,"country_id":"VEN","targetpop":7202.7648926,"totalarea":2172.6484838,"new_mean":0.0182579}},{"type":"MultiPolygon","arcs":[[[230]],[[231]],[[232,233]],[[234,235]]],"properties":{"name":"Bolivar","gaul_code":31862,"targetarea":205.9162728,"totpop":496374.725472,"country_id":"VEN","targetpop":361641.071442,"totalarea":1832.9801266,"new_mean":0.0176304}},{"type":"Polygon","arcs":[[236,237,238]],"properties":{"name":"Urdaneta","gaul_code":32051,"targetarea":109.3741058,"totpop":171788.24408,"country_id":"VEN","targetpop":139055.974731,"totalarea":303.1904747,"new_mean":0.0176021}},{"type":"Polygon","arcs":[[239,240,241]],"properties":{"name":"Marino","gaul_code":32081,"targetarea":30.2291112,"totpop":102942.196285,"country_id":"VEN","targetpop":102362.326145,"totalarea":34.6230639,"new_mean":0.0171206}},{"type":"Polygon","arcs":[[-148,242,243,244,245,246,247,248]],"properties":{"name":"Arismendi","gaul_code":32071,"targetarea":29.2574096,"totpop":33387.8124695,"country_id":"VEN","targetpop":26821.2628479,"totalarea":43.8490634,"new_mean":0.0177096}},{"type":"Polygon","arcs":[[249,250]],"properties":{"name":"Tovar","gaul_code":31898,"targetarea":2.0058392,"totpop":14758.175127,"country_id":"VEN","targetpop":1047.6213684,"totalarea":263.1136004,"new_mean":0.0183538}},{"type":"Polygon","arcs":[[251,-197,252]],"properties":{"name":"Independencia","gaul_code":32041,"targetarea":72.7256877,"totpop":146483.402011,"country_id":"VEN","targetpop":126186.099976,"totalarea":302.7566917,"new_mean":0.0177552}},{"type":"MultiPolygon","arcs":[[[253]],[[254,255]]],"properties":{"name":"Tinaco","gaul_code":31940,"targetarea":12.2113087,"totpop":51347.8353096,"country_id":"VEN","targetpop":11055.8355103,"totalarea":1408.9894389,"new_mean":0.0179732}},{"type":"Polygon","arcs":[[256,257,-146,258,-139]],"properties":{"name":"Carrizal","gaul_code":32036,"targetarea":35.8118339,"totpop":62576.0978394,"country_id":"VEN","targetpop":61225.4542236,"totalarea":40.3334103,"new_mean":0.0176233}},{"type":"MultiPolygon","arcs":[[[259,260]],[[261,-128,-214,262,263]]],"properties":{"name":"Simon Rodriguez","gaul_code":31877,"targetarea":88.7574379,"totpop":205659.349609,"country_id":"VEN","targetpop":104946.168732,"totalarea":573.3879119,"new_mean":0.0179777}},{"type":"Polygon","arcs":[[264]],"properties":{"name":"Andres Eloy Blanco","gaul_code":31999,"targetarea":7.3129417,"totpop":52334.3931637,"country_id":"VEN","targetpop":4760.7001038,"totalarea":765.350142,"new_mean":0.0179411}},{"type":"Polygon","arcs":[[264]],"properties":{"name":"Andres Eloy Blanco","gaul_code":31999,"targetarea":7.3129417,"totpop":52334.3931637,"country_id":"VEN","targetpop":4760.7001038,"totalarea":765.350142,"new_mean":0.0184097}},{"type":"MultiPolygon","arcs":[[[265]],[[266]]],"properties":{"name":"Ribero","gaul_code":32109,"targetarea":5.3786264,"totpop":63877.6896999,"country_id":"VEN","targetpop":4227.1072693,"totalarea":1384.2513359,"new_mean":0.0184498}},{"type":"Polygon","arcs":[[267,268]],"properties":{"name":"Miranda","gaul_code":31975,"targetarea":86.5518131,"totpop":250836.45445,"country_id":"VEN","targetpop":168558.791992,"totalarea":2162.7647465,"new_mean":0.0184651}},{"type":"Polygon","arcs":[[269,270,271,272]],"properties":{"name":"El Hatillo","gaul_code":32039,"targetarea":43.8552662,"totpop":75986.3682289,"country_id":"VEN","targetpop":65253.7373657,"totalarea":87.766727,"new_mean":0.0172305}},{"type":"MultiPolygon","arcs":[[[273,274,-252]],[[275,276,277,-273]]],"properties":{"name":"Paz Castillo","gaul_code":32046,"targetarea":66.3452487,"totpop":144199.726707,"country_id":"VEN","targetpop":83215.2894897,"totalarea":427.20361,"new_mean":0.0178331}},{"type":"MultiPolygon","arcs":[[[278]],[[279]]],"properties":{"name":"Baralt","gaul_code":32157,"targetarea":8.6383947,"totpop":106478.927106,"country_id":"VEN","targetpop":6436.0051575,"totalarea":1962.4274194,"new_mean":0.0183076}},{"type":"Polygon","arcs":[[280]],"properties":{"name":"Moran","gaul_code":32003,"targetarea":23.7924263,"totpop":135120.226381,"country_id":"VEN","targetpop":27883.4595337,"totalarea":2157.0656269,"new_mean":0.0179899}},{"type":"MultiPolygon","arcs":[[[281,282]],[[283]]],"properties":{"name":"Roscio","gaul_code":31995,"targetarea":54.9235229,"totpop":150632.191898,"country_id":"VEN","targetpop":68399.533783,"totalarea":1680.8912216,"new_mean":0.0176454}},{"type":"Polygon","arcs":[[284,-248,285,-240]],"properties":{"name":"Maneiro","gaul_code":32079,"targetarea":23.3620592,"totpop":64538.2154236,"country_id":"VEN","targetpop":64538.2154236,"totalarea":26.194691,"new_mean":0.0174025}},{"type":"MultiPolygon","arcs":[[[286]],[[287,288]]],"properties":{"name":"Carirubana","gaul_code":31965,"targetarea":98.6941743,"totpop":257449.56657,"country_id":"VEN","targetpop":192442.540802,"totalarea":654.0843904,"new_mean":0.0185624}},{"type":"Polygon","arcs":[[289]],"properties":{"name":"Montes","gaul_code":32108,"targetarea":15.6703558,"totpop":59383.8629894,"country_id":"VEN","targetpop":12801.1470337,"totalarea":1097.3316935,"new_mean":0.0183758}},{"type":"MultiPolygon","arcs":[[[290,291]],[[292]]],"properties":{"name":"Juan Jose Mora","gaul_code":31927,"targetarea":44.474903,"totpop":81457.8436813,"country_id":"VEN","targetpop":37321.3788147,"totalarea":414.9192019,"new_mean":0.0179933}},{"type":"MultiPolygon","arcs":[[[293,294,-78,295]],[[296,-81,297]],[[298]]],"properties":{"name":"Miranda","gaul_code":31929,"targetarea":12.2439804,"totpop":36024.7647104,"country_id":"VEN","targetpop":8500.0404053,"totalarea":192.9896729,"new_mean":0.0173876}},{"type":"MultiPolygon","arcs":[[[-102,299,-113]],[[300,301,-76]],[[-100,-170,302,-186,303]],[[304,-184]]],"properties":{"name":"Lago De Valencia","gaul_code":31928,"targetarea":8.2702637,"totpop":10917.3250284,"country_id":"VEN","targetpop":6176.3656769,"totalarea":387.6385706,"new_mean":0.0174866}},{"type":"MultiPolygon","arcs":[[[305,306,307]],[[308]]],"properties":{"name":"Simon Planas","gaul_code":32005,"targetarea":7.4702991,"totpop":43751.9064527,"country_id":"VEN","targetpop":7155.2754211,"totalarea":843.9122943,"new_mean":0.0178795}},{"type":"Polygon","arcs":[[309,310]],"properties":{"name":"Autonomo Bruzual","gaul_code":32149,"targetarea":38.5477533,"totpop":82011.8376316,"country_id":"VEN","targetpop":40333.9861755,"totalarea":284.4106975,"new_mean":0.0171253}},{"type":"MultiPolygon","arcs":[[[311]],[[312,-292]]],"properties":{"name":"Puerto Cabello","gaul_code":31931,"targetarea":76.3771387,"totpop":183775.221647,"country_id":"VEN","targetpop":142230.266205,"totalarea":361.8140859,"new_mean":0.0178805}},{"type":"MultiPolygon","arcs":[[[313,-118]],[[314,-310]],[[-116,315]]],"properties":{"name":"Autonomo Sucre","gaul_code":32154,"targetarea":39.6948651,"totpop":66682.454917,"country_id":"VEN","targetpop":35310.658371,"totalarea":243.5122781,"new_mean":0.0168644}},{"type":"MultiPolygon","arcs":[[[316,-255]],[[-190,317]]],"properties":{"name":"Falcon","gaul_code":31935,"targetarea":43.1069488,"totpop":125659.940557,"country_id":"VEN","targetpop":62994.2738953,"totalarea":573.3137651,"new_mean":0.0177796}},{"type":"MultiPolygon","arcs":[[[318,319]],[[-177,-90,320]]],"properties":{"name":"Esteller","gaul_code":32085,"targetarea":16.3283738,"totpop":55193.4634228,"country_id":"VEN","targetpop":14395.645874,"totalarea":920.4706776,"new_mean":0.0183701}},{"type":"Polygon","arcs":[[321,322]],"properties":{"name":"Autonomo Urachique","gaul_code":32155,"targetarea":13.2539337,"totpop":26663.5139208,"country_id":"VEN","targetpop":11298.2328491,"totalarea":154.8425054,"new_mean":0.0171666}},{"type":"Polygon","arcs":[[323]],"properties":{"name":"Acevedo","gaul_code":32031,"targetarea":16.9419712,"totpop":106232.660837,"country_id":"VEN","targetpop":14114.9032593,"totalarea":1957.0690965,"new_mean":0.018533}},{"type":"MultiPolygon","arcs":[[[-155,324]],[[325,-307,326,-94]]],"properties":{"name":"Agua Blanca","gaul_code":32083,"targetarea":5.183775,"totpop":24877.5633781,"country_id":"VEN","targetpop":4861.941864,"totalarea":221.2806348,"new_mean":0.0182406}},{"type":"Polygon","arcs":[[327,-283]],"properties":{"name":"San Sebastian","gaul_code":31894,"targetarea":8.6941864,"totpop":27117.1231871,"country_id":"VEN","targetpop":7311.4570923,"totalarea":457.0351616,"new_mean":0.0179038}},{"type":"Polygon","arcs":[[-165,-172,328,329,-111,330,-45]],"properties":{"name":"Sucre","gaul_code":31897,"targetarea":55.4187897,"totpop":118091.531296,"country_id":"VEN","targetpop":109853.34024,"totalarea":80.8733074,"new_mean":0.0174701}},{"type":"MultiPolygon","arcs":[[[331]],[[-156,332]]],"properties":{"name":"Sucre","gaul_code":32095,"targetarea":5.6600084,"totpop":44903.1324883,"country_id":"VEN","targetpop":4249.5677185,"totalarea":459.4812069,"new_mean":0.0183096}},{"type":"Polygon","arcs":[[333,334,335,336,337,338,-227]],"properties":{"name":"Maracaibo","gaul_code":32167,"targetarea":433.1484452,"totpop":2234593.54308,"country_id":"VEN","targetpop":2218321.42126,"totalarea":469.6250429,"new_mean":0.0183613}},{"type":"Polygon","arcs":[[-322,339]],"properties":{"name":"Autonomo Jose Antonio Pae","gaul_code":32150,"targetarea":12.367347,"totpop":24425.1041212,"country_id":"VEN","targetpop":9334.0574341,"totalarea":138.277053,"new_mean":0.016844}},{"type":"Polygon","arcs":[[340]],"properties":{"name":"Sucre","gaul_code":32144,"targetarea":9.9604629,"totpop":56685.5177703,"country_id":"VEN","targetpop":7709.8513794,"totalarea":658.574351,"new_mean":0.0180864}},{"type":"MultiPolygon","arcs":[[[-251,341]],[[342,343]],[[344,345]],[[346,347]],[[348]]],"properties":{"name":"Vargas","gaul_code":31960,"targetarea":173.3733561,"totpop":359997.056652,"country_id":"VEN","targetpop":252356.827423,"totalarea":970.3869654,"new_mean":0}},{"type":"MultiPolygon","arcs":[[[-251,341]],[[342,343]],[[344,345]],[[346,347]],[[348]]],"properties":{"name":"Vargas","gaul_code":31960,"targetarea":173.3733561,"totpop":359997.056652,"country_id":"VEN","targetpop":252356.827423,"totalarea":970.3869654,"new_mean":0.0175089}},{"type":"Polygon","arcs":[[349,-348,350,-343,351,-144,-258,352,353,354,355,-346]],"properties":{"name":"Libertador","gaul_code":31959,"targetarea":314.0417694,"totpop":2026708.27238,"country_id":"VEN","targetpop":2020235.48004,"totalarea":327.4659688,"new_mean":0.0170408}},{"type":"Polygon","arcs":[[349,-348,350,-343,351,-144,-258,352,353,354,355,-346]],"properties":{"name":"Libertador","gaul_code":31959,"targetarea":314.0417694,"totpop":2026708.27238,"country_id":"VEN","targetpop":2020235.48004,"totalarea":327.4659688,"new_mean":0.0174316}},{"type":"MultiPolygon","arcs":[[[-107,356]],[[357,-192]]],"properties":{"name":"Carlos Arevalo","gaul_code":31923,"targetarea":87.9207338,"totpop":179844.715296,"country_id":"VEN","targetpop":84413.2575684,"totalarea":950.0301881,"new_mean":0.0176072}},{"type":"Polygon","arcs":[[358,359,-277,360,-71]],"properties":{"name":"Plaza","gaul_code":32048,"targetarea":97.6468634,"totpop":231070.310341,"country_id":"VEN","targetpop":208748.800812,"totalarea":205.6724459,"new_mean":0.0171872}},{"type":"MultiPolygon","arcs":[[[361]],[[362]],[[363]],[[364]],[[365,-212]],[[366]]],"properties":{"name":"Maturin","gaul_code":32060,"targetarea":261.7283126,"totpop":729269.42749,"country_id":"VEN","targetpop":292174.787537,"totalarea":16174.886522,"new_mean":0.0181545}},{"type":"Polygon","arcs":[[367]],"properties":{"name":"Buroz","gaul_code":32035,"targetarea":5.9403689,"totpop":36921.6289654,"country_id":"VEN","targetpop":6357.695282,"totalarea":256.9922643,"new_mean":0.0184309}},{"type":"Polygon","arcs":[[368,-135,369,-237,370,-198,-275]],"properties":{"name":"Cristobal Rojas","gaul_code":32038,"targetarea":88.6531903,"totpop":170148.998978,"country_id":"VEN","targetpop":156414.71991,"totalarea":134.2317403,"new_mean":0.0175799}},{"type":"Polygon","arcs":[[371,-353,-257,-138,372,-142,373]],"properties":{"name":"Los Salias","gaul_code":32044,"targetarea":44.4617411,"totpop":82158.1953125,"country_id":"VEN","targetpop":82158.1953125,"totalarea":44.65124,"new_mean":0.0178341}},{"type":"Polygon","arcs":[[-199,-371,-239,374,-196,375]],"properties":{"name":"Lander","gaul_code":32043,"targetarea":110.5019371,"totpop":183645.945137,"country_id":"VEN","targetpop":149177.536469,"totalarea":536.1585088,"new_mean":0.0177459}},{"type":"MultiPolygon","arcs":[[[376,-244,377]],[[378,379,380,381]]],"properties":{"name":"Gomez","gaul_code":32074,"targetarea":33.5002198,"totpop":48384.1211853,"country_id":"VEN","targetpop":36445.7240601,"totalarea":69.9371631,"new_mean":0.0179041}},{"type":"Polygon","arcs":[[382]],"properties":{"name":"Cajigal","gaul_code":32102,"targetarea":2.2587036,"totpop":22822.000185,"country_id":"VEN","targetpop":2013.9953613,"totalarea":362.5536396,"new_mean":0.0184228}},{"type":"Polygon","arcs":[[383]],"properties":{"name":"Machiques De Perija","gaul_code":32165,"targetarea":25.385195,"totpop":157177.102309,"country_id":"VEN","targetpop":33056.2002563,"totalarea":8452.1884193,"new_mean":0.0183505}},{"type":"MultiPolygon","arcs":[[[384,-319]],[[385]]],"properties":{"name":"Turen","gaul_code":32096,"targetarea":8.1329666,"totpop":69465.3685982,"country_id":"VEN","targetpop":7710.5343323,"totalarea":1621.2046074,"new_mean":0.0184695}},{"type":"MultiPolygon","arcs":[[[386,387]],[[388,-387]]],"properties":{"name":"Alberto Arvelo Torrealba","gaul_code":31901,"targetarea":11.5885387,"totpop":51164.645721,"country_id":"VEN","targetpop":10006.9550781,"totalarea":555.2610339,"new_mean":0.0180223}},{"type":"Polygon","arcs":[[-182,389,-77,-302,390]],"properties":{"name":"San Joaquin","gaul_code":31932,"targetarea":53.4975626,"totpop":82978.5493088,"country_id":"VEN","targetpop":68874.6981506,"totalarea":133.9184353,"new_mean":0.0174776}},{"type":"MultiPolygon","arcs":[[[391,-48]],[[392]]],"properties":{"name":"Paez","gaul_code":32045,"targetarea":5.22057,"totpop":42627.6622336,"country_id":"VEN","targetpop":3402.3652344,"totalarea":961.6671724,"new_mean":0.0184925}},{"type":"Polygon","arcs":[[393]],"properties":{"name":"Mellado","gaul_code":31990,"targetarea":4.4767854,"totpop":31969.3720071,"country_id":"VEN","targetpop":3781.5714111,"totalarea":2077.2778326,"new_mean":0.0180574}},{"type":"MultiPolygon","arcs":[[[394]],[[395]]],"properties":{"name":"Autonomo Nirgua","gaul_code":32151,"targetarea":8.5089133,"totpop":67225.2306108,"country_id":"VEN","targetpop":7060.5287781,"totalarea":1981.4096251,"new_mean":0.0172745}},{"type":"MultiPolygon","arcs":[[[396,-79,-295]],[[-84,397]]],"properties":{"name":"Bejuma","gaul_code":31922,"targetarea":3.7307921,"totpop":58974.8383274,"country_id":"VEN","targetpop":2539.3996887,"totalarea":539.5584983,"new_mean":0.0177035}},{"type":"Polygon","arcs":[[398,399,-380]],"properties":{"name":"Marcano","gaul_code":32080,"targetarea":29.635679,"totpop":39972.9369507,"country_id":"VEN","targetpop":0,"totalarea":37.2135034,"new_mean":0.0176293}},{"type":"Polygon","arcs":[[-171,-105,400,-329]],"properties":{"name":"Jose Angel Lamas","gaul_code":31889,"targetarea":16.4044873,"totpop":42435.1259766,"country_id":"VEN","targetpop":0,"totalarea":17.4781876,"new_mean":0.0172881}},{"type":"MultiPolygon","arcs":[[[401,402]],[[403,-131,404,-403]]],"properties":{"name":"Lagunillas","gaul_code":32164,"targetarea":84.3598291,"totpop":221285.353079,"country_id":"VEN","targetpop":164659.983704,"totalarea":1017.7992053,"new_mean":0.0182526}},{"type":"MultiPolygon","arcs":[[[-246,405,406]],[[407,408]],[[409]],[[-381,-400,410]]],"properties":{"name":"Diaz","gaul_code":32072,"targetarea":63.3742599,"totpop":102549.180199,"country_id":"VEN","targetpop":75782.5720825,"totalarea":150.3565038,"new_mean":0.0177242}},{"type":"Polygon","arcs":[[411]],"properties":{"name":"Isla De Cubagua","gaul_code":32077,"targetarea":22.9839483,"totpop":28681.835865,"country_id":"VEN","targetpop":28645.1488686,"totalarea":25.7199326,"new_mean":0.0185862}},{"type":"Polygon","arcs":[[412]],"properties":{"name":"Bolivar","gaul_code":32054,"targetarea":11.584515,"totpop":41140.9257069,"country_id":"VEN","targetpop":10487.9840393,"totalarea":318.0543716,"new_mean":0.0185027}},{"type":"MultiPolygon","arcs":[[[-174,413]],[[414,-234]]],"properties":{"name":"Penalver","gaul_code":31875,"targetarea":15.8444949,"totpop":48929.8232859,"country_id":"VEN","targetpop":13761.9515991,"totalarea":719.0260869,"new_mean":0.0180925}},{"type":"Polygon","arcs":[[415,416,-354,-372,417,-271]],"properties":{"name":"Baruta","gaul_code":32033,"targetarea":72.5866125,"totpop":242748.609871,"country_id":"VEN","targetpop":232765.356689,"totalarea":106.9030196,"new_mean":0.0168393}},{"type":"MultiPolygon","arcs":[[[418]],[[419,-47]]],"properties":{"name":"Santos Michelena","gaul_code":31896,"targetarea":16.6562042,"totpop":38926.5118465,"country_id":"VEN","targetpop":12012.8583374,"totalarea":191.3300472,"new_mean":0.0176588}},{"type":"MultiPolygon","arcs":[[[420,421]],[[422,423]]],"properties":{"name":"Escuque","gaul_code":32137,"targetarea":17.6725919,"totpop":35445.1691742,"country_id":"VEN","targetpop":12113.6772156,"totalarea":195.0597655,"new_mean":0.0176923}},{"type":"Polygon","arcs":[[424]],"properties":{"name":"Marino","gaul_code":32106,"targetarea":1.920152,"totpop":22281.0805224,"country_id":"VEN","targetpop":1371.1444778,"totalarea":435.444784,"new_mean":0.0183356}},{"type":"MultiPolygon","arcs":[[[425,-161]],[[426]]],"properties":{"name":"Pampan","gaul_code":32141,"targetarea":7.1867175,"totpop":52874.5438962,"country_id":"VEN","targetpop":4315.756958,"totalarea":446.9815308,"new_mean":0.0177098}},{"type":"Polygon","arcs":[[427]],"properties":{"name":"Valdez","gaul_code":32111,"targetarea":16.6439538,"totpop":42077.7399768,"country_id":"VEN","targetpop":16968.4841766,"totalarea":464.5252363,"new_mean":0.0182822}},{"type":"MultiPolygon","arcs":[[[428,-338]],[[429,430,-336]]],"properties":{"name":"Jesus Enrique Lozada","gaul_code":32162,"targetarea":59.2560219,"totpop":161402.942497,"country_id":"VEN","targetpop":58987.8041992,"totalarea":2975.620374,"new_mean":0.0182569}},{"type":"MultiPolygon","arcs":[[[428,-338]],[[429,430,-336]]],"properties":{"name":"Jesus Enrique Lozada","gaul_code":32162,"targetarea":59.2560219,"totpop":161402.942497,"country_id":"VEN","targetpop":58987.8041992,"totalarea":2975.620374,"new_mean":0.0224283}},{"type":"Polygon","arcs":[[431]],"properties":{"name":"Silva","gaul_code":31981,"targetarea":8.3096892,"totpop":33402.8129323,"country_id":"VEN","targetpop":6512.4006348,"totalarea":707.0713878,"new_mean":0.0184348}},{"type":"MultiPolygon","arcs":[[[432]],[[433]]],"properties":{"name":"Brion","gaul_code":32034,"targetarea":20.3818874,"totpop":73153.853241,"country_id":"VEN","targetpop":15893.684967,"totalarea":600.0059441,"new_mean":0.0184004}},{"type":"Polygon","arcs":[[434]],"properties":{"name":"Torres","gaul_code":32006,"targetarea":34.7617995,"totpop":206722.408133,"country_id":"VEN","targetpop":47712.3277283,"totalarea":6918.514017,"new_mean":0.0179329}},{"type":"MultiPolygon","arcs":[[[435,-51,436]],[[437,438,439]],[[440,-438]]],"properties":{"name":"Autonomo Pena","gaul_code":32152,"targetarea":62.3151564,"totpop":124954.481602,"country_id":"VEN","targetpop":62807.6948853,"totalarea":563.3375109,"new_mean":0.017183}},{"type":"Polygon","arcs":[[441]],"properties":{"name":"Federacion","gaul_code":31970,"targetarea":4.6887722,"totpop":32646.9776616,"country_id":"VEN","targetpop":4349.1142883,"totalarea":1224.9565741,"new_mean":0.0181606}},{"type":"Polygon","arcs":[[442,-123,-187,-303,-169]],"properties":{"name":"Girardot","gaul_code":31888,"targetarea":117.2845374,"totpop":415298.81834,"country_id":"VEN","targetpop":381459.770813,"totalarea":342.8797832,"new_mean":0.017545}},{"type":"MultiPolygon","arcs":[[[443]],[[444]]],"properties":{"name":"Paez","gaul_code":32169,"targetarea":24.949441,"totpop":158360.10774,"country_id":"VEN","targetpop":36068.6845093,"totalarea":1861.4930902,"new_mean":0.0183822}},{"type":"Polygon","arcs":[[445,446,-416,-270,-278,-360]],"properties":{"name":"Sucre","gaul_code":32050,"targetarea":119.8289658,"totpop":625695.682343,"country_id":"VEN","targetpop":608566.37439,"totalarea":165.5126415,"new_mean":0.0172701}},{"type":"MultiPolygon","arcs":[[[447]],[[-216,448]]],"properties":{"name":"Campo Elias","gaul_code":32013,"targetarea":63.6905675,"totpop":118934.14893,"country_id":"VEN","targetpop":63047.6447754,"totalarea":823.0580391,"new_mean":0.0181251}},{"type":"MultiPolygon","arcs":[[[449]],[[450,-430,-335]]],"properties":{"name":"Mara","gaul_code":32166,"targetarea":121.5892933,"totpop":267319.282023,"country_id":"VEN","targetpop":126703.3916,"totalarea":3113.4138546,"new_mean":0.0183002}},{"type":"MultiPolygon","arcs":[[[451,-205,452]],[[453]],[[454]],[[455]],[[-209,-64,-96,456,-421,457,-206,458]]],"properties":{"name":"Valera","gaul_code":32147,"targetarea":77.0695867,"totpop":144374.37616,"country_id":"VEN","targetpop":113024.281158,"totalarea":281.4727867,"new_mean":0.0169426}},{"type":"MultiPolygon","arcs":[[[-54,459]],[[460,-219]]],"properties":{"name":"Iribarren","gaul_code":32001,"targetarea":413.0269147,"totpop":1089312.97409,"country_id":"VEN","targetpop":863735.608612,"totalarea":2826.2255031,"new_mean":0.0172718}},{"type":"Polygon","arcs":[[461]],"properties":{"name":"Sucre","gaul_code":32110,"targetarea":103.4443517,"totpop":367591.835835,"country_id":"VEN","targetpop":271134.349182,"totalarea":1581.7384218,"new_mean":0.0181979}},{"type":"Polygon","arcs":[[462,463]],"properties":{"name":"Guanta","gaul_code":31868,"targetarea":17.8264942,"totpop":34879.4171524,"country_id":"VEN","targetpop":19284.8877869,"totalarea":91.3594015,"new_mean":0.0179847}},{"type":"Polygon","arcs":[[464,-424]],"properties":{"name":"Rafael Rangel","gaul_code":32142,"targetarea":15.2250943,"totpop":45140.9459019,"country_id":"VEN","targetpop":12652.2878113,"totalarea":363.2990154,"new_mean":0.017648}},{"type":"Polygon","arcs":[[465,-223]],"properties":{"name":"Arismendi","gaul_code":32099,"targetarea":18.2964328,"totpop":46946.5217507,"country_id":"VEN","targetpop":15782.1864929,"totalarea":683.792152,"new_mean":0.0183536}},{"type":"MultiPolygon","arcs":[[[466]],[[467,-464,468,-236]]],"properties":{"name":"Sotillo","gaul_code":31878,"targetarea":67.6980508,"totpop":219619.219681,"country_id":"VEN","targetpop":190385.7258,"totalarea":211.910058,"new_mean":0.0177643}},{"type":"MultiPolygon","arcs":[[[469,-289]],[[470]]],"properties":{"name":"Los Tanques","gaul_code":31973,"targetarea":33.6308048,"totpop":52179.4824557,"country_id":"VEN","targetpop":30275.5547371,"totalarea":261.8285548,"new_mean":0.0185087}},{"type":"Polygon","arcs":[[471,472]],"properties":{"name":"Bolivar","gaul_code":31905,"targetarea":4.9310615,"totpop":67899.4695187,"country_id":"VEN","targetpop":5010.9271851,"totalarea":924.4924005,"new_mean":0.0180588}},{"type":"MultiPolygon","arcs":[[[473]],[[474]]],"properties":{"name":"Guanare","gaul_code":32086,"targetarea":102.1518737,"totpop":231026.500386,"country_id":"VEN","targetpop":122645.929169,"totalarea":2512.0784451,"new_mean":0.018252}},{"type":"Polygon","arcs":[[475,-269]],"properties":{"name":"Colina","gaul_code":31966,"targetarea":17.787238,"totpop":50782.0773487,"country_id":"VEN","targetpop":22655.3393555,"totalarea":580.6003756,"new_mean":0.0183373}},{"type":"Polygon","arcs":[[476]],"properties":{"name":"Urdaneta","gaul_code":32007,"targetarea":5.0439513,"totpop":68317.6594698,"country_id":"VEN","targetpop":4089.1955261,"totalarea":3425.9370239,"new_mean":0.0180324}},{"type":"MultiPolygon","arcs":[[[477]],[[478]]],"properties":{"name":"Anaco","gaul_code":31860,"targetarea":76.2527353,"totpop":145425.495541,"country_id":"VEN","targetpop":77315.5958252,"totalarea":992.4892454,"new_mean":0.0178769}},{"type":"Polygon","arcs":[[-247,-407,479,-409,480,-241,-286]],"properties":{"name":"Garcia","gaul_code":32073,"targetarea":54.7155119,"totpop":102566.602987,"country_id":"VEN","targetpop":96266.7506714,"totalarea":77.2638737,"new_mean":0.0172101}},{"type":"Polygon","arcs":[[481]],"properties":{"name":"San Casimiro","gaul_code":31893,"targetarea":6.1657736,"totpop":28339.8814096,"country_id":"VEN","targetpop":5161.3957825,"totalarea":490.4860545,"new_mean":0.0179013}},{"type":"Polygon","arcs":[[482]],"properties":{"name":"Alberto Adriani","gaul_code":32008,"targetarea":64.3785457,"totpop":161598.748699,"country_id":"VEN","targetpop":82380.5612183,"totalarea":745.4447049,"new_mean":0.0180804}},{"type":"Polygon","arcs":[[483,-355,-417,-447]],"properties":{"name":"Chacao","gaul_code":32037,"targetarea":16.2022738,"totpop":49887.0027008,"country_id":"VEN","targetpop":49094.2116394,"totalarea":19.7222641,"new_mean":0}},{"type":"Polygon","arcs":[[484]],"properties":{"name":"Camaguan","gaul_code":31984,"targetarea":7.1577273,"totpop":51249.3820556,"country_id":"VEN","targetpop":5386.0910339,"totalarea":4402.3839948,"new_mean":0.0155171}},{"type":"Polygon","arcs":[[484]],"properties":{"name":"Camaguan","gaul_code":31984,"targetarea":7.1577273,"totpop":51249.3820556,"country_id":"VEN","targetpop":5386.0910339,"totalarea":4402.3839948,"new_mean":0.0181481}},{"type":"Polygon","arcs":[[485,-153]],"properties":{"name":"Rivas Davila","gaul_code":32025,"targetarea":14.0375623,"totpop":24707.7634001,"country_id":"VEN","targetpop":10537.0897217,"totalarea":141.6155943,"new_mean":0.0183653}},{"type":"Polygon","arcs":[[486]],"properties":{"name":"Seboruco","gaul_code":32131,"targetarea":5.8361352,"totpop":25120.8893471,"country_id":"VEN","targetpop":4837.2013245,"totalarea":309.0767602,"new_mean":0.0181521}},{"type":"MultiPolygon","arcs":[[[487]],[[488]],[[489,490]]],"properties":{"name":"Ayacucho","gaul_code":32113,"targetarea":21.148323,"totpop":70619.6459141,"country_id":"VEN","targetpop":21757.792511,"totalarea":540.2925023,"new_mean":0.0180078}},{"type":"Polygon","arcs":[[491]],"properties":{"name":"Piar","gaul_code":31917,"targetarea":19.6823778,"totpop":127154.63797,"country_id":"VEN","targetpop":17647.1365356,"totalarea":21287.3616999,"new_mean":0.0184408}},{"type":"Polygon","arcs":[[492]],"properties":{"name":"Jauregui","gaul_code":32121,"targetarea":16.9306122,"totpop":61647.5193553,"country_id":"VEN","targetpop":14189.7286377,"totalarea":1055.7328811,"new_mean":0.0183419}},{"type":"Polygon","arcs":[[493]],"properties":{"name":"Heres","gaul_code":31916,"targetarea":140.6948752,"totpop":397889.585199,"country_id":"VEN","targetpop":267857.152557,"totalarea":5776.5908482,"new_mean":0.0185506}},{"type":"Polygon","arcs":[[493]],"properties":{"name":"Heres","gaul_code":31916,"targetarea":140.6948752,"totpop":397889.585199,"country_id":"VEN","targetpop":267857.152557,"totalarea":5776.5908482,"new_mean":0.0183114}},{"type":"MultiPolygon","arcs":[[[494]],[[495,496]],[[497,-58,498]]],"properties":{"name":"Caroni","gaul_code":31912,"targetarea":156.1894745,"totpop":423921.674192,"country_id":"VEN","targetpop":245733.315735,"totalarea":1386.6181064,"new_mean":0.0183393}},{"type":"Polygon","arcs":[[-497,499,-499,-57,500]],"properties":{"name":"Independencia","gaul_code":31870,"targetarea":87.4286186,"totpop":326562.820517,"country_id":"VEN","targetpop":289520.347622,"totalarea":7074.8878893,"new_mean":0.0179576}},{"type":"Polygon","arcs":[[-40,501]],"properties":{"name":"Las Mercedes","gaul_code":31989,"targetarea":7.4290865,"totpop":37804.3556278,"country_id":"VEN","targetpop":6088.1154785,"totalarea":7885.4197342,"new_mean":0.0186091}},{"type":"Polygon","arcs":[[502]],"properties":{"name":"Antonio Jose De Sucre","gaul_code":31902,"targetarea":22.3488243,"totpop":104461.960211,"country_id":"VEN","targetpop":29017.5745544,"totalarea":2821.0393895,"new_mean":0.0176884}},{"type":"Polygon","arcs":[[503,-490]],"properties":{"name":"Garcia De Hevia","gaul_code":32118,"targetarea":14.3238404,"totpop":55580.03654,"country_id":"VEN","targetpop":12025.2276306,"totalarea":904.7139012,"new_mean":0.0182709}},{"type":"Polygon","arcs":[[504]],"properties":{"name":"Miranda","gaul_code":31991,"targetarea":41.8940249,"totpop":166946.163061,"country_id":"VEN","targetpop":48870.3641357,"totalarea":15302.8364324,"new_mean":0}},{"type":"Polygon","arcs":[[504]],"properties":{"name":"Miranda","gaul_code":31991,"targetarea":41.8940249,"totpop":166946.163061,"country_id":"VEN","targetpop":48870.3641357,"totalarea":15302.8364324,"new_mean":0.0179781}},{"type":"MultiPolygon","arcs":[[[505]],[[506]]],"properties":{"name":"Sucre","gaul_code":32027,"targetarea":10.3480321,"totpop":68423.1272278,"country_id":"VEN","targetpop":11361.6217041,"totalarea":794.2780906,"new_mean":0.0181416}},{"type":"Polygon","arcs":[[507]],"properties":{"name":"Obispos","gaul_code":31908,"targetarea":2.4307999,"totpop":54295.7315605,"country_id":"VEN","targetpop":1558.2791443,"totalarea":1874.8676054,"new_mean":0.0181036}},{"type":"Polygon","arcs":[[508]],"properties":{"name":"Infante","gaul_code":31988,"targetarea":35.8992024,"totpop":137522.196651,"country_id":"VEN","targetpop":46171.9628296,"totalarea":10516.7953686,"new_mean":0.0179679}},{"type":"MultiPolygon","arcs":[[[509]],[[510]],[[511,-472]]],"properties":{"name":"Barinas","gaul_code":31904,"targetarea":184.2374266,"totpop":461371.137988,"country_id":"VEN","targetpop":255049.240845,"totalarea":3611.3330562,"new_mean":0.0173297}},{"type":"Polygon","arcs":[[512]],"properties":{"name":"Antonio Pinto Salinas","gaul_code":32010,"targetarea":1.98532,"totpop":24935.1184473,"country_id":"VEN","targetpop":2014.7648926,"totalarea":451.6813702,"new_mean":0.0180877}},{"type":"Polygon","arcs":[[513]],"properties":{"name":"Tucupita","gaul_code":31943,"targetarea":14.9999102,"totpop":180271.932657,"country_id":"VEN","targetpop":21507.9381409,"totalarea":15697.494643,"new_mean":0.0170716}},{"type":"Polygon","arcs":[[514]],"properties":{"name":"Guanarito","gaul_code":32087,"targetarea":4.9641844,"totpop":43873.5698386,"country_id":"VEN","targetpop":3916.4014893,"totalarea":4633.6187394,"new_mean":0.0184787}},{"type":"Polygon","arcs":[[515]],"properties":{"name":"Panamericano","gaul_code":32127,"targetarea":2.0041664,"totpop":43443.1971436,"country_id":"VEN","targetpop":2092.6793823,"totalarea":783.7331529,"new_mean":0.0181909}}]}},"arcs":[[[-72.1606207,7.8345325],[-72.1777573,7.8344831]],[[-72.1777573,7.8344831],[-72.1875153,7.830667],[-72.2356873,7.799005],[-72.2479095,7.7962942],[-72.2841721,7.7966752]],[[-72.2841721,7.7966752],[-72.2934799,7.7842979],[-72.2871017,7.7643919]],[[-72.2871017,7.7643919],[-72.2739258,7.7507329],[-72.2486114,7.7699342],[-72.224617,7.7727122],[-72.1938553,7.770505],[-72.1708011,7.7741442]],[[-72.1708011,7.7741442],[-72.1717371,7.7857855],[-72.1593998,7.819367],[-72.1606207,7.8345325]],[[-70.7255538,7.2504868],[-70.7444666,7.2364243],[-70.7166671,7.2329169],[-70.7255538,7.2504868]],[[-72.1777573,7.8344831],[-72.1981632,7.8717198]],[[-72.1981632,7.8717198],[-72.2216232,7.8550848],[-72.2801989,7.843157]],[[-72.2801989,7.843157],[-72.2814941,7.842608]],[[-72.2814941,7.842608],[-72.2841721,7.7966752]],[[-72.3161461,7.8460436],[-72.3337507,7.8467215]],[[-72.3337507,7.8467215],[-72.3360478,7.8123029]],[[-72.3360478,7.8123029],[-72.3055994,7.8098537],[-72.2940271,7.7713975],[-72.3085047,7.758926],[-72.3024853,7.7481394]],[[-72.3024853,7.7481394],[-72.2950134,7.7619309],[-72.2871017,7.7643919]],[[-72.2814941,7.842608],[-72.3161461,7.8460436]],[[-72.2191899,7.9626572],[-72.2516931,7.9696519],[-72.2617355,7.9485378],[-72.2333338,7.9412502],[-72.2191899,7.9626572]],[[-72.2493509,7.6417179],[-72.2746602,7.6653932]],[[-72.2746602,7.6653932],[-72.2944177,7.648371],[-72.3001206,7.6396496]],[[-72.3001206,7.6396496],[-72.2896427,7.621686]],[[-72.2896427,7.621686],[-72.2833338,7.6162502],[-72.2546228,7.6421413],[-72.2493509,7.6417179]],[[-67.5187439,7.8093506],[-67.5179977,7.8488523]],[[-67.5179977,7.8488523],[-67.5399663,7.8439276],[-67.5346847,7.8203558],[-67.5187439,7.8093506]],[[-72.3001206,7.6396496],[-72.3038579,7.6339341],[-72.2896427,7.621686]],[[-72.3299321,7.7081447],[-72.3523523,7.7236273],[-72.3852543,7.7162502],[-72.3950688,7.6779852],[-72.405225,7.6709743],[-72.3980148,7.6388251],[-72.3750004,7.6329169],[-72.3690353,7.6561509],[-72.3476404,7.6513535],[-72.3299321,7.7081447]],[[-72.3337507,7.8467215],[-72.3551355,7.8450059],[-72.3552088,7.8116644],[-72.3360478,7.8123029]],[[-72.4508511,7.8616947],[-72.4490204,7.8309231],[-72.4739739,7.7847849],[-72.4583338,7.7662502],[-72.4532231,7.7721828],[-72.4172449,7.7882391],[-72.4226087,7.8550257]],[[-72.4226087,7.8550257],[-72.4508511,7.8616947]],[[-67.5877365,5.6206529],[-67.5627365,5.6487331],[-67.5813725,5.7006659],[-67.6372644,5.675434],[-67.6186853,5.6236477],[-67.5916671,5.6079169],[-67.5877365,5.6206529]],[[-67.5187439,7.8093506],[-67.5132654,7.8211818],[-67.4894292,7.8376369],[-67.499561,7.8529852],[-67.5179977,7.8488523]],[[-67.4370322,7.8803691],[-67.4620366,7.8491441],[-67.4166671,7.8412502],[-67.4104415,7.8574571],[-67.4278891,7.8810362],[-67.4370322,7.8803691]],[[-61.4911219,7.3011542],[-61.5069503,7.319127],[-61.5195399,7.2932115],[-61.5000005,7.2829169],[-61.4911219,7.3011542]],[[-71.9557052,7.5028672],[-71.9703699,7.4887396],[-71.9500004,7.4829169],[-71.9557052,7.5028672]],[[-71.946908,7.5334214],[-71.9617355,7.5444281],[-71.9698409,7.5150091],[-71.9583338,7.5079169],[-71.946908,7.5334214]],[[-71.1717452,7.8046657],[-71.1551193,7.8153102],[-71.1859135,7.8278347],[-71.1949223,7.8044134],[-71.1750004,7.7995835],[-71.1717452,7.8046657]],[[-61.1083338,4.6079169],[-61.1026291,4.5879665],[-61.0879643,4.6020941],[-61.1083338,4.6079169]],[[-72.2493509,7.6417179],[-72.1792892,7.6360907],[-72.1588872,7.668659],[-72.1896326,7.6879177],[-72.2199386,7.6854803],[-72.2288579,7.6950506],[-72.1699711,7.763821],[-72.1708011,7.7741442]],[[-72.3024853,7.7481394],[-72.2864995,7.7194932],[-72.2697921,7.720836],[-72.2713465,7.6682481],[-72.2746602,7.6653932]],[[-72.2801989,7.843157],[-72.3161461,7.8460436]],[[-66.1632283,7.6115792],[-66.1416671,7.6079169],[-66.1449338,7.6196506]],[[-66.1449338,7.6196506],[-66.1632283,7.6115792]],[[-72.1606207,7.8345325],[-72.1630131,7.8642523],[-72.1836349,7.8820217],[-72.1981632,7.8717198]],[[-72.4226087,7.8550257],[-72.4238448,7.8704169],[-72.4186284,7.9353705],[-72.4371912,7.9457261],[-72.4746857,7.9555922],[-72.4871979,7.9339719],[-72.4643097,7.914371],[-72.4590988,7.883214],[-72.4508511,7.8616947]],[[-67.1510864,10.2700973],[-67.1787684,10.2706651],[-67.2040857,10.2620021],[-67.2607264,10.2527777],[-67.328243,10.2535143]],[[-67.328243,10.2535143],[-67.3274994,10.2361679],[-67.3407669,10.2109604],[-67.3742981,10.1986742]],[[-67.3742981,10.1986742],[-67.3630905,10.1725016],[-67.3579233,10.1675105]],[[-67.3579233,10.1675105],[-67.3513432,10.1877915],[-67.303923,10.1868231],[-67.2702316,10.2208278],[-67.2375818,10.2201646],[-67.2197107,10.237995],[-67.1446142,10.2370231]],[[-67.1446142,10.2370231],[-67.1436386,10.2462645],[-67.1510864,10.2700973]],[[-65.9838327,10.291339],[-65.9864285,10.322727]],[[-65.9864285,10.322727],[-66.012118,10.2963771],[-65.9838327,10.291339]],[[-69.1500004,10.0912502],[-69.1555506,10.0672918],[-69.1531173,10.0508246],[-69.1288416,10.0544134],[-69.1111821,10.0437648],[-69.101285,10.0452281]],[[-69.101285,10.0452281],[-69.0969162,10.0689316],[-69.0999756,10.0846939],[-69.1107788,10.0954599],[-69.1305735,10.1057495]],[[-69.1305735,10.1057495],[-69.1500004,10.0912502]],[[-69.1500004,10.0912502],[-69.1540857,10.1038316],[-69.2101241,10.1147731],[-69.2221406,10.1209623]],[[-69.2221406,10.1209623],[-69.2702789,10.0920143],[-69.2803345,10.0797873],[-69.2851562,10.0558872],[-69.278923,10.0200491],[-69.2699996,9.9953498]],[[-69.2699996,9.9953498],[-69.2383793,9.9959946],[-69.2101811,9.9814683],[-69.1888432,10.001972],[-69.2204757,10.0486395],[-69.2211674,10.0826198],[-69.1708419,10.0955186],[-69.1500004,10.0912502]],[[-62.5792695,8.3399944],[-62.5779953,8.3558539],[-62.6368657,8.3230088],[-62.6503986,8.3240963]],[[-62.6503986,8.3240963],[-62.6363889,8.3030119]],[[-62.6363889,8.3030119],[-62.6218329,8.3080025],[-62.5918307,8.328004],[-62.5792695,8.3399944]],[[-70.5768433,9.3105431],[-70.5671406,9.3233508]],[[-70.5671406,9.3233508],[-70.5619796,9.3367783],[-70.5584914,9.3648083]],[[-70.5584914,9.3648083],[-70.5594406,9.3825407],[-70.5538048,9.4024684]],[[-70.5538048,9.4024684],[-70.5530766,9.4083197],[-70.5958922,9.4136452]],[[-70.5958922,9.4136452],[-70.5966644,9.4016838]],[[-70.5966644,9.4016838],[-70.5929108,9.35641],[-70.594696,9.3196192],[-70.5768433,9.3105431]],[[-70.5812999,9.4372672],[-70.5750004,9.4329168],[-70.5572596,9.459756],[-70.5759827,9.4726831]],[[-70.5759827,9.4726831],[-70.5812999,9.4372672]],[[-71.4653162,8.8360988],[-71.47863,8.8211127],[-71.4500004,8.8162502],[-71.4653162,8.8360988]],[[-63.6208376,9.6553048],[-63.6124598,9.6563462],[-63.5583338,9.6495835],[-63.5620366,9.6625433],[-63.5712977,9.669957],[-63.5805587,9.7023708],[-63.6143885,9.7065781],[-63.6371261,9.6781846],[-63.6524419,9.6800889],[-63.6555099,9.6554714],[-63.6346218,9.6535913],[-63.6208376,9.6553048]],[[-66.4750005,10.3912502],[-66.4686174,10.3846204],[-66.4666893,10.388916],[-66.4750005,10.3912502]],[[-66.5787436,10.4328866],[-66.5226242,10.4287665],[-66.5129643,10.394957],[-66.50009,10.3875433],[-66.4879643,10.4066107],[-66.505282,10.4204819],[-66.4787033,10.4366237],[-66.454631,10.4594224],[-66.479631,10.469957],[-66.4870366,10.47921],[-66.5324305,10.5111192],[-66.5763306,10.5056579]],[[-66.5763306,10.5056579],[-66.5662613,10.4942532],[-66.5630569,10.4807644],[-66.5652695,10.459177],[-66.5787436,10.4328866]],[[-69.3173344,11.4964951],[-69.3227005,11.509511],[-69.3454514,11.494772],[-69.3724823,11.4836216],[-69.3896035,11.4839623],[-69.3866297,11.4707098],[-69.3583338,11.4662502],[-69.3549321,11.4711818],[-69.3173344,11.4964951]],[[-67.8236396,10.2823582],[-67.8406661,10.2708156],[-67.8540857,10.3121649],[-67.8795822,10.3453355],[-67.8838498,10.3365373]],[[-67.8838498,10.3365373],[-67.904541,10.2763872],[-67.9017868,10.2551575],[-67.889389,10.2400932],[-67.8692627,10.2248478],[-67.8741455,10.2127419],[-67.8669357,10.1911325],[-67.8581006,10.1807853]],[[-67.8581006,10.1807853],[-67.8496505,10.1927028],[-67.821143,10.2207261],[-67.8027349,10.229744]],[[-67.8027349,10.229744],[-67.8025284,10.230588]],[[-67.8025284,10.230588],[-67.8195114,10.2451029],[-67.8259506,10.2585897],[-67.8236396,10.2823582]],[[-68.2509998,10.1912502],[-68.245285,10.1822014]],[[-68.245285,10.1822014],[-68.2302289,10.1876542]],[[-68.2302289,10.1876542],[-68.2318608,10.1949286],[-68.2500004,10.1995835],[-68.2509998,10.1912502]],[[-68.272038,10.1912502],[-68.2666671,10.1955088]],[[-68.2666671,10.1955088],[-68.2666671,10.2079168],[-68.2916671,10.2079168],[-68.2916671,10.1968328],[-68.2851529,10.1912502],[-68.272038,10.1912502]],[[-67.9536497,10.3038471],[-67.9783045,10.3033433],[-68.0126062,10.3150824],[-68.0764697,10.3118902]],[[-68.0764697,10.3118902],[-68.0749456,10.2929407]],[[-68.0749456,10.2929407],[-68.0540194,10.2620683]],[[-68.0540194,10.2620683],[-68.0071335,10.2577724],[-67.9530334,10.2557325],[-67.9517288,10.2870417],[-67.9536497,10.3038471]],[[-69.1333338,9.6329168],[-69.1416671,9.6306315]],[[-69.1416671,9.6306315],[-69.1333338,9.6269759]],[[-69.1333338,9.6269759],[-69.1333338,9.6329168]],[[-69.282792,9.5086932],[-69.2799988,9.5126486],[-69.2355804,9.5479784]],[[-69.2355804,9.5479784],[-69.2240143,9.5595789],[-69.2175293,9.5729532],[-69.200352,9.6249907]],[[-69.200352,9.6249907],[-69.2038579,9.6290594],[-69.2360926,9.6367743],[-69.2621912,9.5951076],[-69.2763432,9.5829168],[-69.2531905,9.5629706],[-69.2652918,9.5412827],[-69.2794764,9.5290594],[-69.282792,9.5086932]],[[-69.1333338,9.6329168],[-69.1166671,9.6412502],[-69.0940109,9.653742],[-69.0797042,9.6695908],[-69.1256352,9.6782131],[-69.1333338,9.6329168]],[[-69.1740258,9.7425786],[-69.1706527,9.7659211]],[[-69.1706527,9.7659211],[-69.2051599,9.7630723],[-69.2115076,9.7309027],[-69.1740258,9.7425786]],[[-70.6079694,9.4005247],[-70.5966644,9.4016838]],[[-70.5958922,9.4136452],[-70.6079694,9.4005247]],[[-70.5759827,9.4726831],[-70.5822596,9.4770168],[-70.5950688,9.4467759],[-70.5812999,9.4372672]],[[-67.4695892,10.1979866],[-67.4809647,10.2028589],[-67.5072479,10.1933432],[-67.5588379,10.1947098]],[[-67.5588379,10.1947098],[-67.5625271,10.1909504]],[[-67.5625271,10.1909504],[-67.5641326,10.1709691]],[[-67.5641326,10.1709691],[-67.5619812,10.1541891]],[[-67.5619812,10.1541891],[-67.5395813,10.1553049],[-67.5101395,10.1520672],[-67.4913668,10.1447074]],[[-67.4913668,10.1447074],[-67.4738318,10.1446548]],[[-67.4738318,10.1446548],[-67.4695129,10.1674299],[-67.4746857,10.1817303],[-67.4695892,10.1979866]],[[-67.5199792,10.020349],[-67.4973881,10.0208115],[-67.4707524,10.0121649],[-67.4500004,9.9995835],[-67.4673344,10.0530015],[-67.5042485,10.0620021],[-67.562004,10.0817653],[-67.5374109,10.0454942],[-67.5376521,10.0336799]],[[-67.5376521,10.0336799],[-67.5199792,10.020349]],[[-67.4666671,10.0995835],[-67.4963302,10.1044541],[-67.50363,10.075731],[-67.4873621,10.0626206],[-67.4666671,10.0995835]],[[-67.5787521,10.097549],[-67.5958419,10.1222967],[-67.6284021,10.0998114],[-67.6129562,10.0860459],[-67.5997726,10.0890041],[-67.5750004,10.0829168],[-67.5787521,10.097549]],[[-67.4666671,10.0995835],[-67.4531336,10.103974],[-67.4237101,10.1341583]],[[-67.4237101,10.1341583],[-67.4405845,10.1413679]],[[-67.4405845,10.1413679],[-67.4666671,10.0995835]],[[-67.5619812,10.1541891],[-67.5625423,10.1487056]],[[-67.5625423,10.1487056],[-67.5208338,10.128266],[-67.4913668,10.1447074]],[[-68.6763668,10.2997733],[-68.7073409,10.3174546],[-68.6965988,10.3461818],[-68.6534021,10.3613185],[-68.6465988,10.3795152],[-68.6061202,10.3899033],[-68.5882654,10.4211818],[-68.5632654,10.4305324],[-68.5716069,10.459931],[-68.5950688,10.4446519],[-68.6279871,10.4362087],[-68.6688969,10.4095648],[-68.6898849,10.4232326],[-68.7049321,10.4128485],[-68.7158045,10.370486],[-68.7546473,10.3600619]],[[-68.7546473,10.3600619],[-68.7447968,10.3523026],[-68.7255426,10.3258987]],[[-68.7255426,10.3258987],[-68.7201167,10.3213441]],[[-68.7201167,10.3213441],[-68.6763668,10.2997733]],[[-71.0685357,8.6090033],[-71.056991,8.6144517],[-71.0376632,8.6521266],[-71.0466517,8.6497713]],[[-71.0466517,8.6497713],[-71.0604782,8.6274815],[-71.0685357,8.6090033]],[[-62.6384933,8.9964056],[-62.6218836,9.0066351],[-62.6509526,9.0194281],[-62.6615076,9.0034776],[-62.6416671,8.9912502],[-62.6384933,8.9964056]],[[-65.1635665,9.9298163],[-65.1470382,9.9396144],[-65.1659347,9.9610174],[-65.178101,9.9313625],[-65.1635665,9.9298163]],[[-67.6080017,10.2791739],[-67.5984802,10.2681971],[-67.5805893,10.267704],[-67.5633774,10.2885466],[-67.5610809,10.3107185],[-67.5620614,10.3407884]],[[-67.5620614,10.3407884],[-67.5957524,10.3203314],[-67.610814,10.3206387]],[[-67.610814,10.3206387],[-67.6080017,10.2791739]],[[-67.7697813,10.4882901],[-67.778101,10.4646958],[-67.7666671,10.4579168],[-67.7697813,10.4882901]],[[-64.1375389,8.8667336],[-64.1606903,8.8716793],[-64.1866684,8.870019],[-64.2142944,8.8636866]],[[-64.2142944,8.8636866],[-64.1552722,8.8156763]],[[-64.1552722,8.8156763],[-64.1666671,8.8329168],[-64.1362309,8.8504624],[-64.1375389,8.8667336]],[[-71.2856991,10.2394517],[-71.3294682,10.244896],[-71.3604252,10.2567938],[-71.3656801,10.2428377]],[[-71.3656801,10.2428377],[-71.3289413,10.2438602],[-71.2856991,10.2394517]],[[-71.4420655,10.4815705],[-71.4549489,10.4781333],[-71.4524765,10.4641371],[-71.4734497,10.3998423],[-71.4306335,10.3637352],[-71.4222565,10.3504906],[-71.4061508,10.3134317],[-71.394855,10.2946241],[-71.3750004,10.2912502],[-71.3881678,10.3117458],[-71.386825,10.3208441],[-71.3970626,10.3287502],[-71.3866378,10.3367987],[-71.3964848,10.3618394],[-71.3904952,10.4023911],[-71.3757898,10.4137355],[-71.3893478,10.4482204],[-71.4229985,10.4432481],[-71.4188725,10.4711818],[-71.4420655,10.4815705]],[[-71.7333338,8.7495835],[-71.7333338,8.7745835],[-71.7500004,8.7745835],[-71.7500004,8.7495835],[-71.7333338,8.7495835]],[[-71.7640385,8.8112005],[-71.7787032,8.7970729],[-71.7583338,8.7912502],[-71.7640385,8.8112005]],[[-66.875999,10.268031],[-66.8631318,10.3045324]],[[-66.8631318,10.3045324],[-66.9018478,10.3068386],[-66.9191899,10.2874294],[-66.9460454,10.2873439],[-66.9789311,10.2561794],[-66.9372807,10.2534857],[-66.9259363,10.2781968],[-66.8897872,10.2803534],[-66.875999,10.268031]],[[-66.9000005,10.3579168],[-66.9275558,10.3613918],[-66.913349,10.3894764]],[[-66.913349,10.3894764],[-66.9260483,10.3680134],[-66.9418106,10.3695364]],[[-66.9418106,10.3695364],[-66.9435043,10.3334227],[-66.9398456,10.3219366]],[[-66.9398456,10.3219366],[-66.9288742,10.3199082],[-66.9000005,10.3579168]],[[-66.9000005,10.3579168],[-66.8740809,10.3653265],[-66.8638957,10.3780468]],[[-66.8638957,10.3780468],[-66.8885498,10.383215],[-66.9050926,10.3900094]],[[-66.9050926,10.3900094],[-66.9000005,10.3579168]],[[-66.9876099,10.403985],[-67.0228424,10.4073696],[-67.0578327,10.4169142]],[[-67.0578327,10.4169142],[-67.037118,10.4041367],[-67.0295496,10.3929795],[-67.0488693,10.3769354],[-67.0875005,10.3808742],[-67.1160079,10.3779689],[-67.1287846,10.3399766],[-67.1037846,10.3291367],[-67.0930994,10.3044989],[-67.0784591,10.3221136],[-67.0628829,10.3033636],[-67.0295496,10.286697],[-67.0128829,10.2825995],[-67.030396,10.3131781],[-67.0052902,10.3340358],[-66.9791988,10.3292121]],[[-66.9791988,10.3292121],[-66.9870605,10.3544397],[-66.9855194,10.3919992],[-66.9876099,10.403985]],[[-63.8433123,11.0732196],[-63.8466802,11.0870835],[-63.838389,11.093974],[-63.8423653,11.1189146],[-63.8722305,11.1522131],[-63.8804018,11.1697769],[-63.8892671,11.1557721],[-63.8787846,11.1374701],[-63.8656987,11.1073065],[-63.8804436,11.0944716],[-63.8761805,11.0870267],[-63.8684564,11.0735377]],[[-63.8684564,11.0735377],[-63.8433123,11.0732196]],[[-69.5833338,9.9495835],[-69.6010014,9.9423203],[-69.6375004,9.9495347],[-69.6467045,9.9036444],[-69.6417973,9.8877712],[-69.6298507,9.9044378],[-69.6034835,9.9113958],[-69.5965174,9.9294378],[-69.5868168,9.9363958],[-69.5833338,9.9495835]],[[-69.5833338,9.9495835],[-69.5611333,9.952383],[-69.5555343,9.9675197],[-69.5804041,9.9553737],[-69.5833338,9.9495835]],[[-69.545614,9.9817897],[-69.5754887,9.9942002],[-69.5689051,9.9782293],[-69.545614,9.9817897]],[[-71.7911257,8.2848428],[-71.7350997,8.3249986],[-71.7383712,8.347134],[-71.7579187,8.344245],[-71.7811853,8.3141058],[-71.803303,8.2970313]],[[-71.803303,8.2970313],[-71.7911257,8.2848428]],[[-68.9612839,9.6685515],[-68.9361333,9.677383],[-68.9305343,9.6877264],[-68.9793543,9.6940497],[-68.9826338,9.6784711]],[[-68.9826338,9.6784711],[-68.9612839,9.6685515]],[[-69.9500004,9.4384539],[-69.9394829,9.4245835]],[[-69.9394829,9.4245835],[-69.9354719,9.4245835],[-69.9333338,9.4271579],[-69.9333338,9.4495835],[-69.9500004,9.4495835],[-69.9500004,9.4384539]],[[-71.4916671,10.5579168],[-71.4953699,10.57921],[-71.5102625,10.6045477],[-71.5277252,10.5952883],[-71.5318451,10.5693626],[-71.5381165,10.5542803],[-71.5221786,10.5340195],[-71.4946136,10.5149508],[-71.4761734,10.5070667],[-71.4916671,10.5329168],[-71.5000004,10.5329168],[-71.5000004,10.5579168],[-71.4916671,10.5579168]],[[-70.4189132,9.3660264],[-70.426742,9.4009222],[-70.4607426,9.3504217],[-70.4250004,9.3412502],[-70.4189132,9.3660264]],[[-70.5584914,9.3648083],[-70.5538048,9.4024684]],[[-70.4525951,9.4713042],[-70.4818649,9.4754891]],[[-70.4818649,9.4754891],[-70.4884933,9.4714056],[-70.4948409,9.4194281],[-70.5448409,9.4121486],[-70.5341883,9.3964056],[-70.4865076,9.4027614],[-70.4718266,9.4130723],[-70.4416671,9.4162502],[-70.4455489,9.4327337],[-70.4764897,9.4230943],[-70.460531,9.4458278],[-70.4525951,9.4713042]],[[-67.328243,10.2535143],[-67.3857833,10.2249619],[-67.3931888,10.2402173]],[[-67.3931888,10.2402173],[-67.3988419,10.2250023],[-67.3936081,10.2080421]],[[-67.3936081,10.2080421],[-67.3742981,10.1986742]],[[-70.9089929,8.7607692],[-70.92863,8.7504828],[-70.9166671,8.7412502],[-70.9089929,8.7607692]],[[-67.3833338,10.2662502],[-67.3688092,10.2605385],[-67.3665367,10.2637686],[-67.3740971,10.2782131],[-67.3833338,10.2662502]],[[-67.3931888,10.2402173],[-67.41259,10.2616847],[-67.41224,10.2789902],[-67.4297693,10.2958278],[-67.4665046,10.2955825]],[[-67.4665046,10.2955825],[-67.4800568,10.2313023],[-67.4932709,10.2190046],[-67.5403137,10.216836],[-67.5587006,10.2118216]],[[-67.5587006,10.2118216],[-67.5588379,10.1947098]],[[-67.4695892,10.1979866],[-67.4442902,10.1903763]],[[-67.4442902,10.1903763],[-67.424736,10.1897926],[-67.4053802,10.197567],[-67.3936081,10.2080421]],[[-65.0394364,10.04143],[-65.0250005,10.0245835],[-65.0215174,10.0377712],[-65.0054611,10.0492783],[-65.0151663,10.0584814]],[[-65.0151663,10.0584814],[-65.0394364,10.04143]],[[-65.3121912,9.3623928],[-65.3296798,9.3701076],[-65.3621912,9.3392604],[-65.3000005,9.3329168],[-65.3121912,9.3623928]],[[-69.1416671,9.6245835],[-69.1961023,9.6200588],[-69.200352,9.6249907]],[[-69.2355804,9.5479784],[-69.2205124,9.5391388],[-69.1899872,9.5280409],[-69.1800441,9.5201516]],[[-69.1800441,9.5201516],[-69.1505376,9.5210435],[-69.1556889,9.5852158],[-69.1455245,9.6034409],[-69.1416671,9.6245835]],[[-69.1416671,9.6245835],[-69.1333338,9.6269759]],[[-69.1416671,9.6306315],[-69.1416671,9.6245835]],[[-67.610814,10.3206387],[-67.6302495,10.3210353],[-67.6458582,10.3372829],[-67.6541671,10.3201605],[-67.6787684,10.3206651],[-67.7159894,10.3090985]],[[-67.7159894,10.3090985],[-67.7282396,10.2703432]],[[-67.7282396,10.2703432],[-67.7193135,10.2737305]],[[-67.7193135,10.2737305],[-67.6932983,10.2876225],[-67.6785401,10.2856182]],[[-67.6785401,10.2856182],[-67.6732036,10.2850639],[-67.6677867,10.2729263],[-67.6628097,10.2617743],[-67.6481817,10.2584503]],[[-67.6481817,10.2584503],[-67.6300735,10.2570906]],[[-67.6300735,10.2570906],[-67.6080017,10.2791739]],[[-67.8838498,10.3365373],[-67.9000004,10.3032416],[-67.9536497,10.3038471]],[[-68.0540194,10.2620683],[-68.0467208,10.2513006],[-68.0790857,10.1865138],[-68.0666671,10.1745835],[-68.0705245,10.1701076],[-68.1176762,10.1405707],[-68.1304611,10.0981105],[-68.1544764,10.0873928],[-68.1705245,10.0767523],[-68.1441655,10.0540472],[-68.1807296,10.0357285],[-68.1790584,10.0092746]],[[-68.1790584,10.0092746],[-68.1465965,9.9889004]],[[-68.1465965,9.9889004],[-68.1406336,9.9873928],[-68.1247156,10.0230739],[-68.0769943,10.0209255],[-68.0610193,10.039472],[-68.063298,10.0678412],[-68.034351,10.0867743],[-68.0128097,10.0617743],[-67.9989669,10.0540594],[-67.9781661,10.0963405],[-67.9546938,10.0950384]],[[-67.9546938,10.0950384],[-67.9500351,10.1005936],[-67.9157562,10.1087351],[-67.8868179,10.1006985],[-67.8656541,10.109677]],[[-67.8656541,10.109677],[-67.8723963,10.1134385],[-67.8705001,10.1370835],[-67.8723881,10.1606349],[-67.8581006,10.1807853]],[[-71.5416671,10.7745835],[-71.5310516,10.7393341],[-71.5229111,10.7249441],[-71.5297853,10.7120473],[-71.5218658,10.7028446],[-71.5297546,10.6737566],[-71.5183435,10.6626206],[-71.4948898,10.7199245],[-71.5135584,10.7674098],[-71.5131759,10.7875108],[-71.5028487,10.795486],[-71.5157638,10.8032131],[-71.5322595,10.7818426],[-71.5416671,10.7745835]],[[-66.7337079,10.1798692],[-66.7334314,10.1845119],[-66.7546713,10.195825]],[[-66.7546713,10.195825],[-66.7337079,10.1798692]],[[-66.6508168,10.217787],[-66.6653061,10.2293072],[-66.6786575,10.2241554],[-66.6919403,10.2440586],[-66.7020721,10.2500963],[-66.7303619,10.2519112],[-66.7502594,10.2653875],[-66.7623978,10.2796516]],[[-66.7623978,10.2796516],[-66.7899551,10.2524223],[-66.8005066,10.2323961]],[[-66.8005066,10.2323961],[-66.795688,10.2284113]],[[-66.795688,10.2284113],[-66.7812749,10.2445461],[-66.7301681,10.2475938],[-66.7078862,10.2125514],[-66.6674728,10.2101426],[-66.6508168,10.217787]],[[-63.2415063,10.6200767],[-63.2433472,10.6376066],[-63.2887927,10.6332832]],[[-63.2887927,10.6332832],[-63.2544113,10.6197658],[-63.2415063,10.6200767]],[[-70.7065496,9.0281719],[-70.6985763,9.0442084],[-70.7119796,9.052383],[-70.7168836,9.0378628],[-70.7065496,9.0281719]],[[-70.7072851,9.1124432],[-70.703687,9.1136786],[-70.7001928,9.1477102]],[[-70.7001928,9.1477102],[-70.7072851,9.1124432]],[[-70.5869383,9.2899541],[-70.6049423,9.2856598],[-70.612212,9.274604]],[[-70.612212,9.274604],[-70.5869383,9.2899541]],[[-70.5832079,9.2922198],[-70.5778569,9.2954697],[-70.5671406,9.3233508]],[[-70.5768433,9.3105431],[-70.5832079,9.2922198]],[[-68.5615971,9.6965521],[-68.5791671,9.6926133],[-68.5958338,9.6963527],[-68.6079838,9.6936265],[-68.6228601,9.65386],[-68.6068038,9.6427761],[-68.5965988,9.6279852],[-68.5450688,9.6363185],[-68.5382654,9.6607245],[-68.5615971,9.6965521]],[[-63.3276222,9.8182693],[-63.3445592,9.8059999]],[[-63.3445592,9.8059999],[-63.3289909,9.8027954],[-63.3276222,9.8182693]],[[-64.1375389,8.8667336],[-64.1381271,8.8740505],[-64.2691167,8.8635239],[-64.2862371,8.8539717]],[[-64.2862371,8.8539717],[-64.266243,8.8598223],[-64.2226868,8.8613834],[-64.2142944,8.8636866]],[[-71.0466517,8.6497713],[-71.0968103,8.6366278],[-71.155282,8.636876],[-71.1784265,8.6118882],[-71.188241,8.6122788],[-71.2016161,8.5978369]],[[-71.2016161,8.5978369],[-71.1960449,8.578064],[-71.1980286,8.5685682],[-71.1912981,8.5361679]],[[-71.1912981,8.5361679],[-71.175269,8.5392279],[-71.1094894,8.5896755],[-71.0685357,8.6090033]],[[-69.1495903,10.273],[-69.1299565,10.281273],[-69.1503504,10.3116237],[-69.1699623,10.3000955]],[[-69.1699623,10.3000955],[-69.1538696,10.3025723],[-69.1495903,10.273]],[[-65.4218266,10.1214056],[-65.4064362,10.1308868],[-65.4305829,10.1370854],[-65.4365076,10.1233425],[-65.4218266,10.1214056]],[[-63.4067615,10.6579168],[-63.3833338,10.6579168],[-63.3833338,10.6745835],[-63.4041266,10.6745835],[-63.4076765,10.6646812],[-63.4067615,10.6579168]],[[-63.2415063,10.6200767],[-63.2250005,10.6162502],[-63.2213709,10.6292873],[-63.1880376,10.6550156],[-63.228451,10.6819362],[-63.2384415,10.6758003],[-63.2588882,10.6723671],[-63.2723656,10.6762848],[-63.2770157,10.666172],[-63.2879372,10.6638803],[-63.3055954,10.6700983],[-63.3200181,10.6794862],[-63.338131,10.6685047],[-63.3619634,10.6805161],[-63.3540369,10.6506903],[-63.3137781,10.6566392],[-63.2987798,10.6372096],[-63.2887927,10.6332832]],[[-63.1575127,10.6955788],[-63.1811575,10.706837]],[[-63.1811575,10.706837],[-63.1744552,10.6922308],[-63.1575127,10.6955788]],[[-71.6583338,10.4329168],[-71.7010747,10.4256577],[-71.7192224,10.4021388],[-71.7380375,10.3876206],[-71.7338791,10.3795004],[-71.7123413,10.3922853],[-71.6670227,10.4279385],[-71.6583338,10.4329168]],[[-71.7516578,10.5302945],[-71.7489018,10.5244248],[-71.6958338,10.5178249],[-71.6623539,10.5219875],[-71.654631,10.494957],[-71.6333338,10.4912502],[-71.625294,10.532137]],[[-71.625294,10.532137],[-71.7516578,10.5302945]],[[-64.2530766,10.5906317],[-64.266607,10.5786331],[-64.2500005,10.5662502],[-64.2530766,10.5906317]],[[-72.3382654,10.2961818],[-72.3117355,10.3029852],[-72.2882654,10.3245306],[-72.302808,10.3529852],[-72.3514164,10.3213364],[-72.3617355,10.2964015],[-72.3416671,10.2912502],[-72.3382654,10.2961818]],[[-69.4458012,9.3098496],[-69.4696375,9.3195786],[-69.4616541,9.2879055],[-69.4416671,9.2829168],[-69.4458012,9.3098496]],[[-64.6250005,10.0079168],[-64.6250005,10.0245835],[-64.6500005,10.0245835],[-64.6500005,10.0079168],[-64.6250005,10.0079168]],[[-64.7666671,10.0495835],[-64.7799321,10.0613185],[-64.7914393,10.0779852],[-64.8117355,10.0552069],[-64.7940272,10.0428615],[-64.7666671,10.0495835]],[[-64.8774111,10.0454539],[-64.8416671,10.0329168],[-64.8208745,10.0508652],[-64.8131992,10.0819169],[-64.8370743,10.0791702],[-64.867012,10.0829277],[-64.8835254,10.0823213]],[[-64.8835254,10.0823213],[-64.8774111,10.0454539]],[[-64.6592603,10.1978316],[-64.6532745,10.1866722],[-64.6743393,10.1785355],[-64.6797485,10.1929932],[-64.7083969,10.2153931],[-64.7090319,10.2001223],[-64.6957169,10.1862574],[-64.7088089,10.1609135],[-64.7114868,10.1404448],[-64.7185901,10.1235993],[-64.697494,10.0886297],[-64.7119634,10.0698797],[-64.7366948,10.050792],[-64.7054855,10.0554022],[-64.6880376,10.0448797],[-64.6583338,10.0412502],[-64.6463709,10.0626206],[-64.5993576,10.0818589],[-64.62863,10.1213405],[-64.60363,10.120954],[-64.5621831,10.095954],[-64.558761,10.0988591]],[[-64.558761,10.0988591],[-64.5893021,10.1144934],[-64.6193161,10.1583757],[-64.6277771,10.1781988],[-64.6440506,10.1916399],[-64.6592603,10.1978316]],[[-66.8119431,10.1866541],[-66.8408585,10.2129726],[-66.8627319,10.2192173],[-66.8726501,10.234004],[-66.8727188,10.2512293],[-66.8772722,10.2601129]],[[-66.8772722,10.2601129],[-66.8955978,10.2201808],[-66.9202153,10.1849391],[-66.9221033,10.1532741],[-66.8775802,10.118773],[-66.8444422,10.1207464],[-66.8287527,10.1122192]],[[-66.8287527,10.1122192],[-66.8291779,10.132164],[-66.8223801,10.1603146],[-66.8119431,10.1866541]],[[-63.7981329,10.9789589],[-63.8367653,10.9968586]],[[-63.8367653,10.9968586],[-63.8461037,10.985301],[-63.8441658,10.9658661],[-63.8637924,10.9656687],[-63.8850937,10.951417],[-63.8901595,10.9206669]],[[-63.8901595,10.9206669],[-63.8775749,10.9340029],[-63.8376045,10.9515333],[-63.8136444,10.951335],[-63.8162384,10.9692659],[-63.7981329,10.9789589]],[[-63.8684564,11.0735377],[-63.8617599,11.0618434],[-63.8717417,11.0577516]],[[-63.8717417,11.0577516],[-63.8702774,11.04667],[-63.8816091,11.0336251]],[[-63.8816091,11.0336251],[-63.8660242,11.0088975],[-63.8922817,10.9975098]],[[-63.8922817,10.9975098],[-63.8922462,10.9970846]],[[-63.8922462,10.9970846],[-63.8763046,11.0012207],[-63.855732,11.0148821],[-63.8481903,11.0101233],[-63.8336906,11.0198154]],[[-63.8336906,11.0198154],[-63.8245239,11.0320902],[-63.8070065,11.0325775]],[[-63.8070065,11.0325775],[-63.8187561,11.0555448],[-63.8445643,11.040766],[-63.8537846,11.0645208],[-63.8433123,11.0732196]],[[-67.2953496,10.4020098],[-67.2833338,10.3995835],[-67.2769536,10.4124253],[-67.282437,10.4190428]],[[-67.282437,10.4190428],[-67.2953496,10.4020098]],[[-66.6042981,10.2615223],[-66.6114426,10.2666149],[-66.6212311,10.2852297],[-66.6353073,10.288806],[-66.655098,10.2854023],[-66.6769638,10.2887545],[-66.7080536,10.283556],[-66.7237701,10.2748432],[-66.7623978,10.2796516]],[[-66.6508168,10.217787],[-66.6425867,10.2215643],[-66.6042981,10.2615223]],[[-68.4527843,9.6933321],[-68.4166671,9.6912502],[-68.4193934,9.713528],[-68.4446294,9.7189723],[-68.4573674,9.7000527],[-68.4527843,9.6933321]],[[-68.2955941,9.9041029],[-68.3012772,9.914484],[-68.3448904,9.9349829]],[[-68.3448904,9.9349829],[-68.2955941,9.9041029]],[[-66.9418106,10.3695364],[-66.9491348,10.3763666],[-66.9671326,10.4080324]],[[-66.9671326,10.4080324],[-66.9876099,10.403985]],[[-66.9791988,10.3292121],[-66.9398456,10.3219366]],[[-64.2500005,8.7829168],[-64.2583338,8.7995835]],[[-64.2583338,8.7995835],[-64.2705083,8.7890936],[-64.2500005,8.7829168]],[[-64.2500005,8.7829168],[-64.2286056,8.7594061],[-64.2003178,8.7657497],[-64.2086593,8.8029608],[-64.163062,8.7927394],[-64.1513351,8.8097194],[-64.1552722,8.8156763]],[[-64.2862371,8.8539717],[-64.2881184,8.8529221],[-64.2916827,8.8505636],[-64.2705246,8.8207261],[-64.2583338,8.7995835]],[[-64.2583338,8.7995835],[-64.2333338,8.8079168],[-64.2294031,8.827383],[-64.2077479,8.8207464],[-64.2333338,8.8079168],[-64.2333338,8.7829168],[-64.2500005,8.7829168]],[[-69.6459152,9.7454982],[-69.6303959,9.7756333],[-69.6707524,9.752855],[-69.6500004,9.7329168],[-69.6459152,9.7454982]],[[-63.5464035,10.5108058],[-63.5619634,10.4985825],[-63.5416671,10.4829168],[-63.5464035,10.5108058]],[[-63.4098421,10.5105168],[-63.4218592,10.5174749],[-63.4270431,10.5019924],[-63.4043574,10.4999716],[-63.4098421,10.5105168]],[[-69.5912786,11.4556889],[-69.6124923,11.4464463],[-69.6725346,11.4370876],[-69.72863,11.3979071],[-69.7372644,11.3727077],[-69.6705978,11.3623195],[-69.6583338,11.3579168],[-69.6053188,11.4172518]],[[-69.6053188,11.4172518],[-69.5995331,11.4422827],[-69.5912786,11.4556889]],[[-66.6960449,10.4059896],[-66.7230148,10.4167538],[-66.7533646,10.4429369],[-66.7674332,10.4618721],[-66.7999649,10.4613504]],[[-66.7999649,10.4613504],[-66.8119965,10.4555845],[-66.8305283,10.4269829],[-66.8275223,10.4112406],[-66.8179245,10.3907089],[-66.8121078,10.3880698]],[[-66.8121078,10.3880698],[-66.8130701,10.3958441],[-66.7830815,10.4044216],[-66.762061,10.4390244],[-66.7217534,10.4153265],[-66.6956934,10.4043463]],[[-66.6956934,10.4043463],[-66.6960449,10.4059896]],[[-66.6042981,10.2615223],[-66.6039067,10.2789496],[-66.6210698,10.3035142],[-66.6390711,10.361815],[-66.6710698,10.3289862],[-66.6823979,10.3043036],[-66.7118657,10.3025457],[-66.7242029,10.3163478],[-66.7650644,10.2846807]],[[-66.7650644,10.2846807],[-66.7623978,10.2796516]],[[-66.6956934,10.4043463],[-66.6840988,10.3901271],[-66.6712977,10.4015977],[-66.6765082,10.4151563]],[[-66.6765082,10.4151563],[-66.6815567,10.4124985]],[[-66.6815567,10.4124985],[-66.6960449,10.4059896]],[[-70.9180831,9.8444281],[-70.9278081,9.8529852],[-70.9367355,9.8243556],[-70.9250004,9.8162502],[-70.9180831,9.8444281]],[[-70.9104578,10.0704046],[-70.9173181,10.0844468],[-70.9361332,10.0677638],[-70.9166671,10.0579168],[-70.9104578,10.0704046]],[[-69.7666671,9.8329168],[-69.8067469,9.7983832],[-69.8021733,9.7457261],[-69.771379,9.7765488],[-69.7666671,9.8329168]],[[-67.2012916,9.9402533],[-67.1916671,9.9245835],[-67.1787584,9.9330854]],[[-67.1787584,9.9330854],[-67.2012916,9.9402533]],[[-67.3549321,9.8795152],[-67.3395919,9.8901068],[-67.3132654,9.9299587],[-67.3734624,9.9613185],[-67.3698003,9.9449774],[-67.3998133,9.9089911],[-67.3941574,9.8837754],[-67.3583338,9.8745835],[-67.3549321,9.8795152]],[[-63.7981329,10.9789589],[-63.7775709,10.9972717],[-63.8021507,11.0230856],[-63.8070065,11.0325775]],[[-63.8336906,11.0198154],[-63.8367653,10.9968586]],[[-69.8378097,11.7191432],[-69.8614344,11.703563],[-69.8333338,11.6995835],[-69.8378097,11.7191432]],[[-70.2111781,11.7199959],[-70.2114716,11.7102451],[-70.2204859,11.7023596],[-70.2141266,11.6829205],[-70.2191655,11.6695176],[-70.2349165,11.642719],[-70.2307587,11.622057],[-70.2150803,11.6136847],[-70.186688,11.6118389],[-70.1708175,11.6509019],[-70.1384607,11.6645371],[-70.129631,11.6982774],[-70.1462976,11.7116237],[-70.1550407,11.736165]],[[-70.1550407,11.736165],[-70.2111781,11.7199959]],[[-63.9049321,10.2378485],[-63.8939621,10.2454168],[-63.9197921,10.2632513],[-63.9413497,10.2584173],[-63.9346847,10.2286891],[-63.9166671,10.2162502],[-63.9049321,10.2378485]],[[-68.0699233,10.4853373],[-68.0939417,10.4872662],[-68.1010437,10.4822674],[-68.1349203,10.4881886],[-68.1205245,10.4623928],[-68.1125574,10.4359442],[-68.0973149,10.4701076],[-68.0780199,10.4605156]],[[-68.0780199,10.4605156],[-68.0699233,10.4853373]],[[-68.1822971,10.5181651],[-68.2053878,10.5367621],[-68.203451,10.5042059],[-68.2212976,10.4786525],[-68.2000004,10.4662502],[-68.1888514,10.4787258],[-68.1461186,10.4886664],[-68.1614914,10.4987268],[-68.1822971,10.5181651]],[[-68.2666671,10.1912502],[-68.271851,10.1701483],[-68.2638595,10.1545152],[-68.2372397,10.1718455]],[[-68.2372397,10.1718455],[-68.245285,10.1822014]],[[-68.2509998,10.1912502],[-68.2666671,10.1912502]],[[-68.2666671,10.1912502],[-68.2666671,10.1955088]],[[-68.272038,10.1912502],[-68.2666671,10.1912502]],[[-68.3223719,10.2195339],[-68.3370366,10.2054063],[-68.3166671,10.1995835],[-68.3223719,10.2195339]],[[-67.5641326,10.1709691],[-67.5625423,10.1487056]],[[-67.8027349,10.229744],[-67.7884649,10.2440094]],[[-67.7884649,10.2440094],[-67.8025284,10.230588]],[[-67.5587006,10.2118216],[-67.5893402,10.2309961],[-67.6110382,10.2386417],[-67.6300735,10.2570906]],[[-67.6481817,10.2584503],[-67.6274256,10.2537339],[-67.6128097,10.2367743],[-67.586882,10.225202],[-67.5609379,10.2107285],[-67.5625271,10.1909504]],[[-67.7193135,10.2737305],[-67.6785401,10.2856182]],[[-69.1666671,9.7662502],[-69.1695415,9.7660129]],[[-69.1695415,9.7660129],[-69.1668383,9.7650754]],[[-69.1668383,9.7650754],[-69.1666671,9.7662502]],[[-69.1666671,9.7662502],[-69.1385665,9.7904567],[-69.1788579,9.7994452],[-69.1666671,9.7662502]],[[-68.7624314,10.2546486],[-68.7797241,10.2542047],[-68.7942047,10.2600327],[-68.8133253,10.2945004]],[[-68.8133253,10.2945004],[-68.8393722,10.2872463],[-68.8357182,10.2625108],[-68.8619633,10.2422512],[-68.8292159,10.236461],[-68.7914148,10.238353],[-68.7583338,10.2329168],[-68.7624314,10.2546486]],[[-67.9197433,10.448965],[-67.9361333,10.4344305],[-67.9166671,10.4245835],[-67.9197433,10.448965]],[[-68.0780199,10.4605156],[-68.0643559,10.4299058],[-68.0236251,10.4301987],[-68.0083338,10.4245835],[-67.9980066,10.4365749],[-67.954631,10.4354478],[-67.9523513,10.4638256],[-67.977356,10.4882107],[-68.0038681,10.4900789],[-68.0122147,10.4759169],[-68.0217056,10.4739227],[-68.0427551,10.4823132],[-68.0556502,10.4943642],[-68.0699233,10.4853373]],[[-68.7201167,10.3213441],[-68.7132654,10.2946519],[-68.6750004,10.2745835],[-68.6667322,10.2942735],[-68.6763668,10.2997733]],[[-68.7624314,10.2546486],[-68.8007573,10.2842311],[-68.7797042,10.3004828],[-68.7992273,10.3365464],[-68.8047042,10.3292873],[-68.8133253,10.2945004]],[[-68.7546473,10.3600619],[-68.7517583,10.3471787],[-68.7678064,10.3225409],[-68.7541671,10.319481],[-68.7255426,10.3258987]],[[-68.2955941,9.9041029],[-68.2583338,9.8912502],[-68.2521652,9.9080389],[-68.2547205,9.9397691],[-68.2823165,9.9617743],[-68.3121912,9.9451076],[-68.3448904,9.9349829]],[[-68.1790584,10.0092746],[-68.1800135,9.9973496],[-68.1465965,9.9889004]],[[-69.1103624,9.3218822],[-69.1166769,9.3410234]],[[-69.1166769,9.3410234],[-69.1367355,9.3362168],[-69.1103624,9.3218822]],[[-69.282792,9.5086932],[-69.2456873,9.5377549],[-69.2363448,9.516828],[-69.1800441,9.5201516]],[[-68.9070953,10.1735424],[-68.8828659,10.1681089],[-68.8748488,10.1598849]],[[-68.8748488,10.1598849],[-68.8683191,10.1742254],[-68.8710153,10.2066883],[-68.8815988,10.2163255],[-68.8892664,10.1975897],[-68.9070953,10.1735424]],[[-66.3414393,10.2774359],[-66.3601648,10.2894232],[-66.3737228,10.3106024],[-66.4032557,10.298668],[-66.386589,10.287999],[-66.3634119,10.261168],[-66.3500005,10.2579168],[-66.3414393,10.2774359]],[[-68.9826338,9.6784711],[-68.9861333,9.6618475],[-68.9666671,9.6579168],[-68.9612839,9.6685515]],[[-69.1740258,9.7425786],[-69.1668383,9.7650754]],[[-69.1695415,9.7660129],[-69.1706527,9.7659211]],[[-67.1787584,9.9330854],[-67.155282,9.9426947],[-67.1863693,9.9666937],[-67.1952967,9.9448797],[-67.2012916,9.9402533]],[[-67.4442902,10.1903763],[-67.4443006,10.1422821]],[[-67.4443006,10.1422821],[-67.4405845,10.1413679]],[[-67.4237101,10.1341583],[-67.4204106,10.1373317],[-67.3676355,10.1375759],[-67.3579233,10.1675105]],[[-69.9729659,9.3701402],[-70.0039311,9.3596543],[-69.9833338,9.3412502],[-69.9729659,9.3701402]],[[-69.9500004,9.4384539],[-69.9500004,9.4245835],[-69.9394829,9.4245835]],[[-71.625294,10.532137],[-71.6075745,10.5820475],[-71.6116486,10.6041899],[-71.6038361,10.6139593],[-71.6052628,10.6270924],[-71.6143188,10.6421843],[-71.5960846,10.6499519],[-71.5859833,10.6727972],[-71.5916748,10.6954279],[-71.5810524,10.7094094],[-71.5899887,10.714263],[-71.642746,10.7587824],[-71.6531417,10.7704616],[-71.6715823,10.8008184]],[[-71.6715823,10.8008184],[-71.75811,10.7994871]],[[-71.75811,10.7994871],[-71.7581151,10.790977]],[[-71.7581151,10.790977],[-71.754631,10.7866237],[-71.7129643,10.7747096],[-71.7205896,10.7354966],[-71.7544194,10.739704],[-71.7581685,10.7012737]],[[-71.7581685,10.7012737],[-71.758217,10.6197694]],[[-71.758217,10.6197694],[-71.729631,10.6036891],[-71.7370366,10.5866237],[-71.758254,10.5575775],[-71.7582618,10.5443598],[-71.7516578,10.5302945]],[[-68.9070953,10.1735424],[-68.9257003,10.1484483],[-68.8833338,10.1412502],[-68.8748488,10.1598849]],[[-70.7231158,9.4858062],[-70.7271059,9.489401],[-70.7684085,9.4590063],[-70.7481734,9.4476449],[-70.7462976,9.45421],[-70.7287032,9.4616237],[-70.7231158,9.4858062]],[[-67.282437,10.4190428],[-67.2893478,10.427383],[-67.3027999,10.4035142],[-67.2953496,10.4020098]],[[-67.1197233,10.4531692],[-67.1001282,10.4635181],[-67.0367661,10.4769735],[-67.0270081,10.4947853],[-67.0276408,10.505255]],[[-67.0276408,10.505255],[-67.0374353,10.494481],[-67.0958582,10.4956732],[-67.1000005,10.4829168],[-67.1128829,10.4791367],[-67.1197233,10.4531692]],[[-66.9177921,10.5518189],[-66.9539116,10.5563097]],[[-66.9539116,10.5563097],[-66.9297562,10.5511541],[-66.9177921,10.5518189]],[[-66.9886209,10.5606252],[-66.9849207,10.5716498],[-66.9706547,10.5698757],[-66.9185063,10.5847642],[-66.8279057,10.5961004],[-66.7962977,10.6104274],[-66.8263168,10.6104975],[-66.8394165,10.6176958],[-66.853363,10.6177559],[-66.8641968,10.611186],[-66.8848724,10.6109323],[-66.8973236,10.6041117],[-66.9210129,10.6031284],[-66.9337158,10.5972223],[-66.9456177,10.6012135],[-66.9723663,10.6036358],[-66.9894104,10.6100874],[-67.029129,10.6086617],[-67.0493622,10.5936871],[-67.0755157,10.5862207],[-67.0858765,10.579649],[-67.1023636,10.5792036],[-67.1406532,10.56616],[-67.0875818,10.5614406],[-67.1040857,10.5536688],[-67.1501632,10.5424343],[-67.1351893,10.4962917],[-67.088713,10.5446681],[-67.0310633,10.5738592],[-67.0206954,10.5537217],[-67.0421798,10.5330796],[-67.027258,10.518746]],[[-67.027258,10.518746],[-67.0194778,10.5308752],[-66.9966049,10.5555677],[-66.9886209,10.5606252]],[[-66.7346954,10.6228552],[-66.7675781,10.6141891],[-66.7448409,10.6047389],[-66.73016,10.6047389],[-66.7010747,10.6146511],[-66.7031263,10.6212369],[-66.7248917,10.6190615],[-66.7346954,10.6228552]],[[-66.9539116,10.5563097],[-66.9886209,10.5606252]],[[-67.027258,10.518746],[-67.0276408,10.505255]],[[-67.1197233,10.4531692],[-67.1204513,10.4504054],[-67.0620366,10.4374538],[-67.0637618,10.4205715],[-67.0578327,10.4169142]],[[-66.9671326,10.4080324],[-66.9138489,10.4273777],[-66.8897629,10.4322491]],[[-66.8897629,10.4322491],[-66.8862839,10.4331551],[-66.8578491,10.4688005],[-66.8522034,10.4866591]],[[-66.8522034,10.4866591],[-66.8517227,10.528985],[-66.8486876,10.5380303]],[[-66.8486876,10.5380303],[-66.8762131,10.5542111],[-66.8946461,10.5544171],[-66.9177921,10.5518189]],[[-67.5376521,10.0336799],[-67.5379318,10.0199815],[-67.5199792,10.020349]],[[-67.9546938,10.0950384],[-67.9357345,10.0965643],[-67.9391118,10.0544826],[-67.9176844,10.0373928],[-67.8896814,10.0698919],[-67.8538253,10.0858913],[-67.778573,10.065298],[-67.7795252,10.0534735],[-67.7684168,10.0457261],[-67.7378097,10.0836289],[-67.7751388,10.1117743],[-67.831991,10.0908962],[-67.8656541,10.109677]],[[-66.5763306,10.5056579],[-66.6125005,10.5011582],[-66.6530359,10.5061997],[-66.6628748,10.4939072],[-66.6955896,10.4979763],[-66.7076554,10.5050691]],[[-66.7076554,10.5050691],[-66.6992874,10.4917736],[-66.7024841,10.4572239],[-66.6900482,10.442132],[-66.6815567,10.4124985]],[[-66.6765082,10.4151563],[-66.6882654,10.4457505],[-66.6646082,10.4557196],[-66.6324712,10.4368312],[-66.5787436,10.4328866]],[[-63.0733159,8.8588202],[-63.0954595,8.8443996],[-63.1190679,8.8496893],[-63.1284022,8.8367417],[-63.0666671,8.8329168],[-63.0733159,8.8588202]],[[-63.3666671,9.6912502],[-63.3837081,9.6997219],[-63.4027999,9.6888495],[-63.3891037,9.6608058],[-63.3816085,9.6712429],[-63.3694666,9.677383],[-63.3666671,9.6912502]],[[-63.4132329,9.6948919],[-63.4597986,9.7030625],[-63.4534266,9.6708441],[-63.4250005,9.6662502],[-63.4132329,9.6948919]],[[-63.4590307,9.7313013],[-63.4500005,9.7245835],[-63.4322596,9.7632147],[-63.4702234,9.7860988],[-63.4638601,9.7491513],[-63.4590307,9.7313013]],[[-63.3445592,9.8059999],[-63.3537033,9.7969264],[-63.3083338,9.7912502],[-63.3034184,9.8040431],[-63.3276222,9.8182693]],[[-63.1369634,9.7626206],[-63.1630376,9.7698797],[-63.1709721,9.798375],[-63.1881759,9.8116563],[-63.1857833,9.8278794],[-63.1994959,9.8299058],[-63.2234787,9.8200913],[-63.2381678,9.7957424],[-63.2346115,9.7716986],[-63.25363,9.7570176],[-63.2461349,9.753091],[-63.2130376,9.7579819],[-63.22863,9.7448797],[-63.2630376,9.7376206],[-63.2871424,9.7197495],[-63.3041671,9.7222642],[-63.3354253,9.721959],[-63.3441981,9.6626206],[-63.32863,9.6698797],[-63.3184005,9.6948797],[-63.2565597,9.6855454],[-63.2380376,9.6615464],[-63.2119634,9.6782131],[-63.2024093,9.6905869],[-63.1732833,9.7081569],[-63.1510014,9.6792873],[-63.1284917,9.7033596],[-63.12981,9.7122585],[-63.1183924,9.7514186],[-63.1369634,9.7626206]],[[-66.118783,10.3724636],[-66.1604497,10.3727606],[-66.1481857,10.3600571],[-66.1166671,10.3579168],[-66.118783,10.3724636]],[[-66.7650644,10.2846807],[-66.7718348,10.2794338],[-66.7958338,10.2780055],[-66.8085535,10.3057236],[-66.8458338,10.303502],[-66.8631318,10.3045324]],[[-66.875999,10.268031],[-66.8772722,10.2601129]],[[-66.8119431,10.1866541],[-66.8118973,10.2055635],[-66.8005066,10.2323961]],[[-66.8621446,10.3793293],[-66.8740005,10.39046],[-66.8800888,10.416749],[-66.8897629,10.4322491]],[[-66.913349,10.3894764],[-66.9050926,10.3900094]],[[-66.8638957,10.3780468],[-66.8621446,10.3793293]],[[-66.8287527,10.1122192],[-66.7988855,10.0959865],[-66.7333338,10.0912502],[-66.7377527,10.1119533],[-66.7337079,10.1798692]],[[-66.7546713,10.195825],[-66.7951746,10.2052476],[-66.795688,10.2284113]],[[-63.8916671,11.0495835],[-63.8816091,11.0336251]],[[-63.8717417,11.0577516],[-63.8916671,11.0495835]],[[-63.8916671,11.0495835],[-63.9258061,11.0922634],[-63.8962977,11.1158962],[-63.9088018,11.13309],[-63.9345131,11.1088867],[-63.9529131,11.105221]],[[-63.9529131,11.105221],[-63.9309158,11.0578566],[-63.9357376,11.0431633]],[[-63.9357376,11.0431633],[-63.9327115,11.0415603]],[[-63.9327115,11.0415603],[-63.9037033,11.044957],[-63.8916671,11.0495835]],[[-62.8223719,10.5778672],[-62.8370366,10.5637396],[-62.8166671,10.5579168],[-62.8223719,10.5778672]],[[-72.5550053,10.0379217],[-72.5208338,10.0503241],[-72.5133386,10.0735541],[-72.5623784,10.0862453],[-72.5783289,10.0462103],[-72.5583338,10.0329168],[-72.5550053,10.0379217]],[[-69.1103624,9.3218822],[-69.1000004,9.3162502],[-69.1043706,9.3439723],[-69.1166769,9.3410234]],[[-69.0710535,9.5021144],[-69.0942876,9.5110174],[-69.0861739,9.4873765],[-69.0666671,9.4829168],[-69.0710535,9.5021144]],[[-69.9916671,8.8329168],[-70.0000004,8.8412502]],[[-70.0000004,8.8412502],[-70.0179936,8.8358343],[-69.9978439,8.8123928],[-69.9916671,8.8329168]],[[-69.9916671,8.8329168],[-69.978101,8.8360174],[-69.9636033,8.8495938],[-69.9637854,8.8497064],[-69.9954838,8.8610174],[-70.0000004,8.8412502]],[[-67.7159894,10.3090985],[-67.7375818,10.3038316],[-67.7544113,10.2951686],[-67.8040044,10.2956691],[-67.8236396,10.2823582]],[[-67.7884649,10.2440094],[-67.7750527,10.2525784],[-67.7581425,10.2589955],[-67.7282396,10.2703432]],[[-65.9838327,10.291339],[-65.9733403,10.3361517],[-65.9864285,10.322727]],[[-65.9666671,10.3579168],[-65.9583338,10.3462917],[-65.9500005,10.3579168],[-65.9666671,10.3579168]],[[-67.0554611,9.4032049],[-67.0790044,9.3916367],[-67.0500005,9.3745835],[-67.0554611,9.4032049]],[[-68.3890385,10.1612005],[-68.4037032,10.1470729],[-68.3833338,10.1412502],[-68.3890385,10.1612005]],[[-68.5480473,10.1619452],[-68.5704838,10.1690497],[-68.5777999,10.1451808],[-68.5583338,10.1412502],[-68.5480473,10.1619452]],[[-68.2372397,10.1718455],[-68.2280278,10.1778428],[-68.2302289,10.1876542]],[[-68.0764697,10.3118902],[-68.0874191,10.311343],[-68.0749456,10.2929407]],[[-63.9529131,11.105221],[-63.9692105,11.1052652],[-63.9777986,11.0906577],[-63.9767723,11.0694942],[-63.9876542,11.0633068],[-63.9670171,11.0375433],[-63.9362246,11.041149]],[[-63.9362246,11.041149],[-63.9357376,11.0431633]],[[-67.4738318,10.1446548],[-67.4443006,10.1422821]],[[-71.2500004,10.2245835],[-71.221143,10.2337184],[-71.2397971,10.2420759],[-71.2497138,10.2422209],[-71.2583338,10.2329168]],[[-71.2583338,10.2329168],[-71.2500004,10.2245835]],[[-71.2583338,10.2329168],[-71.2856991,10.2394517]],[[-71.3656801,10.2428377],[-71.356842,10.2210932],[-71.3477325,10.210824],[-71.3087997,10.1807442],[-71.2838898,10.1589422],[-71.2677689,10.1379757],[-71.256235,10.1169147],[-71.2465662,10.1125433],[-71.2642827,10.1745835],[-71.2500004,10.2245835]],[[-63.8922817,10.9975098],[-63.8941228,10.9967113]],[[-63.8941228,10.9967113],[-63.8922462,10.9970846]],[[-63.9248039,10.9721959],[-63.9455652,10.9616318],[-63.960881,10.9631943],[-63.9704513,10.9958034],[-64.0045496,11.0033636],[-64.0166204,11.0178956],[-64.0256206,10.9934875],[-64.0230947,10.9882547],[-64.0035731,10.9720444],[-64.0054041,10.9540757],[-63.9782638,10.9251125],[-63.9781417,10.8978949],[-63.9536686,10.8947174],[-63.9546229,10.9290594],[-63.947494,10.936697],[-63.9374603,10.9338917]],[[-63.9374603,10.9338917],[-63.9248039,10.9721959]],[[-63.9462088,11.0328217],[-63.9583985,11.0251809],[-63.9705246,11.0131821],[-63.9416671,11.0079168],[-63.9462088,11.0328217]],[[-63.9362246,11.041149],[-63.9327115,11.0415603]],[[-64.149826,10.8201132],[-64.1644592,10.8170872],[-64.1923904,10.8259821],[-64.20121,10.8213606],[-64.2140121,10.8245449],[-64.2231779,10.8092946],[-64.2190877,10.7962477],[-64.1879643,10.7958766],[-64.1504686,10.802401],[-64.141655,10.8104763],[-64.149826,10.8201132]],[[-63.0815272,10.1041734],[-63.0937016,10.1275335],[-63.1279546,10.1103379],[-63.1029546,10.0966335],[-63.0916671,10.0829168],[-63.0815272,10.1041734]],[[-65.0151663,10.0584814],[-65.02397,10.0668296],[-65.0548553,10.0506554],[-65.0394364,10.04143]],[[-64.8835254,10.0823213],[-64.9023864,10.0855672],[-64.9119634,10.0595973],[-64.8774111,10.0454539]],[[-66.7999649,10.4613504],[-66.7919235,10.4670248],[-66.792366,10.4800777],[-66.8006592,10.4878006],[-66.822937,10.4874897]],[[-66.822937,10.4874897],[-66.8522034,10.4866591]],[[-66.8621446,10.3793293],[-66.8121078,10.3880698]],[[-67.1140385,10.1612005],[-67.1287033,10.1470729],[-67.1083338,10.1412502],[-67.1140385,10.1612005]],[[-67.1446142,10.2370231],[-67.1290857,10.2369981],[-67.1134689,10.2532538],[-67.0866134,10.2708604],[-67.1510864,10.2700973]],[[-70.6771388,9.285199],[-70.6596146,9.3065977],[-70.6379089,9.3226328],[-70.6216826,9.3490841]],[[-70.6216826,9.3490841],[-70.6303227,9.3440049],[-70.6534672,9.3468858],[-70.6547205,9.3367824],[-70.6440597,9.3186428],[-70.6870366,9.3239894],[-70.6771388,9.285199]],[[-70.7186209,9.3500848],[-70.6947514,9.3614406],[-70.6971568,9.3721471]],[[-70.6971568,9.3721471],[-70.7186209,9.3500848]],[[-62.5790044,10.5765122],[-62.5946212,10.5686712],[-62.5753572,10.5595736],[-62.5790044,10.5765122]],[[-70.4525951,9.4713042],[-70.4732426,9.480801],[-70.4818649,9.4754891]],[[-70.4521163,9.5474636],[-70.4639653,9.5597276],[-70.468783,9.527322],[-70.4500004,9.5245835],[-70.4521163,9.5474636]],[[-62.3051529,10.5612965],[-62.2937431,10.5690651],[-62.2732996,10.6115749],[-62.3210861,10.5952175],[-62.320435,10.5635321],[-62.3051529,10.5612965]],[[-71.7581685,10.7012737],[-71.7620366,10.6616237],[-71.8142989,10.6440863],[-71.8442713,10.6478135],[-71.8594894,10.6082424],[-71.787004,10.5875433],[-71.7701664,10.6025783],[-71.7733647,10.6282904],[-71.758217,10.6197694]],[[-71.75811,10.7994871],[-71.7700172,10.7992394]],[[-71.7700172,10.7992394],[-71.7581151,10.790977]],[[-68.3159534,10.7485084],[-68.3221893,10.7739611],[-68.3151979,10.7968748],[-68.3407638,10.7948187],[-68.323145,10.7468288],[-68.3159534,10.7485084]],[[-66.1418823,10.3919464],[-66.1478276,10.4111883],[-66.1705978,10.4001857],[-66.1435116,10.3918199],[-66.1418823,10.3919464]],[[-66.1040288,10.4567083],[-66.0858942,10.4707057],[-66.1053925,10.5005636],[-66.1098328,10.5130941],[-66.1237553,10.5110337],[-66.1141036,10.4457017],[-66.1040288,10.4567083]],[[-70.0379643,10.1816107],[-70.0589848,10.1984442],[-70.0898035,10.1946112],[-70.1037032,10.1616237],[-70.116659,10.139586],[-70.1083338,10.1329168],[-70.096965,10.1471136],[-70.0626144,10.1428412],[-70.0379643,10.1816107]],[[-69.0583338,10.0995835],[-69.087476,10.1043687],[-69.0960779,10.1030991],[-69.1209965,10.1128973],[-69.1305735,10.1057495]],[[-69.101285,10.0452281],[-69.0920821,10.0465887],[-69.0623784,10.0850694],[-69.0583338,10.0995835]],[[-69.0166671,10.1329168],[-69.0250004,10.1412502]],[[-69.0250004,10.1412502],[-69.0492355,10.1350287],[-69.0583338,10.0995835]],[[-69.0583338,10.0995835],[-69.0450688,10.0961818],[-69.0362146,10.0833482],[-69.011117,10.1196966],[-69.0166671,10.1329168]],[[-69.0166671,10.1329168],[-68.9869633,10.1448797],[-68.9701583,10.1616563],[-68.9718339,10.1730283],[-68.9743968,10.1766625],[-69.0312586,10.1682603],[-69.0250004,10.1412502]],[[-69.5298263,10.8280055],[-69.55363,10.8075547],[-69.5250004,10.7995835],[-69.5298263,10.8280055]],[[-67.4665046,10.2955825],[-67.4787602,10.2958319],[-67.5040857,10.2786688],[-67.527922,10.2704982],[-67.5374191,10.3288316],[-67.5620614,10.3407884]],[[-71.8632932,11.0745942],[-71.8333338,11.0662502],[-71.8452967,11.0959539],[-71.8603194,11.1032131],[-71.8696261,11.078337],[-71.8632932,11.0745942]],[[-71.9539474,11.3606065],[-71.9854334,11.3696519],[-71.9950688,11.3464748],[-71.9500004,11.3162502],[-71.9539474,11.3606065]],[[-66.7076554,10.5050691],[-66.7203699,10.5125433],[-66.7576909,10.52827],[-66.8081222,10.5391831],[-66.8258689,10.5369756]],[[-66.8258689,10.5369756],[-66.822937,10.4874897]],[[-71.3166671,8.5079169],[-71.3416671,8.5079169],[-71.3416671,8.5162502],[-71.3611739,8.5112453],[-71.3700688,8.4825832],[-71.3203048,8.4937404],[-71.3166671,8.5079169]],[[-71.2016161,8.5978369],[-71.2311446,8.5866685],[-71.2459884,8.5872544],[-71.278687,8.5226955],[-71.2583338,8.5162502],[-71.2503178,8.5249009],[-71.1912981,8.5361679]],[[-71.8453699,10.8458766],[-71.8570235,10.8532904],[-71.8729659,10.8333848],[-71.8697595,10.8076157],[-71.8416671,10.7995835],[-71.8379643,10.80421],[-71.7880457,10.8150091],[-71.8179936,10.8389919],[-71.8378748,10.8365179],[-71.8453699,10.8458766]],[[-71.6715823,10.8008184],[-71.6848719,10.8226955],[-71.7163172,10.80421],[-71.7537032,10.8446356],[-71.7456303,10.8913967],[-71.7144603,10.9163571],[-71.7146149,10.9409103],[-71.7185287,10.9591427],[-71.7409079,10.9818684],[-71.754631,10.9708766],[-71.7657475,10.9069932],[-71.7870366,10.8515977],[-71.779631,10.8032904],[-71.7700172,10.7992394]],[[-70.7000004,9.1495835],[-70.7144047,9.1410467],[-70.728101,9.1052964],[-70.7072851,9.1124432]],[[-70.7001928,9.1477102],[-70.7000004,9.1495835]],[[-70.7000004,9.1495835],[-70.6952804,9.1509091],[-70.6905304,9.1531229],[-70.7000004,9.1495835]],[[-70.6783452,9.1927761],[-70.6902104,9.1693223],[-70.6750004,9.1662502],[-70.6783452,9.1927761]],[[-70.6531173,9.2374904],[-70.6588953,9.2446519],[-70.6784021,9.2214015],[-70.6583338,9.2162502],[-70.6531173,9.2374904]],[[-70.6079694,9.4005247],[-70.6130457,9.3873195],[-70.6092045,9.3564195],[-70.6216826,9.3490841]],[[-70.6771388,9.285199],[-70.6451095,9.2887274],[-70.6475265,9.2692857],[-70.6333338,9.2579168],[-70.612212,9.274604]],[[-70.5869383,9.2899541],[-70.5832079,9.2922198]],[[-69.2221406,10.1209623],[-69.2374191,10.1288316],[-69.2709477,10.1370062],[-69.2623946,10.1787705],[-69.2712407,10.2046128],[-69.2705815,10.236994],[-69.2950851,10.2374945],[-69.3436365,10.2015],[-69.3544112,10.1700221],[-69.3535812,10.1291774],[-69.4022058,10.1041286],[-69.4537846,10.1432643],[-69.4549239,10.0873277],[-69.4315353,10.0759833],[-69.4540857,10.0536688],[-69.5028909,10.0149718],[-69.5016095,10.0083604],[-69.4959152,9.9953355],[-69.4622563,9.9784979],[-69.4395349,10.0021388],[-69.3708012,10.0121852],[-69.345907,10.0036647],[-69.3222742,10.0041449],[-69.2784835,9.9951768],[-69.2699996,9.9953498]],[[-69.1699623,10.3000955],[-69.1825525,10.2926947],[-69.2120366,10.2458848],[-69.1750004,10.2412502],[-69.1819585,10.2593613],[-69.1495903,10.273]],[[-64.107552,10.475821],[-64.1299133,10.4711695],[-64.1628952,10.4747658],[-64.1809998,10.4731102],[-64.186554,10.4666586],[-64.1890411,10.445962],[-64.1992035,10.4307632],[-64.223053,10.411849],[-64.2346128,10.4101807],[-64.2557703,10.3865912],[-64.2250005,10.3829168],[-64.2073165,10.406688],[-64.1881108,10.3948065],[-64.1567062,10.3876939],[-64.1297775,10.4043605],[-64.1118901,10.4114732],[-64.0994796,10.4281561],[-64.0611353,10.4433941],[-64.0861893,10.4485111],[-64.107552,10.475821]],[[-64.5877565,10.1846466],[-64.590837,10.2054958],[-64.5735299,10.2495122],[-64.5946655,10.2517405],[-64.6198392,10.2472029]],[[-64.6198392,10.2472029],[-64.6114578,10.2317343],[-64.5960693,10.1895361],[-64.5877565,10.1846466]],[[-70.6971568,9.3721471],[-70.7244471,9.3668036],[-70.7197758,9.387641],[-70.7376062,9.3999579],[-70.7450688,9.3568711],[-70.7186209,9.3500848]],[[-63.1575127,10.6955788],[-63.1369796,10.6996364],[-63.1215174,10.6780625],[-63.1083338,10.6745835],[-63.0881841,10.6913845],[-63.0951502,10.7044378],[-63.105368,10.7060896],[-63.1199112,10.699131],[-63.166153,10.714817],[-63.1811575,10.706837]],[[-64.4882802,10.213004],[-64.4583338,10.2079168],[-64.475945,10.2393919],[-64.4777219,10.2415535],[-64.4854566,10.2396649],[-64.4866604,10.2355519],[-64.4882704,10.2193607],[-64.4882802,10.213004]],[[-64.558761,10.0988591],[-64.5468836,10.1089422],[-64.5839604,10.1589544],[-64.5877565,10.1846466]],[[-64.6198392,10.2472029],[-64.633316,10.2320404],[-64.6355667,10.2177792],[-64.6454849,10.2062445],[-64.6592603,10.1978316]],[[-70.1550407,11.736165],[-70.1707687,11.7803127],[-70.2067794,11.7758327],[-70.2117615,11.753047],[-70.2050552,11.7388744],[-70.2178367,11.7371636],[-70.2215718,11.7241015],[-70.2111781,11.7199959]],[[-70.239478,11.8329779],[-70.2653427,11.8247709],[-70.2500004,11.8079168],[-70.239478,11.8329779]],[[-70.4371168,8.7660828],[-70.42733,8.778532],[-70.4157843,8.7818546]],[[-70.4157843,8.7818546],[-70.4166671,8.7829168],[-70.433228,8.7891384],[-70.4537846,8.7733099],[-70.4371168,8.7660828]],[[-69.7768722,8.9576931],[-69.7988367,8.9865464],[-69.7932703,8.9489203],[-69.7833338,8.9412502],[-69.7768722,8.9576931]],[[-69.7241182,8.9701325],[-69.7214034,8.9958319],[-69.7014734,9.0042303],[-69.6916915,9.0829046],[-69.7696375,9.0606472],[-69.8138269,9.0866237],[-69.8280766,9.0724839],[-69.8129643,9.0366237],[-69.7953699,9.02921],[-69.7648523,9.0112738],[-69.7537521,9.0126532],[-69.7388839,8.9773667],[-69.7280544,8.9686955],[-69.7241182,8.9701325]],[[-69.6053188,11.4172518],[-69.5915695,11.4326401],[-69.5294031,11.4575588],[-69.5612468,11.4768251],[-69.5788651,11.4561758],[-69.5912786,11.4556889]],[[-69.6916671,10.5662502],[-69.6916671,10.5829168],[-69.7166671,10.5829168],[-69.7166671,10.5662502],[-69.6916671,10.5662502]],[[-64.4833338,9.3912502],[-64.5215988,9.3878485],[-64.5286056,9.3776922],[-64.5494471,9.3823635],[-64.5337488,9.3582546],[-64.486882,9.3687608],[-64.4833338,9.3912502]],[[-64.4833338,9.3912502],[-64.4661707,9.3845038],[-64.434408,9.4256577],[-64.4107426,9.4439235],[-64.4233322,9.4647935],[-64.4528488,9.4604315],[-64.4780115,9.4756089],[-64.5140141,9.4289658],[-64.50363,9.420954],[-64.4833338,9.3912502]],[[-63.8941228,10.9967113],[-63.9037846,10.9783636],[-63.9248039,10.9721959]],[[-63.9374603,10.9338917],[-63.8901595,10.9206669]],[[-67.0000005,9.9912502],[-67.0000005,10.0079168],[-67.0250005,10.0079168],[-67.0250005,9.9912502],[-67.0000005,9.9912502]],[[-71.6649337,8.6698797],[-71.6809982,8.6619818],[-71.6771326,8.6358018],[-71.70363,8.6153509],[-71.6963302,8.5863959],[-71.6448572,8.5940008],[-71.6166671,8.5829169],[-71.6130375,8.6042873],[-71.6011886,8.6344265],[-71.6237879,8.6480576],[-71.6541671,8.6435695],[-71.6649337,8.6698797]],[[-66.8258689,10.5369756],[-66.8486876,10.5380303]],[[-67.4662672,7.8678785],[-67.4614018,7.8876898],[-67.4765304,7.8946519],[-67.4950688,7.8707261],[-67.4687799,7.8665832],[-67.4662672,7.8678785]],[[-71.803303,8.2970313],[-71.8095952,8.2921739],[-71.850684,8.2377468],[-71.8333338,8.2329169],[-71.8202967,8.2448797],[-71.806519,8.2785427],[-71.7911257,8.2848428]],[[-72.1578618,8.1861558],[-72.17863,8.1627793],[-72.1500004,8.1579169],[-72.1578618,8.1861558]],[[-72.2624672,7.9904562],[-72.2687586,8.0019313],[-72.2779545,7.9871364],[-72.2633263,7.9839905],[-72.2624672,7.9904562]],[[-72.2371179,8.0374701],[-72.25245,8.0700303],[-72.2787846,8.0243475],[-72.2333338,8.0162502],[-72.2371179,8.0374701]],[[-72.234815,8.1947669],[-72.2686107,8.2019853]],[[-72.2686107,8.2019853],[-72.2703699,8.1935085],[-72.2333338,8.1829169],[-72.234815,8.1947669]],[[-62.3687912,7.9954046],[-62.3775395,8.0133205],[-62.4205734,8.0349392],[-62.4277999,8.0135484],[-62.4111333,8.0051174],[-62.4015955,7.9862697],[-62.3750005,7.9829169],[-62.3687912,7.9954046]],[[-71.9617355,8.1295152],[-71.9779708,8.154446],[-72.0200688,8.1611517],[-71.9863041,8.1206569],[-71.9583338,8.1162502],[-71.9617355,8.1295152]],[[-63.4870936,8.1281398],[-63.5339197,8.1093166],[-63.5750005,8.1163885],[-63.617367,8.1090928],[-63.5978927,8.0436712],[-63.5333338,8.0162502],[-63.5178716,8.0441351],[-63.492188,8.0543443],[-63.4796391,8.0712144],[-63.4590581,8.0676743],[-63.4381108,8.1074977],[-63.4870936,8.1281398]],[[-62.7755539,8.1671535],[-62.7944666,8.153091],[-62.7666671,8.1495835],[-62.7755539,8.1671535]],[[-62.8924515,8.2469779],[-62.8968104,8.2324977],[-62.9245122,8.2479518],[-62.9371912,8.2422674],[-62.9205246,8.2123928],[-62.9088302,8.1735541],[-62.871143,8.1873928],[-62.8371912,8.1951076],[-62.7988042,8.2092027],[-62.7628097,8.2373928],[-62.7205246,8.2451076],[-62.7111414,8.2661403],[-62.6831496,8.2914648]],[[-62.6831496,8.2914648],[-62.7139827,8.283715],[-62.7625578,8.2544271],[-62.7982747,8.2237105],[-62.8197049,8.2144241],[-62.8425638,8.2144241],[-62.8924515,8.2469779]],[[-62.669391,8.2939193],[-62.6513351,8.2650946],[-62.6288579,8.2457261],[-62.615243,8.2299261],[-62.5944748,8.2719834],[-62.5525314,8.2708848],[-62.553451,8.3084947],[-62.5808192,8.3207058],[-62.5792695,8.3399944]],[[-62.6363889,8.3030119],[-62.669391,8.2939193]],[[-62.6831496,8.2914648],[-62.669391,8.2939193]],[[-62.6503986,8.3240963],[-62.7166671,8.3294216],[-62.7340499,8.3280218],[-62.7895594,8.2562689],[-62.8255213,8.2252915],[-62.8916671,8.2495835],[-62.8924515,8.2469779]],[[-66.1449338,7.6196506],[-66.1706873,7.6489243],[-66.17863,7.6141953],[-66.1632283,7.6115792]],[[-70.821672,8.2045884],[-70.792782,8.2208197],[-70.7989425,8.2452419],[-70.8321293,8.252912],[-70.8449956,8.2045721],[-70.8250004,8.1995835],[-70.821672,8.2045884]],[[-72.234815,8.1947669],[-72.2369308,8.2291367],[-72.2596928,8.2449571],[-72.2686107,8.2019853]],[[-67.4215174,8.8877712],[-67.4013758,8.9092922],[-67.3690922,8.9324326],[-67.3724126,8.9492539],[-67.4432296,8.9351141],[-67.4670577,8.894013],[-67.4250005,8.8829168],[-67.4215174,8.8877712]],[[-71.5083745,8.4744655],[-71.5355799,8.4611802],[-71.5000004,8.4579169],[-71.5083745,8.4744655]],[[-71.3861332,8.5051174],[-71.4027999,8.496784],[-71.3944015,8.4801825],[-71.3833338,8.4745835],[-71.3861332,8.5051174]],[[-70.1006596,8.7774359],[-70.1202967,8.7671494],[-70.1083338,8.7579168],[-70.1006596,8.7774359]],[[-65.9619471,9.2118231],[-65.9640223,9.2284572],[-66.0327397,9.2366237],[-66.0268641,9.1894029],[-65.9750005,9.1829168],[-65.9619471,9.2118231]],[[-70.0797368,8.5108058],[-70.0952967,8.4985825],[-70.0750004,8.4829169],[-70.0797368,8.5108058]],[[-70.2133305,8.6742987],[-70.2713709,8.6865464],[-70.3285812,8.7115464],[-70.3213709,8.6948797],[-70.3072596,8.6839911],[-70.2962569,8.6697373],[-70.2797042,8.6721828],[-70.2879969,8.6505153],[-70.3076746,8.6353298],[-70.32863,8.6005845],[-70.3101811,8.5839748],[-70.2790532,8.5962103],[-70.2630375,8.5865464],[-70.2369633,8.5792873],[-70.2104659,8.5688706],[-70.1815597,8.5731431],[-70.1500004,8.5495835],[-70.144727,8.5723252],[-70.1563318,8.6139715],[-70.2035649,8.6504339],[-70.2133305,8.6742987]],[[-70.4371168,8.7660828],[-70.4042648,8.7484279],[-70.3878829,8.7575995],[-70.4157843,8.7818546]],[[-71.6359623,8.4092637],[-71.6518233,8.3939439],[-71.6333338,8.3912502],[-71.6359623,8.4092637]],[[-62.0858566,9.081631],[-62.046143,9.0451076],[-62.0333338,9.0412502],[-62.0277186,9.0565456],[-62.0295822,9.0797227],[-62.0458338,9.0784165],[-62.0858566,9.081631]],[[-69.2007003,8.6982692],[-69.2196619,8.7107163],[-69.2277999,8.6927639],[-69.2083338,8.6829168],[-69.2007003,8.6982692]],[[-72.0104252,8.4269313],[-72.0196212,8.4121364],[-72.0000004,8.4079169],[-72.0104252,8.4269313]]],"bbox":[-72.5783289,4.5879665,-61.0879643,11.8329779]}